2026-06-10 13:56:41: Error: listen EADDRINUSE: address already in use 0.0.0.0:5050
2026-06-10 13:56:41:     at Server.setupListenHandle [as _listen2] (node:net:2008:16)
2026-06-10 13:56:41:     at listenInCluster (node:net:2065:12)
2026-06-10 13:56:41:     at node:net:2274:7
2026-06-10 13:56:41:     at process.processTicksAndRejections (node:internal/process/task_queues:90:21) {
2026-06-10 13:56:41:   code: 'EADDRINUSE',
2026-06-10 13:56:41:   errno: -4091,
2026-06-10 13:56:41:   syscall: 'listen',
2026-06-10 13:56:41:   address: '0.0.0.0',
2026-06-10 13:56:41:   port: 5050
2026-06-10 13:56:41: }
2026-06-10 13:56:45: Error: listen EADDRINUSE: address already in use 0.0.0.0:5050
2026-06-10 13:56:45:     at Server.setupListenHandle [as _listen2] (node:net:2008:16)
2026-06-10 13:56:45:     at listenInCluster (node:net:2065:12)
2026-06-10 13:56:45:     at node:net:2274:7
2026-06-10 13:56:45:     at process.processTicksAndRejections (node:internal/process/task_queues:90:21) {
2026-06-10 13:56:45:   code: 'EADDRINUSE',
2026-06-10 13:56:45:   errno: -4091,
2026-06-10 13:56:45:   syscall: 'listen',
2026-06-10 13:56:45:   address: '0.0.0.0',
2026-06-10 13:56:45:   port: 5050
2026-06-10 13:56:45: }
2026-06-10 13:56:48: Error: listen EADDRINUSE: address already in use 0.0.0.0:5050
2026-06-10 13:56:48:     at Server.setupListenHandle [as _listen2] (node:net:2008:16)
2026-06-10 13:56:48:     at listenInCluster (node:net:2065:12)
2026-06-10 13:56:48:     at node:net:2274:7
2026-06-10 13:56:48:     at process.processTicksAndRejections (node:internal/process/task_queues:90:21) {
2026-06-10 13:56:48:   code: 'EADDRINUSE',
2026-06-10 13:56:48:   errno: -4091,
2026-06-10 13:56:48:   syscall: 'listen',
2026-06-10 13:56:48:   address: '0.0.0.0',
2026-06-10 13:56:48:   port: 5050
2026-06-10 13:56:48: }
2026-06-10 13:56:52: Error: listen EADDRINUSE: address already in use 0.0.0.0:5050
2026-06-10 13:56:52:     at Server.setupListenHandle [as _listen2] (node:net:2008:16)
2026-06-10 13:56:52:     at listenInCluster (node:net:2065:12)
2026-06-10 13:56:52:     at node:net:2274:7
2026-06-10 13:56:52:     at process.processTicksAndRejections (node:internal/process/task_queues:90:21) {
2026-06-10 13:56:52:   code: 'EADDRINUSE',
2026-06-10 13:56:52:   errno: -4091,
2026-06-10 13:56:52:   syscall: 'listen',
2026-06-10 13:56:52:   address: '0.0.0.0',
2026-06-10 13:56:52:   port: 5050
2026-06-10 13:56:52: }
2026-06-10 13:56:56: Error: listen EADDRINUSE: address already in use 0.0.0.0:5050
2026-06-10 13:56:56:     at Server.setupListenHandle [as _listen2] (node:net:2008:16)
2026-06-10 13:56:56:     at listenInCluster (node:net:2065:12)
2026-06-10 13:56:56:     at node:net:2274:7
2026-06-10 13:56:56:     at process.processTicksAndRejections (node:internal/process/task_queues:90:21) {
2026-06-10 13:56:56:   code: 'EADDRINUSE',
2026-06-10 13:56:56:   errno: -4091,
2026-06-10 13:56:56:   syscall: 'listen',
2026-06-10 13:56:56:   address: '0.0.0.0',
2026-06-10 13:56:56:   port: 5050
2026-06-10 13:56:56: }
2026-06-10 13:56:58: Error: listen EADDRINUSE: address already in use 0.0.0.0:5050
2026-06-10 13:56:58:     at Server.setupListenHandle [as _listen2] (node:net:2008:16)
2026-06-10 13:56:58:     at listenInCluster (node:net:2065:12)
2026-06-10 13:56:58:     at node:net:2274:7
2026-06-10 13:56:58:     at process.processTicksAndRejections (node:internal/process/task_queues:90:21) {
2026-06-10 13:56:58:   code: 'EADDRINUSE',
2026-06-10 13:56:58:   errno: -4091,
2026-06-10 13:56:58:   syscall: 'listen',
2026-06-10 13:56:58:   address: '0.0.0.0',
2026-06-10 13:56:58:   port: 5050
2026-06-10 13:56:58: }
2026-06-10 13:57:02: Error: listen EADDRINUSE: address already in use 0.0.0.0:5050
2026-06-10 13:57:02:     at Server.setupListenHandle [as _listen2] (node:net:2008:16)
2026-06-10 13:57:02:     at listenInCluster (node:net:2065:12)
2026-06-10 13:57:02:     at node:net:2274:7
2026-06-10 13:57:02:     at process.processTicksAndRejections (node:internal/process/task_queues:90:21) {
2026-06-10 13:57:02:   code: 'EADDRINUSE',
2026-06-10 13:57:02:   errno: -4091,
2026-06-10 13:57:02:   syscall: 'listen',
2026-06-10 13:57:02:   address: '0.0.0.0',
2026-06-10 13:57:02:   port: 5050
2026-06-10 13:57:02: }
2026-06-10 13:57:05: Error: listen EADDRINUSE: address already in use 0.0.0.0:5050
2026-06-10 13:57:05:     at Server.setupListenHandle [as _listen2] (node:net:2008:16)
2026-06-10 13:57:05:     at listenInCluster (node:net:2065:12)
2026-06-10 13:57:05:     at node:net:2274:7
2026-06-10 13:57:05:     at process.processTicksAndRejections (node:internal/process/task_queues:90:21) {
2026-06-10 13:57:05:   code: 'EADDRINUSE',
2026-06-10 13:57:05:   errno: -4091,
2026-06-10 13:57:05:   syscall: 'listen',
2026-06-10 13:57:05:   address: '0.0.0.0',
2026-06-10 13:57:05:   port: 5050
2026-06-10 13:57:05: }
2026-06-10 13:57:08: Error: listen EADDRINUSE: address already in use 0.0.0.0:5050
2026-06-10 13:57:08:     at Server.setupListenHandle [as _listen2] (node:net:2008:16)
2026-06-10 13:57:08:     at listenInCluster (node:net:2065:12)
2026-06-10 13:57:08:     at node:net:2274:7
2026-06-10 13:57:08:     at process.processTicksAndRejections (node:internal/process/task_queues:90:21) {
2026-06-10 13:57:08:   code: 'EADDRINUSE',
2026-06-10 13:57:08:   errno: -4091,
2026-06-10 13:57:08:   syscall: 'listen',
2026-06-10 13:57:08:   address: '0.0.0.0',
2026-06-10 13:57:08:   port: 5050
2026-06-10 13:57:08: }
2026-06-10 13:57:12: Error: listen EADDRINUSE: address already in use 0.0.0.0:5050
2026-06-10 13:57:12:     at Server.setupListenHandle [as _listen2] (node:net:2008:16)
2026-06-10 13:57:12:     at listenInCluster (node:net:2065:12)
2026-06-10 13:57:12:     at node:net:2274:7
2026-06-10 13:57:12:     at process.processTicksAndRejections (node:internal/process/task_queues:90:21) {
2026-06-10 13:57:12:   code: 'EADDRINUSE',
2026-06-10 13:57:12:   errno: -4091,
2026-06-10 13:57:12:   syscall: 'listen',
2026-06-10 13:57:12:   address: '0.0.0.0',
2026-06-10 13:57:12:   port: 5050
2026-06-10 13:57:12: }
2026-06-10 13:57:17: Error: listen EADDRINUSE: address already in use 0.0.0.0:5050
2026-06-10 13:57:17:     at Server.setupListenHandle [as _listen2] (node:net:2008:16)
2026-06-10 13:57:17:     at listenInCluster (node:net:2065:12)
2026-06-10 13:57:17:     at node:net:2274:7
2026-06-10 13:57:17:     at process.processTicksAndRejections (node:internal/process/task_queues:90:21) {
2026-06-10 13:57:17:   code: 'EADDRINUSE',
2026-06-10 13:57:17:   errno: -4091,
2026-06-10 13:57:17:   syscall: 'listen',
2026-06-10 13:57:17:   address: '0.0.0.0',
2026-06-10 13:57:17:   port: 5050
2026-06-10 13:57:17: }
2026-06-10 13:57:21: Error: listen EADDRINUSE: address already in use 0.0.0.0:5050
2026-06-10 13:57:21:     at Server.setupListenHandle [as _listen2] (node:net:2008:16)
2026-06-10 13:57:21:     at listenInCluster (node:net:2065:12)
2026-06-10 13:57:21:     at node:net:2274:7
2026-06-10 13:57:21:     at process.processTicksAndRejections (node:internal/process/task_queues:90:21) {
2026-06-10 13:57:21:   code: 'EADDRINUSE',
2026-06-10 13:57:21:   errno: -4091,
2026-06-10 13:57:21:   syscall: 'listen',
2026-06-10 13:57:21:   address: '0.0.0.0',
2026-06-10 13:57:21:   port: 5050
2026-06-10 13:57:21: }
2026-06-10 13:57:25: Error: listen EADDRINUSE: address already in use 0.0.0.0:5050
2026-06-10 13:57:25:     at Server.setupListenHandle [as _listen2] (node:net:2008:16)
2026-06-10 13:57:25:     at listenInCluster (node:net:2065:12)
2026-06-10 13:57:25:     at node:net:2274:7
2026-06-10 13:57:25:     at process.processTicksAndRejections (node:internal/process/task_queues:90:21) {
2026-06-10 13:57:25:   code: 'EADDRINUSE',
2026-06-10 13:57:25:   errno: -4091,
2026-06-10 13:57:25:   syscall: 'listen',
2026-06-10 13:57:25:   address: '0.0.0.0',
2026-06-10 13:57:25:   port: 5050
2026-06-10 13:57:25: }
2026-06-10 13:57:29: Error: listen EADDRINUSE: address already in use 0.0.0.0:5050
2026-06-10 13:57:29:     at Server.setupListenHandle [as _listen2] (node:net:2008:16)
2026-06-10 13:57:29:     at listenInCluster (node:net:2065:12)
2026-06-10 13:57:29:     at node:net:2274:7
2026-06-10 13:57:29:     at process.processTicksAndRejections (node:internal/process/task_queues:90:21) {
2026-06-10 13:57:29:   code: 'EADDRINUSE',
2026-06-10 13:57:29:   errno: -4091,
2026-06-10 13:57:29:   syscall: 'listen',
2026-06-10 13:57:29:   address: '0.0.0.0',
2026-06-10 13:57:29:   port: 5050
2026-06-10 13:57:29: }
2026-06-10 13:57:33: Error: listen EADDRINUSE: address already in use 0.0.0.0:5050
2026-06-10 13:57:33:     at Server.setupListenHandle [as _listen2] (node:net:2008:16)
2026-06-10 13:57:33:     at listenInCluster (node:net:2065:12)
2026-06-10 13:57:33:     at node:net:2274:7
2026-06-10 13:57:33:     at process.processTicksAndRejections (node:internal/process/task_queues:90:21) {
2026-06-10 13:57:33:   code: 'EADDRINUSE',
2026-06-10 13:57:33:   errno: -4091,
2026-06-10 13:57:33:   syscall: 'listen',
2026-06-10 13:57:33:   address: '0.0.0.0',
2026-06-10 13:57:33:   port: 5050
2026-06-10 13:57:33: }
2026-06-10 13:57:39: Error: listen EADDRINUSE: address already in use 0.0.0.0:5050
2026-06-10 13:57:39:     at Server.setupListenHandle [as _listen2] (node:net:2008:16)
2026-06-10 13:57:39:     at listenInCluster (node:net:2065:12)
2026-06-10 13:57:39:     at node:net:2274:7
2026-06-10 13:57:39:     at process.processTicksAndRejections (node:internal/process/task_queues:90:21) {
2026-06-10 13:57:39:   code: 'EADDRINUSE',
2026-06-10 13:57:39:   errno: -4091,
2026-06-10 13:57:39:   syscall: 'listen',
2026-06-10 13:57:39:   address: '0.0.0.0',
2026-06-10 13:57:39:   port: 5050
2026-06-10 13:57:39: }
2026-06-10 13:57:42: Error: listen EADDRINUSE: address already in use 0.0.0.0:5050
2026-06-10 13:57:42:     at Server.setupListenHandle [as _listen2] (node:net:2008:16)
2026-06-10 13:57:42:     at listenInCluster (node:net:2065:12)
2026-06-10 13:57:42:     at node:net:2274:7
2026-06-10 13:57:42:     at process.processTicksAndRejections (node:internal/process/task_queues:90:21) {
2026-06-10 13:57:42:   code: 'EADDRINUSE',
2026-06-10 13:57:42:   errno: -4091,
2026-06-10 13:57:42:   syscall: 'listen',
2026-06-10 13:57:42:   address: '0.0.0.0',
2026-06-10 13:57:42:   port: 5050
2026-06-10 13:57:42: }
2026-06-10 13:57:47: Error: listen EADDRINUSE: address already in use 0.0.0.0:5050
2026-06-10 13:57:47:     at Server.setupListenHandle [as _listen2] (node:net:2008:16)
2026-06-10 13:57:47:     at listenInCluster (node:net:2065:12)
2026-06-10 13:57:47:     at node:net:2274:7
2026-06-10 13:57:47:     at process.processTicksAndRejections (node:internal/process/task_queues:90:21) {
2026-06-10 13:57:47:   code: 'EADDRINUSE',
2026-06-10 13:57:47:   errno: -4091,
2026-06-10 13:57:47:   syscall: 'listen',
2026-06-10 13:57:47:   address: '0.0.0.0',
2026-06-10 13:57:47:   port: 5050
2026-06-10 13:57:47: }
2026-06-10 13:57:51: Error: listen EADDRINUSE: address already in use 0.0.0.0:5050
2026-06-10 13:57:51:     at Server.setupListenHandle [as _listen2] (node:net:2008:16)
2026-06-10 13:57:51:     at listenInCluster (node:net:2065:12)
2026-06-10 13:57:51:     at node:net:2274:7
2026-06-10 13:57:51:     at process.processTicksAndRejections (node:internal/process/task_queues:90:21) {
2026-06-10 13:57:51:   code: 'EADDRINUSE',
2026-06-10 13:57:51:   errno: -4091,
2026-06-10 13:57:51:   syscall: 'listen',
2026-06-10 13:57:51:   address: '0.0.0.0',
2026-06-10 13:57:51:   port: 5050
2026-06-10 13:57:51: }
2026-06-10 13:57:54: Error: listen EADDRINUSE: address already in use 0.0.0.0:5050
2026-06-10 13:57:54:     at Server.setupListenHandle [as _listen2] (node:net:2008:16)
2026-06-10 13:57:54:     at listenInCluster (node:net:2065:12)
2026-06-10 13:57:54:     at node:net:2274:7
2026-06-10 13:57:54:     at process.processTicksAndRejections (node:internal/process/task_queues:90:21) {
2026-06-10 13:57:54:   code: 'EADDRINUSE',
2026-06-10 13:57:54:   errno: -4091,
2026-06-10 13:57:54:   syscall: 'listen',
2026-06-10 13:57:54:   address: '0.0.0.0',
2026-06-10 13:57:54:   port: 5050
2026-06-10 13:57:54: }
2026-06-10 13:57:57: Error: listen EADDRINUSE: address already in use 0.0.0.0:5050
2026-06-10 13:57:57:     at Server.setupListenHandle [as _listen2] (node:net:2008:16)
2026-06-10 13:57:57:     at listenInCluster (node:net:2065:12)
2026-06-10 13:57:57:     at node:net:2274:7
2026-06-10 13:57:57:     at process.processTicksAndRejections (node:internal/process/task_queues:90:21) {
2026-06-10 13:57:57:   code: 'EADDRINUSE',
2026-06-10 13:57:57:   errno: -4091,
2026-06-10 13:57:57:   syscall: 'listen',
2026-06-10 13:57:57:   address: '0.0.0.0',
2026-06-10 13:57:57:   port: 5050
2026-06-10 13:57:57: }
2026-06-10 13:58:02: Error: listen EADDRINUSE: address already in use 0.0.0.0:5050
2026-06-10 13:58:02:     at Server.setupListenHandle [as _listen2] (node:net:2008:16)
2026-06-10 13:58:02:     at listenInCluster (node:net:2065:12)
2026-06-10 13:58:02:     at node:net:2274:7
2026-06-10 13:58:02:     at process.processTicksAndRejections (node:internal/process/task_queues:90:21) {
2026-06-10 13:58:02:   code: 'EADDRINUSE',
2026-06-10 13:58:02:   errno: -4091,
2026-06-10 13:58:02:   syscall: 'listen',
2026-06-10 13:58:02:   address: '0.0.0.0',
2026-06-10 13:58:02:   port: 5050
2026-06-10 13:58:02: }
2026-06-10 13:58:05: Error: listen EADDRINUSE: address already in use 0.0.0.0:5050
2026-06-10 13:58:05:     at Server.setupListenHandle [as _listen2] (node:net:2008:16)
2026-06-10 13:58:05:     at listenInCluster (node:net:2065:12)
2026-06-10 13:58:05:     at node:net:2274:7
2026-06-10 13:58:05:     at process.processTicksAndRejections (node:internal/process/task_queues:90:21) {
2026-06-10 13:58:05:   code: 'EADDRINUSE',
2026-06-10 13:58:05:   errno: -4091,
2026-06-10 13:58:05:   syscall: 'listen',
2026-06-10 13:58:05:   address: '0.0.0.0',
2026-06-10 13:58:05:   port: 5050
2026-06-10 13:58:05: }
2026-06-10 13:58:11: Error: listen EADDRINUSE: address already in use 0.0.0.0:5050
2026-06-10 13:58:11:     at Server.setupListenHandle [as _listen2] (node:net:2008:16)
2026-06-10 13:58:11:     at listenInCluster (node:net:2065:12)
2026-06-10 13:58:11:     at node:net:2274:7
2026-06-10 13:58:11:     at process.processTicksAndRejections (node:internal/process/task_queues:90:21) {
2026-06-10 13:58:11:   code: 'EADDRINUSE',
2026-06-10 13:58:11:   errno: -4091,
2026-06-10 13:58:11:   syscall: 'listen',
2026-06-10 13:58:11:   address: '0.0.0.0',
2026-06-10 13:58:11:   port: 5050
2026-06-10 13:58:11: }
2026-06-10 13:58:14: Error: listen EADDRINUSE: address already in use 0.0.0.0:5050
2026-06-10 13:58:14:     at Server.setupListenHandle [as _listen2] (node:net:2008:16)
2026-06-10 13:58:14:     at listenInCluster (node:net:2065:12)
2026-06-10 13:58:14:     at node:net:2274:7
2026-06-10 13:58:14:     at process.processTicksAndRejections (node:internal/process/task_queues:90:21) {
2026-06-10 13:58:14:   code: 'EADDRINUSE',
2026-06-10 13:58:14:   errno: -4091,
2026-06-10 13:58:14:   syscall: 'listen',
2026-06-10 13:58:14:   address: '0.0.0.0',
2026-06-10 13:58:14:   port: 5050
2026-06-10 13:58:14: }
2026-06-10 13:58:17: Error: listen EADDRINUSE: address already in use 0.0.0.0:5050
2026-06-10 13:58:17:     at Server.setupListenHandle [as _listen2] (node:net:2008:16)
2026-06-10 13:58:17:     at listenInCluster (node:net:2065:12)
2026-06-10 13:58:17:     at node:net:2274:7
2026-06-10 13:58:17:     at process.processTicksAndRejections (node:internal/process/task_queues:90:21) {
2026-06-10 13:58:17:   code: 'EADDRINUSE',
2026-06-10 13:58:17:   errno: -4091,
2026-06-10 13:58:17:   syscall: 'listen',
2026-06-10 13:58:17:   address: '0.0.0.0',
2026-06-10 13:58:17:   port: 5050
2026-06-10 13:58:17: }
2026-06-10 13:58:20: Error: listen EADDRINUSE: address already in use 0.0.0.0:5050
2026-06-10 13:58:20:     at Server.setupListenHandle [as _listen2] (node:net:2008:16)
2026-06-10 13:58:20:     at listenInCluster (node:net:2065:12)
2026-06-10 13:58:20:     at node:net:2274:7
2026-06-10 13:58:20:     at process.processTicksAndRejections (node:internal/process/task_queues:90:21) {
2026-06-10 13:58:20:   code: 'EADDRINUSE',
2026-06-10 13:58:20:   errno: -4091,
2026-06-10 13:58:20:   syscall: 'listen',
2026-06-10 13:58:20:   address: '0.0.0.0',
2026-06-10 13:58:20:   port: 5050
2026-06-10 13:58:20: }
2026-06-10 13:58:24: Error: listen EADDRINUSE: address already in use 0.0.0.0:5050
2026-06-10 13:58:24:     at Server.setupListenHandle [as _listen2] (node:net:2008:16)
2026-06-10 13:58:24:     at listenInCluster (node:net:2065:12)
2026-06-10 13:58:24:     at node:net:2274:7
2026-06-10 13:58:24:     at process.processTicksAndRejections (node:internal/process/task_queues:90:21) {
2026-06-10 13:58:24:   code: 'EADDRINUSE',
2026-06-10 13:58:24:   errno: -4091,
2026-06-10 13:58:24:   syscall: 'listen',
2026-06-10 13:58:24:   address: '0.0.0.0',
2026-06-10 13:58:24:   port: 5050
2026-06-10 13:58:24: }
2026-06-10 13:58:28: Error: listen EADDRINUSE: address already in use 0.0.0.0:5050
2026-06-10 13:58:28:     at Server.setupListenHandle [as _listen2] (node:net:2008:16)
2026-06-10 13:58:28:     at listenInCluster (node:net:2065:12)
2026-06-10 13:58:28:     at node:net:2274:7
2026-06-10 13:58:28:     at process.processTicksAndRejections (node:internal/process/task_queues:90:21) {
2026-06-10 13:58:28:   code: 'EADDRINUSE',
2026-06-10 13:58:28:   errno: -4091,
2026-06-10 13:58:28:   syscall: 'listen',
2026-06-10 13:58:28:   address: '0.0.0.0',
2026-06-10 13:58:28:   port: 5050
2026-06-10 13:58:28: }
2026-06-10 13:58:30: Error: listen EADDRINUSE: address already in use 0.0.0.0:5050
2026-06-10 13:58:30:     at Server.setupListenHandle [as _listen2] (node:net:2008:16)
2026-06-10 13:58:30:     at listenInCluster (node:net:2065:12)
2026-06-10 13:58:30:     at node:net:2274:7
2026-06-10 13:58:30:     at process.processTicksAndRejections (node:internal/process/task_queues:90:21) {
2026-06-10 13:58:30:   code: 'EADDRINUSE',
2026-06-10 13:58:30:   errno: -4091,
2026-06-10 13:58:30:   syscall: 'listen',
2026-06-10 13:58:30:   address: '0.0.0.0',
2026-06-10 13:58:30:   port: 5050
2026-06-10 13:58:30: }
2026-06-10 13:58:33: Error: listen EADDRINUSE: address already in use 0.0.0.0:5050
2026-06-10 13:58:33:     at Server.setupListenHandle [as _listen2] (node:net:2008:16)
2026-06-10 13:58:33:     at listenInCluster (node:net:2065:12)
2026-06-10 13:58:33:     at node:net:2274:7
2026-06-10 13:58:33:     at process.processTicksAndRejections (node:internal/process/task_queues:90:21) {
2026-06-10 13:58:33:   code: 'EADDRINUSE',
2026-06-10 13:58:33:   errno: -4091,
2026-06-10 13:58:33:   syscall: 'listen',
2026-06-10 13:58:33:   address: '0.0.0.0',
2026-06-10 13:58:33:   port: 5050
2026-06-10 13:58:33: }
2026-06-10 13:58:36: Error: listen EADDRINUSE: address already in use 0.0.0.0:5050
2026-06-10 13:58:36:     at Server.setupListenHandle [as _listen2] (node:net:2008:16)
2026-06-10 13:58:36:     at listenInCluster (node:net:2065:12)
2026-06-10 13:58:36:     at node:net:2274:7
2026-06-10 13:58:36:     at process.processTicksAndRejections (node:internal/process/task_queues:90:21) {
2026-06-10 13:58:36:   code: 'EADDRINUSE',
2026-06-10 13:58:36:   errno: -4091,
2026-06-10 13:58:36:   syscall: 'listen',
2026-06-10 13:58:36:   address: '0.0.0.0',
2026-06-10 13:58:36:   port: 5050
2026-06-10 13:58:36: }
2026-06-10 13:58:40: Error: listen EADDRINUSE: address already in use 0.0.0.0:5050
2026-06-10 13:58:40:     at Server.setupListenHandle [as _listen2] (node:net:2008:16)
2026-06-10 13:58:40:     at listenInCluster (node:net:2065:12)
2026-06-10 13:58:40:     at node:net:2274:7
2026-06-10 13:58:40:     at process.processTicksAndRejections (node:internal/process/task_queues:90:21) {
2026-06-10 13:58:40:   code: 'EADDRINUSE',
2026-06-10 13:58:40:   errno: -4091,
2026-06-10 13:58:40:   syscall: 'listen',
2026-06-10 13:58:40:   address: '0.0.0.0',
2026-06-10 13:58:40:   port: 5050
2026-06-10 13:58:40: }
2026-06-10 13:58:43: Error: listen EADDRINUSE: address already in use 0.0.0.0:5050
2026-06-10 13:58:43:     at Server.setupListenHandle [as _listen2] (node:net:2008:16)
2026-06-10 13:58:43:     at listenInCluster (node:net:2065:12)
2026-06-10 13:58:43:     at node:net:2274:7
2026-06-10 13:58:43:     at process.processTicksAndRejections (node:internal/process/task_queues:90:21) {
2026-06-10 13:58:43:   code: 'EADDRINUSE',
2026-06-10 13:58:43:   errno: -4091,
2026-06-10 13:58:43:   syscall: 'listen',
2026-06-10 13:58:43:   address: '0.0.0.0',
2026-06-10 13:58:43:   port: 5050
2026-06-10 13:58:43: }
2026-06-10 13:58:45: Error: listen EADDRINUSE: address already in use 0.0.0.0:5050
2026-06-10 13:58:45:     at Server.setupListenHandle [as _listen2] (node:net:2008:16)
2026-06-10 13:58:45:     at listenInCluster (node:net:2065:12)
2026-06-10 13:58:45:     at node:net:2274:7
2026-06-10 13:58:45:     at process.processTicksAndRejections (node:internal/process/task_queues:90:21) {
2026-06-10 13:58:45:   code: 'EADDRINUSE',
2026-06-10 13:58:45:   errno: -4091,
2026-06-10 13:58:45:   syscall: 'listen',
2026-06-10 13:58:45:   address: '0.0.0.0',
2026-06-10 13:58:45:   port: 5050
2026-06-10 13:58:45: }
2026-06-10 13:58:48: Error: listen EADDRINUSE: address already in use 0.0.0.0:5050
2026-06-10 13:58:48:     at Server.setupListenHandle [as _listen2] (node:net:2008:16)
2026-06-10 13:58:48:     at listenInCluster (node:net:2065:12)
2026-06-10 13:58:48:     at node:net:2274:7
2026-06-10 13:58:48:     at process.processTicksAndRejections (node:internal/process/task_queues:90:21) {
2026-06-10 13:58:48:   code: 'EADDRINUSE',
2026-06-10 13:58:48:   errno: -4091,
2026-06-10 13:58:48:   syscall: 'listen',
2026-06-10 13:58:48:   address: '0.0.0.0',
2026-06-10 13:58:48:   port: 5050
2026-06-10 13:58:48: }
2026-06-10 13:58:52: Error: listen EADDRINUSE: address already in use 0.0.0.0:5050
2026-06-10 13:58:52:     at Server.setupListenHandle [as _listen2] (node:net:2008:16)
2026-06-10 13:58:52:     at listenInCluster (node:net:2065:12)
2026-06-10 13:58:52:     at node:net:2274:7
2026-06-10 13:58:52:     at process.processTicksAndRejections (node:internal/process/task_queues:90:21) {
2026-06-10 13:58:52:   code: 'EADDRINUSE',
2026-06-10 13:58:52:   errno: -4091,
2026-06-10 13:58:52:   syscall: 'listen',
2026-06-10 13:58:52:   address: '0.0.0.0',
2026-06-10 13:58:52:   port: 5050
2026-06-10 13:58:52: }
2026-06-10 13:58:55: Error: listen EADDRINUSE: address already in use 0.0.0.0:5050
2026-06-10 13:58:55:     at Server.setupListenHandle [as _listen2] (node:net:2008:16)
2026-06-10 13:58:55:     at listenInCluster (node:net:2065:12)
2026-06-10 13:58:55:     at node:net:2274:7
2026-06-10 13:58:55:     at process.processTicksAndRejections (node:internal/process/task_queues:90:21) {
2026-06-10 13:58:55:   code: 'EADDRINUSE',
2026-06-10 13:58:55:   errno: -4091,
2026-06-10 13:58:55:   syscall: 'listen',
2026-06-10 13:58:55:   address: '0.0.0.0',
2026-06-10 13:58:55:   port: 5050
2026-06-10 13:58:55: }
2026-06-10 13:58:59: Error: listen EADDRINUSE: address already in use 0.0.0.0:5050
2026-06-10 13:58:59:     at Server.setupListenHandle [as _listen2] (node:net:2008:16)
2026-06-10 13:58:59:     at listenInCluster (node:net:2065:12)
2026-06-10 13:58:59:     at node:net:2274:7
2026-06-10 13:58:59:     at process.processTicksAndRejections (node:internal/process/task_queues:90:21) {
2026-06-10 13:58:59:   code: 'EADDRINUSE',
2026-06-10 13:58:59:   errno: -4091,
2026-06-10 13:58:59:   syscall: 'listen',
2026-06-10 13:58:59:   address: '0.0.0.0',
2026-06-10 13:58:59:   port: 5050
2026-06-10 13:58:59: }
2026-06-10 13:59:03: Error: listen EADDRINUSE: address already in use 0.0.0.0:5050
2026-06-10 13:59:03:     at Server.setupListenHandle [as _listen2] (node:net:2008:16)
2026-06-10 13:59:03:     at listenInCluster (node:net:2065:12)
2026-06-10 13:59:03:     at node:net:2274:7
2026-06-10 13:59:03:     at process.processTicksAndRejections (node:internal/process/task_queues:90:21) {
2026-06-10 13:59:03:   code: 'EADDRINUSE',
2026-06-10 13:59:03:   errno: -4091,
2026-06-10 13:59:03:   syscall: 'listen',
2026-06-10 13:59:03:   address: '0.0.0.0',
2026-06-10 13:59:03:   port: 5050
2026-06-10 13:59:03: }
2026-06-10 13:59:06: Error: listen EADDRINUSE: address already in use 0.0.0.0:5050
2026-06-10 13:59:06:     at Server.setupListenHandle [as _listen2] (node:net:2008:16)
2026-06-10 13:59:06:     at listenInCluster (node:net:2065:12)
2026-06-10 13:59:06:     at node:net:2274:7
2026-06-10 13:59:06:     at process.processTicksAndRejections (node:internal/process/task_queues:90:21) {
2026-06-10 13:59:06:   code: 'EADDRINUSE',
2026-06-10 13:59:06:   errno: -4091,
2026-06-10 13:59:06:   syscall: 'listen',
2026-06-10 13:59:06:   address: '0.0.0.0',
2026-06-10 13:59:06:   port: 5050
2026-06-10 13:59:06: }
2026-06-10 13:59:09: Error: listen EADDRINUSE: address already in use 0.0.0.0:5050
2026-06-10 13:59:09:     at Server.setupListenHandle [as _listen2] (node:net:2008:16)
2026-06-10 13:59:09:     at listenInCluster (node:net:2065:12)
2026-06-10 13:59:09:     at node:net:2274:7
2026-06-10 13:59:09:     at process.processTicksAndRejections (node:internal/process/task_queues:90:21) {
2026-06-10 13:59:09:   code: 'EADDRINUSE',
2026-06-10 13:59:09:   errno: -4091,
2026-06-10 13:59:09:   syscall: 'listen',
2026-06-10 13:59:09:   address: '0.0.0.0',
2026-06-10 13:59:09:   port: 5050
2026-06-10 13:59:09: }
2026-06-10 13:59:13: Error: listen EADDRINUSE: address already in use 0.0.0.0:5050
2026-06-10 13:59:13:     at Server.setupListenHandle [as _listen2] (node:net:2008:16)
2026-06-10 13:59:13:     at listenInCluster (node:net:2065:12)
2026-06-10 13:59:13:     at node:net:2274:7
2026-06-10 13:59:13:     at process.processTicksAndRejections (node:internal/process/task_queues:90:21) {
2026-06-10 13:59:13:   code: 'EADDRINUSE',
2026-06-10 13:59:13:   errno: -4091,
2026-06-10 13:59:13:   syscall: 'listen',
2026-06-10 13:59:13:   address: '0.0.0.0',
2026-06-10 13:59:13:   port: 5050
2026-06-10 13:59:13: }
2026-06-10 13:59:16: Error: listen EADDRINUSE: address already in use 0.0.0.0:5050
2026-06-10 13:59:16:     at Server.setupListenHandle [as _listen2] (node:net:2008:16)
2026-06-10 13:59:16:     at listenInCluster (node:net:2065:12)
2026-06-10 13:59:16:     at node:net:2274:7
2026-06-10 13:59:16:     at process.processTicksAndRejections (node:internal/process/task_queues:90:21) {
2026-06-10 13:59:16:   code: 'EADDRINUSE',
2026-06-10 13:59:16:   errno: -4091,
2026-06-10 13:59:16:   syscall: 'listen',
2026-06-10 13:59:16:   address: '0.0.0.0',
2026-06-10 13:59:16:   port: 5050
2026-06-10 13:59:16: }
2026-06-10 13:59:19: Error: listen EADDRINUSE: address already in use 0.0.0.0:5050
2026-06-10 13:59:19:     at Server.setupListenHandle [as _listen2] (node:net:2008:16)
2026-06-10 13:59:19:     at listenInCluster (node:net:2065:12)
2026-06-10 13:59:19:     at node:net:2274:7
2026-06-10 13:59:19:     at process.processTicksAndRejections (node:internal/process/task_queues:90:21) {
2026-06-10 13:59:19:   code: 'EADDRINUSE',
2026-06-10 13:59:19:   errno: -4091,
2026-06-10 13:59:19:   syscall: 'listen',
2026-06-10 13:59:19:   address: '0.0.0.0',
2026-06-10 13:59:19:   port: 5050
2026-06-10 13:59:19: }
2026-06-10 13:59:23: Error: listen EADDRINUSE: address already in use 0.0.0.0:5050
2026-06-10 13:59:23:     at Server.setupListenHandle [as _listen2] (node:net:2008:16)
2026-06-10 13:59:23:     at listenInCluster (node:net:2065:12)
2026-06-10 13:59:23:     at node:net:2274:7
2026-06-10 13:59:23:     at process.processTicksAndRejections (node:internal/process/task_queues:90:21) {
2026-06-10 13:59:23:   code: 'EADDRINUSE',
2026-06-10 13:59:23:   errno: -4091,
2026-06-10 13:59:23:   syscall: 'listen',
2026-06-10 13:59:23:   address: '0.0.0.0',
2026-06-10 13:59:23:   port: 5050
2026-06-10 13:59:23: }
2026-06-10 13:59:27: Error: listen EADDRINUSE: address already in use 0.0.0.0:5050
2026-06-10 13:59:27:     at Server.setupListenHandle [as _listen2] (node:net:2008:16)
2026-06-10 13:59:27:     at listenInCluster (node:net:2065:12)
2026-06-10 13:59:27:     at node:net:2274:7
2026-06-10 13:59:27:     at process.processTicksAndRejections (node:internal/process/task_queues:90:21) {
2026-06-10 13:59:27:   code: 'EADDRINUSE',
2026-06-10 13:59:27:   errno: -4091,
2026-06-10 13:59:27:   syscall: 'listen',
2026-06-10 13:59:27:   address: '0.0.0.0',
2026-06-10 13:59:27:   port: 5050
2026-06-10 13:59:27: }
2026-06-10 13:59:30: Error: listen EADDRINUSE: address already in use 0.0.0.0:5050
2026-06-10 13:59:30:     at Server.setupListenHandle [as _listen2] (node:net:2008:16)
2026-06-10 13:59:30:     at listenInCluster (node:net:2065:12)
2026-06-10 13:59:30:     at node:net:2274:7
2026-06-10 13:59:30:     at process.processTicksAndRejections (node:internal/process/task_queues:90:21) {
2026-06-10 13:59:30:   code: 'EADDRINUSE',
2026-06-10 13:59:30:   errno: -4091,
2026-06-10 13:59:30:   syscall: 'listen',
2026-06-10 13:59:30:   address: '0.0.0.0',
2026-06-10 13:59:30:   port: 5050
2026-06-10 13:59:30: }
2026-06-10 13:59:33: Error: listen EADDRINUSE: address already in use 0.0.0.0:5050
2026-06-10 13:59:33:     at Server.setupListenHandle [as _listen2] (node:net:2008:16)
2026-06-10 13:59:33:     at listenInCluster (node:net:2065:12)
2026-06-10 13:59:33:     at node:net:2274:7
2026-06-10 13:59:33:     at process.processTicksAndRejections (node:internal/process/task_queues:90:21) {
2026-06-10 13:59:33:   code: 'EADDRINUSE',
2026-06-10 13:59:33:   errno: -4091,
2026-06-10 13:59:33:   syscall: 'listen',
2026-06-10 13:59:33:   address: '0.0.0.0',
2026-06-10 13:59:33:   port: 5050
2026-06-10 13:59:33: }
2026-06-10 13:59:35: Error: listen EADDRINUSE: address already in use 0.0.0.0:5050
2026-06-10 13:59:35:     at Server.setupListenHandle [as _listen2] (node:net:2008:16)
2026-06-10 13:59:35:     at listenInCluster (node:net:2065:12)
2026-06-10 13:59:35:     at node:net:2274:7
2026-06-10 13:59:35:     at process.processTicksAndRejections (node:internal/process/task_queues:90:21) {
2026-06-10 13:59:35:   code: 'EADDRINUSE',
2026-06-10 13:59:35:   errno: -4091,
2026-06-10 13:59:35:   syscall: 'listen',
2026-06-10 13:59:35:   address: '0.0.0.0',
2026-06-10 13:59:35:   port: 5050
2026-06-10 13:59:35: }
2026-06-10 13:59:39: Error: listen EADDRINUSE: address already in use 0.0.0.0:5050
2026-06-10 13:59:39:     at Server.setupListenHandle [as _listen2] (node:net:2008:16)
2026-06-10 13:59:39:     at listenInCluster (node:net:2065:12)
2026-06-10 13:59:39:     at node:net:2274:7
2026-06-10 13:59:39:     at process.processTicksAndRejections (node:internal/process/task_queues:90:21) {
2026-06-10 13:59:39:   code: 'EADDRINUSE',
2026-06-10 13:59:39:   errno: -4091,
2026-06-10 13:59:39:   syscall: 'listen',
2026-06-10 13:59:39:   address: '0.0.0.0',
2026-06-10 13:59:39:   port: 5050
2026-06-10 13:59:39: }
2026-06-10 13:59:42: Error: listen EADDRINUSE: address already in use 0.0.0.0:5050
2026-06-10 13:59:42:     at Server.setupListenHandle [as _listen2] (node:net:2008:16)
2026-06-10 13:59:42:     at listenInCluster (node:net:2065:12)
2026-06-10 13:59:42:     at node:net:2274:7
2026-06-10 13:59:42:     at process.processTicksAndRejections (node:internal/process/task_queues:90:21) {
2026-06-10 13:59:42:   code: 'EADDRINUSE',
2026-06-10 13:59:42:   errno: -4091,
2026-06-10 13:59:42:   syscall: 'listen',
2026-06-10 13:59:42:   address: '0.0.0.0',
2026-06-10 13:59:42:   port: 5050
2026-06-10 13:59:42: }
2026-06-10 13:59:45: Error: listen EADDRINUSE: address already in use 0.0.0.0:5050
2026-06-10 13:59:45:     at Server.setupListenHandle [as _listen2] (node:net:2008:16)
2026-06-10 13:59:45:     at listenInCluster (node:net:2065:12)
2026-06-10 13:59:45:     at node:net:2274:7
2026-06-10 13:59:45:     at process.processTicksAndRejections (node:internal/process/task_queues:90:21) {
2026-06-10 13:59:45:   code: 'EADDRINUSE',
2026-06-10 13:59:45:   errno: -4091,
2026-06-10 13:59:45:   syscall: 'listen',
2026-06-10 13:59:45:   address: '0.0.0.0',
2026-06-10 13:59:45:   port: 5050
2026-06-10 13:59:45: }
2026-06-10 13:59:48: Error: listen EADDRINUSE: address already in use 0.0.0.0:5050
2026-06-10 13:59:48:     at Server.setupListenHandle [as _listen2] (node:net:2008:16)
2026-06-10 13:59:48:     at listenInCluster (node:net:2065:12)
2026-06-10 13:59:48:     at node:net:2274:7
2026-06-10 13:59:48:     at process.processTicksAndRejections (node:internal/process/task_queues:90:21) {
2026-06-10 13:59:48:   code: 'EADDRINUSE',
2026-06-10 13:59:48:   errno: -4091,
2026-06-10 13:59:48:   syscall: 'listen',
2026-06-10 13:59:48:   address: '0.0.0.0',
2026-06-10 13:59:48:   port: 5050
2026-06-10 13:59:48: }
2026-06-10 13:59:50: Error: listen EADDRINUSE: address already in use 0.0.0.0:5050
2026-06-10 13:59:50:     at Server.setupListenHandle [as _listen2] (node:net:2008:16)
2026-06-10 13:59:50:     at listenInCluster (node:net:2065:12)
2026-06-10 13:59:50:     at node:net:2274:7
2026-06-10 13:59:50:     at process.processTicksAndRejections (node:internal/process/task_queues:90:21) {
2026-06-10 13:59:50:   code: 'EADDRINUSE',
2026-06-10 13:59:50:   errno: -4091,
2026-06-10 13:59:50:   syscall: 'listen',
2026-06-10 13:59:50:   address: '0.0.0.0',
2026-06-10 13:59:50:   port: 5050
2026-06-10 13:59:50: }
2026-06-10 13:59:53: Error: listen EADDRINUSE: address already in use 0.0.0.0:5050
2026-06-10 13:59:53:     at Server.setupListenHandle [as _listen2] (node:net:2008:16)
2026-06-10 13:59:53:     at listenInCluster (node:net:2065:12)
2026-06-10 13:59:53:     at node:net:2274:7
2026-06-10 13:59:53:     at process.processTicksAndRejections (node:internal/process/task_queues:90:21) {
2026-06-10 13:59:53:   code: 'EADDRINUSE',
2026-06-10 13:59:53:   errno: -4091,
2026-06-10 13:59:53:   syscall: 'listen',
2026-06-10 13:59:53:   address: '0.0.0.0',
2026-06-10 13:59:53:   port: 5050
2026-06-10 13:59:53: }
2026-06-10 13:59:56: Error: listen EADDRINUSE: address already in use 0.0.0.0:5050
2026-06-10 13:59:56:     at Server.setupListenHandle [as _listen2] (node:net:2008:16)
2026-06-10 13:59:56:     at listenInCluster (node:net:2065:12)
2026-06-10 13:59:56:     at node:net:2274:7
2026-06-10 13:59:56:     at process.processTicksAndRejections (node:internal/process/task_queues:90:21) {
2026-06-10 13:59:56:   code: 'EADDRINUSE',
2026-06-10 13:59:56:   errno: -4091,
2026-06-10 13:59:56:   syscall: 'listen',
2026-06-10 13:59:56:   address: '0.0.0.0',
2026-06-10 13:59:56:   port: 5050
2026-06-10 13:59:56: }
2026-06-10 13:59:58: Error: listen EADDRINUSE: address already in use 0.0.0.0:5050
2026-06-10 13:59:58:     at Server.setupListenHandle [as _listen2] (node:net:2008:16)
2026-06-10 13:59:58:     at listenInCluster (node:net:2065:12)
2026-06-10 13:59:58:     at node:net:2274:7
2026-06-10 13:59:58:     at process.processTicksAndRejections (node:internal/process/task_queues:90:21) {
2026-06-10 13:59:58:   code: 'EADDRINUSE',
2026-06-10 13:59:58:   errno: -4091,
2026-06-10 13:59:58:   syscall: 'listen',
2026-06-10 13:59:58:   address: '0.0.0.0',
2026-06-10 13:59:58:   port: 5050
2026-06-10 13:59:58: }
2026-06-10 14:00:02: Error: listen EADDRINUSE: address already in use 0.0.0.0:5050
2026-06-10 14:00:02:     at Server.setupListenHandle [as _listen2] (node:net:2008:16)
2026-06-10 14:00:02:     at listenInCluster (node:net:2065:12)
2026-06-10 14:00:02:     at node:net:2274:7
2026-06-10 14:00:02:     at process.processTicksAndRejections (node:internal/process/task_queues:90:21) {
2026-06-10 14:00:02:   code: 'EADDRINUSE',
2026-06-10 14:00:02:   errno: -4091,
2026-06-10 14:00:02:   syscall: 'listen',
2026-06-10 14:00:02:   address: '0.0.0.0',
2026-06-10 14:00:02:   port: 5050
2026-06-10 14:00:02: }
2026-06-10 14:00:05: Error: listen EADDRINUSE: address already in use 0.0.0.0:5050
2026-06-10 14:00:05:     at Server.setupListenHandle [as _listen2] (node:net:2008:16)
2026-06-10 14:00:05:     at listenInCluster (node:net:2065:12)
2026-06-10 14:00:05:     at node:net:2274:7
2026-06-10 14:00:05:     at process.processTicksAndRejections (node:internal/process/task_queues:90:21) {
2026-06-10 14:00:05:   code: 'EADDRINUSE',
2026-06-10 14:00:05:   errno: -4091,
2026-06-10 14:00:05:   syscall: 'listen',
2026-06-10 14:00:05:   address: '0.0.0.0',
2026-06-10 14:00:05:   port: 5050
2026-06-10 14:00:05: }
2026-06-10 14:00:07: Error: listen EADDRINUSE: address already in use 0.0.0.0:5050
2026-06-10 14:00:07:     at Server.setupListenHandle [as _listen2] (node:net:2008:16)
2026-06-10 14:00:07:     at listenInCluster (node:net:2065:12)
2026-06-10 14:00:07:     at node:net:2274:7
2026-06-10 14:00:07:     at process.processTicksAndRejections (node:internal/process/task_queues:90:21) {
2026-06-10 14:00:07:   code: 'EADDRINUSE',
2026-06-10 14:00:07:   errno: -4091,
2026-06-10 14:00:07:   syscall: 'listen',
2026-06-10 14:00:07:   address: '0.0.0.0',
2026-06-10 14:00:07:   port: 5050
2026-06-10 14:00:07: }
2026-06-10 14:00:10: Error: listen EADDRINUSE: address already in use 0.0.0.0:5050
2026-06-10 14:00:10:     at Server.setupListenHandle [as _listen2] (node:net:2008:16)
2026-06-10 14:00:10:     at listenInCluster (node:net:2065:12)
2026-06-10 14:00:10:     at node:net:2274:7
2026-06-10 14:00:10:     at process.processTicksAndRejections (node:internal/process/task_queues:90:21) {
2026-06-10 14:00:10:   code: 'EADDRINUSE',
2026-06-10 14:00:10:   errno: -4091,
2026-06-10 14:00:10:   syscall: 'listen',
2026-06-10 14:00:10:   address: '0.0.0.0',
2026-06-10 14:00:10:   port: 5050
2026-06-10 14:00:10: }
2026-06-10 14:00:13: Error: listen EADDRINUSE: address already in use 0.0.0.0:5050
2026-06-10 14:00:13:     at Server.setupListenHandle [as _listen2] (node:net:2008:16)
2026-06-10 14:00:13:     at listenInCluster (node:net:2065:12)
2026-06-10 14:00:13:     at node:net:2274:7
2026-06-10 14:00:13:     at process.processTicksAndRejections (node:internal/process/task_queues:90:21) {
2026-06-10 14:00:13:   code: 'EADDRINUSE',
2026-06-10 14:00:13:   errno: -4091,
2026-06-10 14:00:13:   syscall: 'listen',
2026-06-10 14:00:13:   address: '0.0.0.0',
2026-06-10 14:00:13:   port: 5050
2026-06-10 14:00:13: }
2026-06-10 14:00:16: Error: listen EADDRINUSE: address already in use 0.0.0.0:5050
2026-06-10 14:00:16:     at Server.setupListenHandle [as _listen2] (node:net:2008:16)
2026-06-10 14:00:16:     at listenInCluster (node:net:2065:12)
2026-06-10 14:00:16:     at node:net:2274:7
2026-06-10 14:00:16:     at process.processTicksAndRejections (node:internal/process/task_queues:90:21) {
2026-06-10 14:00:16:   code: 'EADDRINUSE',
2026-06-10 14:00:16:   errno: -4091,
2026-06-10 14:00:16:   syscall: 'listen',
2026-06-10 14:00:16:   address: '0.0.0.0',
2026-06-10 14:00:16:   port: 5050
2026-06-10 14:00:16: }
2026-06-10 14:00:19: Error: listen EADDRINUSE: address already in use 0.0.0.0:5050
2026-06-10 14:00:19:     at Server.setupListenHandle [as _listen2] (node:net:2008:16)
2026-06-10 14:00:19:     at listenInCluster (node:net:2065:12)
2026-06-10 14:00:19:     at node:net:2274:7
2026-06-10 14:00:19:     at process.processTicksAndRejections (node:internal/process/task_queues:90:21) {
2026-06-10 14:00:19:   code: 'EADDRINUSE',
2026-06-10 14:00:19:   errno: -4091,
2026-06-10 14:00:19:   syscall: 'listen',
2026-06-10 14:00:19:   address: '0.0.0.0',
2026-06-10 14:00:19:   port: 5050
2026-06-10 14:00:19: }
2026-06-10 14:00:22: Error: listen EADDRINUSE: address already in use 0.0.0.0:5050
2026-06-10 14:00:22:     at Server.setupListenHandle [as _listen2] (node:net:2008:16)
2026-06-10 14:00:22:     at listenInCluster (node:net:2065:12)
2026-06-10 14:00:22:     at node:net:2274:7
2026-06-10 14:00:22:     at process.processTicksAndRejections (node:internal/process/task_queues:90:21) {
2026-06-10 14:00:22:   code: 'EADDRINUSE',
2026-06-10 14:00:22:   errno: -4091,
2026-06-10 14:00:22:   syscall: 'listen',
2026-06-10 14:00:22:   address: '0.0.0.0',
2026-06-10 14:00:22:   port: 5050
2026-06-10 14:00:22: }
2026-06-10 14:00:25: Error: listen EADDRINUSE: address already in use 0.0.0.0:5050
2026-06-10 14:00:25:     at Server.setupListenHandle [as _listen2] (node:net:2008:16)
2026-06-10 14:00:25:     at listenInCluster (node:net:2065:12)
2026-06-10 14:00:25:     at node:net:2274:7
2026-06-10 14:00:25:     at process.processTicksAndRejections (node:internal/process/task_queues:90:21) {
2026-06-10 14:00:25:   code: 'EADDRINUSE',
2026-06-10 14:00:25:   errno: -4091,
2026-06-10 14:00:25:   syscall: 'listen',
2026-06-10 14:00:25:   address: '0.0.0.0',
2026-06-10 14:00:25:   port: 5050
2026-06-10 14:00:25: }
2026-06-10 14:00:32: Error: listen EADDRINUSE: address already in use 0.0.0.0:5050
2026-06-10 14:00:32:     at Server.setupListenHandle [as _listen2] (node:net:2008:16)
2026-06-10 14:00:32:     at listenInCluster (node:net:2065:12)
2026-06-10 14:00:32:     at node:net:2274:7
2026-06-10 14:00:32:     at process.processTicksAndRejections (node:internal/process/task_queues:90:21) {
2026-06-10 14:00:32:   code: 'EADDRINUSE',
2026-06-10 14:00:32:   errno: -4091,
2026-06-10 14:00:32:   syscall: 'listen',
2026-06-10 14:00:32:   address: '0.0.0.0',
2026-06-10 14:00:32:   port: 5050
2026-06-10 14:00:32: }
2026-06-10 14:00:36: Error: listen EADDRINUSE: address already in use 0.0.0.0:5050
2026-06-10 14:00:36:     at Server.setupListenHandle [as _listen2] (node:net:2008:16)
2026-06-10 14:00:36:     at listenInCluster (node:net:2065:12)
2026-06-10 14:00:36:     at node:net:2274:7
2026-06-10 14:00:36:     at process.processTicksAndRejections (node:internal/process/task_queues:90:21) {
2026-06-10 14:00:36:   code: 'EADDRINUSE',
2026-06-10 14:00:36:   errno: -4091,
2026-06-10 14:00:36:   syscall: 'listen',
2026-06-10 14:00:36:   address: '0.0.0.0',
2026-06-10 14:00:36:   port: 5050
2026-06-10 14:00:36: }
2026-06-10 14:00:40: Error: listen EADDRINUSE: address already in use 0.0.0.0:5050
2026-06-10 14:00:40:     at Server.setupListenHandle [as _listen2] (node:net:2008:16)
2026-06-10 14:00:40:     at listenInCluster (node:net:2065:12)
2026-06-10 14:00:40:     at node:net:2274:7
2026-06-10 14:00:40:     at process.processTicksAndRejections (node:internal/process/task_queues:90:21) {
2026-06-10 14:00:40:   code: 'EADDRINUSE',
2026-06-10 14:00:40:   errno: -4091,
2026-06-10 14:00:40:   syscall: 'listen',
2026-06-10 14:00:40:   address: '0.0.0.0',
2026-06-10 14:00:40:   port: 5050
2026-06-10 14:00:40: }
2026-06-10 14:00:44: Error: listen EADDRINUSE: address already in use 0.0.0.0:5050
2026-06-10 14:00:44:     at Server.setupListenHandle [as _listen2] (node:net:2008:16)
2026-06-10 14:00:44:     at listenInCluster (node:net:2065:12)
2026-06-10 14:00:44:     at node:net:2274:7
2026-06-10 14:00:44:     at process.processTicksAndRejections (node:internal/process/task_queues:90:21) {
2026-06-10 14:00:44:   code: 'EADDRINUSE',
2026-06-10 14:00:44:   errno: -4091,
2026-06-10 14:00:44:   syscall: 'listen',
2026-06-10 14:00:44:   address: '0.0.0.0',
2026-06-10 14:00:44:   port: 5050
2026-06-10 14:00:44: }
2026-06-10 14:00:49: Error: listen EADDRINUSE: address already in use 0.0.0.0:5050
2026-06-10 14:00:49:     at Server.setupListenHandle [as _listen2] (node:net:2008:16)
2026-06-10 14:00:49:     at listenInCluster (node:net:2065:12)
2026-06-10 14:00:49:     at node:net:2274:7
2026-06-10 14:00:49:     at process.processTicksAndRejections (node:internal/process/task_queues:90:21) {
2026-06-10 14:00:49:   code: 'EADDRINUSE',
2026-06-10 14:00:49:   errno: -4091,
2026-06-10 14:00:49:   syscall: 'listen',
2026-06-10 14:00:49:   address: '0.0.0.0',
2026-06-10 14:00:49:   port: 5050
2026-06-10 14:00:49: }
2026-06-10 14:00:54: Error: listen EADDRINUSE: address already in use 0.0.0.0:5050
2026-06-10 14:00:54:     at Server.setupListenHandle [as _listen2] (node:net:2008:16)
2026-06-10 14:00:54:     at listenInCluster (node:net:2065:12)
2026-06-10 14:00:54:     at node:net:2274:7
2026-06-10 14:00:54:     at process.processTicksAndRejections (node:internal/process/task_queues:90:21) {
2026-06-10 14:00:54:   code: 'EADDRINUSE',
2026-06-10 14:00:54:   errno: -4091,
2026-06-10 14:00:54:   syscall: 'listen',
2026-06-10 14:00:54:   address: '0.0.0.0',
2026-06-10 14:00:54:   port: 5050
2026-06-10 14:00:54: }
2026-06-10 14:00:58: Error: listen EADDRINUSE: address already in use 0.0.0.0:5050
2026-06-10 14:00:58:     at Server.setupListenHandle [as _listen2] (node:net:2008:16)
2026-06-10 14:00:58:     at listenInCluster (node:net:2065:12)
2026-06-10 14:00:58:     at node:net:2274:7
2026-06-10 14:00:58:     at process.processTicksAndRejections (node:internal/process/task_queues:90:21) {
2026-06-10 14:00:58:   code: 'EADDRINUSE',
2026-06-10 14:00:58:   errno: -4091,
2026-06-10 14:00:58:   syscall: 'listen',
2026-06-10 14:00:58:   address: '0.0.0.0',
2026-06-10 14:00:58:   port: 5050
2026-06-10 14:00:58: }
2026-06-10 14:01:02: Error: listen EADDRINUSE: address already in use 0.0.0.0:5050
2026-06-10 14:01:02:     at Server.setupListenHandle [as _listen2] (node:net:2008:16)
2026-06-10 14:01:02:     at listenInCluster (node:net:2065:12)
2026-06-10 14:01:02:     at node:net:2274:7
2026-06-10 14:01:02:     at process.processTicksAndRejections (node:internal/process/task_queues:90:21) {
2026-06-10 14:01:02:   code: 'EADDRINUSE',
2026-06-10 14:01:02:   errno: -4091,
2026-06-10 14:01:02:   syscall: 'listen',
2026-06-10 14:01:02:   address: '0.0.0.0',
2026-06-10 14:01:02:   port: 5050
2026-06-10 14:01:02: }
2026-06-10 14:01:05: Error: listen EADDRINUSE: address already in use 0.0.0.0:5050
2026-06-10 14:01:05:     at Server.setupListenHandle [as _listen2] (node:net:2008:16)
2026-06-10 14:01:05:     at listenInCluster (node:net:2065:12)
2026-06-10 14:01:05:     at node:net:2274:7
2026-06-10 14:01:05:     at process.processTicksAndRejections (node:internal/process/task_queues:90:21) {
2026-06-10 14:01:05:   code: 'EADDRINUSE',
2026-06-10 14:01:05:   errno: -4091,
2026-06-10 14:01:05:   syscall: 'listen',
2026-06-10 14:01:05:   address: '0.0.0.0',
2026-06-10 14:01:05:   port: 5050
2026-06-10 14:01:05: }
2026-06-10 14:01:09: Error: listen EADDRINUSE: address already in use 0.0.0.0:5050
2026-06-10 14:01:09:     at Server.setupListenHandle [as _listen2] (node:net:2008:16)
2026-06-10 14:01:09:     at listenInCluster (node:net:2065:12)
2026-06-10 14:01:09:     at node:net:2274:7
2026-06-10 14:01:09:     at process.processTicksAndRejections (node:internal/process/task_queues:90:21) {
2026-06-10 14:01:09:   code: 'EADDRINUSE',
2026-06-10 14:01:09:   errno: -4091,
2026-06-10 14:01:09:   syscall: 'listen',
2026-06-10 14:01:09:   address: '0.0.0.0',
2026-06-10 14:01:09:   port: 5050
2026-06-10 14:01:09: }
2026-06-10 14:01:14: Error: listen EADDRINUSE: address already in use 0.0.0.0:5050
2026-06-10 14:01:14:     at Server.setupListenHandle [as _listen2] (node:net:2008:16)
2026-06-10 14:01:14:     at listenInCluster (node:net:2065:12)
2026-06-10 14:01:14:     at node:net:2274:7
2026-06-10 14:01:14:     at process.processTicksAndRejections (node:internal/process/task_queues:90:21) {
2026-06-10 14:01:14:   code: 'EADDRINUSE',
2026-06-10 14:01:14:   errno: -4091,
2026-06-10 14:01:14:   syscall: 'listen',
2026-06-10 14:01:14:   address: '0.0.0.0',
2026-06-10 14:01:14:   port: 5050
2026-06-10 14:01:14: }
2026-06-10 14:01:17: Error: listen EADDRINUSE: address already in use 0.0.0.0:5050
2026-06-10 14:01:17:     at Server.setupListenHandle [as _listen2] (node:net:2008:16)
2026-06-10 14:01:17:     at listenInCluster (node:net:2065:12)
2026-06-10 14:01:17:     at node:net:2274:7
2026-06-10 14:01:17:     at process.processTicksAndRejections (node:internal/process/task_queues:90:21) {
2026-06-10 14:01:17:   code: 'EADDRINUSE',
2026-06-10 14:01:17:   errno: -4091,
2026-06-10 14:01:17:   syscall: 'listen',
2026-06-10 14:01:17:   address: '0.0.0.0',
2026-06-10 14:01:17:   port: 5050
2026-06-10 14:01:17: }
2026-06-10 14:01:20: Error: listen EADDRINUSE: address already in use 0.0.0.0:5050
2026-06-10 14:01:20:     at Server.setupListenHandle [as _listen2] (node:net:2008:16)
2026-06-10 14:01:20:     at listenInCluster (node:net:2065:12)
2026-06-10 14:01:20:     at node:net:2274:7
2026-06-10 14:01:20:     at process.processTicksAndRejections (node:internal/process/task_queues:90:21) {
2026-06-10 14:01:20:   code: 'EADDRINUSE',
2026-06-10 14:01:20:   errno: -4091,
2026-06-10 14:01:20:   syscall: 'listen',
2026-06-10 14:01:20:   address: '0.0.0.0',
2026-06-10 14:01:20:   port: 5050
2026-06-10 14:01:20: }
2026-06-10 14:01:23: Error: listen EADDRINUSE: address already in use 0.0.0.0:5050
2026-06-10 14:01:23:     at Server.setupListenHandle [as _listen2] (node:net:2008:16)
2026-06-10 14:01:23:     at listenInCluster (node:net:2065:12)
2026-06-10 14:01:23:     at node:net:2274:7
2026-06-10 14:01:23:     at process.processTicksAndRejections (node:internal/process/task_queues:90:21) {
2026-06-10 14:01:23:   code: 'EADDRINUSE',
2026-06-10 14:01:23:   errno: -4091,
2026-06-10 14:01:23:   syscall: 'listen',
2026-06-10 14:01:23:   address: '0.0.0.0',
2026-06-10 14:01:23:   port: 5050
2026-06-10 14:01:23: }
2026-06-10 14:01:26: Error: listen EADDRINUSE: address already in use 0.0.0.0:5050
2026-06-10 14:01:26:     at Server.setupListenHandle [as _listen2] (node:net:2008:16)
2026-06-10 14:01:26:     at listenInCluster (node:net:2065:12)
2026-06-10 14:01:26:     at node:net:2274:7
2026-06-10 14:01:26:     at process.processTicksAndRejections (node:internal/process/task_queues:90:21) {
2026-06-10 14:01:26:   code: 'EADDRINUSE',
2026-06-10 14:01:26:   errno: -4091,
2026-06-10 14:01:26:   syscall: 'listen',
2026-06-10 14:01:26:   address: '0.0.0.0',
2026-06-10 14:01:26:   port: 5050
2026-06-10 14:01:26: }
2026-06-10 14:01:30: Error: listen EADDRINUSE: address already in use 0.0.0.0:5050
2026-06-10 14:01:30:     at Server.setupListenHandle [as _listen2] (node:net:2008:16)
2026-06-10 14:01:30:     at listenInCluster (node:net:2065:12)
2026-06-10 14:01:30:     at node:net:2274:7
2026-06-10 14:01:30:     at process.processTicksAndRejections (node:internal/process/task_queues:90:21) {
2026-06-10 14:01:30:   code: 'EADDRINUSE',
2026-06-10 14:01:30:   errno: -4091,
2026-06-10 14:01:30:   syscall: 'listen',
2026-06-10 14:01:30:   address: '0.0.0.0',
2026-06-10 14:01:30:   port: 5050
2026-06-10 14:01:30: }
2026-06-10 14:01:32: Error: listen EADDRINUSE: address already in use 0.0.0.0:5050
2026-06-10 14:01:32:     at Server.setupListenHandle [as _listen2] (node:net:2008:16)
2026-06-10 14:01:32:     at listenInCluster (node:net:2065:12)
2026-06-10 14:01:32:     at node:net:2274:7
2026-06-10 14:01:32:     at process.processTicksAndRejections (node:internal/process/task_queues:90:21) {
2026-06-10 14:01:32:   code: 'EADDRINUSE',
2026-06-10 14:01:32:   errno: -4091,
2026-06-10 14:01:32:   syscall: 'listen',
2026-06-10 14:01:32:   address: '0.0.0.0',
2026-06-10 14:01:32:   port: 5050
2026-06-10 14:01:32: }
2026-06-10 14:01:36: Error: listen EADDRINUSE: address already in use 0.0.0.0:5050
2026-06-10 14:01:36:     at Server.setupListenHandle [as _listen2] (node:net:2008:16)
2026-06-10 14:01:36:     at listenInCluster (node:net:2065:12)
2026-06-10 14:01:36:     at node:net:2274:7
2026-06-10 14:01:36:     at process.processTicksAndRejections (node:internal/process/task_queues:90:21) {
2026-06-10 14:01:36:   code: 'EADDRINUSE',
2026-06-10 14:01:36:   errno: -4091,
2026-06-10 14:01:36:   syscall: 'listen',
2026-06-10 14:01:36:   address: '0.0.0.0',
2026-06-10 14:01:36:   port: 5050
2026-06-10 14:01:36: }
2026-06-10 14:01:39: Error: listen EADDRINUSE: address already in use 0.0.0.0:5050
2026-06-10 14:01:39:     at Server.setupListenHandle [as _listen2] (node:net:2008:16)
2026-06-10 14:01:39:     at listenInCluster (node:net:2065:12)
2026-06-10 14:01:39:     at node:net:2274:7
2026-06-10 14:01:39:     at process.processTicksAndRejections (node:internal/process/task_queues:90:21) {
2026-06-10 14:01:39:   code: 'EADDRINUSE',
2026-06-10 14:01:39:   errno: -4091,
2026-06-10 14:01:39:   syscall: 'listen',
2026-06-10 14:01:39:   address: '0.0.0.0',
2026-06-10 14:01:39:   port: 5050
2026-06-10 14:01:39: }
2026-06-10 14:01:42: Error: listen EADDRINUSE: address already in use 0.0.0.0:5050
2026-06-10 14:01:42:     at Server.setupListenHandle [as _listen2] (node:net:2008:16)
2026-06-10 14:01:42:     at listenInCluster (node:net:2065:12)
2026-06-10 14:01:42:     at node:net:2274:7
2026-06-10 14:01:42:     at process.processTicksAndRejections (node:internal/process/task_queues:90:21) {
2026-06-10 14:01:42:   code: 'EADDRINUSE',
2026-06-10 14:01:42:   errno: -4091,
2026-06-10 14:01:42:   syscall: 'listen',
2026-06-10 14:01:42:   address: '0.0.0.0',
2026-06-10 14:01:42:   port: 5050
2026-06-10 14:01:42: }
2026-06-10 14:01:45: Error: listen EADDRINUSE: address already in use 0.0.0.0:5050
2026-06-10 14:01:45:     at Server.setupListenHandle [as _listen2] (node:net:2008:16)
2026-06-10 14:01:45:     at listenInCluster (node:net:2065:12)
2026-06-10 14:01:45:     at node:net:2274:7
2026-06-10 14:01:45:     at process.processTicksAndRejections (node:internal/process/task_queues:90:21) {
2026-06-10 14:01:45:   code: 'EADDRINUSE',
2026-06-10 14:01:45:   errno: -4091,
2026-06-10 14:01:45:   syscall: 'listen',
2026-06-10 14:01:45:   address: '0.0.0.0',
2026-06-10 14:01:45:   port: 5050
2026-06-10 14:01:45: }
2026-06-10 14:01:48: Error: listen EADDRINUSE: address already in use 0.0.0.0:5050
2026-06-10 14:01:48:     at Server.setupListenHandle [as _listen2] (node:net:2008:16)
2026-06-10 14:01:48:     at listenInCluster (node:net:2065:12)
2026-06-10 14:01:48:     at node:net:2274:7
2026-06-10 14:01:48:     at process.processTicksAndRejections (node:internal/process/task_queues:90:21) {
2026-06-10 14:01:48:   code: 'EADDRINUSE',
2026-06-10 14:01:48:   errno: -4091,
2026-06-10 14:01:48:   syscall: 'listen',
2026-06-10 14:01:48:   address: '0.0.0.0',
2026-06-10 14:01:48:   port: 5050
2026-06-10 14:01:48: }
2026-06-10 14:01:52: Error: listen EADDRINUSE: address already in use 0.0.0.0:5050
2026-06-10 14:01:52:     at Server.setupListenHandle [as _listen2] (node:net:2008:16)
2026-06-10 14:01:52:     at listenInCluster (node:net:2065:12)
2026-06-10 14:01:52:     at node:net:2274:7
2026-06-10 14:01:52:     at process.processTicksAndRejections (node:internal/process/task_queues:90:21) {
2026-06-10 14:01:52:   code: 'EADDRINUSE',
2026-06-10 14:01:52:   errno: -4091,
2026-06-10 14:01:52:   syscall: 'listen',
2026-06-10 14:01:52:   address: '0.0.0.0',
2026-06-10 14:01:52:   port: 5050
2026-06-10 14:01:52: }
2026-06-10 14:01:55: Error: listen EADDRINUSE: address already in use 0.0.0.0:5050
2026-06-10 14:01:55:     at Server.setupListenHandle [as _listen2] (node:net:2008:16)
2026-06-10 14:01:55:     at listenInCluster (node:net:2065:12)
2026-06-10 14:01:55:     at node:net:2274:7
2026-06-10 14:01:55:     at process.processTicksAndRejections (node:internal/process/task_queues:90:21) {
2026-06-10 14:01:55:   code: 'EADDRINUSE',
2026-06-10 14:01:55:   errno: -4091,
2026-06-10 14:01:55:   syscall: 'listen',
2026-06-10 14:01:55:   address: '0.0.0.0',
2026-06-10 14:01:55:   port: 5050
2026-06-10 14:01:55: }
2026-06-10 14:01:58: Error: listen EADDRINUSE: address already in use 0.0.0.0:5050
2026-06-10 14:01:58:     at Server.setupListenHandle [as _listen2] (node:net:2008:16)
2026-06-10 14:01:58:     at listenInCluster (node:net:2065:12)
2026-06-10 14:01:58:     at node:net:2274:7
2026-06-10 14:01:58:     at process.processTicksAndRejections (node:internal/process/task_queues:90:21) {
2026-06-10 14:01:58:   code: 'EADDRINUSE',
2026-06-10 14:01:58:   errno: -4091,
2026-06-10 14:01:58:   syscall: 'listen',
2026-06-10 14:01:58:   address: '0.0.0.0',
2026-06-10 14:01:58:   port: 5050
2026-06-10 14:01:58: }
2026-06-10 14:02:00: Error: listen EADDRINUSE: address already in use 0.0.0.0:5050
2026-06-10 14:02:00:     at Server.setupListenHandle [as _listen2] (node:net:2008:16)
2026-06-10 14:02:00:     at listenInCluster (node:net:2065:12)
2026-06-10 14:02:00:     at node:net:2274:7
2026-06-10 14:02:00:     at process.processTicksAndRejections (node:internal/process/task_queues:90:21) {
2026-06-10 14:02:00:   code: 'EADDRINUSE',
2026-06-10 14:02:00:   errno: -4091,
2026-06-10 14:02:00:   syscall: 'listen',
2026-06-10 14:02:00:   address: '0.0.0.0',
2026-06-10 14:02:00:   port: 5050
2026-06-10 14:02:00: }
2026-06-10 14:02:03: Error: listen EADDRINUSE: address already in use 0.0.0.0:5050
2026-06-10 14:02:03:     at Server.setupListenHandle [as _listen2] (node:net:2008:16)
2026-06-10 14:02:03:     at listenInCluster (node:net:2065:12)
2026-06-10 14:02:03:     at node:net:2274:7
2026-06-10 14:02:03:     at process.processTicksAndRejections (node:internal/process/task_queues:90:21) {
2026-06-10 14:02:03:   code: 'EADDRINUSE',
2026-06-10 14:02:03:   errno: -4091,
2026-06-10 14:02:03:   syscall: 'listen',
2026-06-10 14:02:03:   address: '0.0.0.0',
2026-06-10 14:02:03:   port: 5050
2026-06-10 14:02:03: }
2026-06-10 14:02:07: Error: listen EADDRINUSE: address already in use 0.0.0.0:5050
2026-06-10 14:02:07:     at Server.setupListenHandle [as _listen2] (node:net:2008:16)
2026-06-10 14:02:07:     at listenInCluster (node:net:2065:12)
2026-06-10 14:02:07:     at node:net:2274:7
2026-06-10 14:02:07:     at process.processTicksAndRejections (node:internal/process/task_queues:90:21) {
2026-06-10 14:02:07:   code: 'EADDRINUSE',
2026-06-10 14:02:07:   errno: -4091,
2026-06-10 14:02:07:   syscall: 'listen',
2026-06-10 14:02:07:   address: '0.0.0.0',
2026-06-10 14:02:07:   port: 5050
2026-06-10 14:02:07: }
2026-06-10 14:02:10: Error: listen EADDRINUSE: address already in use 0.0.0.0:5050
2026-06-10 14:02:10:     at Server.setupListenHandle [as _listen2] (node:net:2008:16)
2026-06-10 14:02:10:     at listenInCluster (node:net:2065:12)
2026-06-10 14:02:10:     at node:net:2274:7
2026-06-10 14:02:10:     at process.processTicksAndRejections (node:internal/process/task_queues:90:21) {
2026-06-10 14:02:10:   code: 'EADDRINUSE',
2026-06-10 14:02:10:   errno: -4091,
2026-06-10 14:02:10:   syscall: 'listen',
2026-06-10 14:02:10:   address: '0.0.0.0',
2026-06-10 14:02:10:   port: 5050
2026-06-10 14:02:10: }
2026-06-10 14:02:13: Error: listen EADDRINUSE: address already in use 0.0.0.0:5050
2026-06-10 14:02:13:     at Server.setupListenHandle [as _listen2] (node:net:2008:16)
2026-06-10 14:02:13:     at listenInCluster (node:net:2065:12)
2026-06-10 14:02:13:     at node:net:2274:7
2026-06-10 14:02:13:     at process.processTicksAndRejections (node:internal/process/task_queues:90:21) {
2026-06-10 14:02:13:   code: 'EADDRINUSE',
2026-06-10 14:02:13:   errno: -4091,
2026-06-10 14:02:13:   syscall: 'listen',
2026-06-10 14:02:13:   address: '0.0.0.0',
2026-06-10 14:02:13:   port: 5050
2026-06-10 14:02:13: }
2026-06-10 14:02:16: Error: listen EADDRINUSE: address already in use 0.0.0.0:5050
2026-06-10 14:02:16:     at Server.setupListenHandle [as _listen2] (node:net:2008:16)
2026-06-10 14:02:16:     at listenInCluster (node:net:2065:12)
2026-06-10 14:02:16:     at node:net:2274:7
2026-06-10 14:02:16:     at process.processTicksAndRejections (node:internal/process/task_queues:90:21) {
2026-06-10 14:02:16:   code: 'EADDRINUSE',
2026-06-10 14:02:16:   errno: -4091,
2026-06-10 14:02:16:   syscall: 'listen',
2026-06-10 14:02:16:   address: '0.0.0.0',
2026-06-10 14:02:16:   port: 5050
2026-06-10 14:02:16: }
2026-06-10 14:02:21: Error: listen EADDRINUSE: address already in use 0.0.0.0:5050
2026-06-10 14:02:21:     at Server.setupListenHandle [as _listen2] (node:net:2008:16)
2026-06-10 14:02:21:     at listenInCluster (node:net:2065:12)
2026-06-10 14:02:21:     at node:net:2274:7
2026-06-10 14:02:21:     at process.processTicksAndRejections (node:internal/process/task_queues:90:21) {
2026-06-10 14:02:21:   code: 'EADDRINUSE',
2026-06-10 14:02:21:   errno: -4091,
2026-06-10 14:02:21:   syscall: 'listen',
2026-06-10 14:02:21:   address: '0.0.0.0',
2026-06-10 14:02:21:   port: 5050
2026-06-10 14:02:21: }
2026-06-10 14:02:24: Error: listen EADDRINUSE: address already in use 0.0.0.0:5050
2026-06-10 14:02:24:     at Server.setupListenHandle [as _listen2] (node:net:2008:16)
2026-06-10 14:02:24:     at listenInCluster (node:net:2065:12)
2026-06-10 14:02:24:     at node:net:2274:7
2026-06-10 14:02:24:     at process.processTicksAndRejections (node:internal/process/task_queues:90:21) {
2026-06-10 14:02:24:   code: 'EADDRINUSE',
2026-06-10 14:02:24:   errno: -4091,
2026-06-10 14:02:24:   syscall: 'listen',
2026-06-10 14:02:24:   address: '0.0.0.0',
2026-06-10 14:02:24:   port: 5050
2026-06-10 14:02:24: }
2026-06-10 14:02:28: Error: listen EADDRINUSE: address already in use 0.0.0.0:5050
2026-06-10 14:02:28:     at Server.setupListenHandle [as _listen2] (node:net:2008:16)
2026-06-10 14:02:28:     at listenInCluster (node:net:2065:12)
2026-06-10 14:02:28:     at node:net:2274:7
2026-06-10 14:02:28:     at process.processTicksAndRejections (node:internal/process/task_queues:90:21) {
2026-06-10 14:02:28:   code: 'EADDRINUSE',
2026-06-10 14:02:28:   errno: -4091,
2026-06-10 14:02:28:   syscall: 'listen',
2026-06-10 14:02:28:   address: '0.0.0.0',
2026-06-10 14:02:28:   port: 5050
2026-06-10 14:02:28: }
2026-06-10 14:02:31: Error: listen EADDRINUSE: address already in use 0.0.0.0:5050
2026-06-10 14:02:31:     at Server.setupListenHandle [as _listen2] (node:net:2008:16)
2026-06-10 14:02:31:     at listenInCluster (node:net:2065:12)
2026-06-10 14:02:31:     at node:net:2274:7
2026-06-10 14:02:31:     at process.processTicksAndRejections (node:internal/process/task_queues:90:21) {
2026-06-10 14:02:31:   code: 'EADDRINUSE',
2026-06-10 14:02:31:   errno: -4091,
2026-06-10 14:02:31:   syscall: 'listen',
2026-06-10 14:02:31:   address: '0.0.0.0',
2026-06-10 14:02:31:   port: 5050
2026-06-10 14:02:31: }
2026-06-10 14:02:35: Error: listen EADDRINUSE: address already in use 0.0.0.0:5050
2026-06-10 14:02:35:     at Server.setupListenHandle [as _listen2] (node:net:2008:16)
2026-06-10 14:02:35:     at listenInCluster (node:net:2065:12)
2026-06-10 14:02:35:     at node:net:2274:7
2026-06-10 14:02:35:     at process.processTicksAndRejections (node:internal/process/task_queues:90:21) {
2026-06-10 14:02:35:   code: 'EADDRINUSE',
2026-06-10 14:02:35:   errno: -4091,
2026-06-10 14:02:35:   syscall: 'listen',
2026-06-10 14:02:35:   address: '0.0.0.0',
2026-06-10 14:02:35:   port: 5050
2026-06-10 14:02:35: }
2026-06-10 14:02:38: Error: listen EADDRINUSE: address already in use 0.0.0.0:5050
2026-06-10 14:02:38:     at Server.setupListenHandle [as _listen2] (node:net:2008:16)
2026-06-10 14:02:38:     at listenInCluster (node:net:2065:12)
2026-06-10 14:02:38:     at node:net:2274:7
2026-06-10 14:02:38:     at process.processTicksAndRejections (node:internal/process/task_queues:90:21) {
2026-06-10 14:02:38:   code: 'EADDRINUSE',
2026-06-10 14:02:38:   errno: -4091,
2026-06-10 14:02:38:   syscall: 'listen',
2026-06-10 14:02:38:   address: '0.0.0.0',
2026-06-10 14:02:38:   port: 5050
2026-06-10 14:02:38: }
2026-06-10 14:02:41: Error: listen EADDRINUSE: address already in use 0.0.0.0:5050
2026-06-10 14:02:41:     at Server.setupListenHandle [as _listen2] (node:net:2008:16)
2026-06-10 14:02:41:     at listenInCluster (node:net:2065:12)
2026-06-10 14:02:41:     at node:net:2274:7
2026-06-10 14:02:41:     at process.processTicksAndRejections (node:internal/process/task_queues:90:21) {
2026-06-10 14:02:41:   code: 'EADDRINUSE',
2026-06-10 14:02:41:   errno: -4091,
2026-06-10 14:02:41:   syscall: 'listen',
2026-06-10 14:02:41:   address: '0.0.0.0',
2026-06-10 14:02:41:   port: 5050
2026-06-10 14:02:41: }
2026-06-10 14:02:44: Error: listen EADDRINUSE: address already in use 0.0.0.0:5050
2026-06-10 14:02:44:     at Server.setupListenHandle [as _listen2] (node:net:2008:16)
2026-06-10 14:02:44:     at listenInCluster (node:net:2065:12)
2026-06-10 14:02:44:     at node:net:2274:7
2026-06-10 14:02:44:     at process.processTicksAndRejections (node:internal/process/task_queues:90:21) {
2026-06-10 14:02:44:   code: 'EADDRINUSE',
2026-06-10 14:02:44:   errno: -4091,
2026-06-10 14:02:44:   syscall: 'listen',
2026-06-10 14:02:44:   address: '0.0.0.0',
2026-06-10 14:02:44:   port: 5050
2026-06-10 14:02:44: }
2026-06-10 14:02:47: Error: listen EADDRINUSE: address already in use 0.0.0.0:5050
2026-06-10 14:02:47:     at Server.setupListenHandle [as _listen2] (node:net:2008:16)
2026-06-10 14:02:47:     at listenInCluster (node:net:2065:12)
2026-06-10 14:02:47:     at node:net:2274:7
2026-06-10 14:02:47:     at process.processTicksAndRejections (node:internal/process/task_queues:90:21) {
2026-06-10 14:02:47:   code: 'EADDRINUSE',
2026-06-10 14:02:47:   errno: -4091,
2026-06-10 14:02:47:   syscall: 'listen',
2026-06-10 14:02:47:   address: '0.0.0.0',
2026-06-10 14:02:47:   port: 5050
2026-06-10 14:02:47: }
2026-06-10 14:02:50: Error: listen EADDRINUSE: address already in use 0.0.0.0:5050
2026-06-10 14:02:50:     at Server.setupListenHandle [as _listen2] (node:net:2008:16)
2026-06-10 14:02:50:     at listenInCluster (node:net:2065:12)
2026-06-10 14:02:50:     at node:net:2274:7
2026-06-10 14:02:50:     at process.processTicksAndRejections (node:internal/process/task_queues:90:21) {
2026-06-10 14:02:50:   code: 'EADDRINUSE',
2026-06-10 14:02:50:   errno: -4091,
2026-06-10 14:02:50:   syscall: 'listen',
2026-06-10 14:02:50:   address: '0.0.0.0',
2026-06-10 14:02:50:   port: 5050
2026-06-10 14:02:50: }
2026-06-10 14:02:53: Error: listen EADDRINUSE: address already in use 0.0.0.0:5050
2026-06-10 14:02:53:     at Server.setupListenHandle [as _listen2] (node:net:2008:16)
2026-06-10 14:02:53:     at listenInCluster (node:net:2065:12)
2026-06-10 14:02:53:     at node:net:2274:7
2026-06-10 14:02:53:     at process.processTicksAndRejections (node:internal/process/task_queues:90:21) {
2026-06-10 14:02:53:   code: 'EADDRINUSE',
2026-06-10 14:02:53:   errno: -4091,
2026-06-10 14:02:53:   syscall: 'listen',
2026-06-10 14:02:53:   address: '0.0.0.0',
2026-06-10 14:02:53:   port: 5050
2026-06-10 14:02:53: }
2026-06-10 14:02:56: Error: listen EADDRINUSE: address already in use 0.0.0.0:5050
2026-06-10 14:02:56:     at Server.setupListenHandle [as _listen2] (node:net:2008:16)
2026-06-10 14:02:56:     at listenInCluster (node:net:2065:12)
2026-06-10 14:02:56:     at node:net:2274:7
2026-06-10 14:02:56:     at process.processTicksAndRejections (node:internal/process/task_queues:90:21) {
2026-06-10 14:02:56:   code: 'EADDRINUSE',
2026-06-10 14:02:56:   errno: -4091,
2026-06-10 14:02:56:   syscall: 'listen',
2026-06-10 14:02:56:   address: '0.0.0.0',
2026-06-10 14:02:56:   port: 5050
2026-06-10 14:02:56: }
2026-06-10 14:02:59: Error: listen EADDRINUSE: address already in use 0.0.0.0:5050
2026-06-10 14:02:59:     at Server.setupListenHandle [as _listen2] (node:net:2008:16)
2026-06-10 14:02:59:     at listenInCluster (node:net:2065:12)
2026-06-10 14:02:59:     at node:net:2274:7
2026-06-10 14:02:59:     at process.processTicksAndRejections (node:internal/process/task_queues:90:21) {
2026-06-10 14:02:59:   code: 'EADDRINUSE',
2026-06-10 14:02:59:   errno: -4091,
2026-06-10 14:02:59:   syscall: 'listen',
2026-06-10 14:02:59:   address: '0.0.0.0',
2026-06-10 14:02:59:   port: 5050
2026-06-10 14:02:59: }
2026-06-10 14:03:02: Error: listen EADDRINUSE: address already in use 0.0.0.0:5050
2026-06-10 14:03:02:     at Server.setupListenHandle [as _listen2] (node:net:2008:16)
2026-06-10 14:03:02:     at listenInCluster (node:net:2065:12)
2026-06-10 14:03:02:     at node:net:2274:7
2026-06-10 14:03:02:     at process.processTicksAndRejections (node:internal/process/task_queues:90:21) {
2026-06-10 14:03:02:   code: 'EADDRINUSE',
2026-06-10 14:03:02:   errno: -4091,
2026-06-10 14:03:02:   syscall: 'listen',
2026-06-10 14:03:02:   address: '0.0.0.0',
2026-06-10 14:03:02:   port: 5050
2026-06-10 14:03:02: }
2026-06-10 14:03:10: Error: listen EADDRINUSE: address already in use 0.0.0.0:5050
2026-06-10 14:03:10:     at Server.setupListenHandle [as _listen2] (node:net:2008:16)
2026-06-10 14:03:10:     at listenInCluster (node:net:2065:12)
2026-06-10 14:03:10:     at node:net:2274:7
2026-06-10 14:03:10:     at process.processTicksAndRejections (node:internal/process/task_queues:90:21) {
2026-06-10 14:03:10:   code: 'EADDRINUSE',
2026-06-10 14:03:10:   errno: -4091,
2026-06-10 14:03:10:   syscall: 'listen',
2026-06-10 14:03:10:   address: '0.0.0.0',
2026-06-10 14:03:10:   port: 5050
2026-06-10 14:03:10: }
2026-06-10 14:03:13: Error: listen EADDRINUSE: address already in use 0.0.0.0:5050
2026-06-10 14:03:13:     at Server.setupListenHandle [as _listen2] (node:net:2008:16)
2026-06-10 14:03:13:     at listenInCluster (node:net:2065:12)
2026-06-10 14:03:13:     at node:net:2274:7
2026-06-10 14:03:13:     at process.processTicksAndRejections (node:internal/process/task_queues:90:21) {
2026-06-10 14:03:13:   code: 'EADDRINUSE',
2026-06-10 14:03:13:   errno: -4091,
2026-06-10 14:03:13:   syscall: 'listen',
2026-06-10 14:03:13:   address: '0.0.0.0',
2026-06-10 14:03:13:   port: 5050
2026-06-10 14:03:13: }
2026-06-10 14:03:16: Error: listen EADDRINUSE: address already in use 0.0.0.0:5050
2026-06-10 14:03:16:     at Server.setupListenHandle [as _listen2] (node:net:2008:16)
2026-06-10 14:03:16:     at listenInCluster (node:net:2065:12)
2026-06-10 14:03:16:     at node:net:2274:7
2026-06-10 14:03:16:     at process.processTicksAndRejections (node:internal/process/task_queues:90:21) {
2026-06-10 14:03:16:   code: 'EADDRINUSE',
2026-06-10 14:03:16:   errno: -4091,
2026-06-10 14:03:16:   syscall: 'listen',
2026-06-10 14:03:16:   address: '0.0.0.0',
2026-06-10 14:03:16:   port: 5050
2026-06-10 14:03:16: }
2026-06-10 14:03:18: Error: listen EADDRINUSE: address already in use 0.0.0.0:5050
2026-06-10 14:03:18:     at Server.setupListenHandle [as _listen2] (node:net:2008:16)
2026-06-10 14:03:18:     at listenInCluster (node:net:2065:12)
2026-06-10 14:03:18:     at node:net:2274:7
2026-06-10 14:03:18:     at process.processTicksAndRejections (node:internal/process/task_queues:90:21) {
2026-06-10 14:03:18:   code: 'EADDRINUSE',
2026-06-10 14:03:18:   errno: -4091,
2026-06-10 14:03:18:   syscall: 'listen',
2026-06-10 14:03:18:   address: '0.0.0.0',
2026-06-10 14:03:18:   port: 5050
2026-06-10 14:03:18: }
2026-06-10 14:03:23: Error: listen EADDRINUSE: address already in use 0.0.0.0:5050
2026-06-10 14:03:23:     at Server.setupListenHandle [as _listen2] (node:net:2008:16)
2026-06-10 14:03:23:     at listenInCluster (node:net:2065:12)
2026-06-10 14:03:23:     at node:net:2274:7
2026-06-10 14:03:23:     at process.processTicksAndRejections (node:internal/process/task_queues:90:21) {
2026-06-10 14:03:23:   code: 'EADDRINUSE',
2026-06-10 14:03:23:   errno: -4091,
2026-06-10 14:03:23:   syscall: 'listen',
2026-06-10 14:03:23:   address: '0.0.0.0',
2026-06-10 14:03:23:   port: 5050
2026-06-10 14:03:23: }
2026-06-10 14:03:26: Error: listen EADDRINUSE: address already in use 0.0.0.0:5050
2026-06-10 14:03:26:     at Server.setupListenHandle [as _listen2] (node:net:2008:16)
2026-06-10 14:03:26:     at listenInCluster (node:net:2065:12)
2026-06-10 14:03:26:     at node:net:2274:7
2026-06-10 14:03:26:     at process.processTicksAndRejections (node:internal/process/task_queues:90:21) {
2026-06-10 14:03:26:   code: 'EADDRINUSE',
2026-06-10 14:03:26:   errno: -4091,
2026-06-10 14:03:26:   syscall: 'listen',
2026-06-10 14:03:26:   address: '0.0.0.0',
2026-06-10 14:03:26:   port: 5050
2026-06-10 14:03:26: }
2026-06-10 14:03:30: Error: listen EADDRINUSE: address already in use 0.0.0.0:5050
2026-06-10 14:03:30:     at Server.setupListenHandle [as _listen2] (node:net:2008:16)
2026-06-10 14:03:30:     at listenInCluster (node:net:2065:12)
2026-06-10 14:03:30:     at node:net:2274:7
2026-06-10 14:03:30:     at process.processTicksAndRejections (node:internal/process/task_queues:90:21) {
2026-06-10 14:03:30:   code: 'EADDRINUSE',
2026-06-10 14:03:30:   errno: -4091,
2026-06-10 14:03:30:   syscall: 'listen',
2026-06-10 14:03:30:   address: '0.0.0.0',
2026-06-10 14:03:30:   port: 5050
2026-06-10 14:03:30: }
2026-06-10 14:03:35: Error: listen EADDRINUSE: address already in use 0.0.0.0:5050
2026-06-10 14:03:35:     at Server.setupListenHandle [as _listen2] (node:net:2008:16)
2026-06-10 14:03:35:     at listenInCluster (node:net:2065:12)
2026-06-10 14:03:35:     at node:net:2274:7
2026-06-10 14:03:35:     at process.processTicksAndRejections (node:internal/process/task_queues:90:21) {
2026-06-10 14:03:35:   code: 'EADDRINUSE',
2026-06-10 14:03:35:   errno: -4091,
2026-06-10 14:03:35:   syscall: 'listen',
2026-06-10 14:03:35:   address: '0.0.0.0',
2026-06-10 14:03:35:   port: 5050
2026-06-10 14:03:35: }
2026-06-10 14:03:40: Error: listen EADDRINUSE: address already in use 0.0.0.0:5050
2026-06-10 14:03:40:     at Server.setupListenHandle [as _listen2] (node:net:2008:16)
2026-06-10 14:03:40:     at listenInCluster (node:net:2065:12)
2026-06-10 14:03:40:     at node:net:2274:7
2026-06-10 14:03:40:     at process.processTicksAndRejections (node:internal/process/task_queues:90:21) {
2026-06-10 14:03:40:   code: 'EADDRINUSE',
2026-06-10 14:03:40:   errno: -4091,
2026-06-10 14:03:40:   syscall: 'listen',
2026-06-10 14:03:40:   address: '0.0.0.0',
2026-06-10 14:03:40:   port: 5050
2026-06-10 14:03:40: }
2026-06-10 14:03:43: Error: listen EADDRINUSE: address already in use 0.0.0.0:5050
2026-06-10 14:03:43:     at Server.setupListenHandle [as _listen2] (node:net:2008:16)
2026-06-10 14:03:43:     at listenInCluster (node:net:2065:12)
2026-06-10 14:03:43:     at node:net:2274:7
2026-06-10 14:03:43:     at process.processTicksAndRejections (node:internal/process/task_queues:90:21) {
2026-06-10 14:03:43:   code: 'EADDRINUSE',
2026-06-10 14:03:43:   errno: -4091,
2026-06-10 14:03:43:   syscall: 'listen',
2026-06-10 14:03:43:   address: '0.0.0.0',
2026-06-10 14:03:43:   port: 5050
2026-06-10 14:03:43: }
2026-06-10 14:03:48: Error: listen EADDRINUSE: address already in use 0.0.0.0:5050
2026-06-10 14:03:48:     at Server.setupListenHandle [as _listen2] (node:net:2008:16)
2026-06-10 14:03:48:     at listenInCluster (node:net:2065:12)
2026-06-10 14:03:48:     at node:net:2274:7
2026-06-10 14:03:48:     at process.processTicksAndRejections (node:internal/process/task_queues:90:21) {
2026-06-10 14:03:48:   code: 'EADDRINUSE',
2026-06-10 14:03:48:   errno: -4091,
2026-06-10 14:03:48:   syscall: 'listen',
2026-06-10 14:03:48:   address: '0.0.0.0',
2026-06-10 14:03:48:   port: 5050
2026-06-10 14:03:48: }
2026-06-10 14:03:52: Error: listen EADDRINUSE: address already in use 0.0.0.0:5050
2026-06-10 14:03:52:     at Server.setupListenHandle [as _listen2] (node:net:2008:16)
2026-06-10 14:03:52:     at listenInCluster (node:net:2065:12)
2026-06-10 14:03:52:     at node:net:2274:7
2026-06-10 14:03:52:     at process.processTicksAndRejections (node:internal/process/task_queues:90:21) {
2026-06-10 14:03:52:   code: 'EADDRINUSE',
2026-06-10 14:03:52:   errno: -4091,
2026-06-10 14:03:52:   syscall: 'listen',
2026-06-10 14:03:52:   address: '0.0.0.0',
2026-06-10 14:03:52:   port: 5050
2026-06-10 14:03:52: }
2026-06-10 14:03:55: Error: listen EADDRINUSE: address already in use 0.0.0.0:5050
2026-06-10 14:03:55:     at Server.setupListenHandle [as _listen2] (node:net:2008:16)
2026-06-10 14:03:55:     at listenInCluster (node:net:2065:12)
2026-06-10 14:03:55:     at node:net:2274:7
2026-06-10 14:03:55:     at process.processTicksAndRejections (node:internal/process/task_queues:90:21) {
2026-06-10 14:03:55:   code: 'EADDRINUSE',
2026-06-10 14:03:55:   errno: -4091,
2026-06-10 14:03:55:   syscall: 'listen',
2026-06-10 14:03:55:   address: '0.0.0.0',
2026-06-10 14:03:55:   port: 5050
2026-06-10 14:03:55: }
2026-06-10 14:03:59: Error: listen EADDRINUSE: address already in use 0.0.0.0:5050
2026-06-10 14:03:59:     at Server.setupListenHandle [as _listen2] (node:net:2008:16)
2026-06-10 14:03:59:     at listenInCluster (node:net:2065:12)
2026-06-10 14:03:59:     at node:net:2274:7
2026-06-10 14:03:59:     at process.processTicksAndRejections (node:internal/process/task_queues:90:21) {
2026-06-10 14:03:59:   code: 'EADDRINUSE',
2026-06-10 14:03:59:   errno: -4091,
2026-06-10 14:03:59:   syscall: 'listen',
2026-06-10 14:03:59:   address: '0.0.0.0',
2026-06-10 14:03:59:   port: 5050
2026-06-10 14:03:59: }
2026-06-10 14:04:02: Error: listen EADDRINUSE: address already in use 0.0.0.0:5050
2026-06-10 14:04:02:     at Server.setupListenHandle [as _listen2] (node:net:2008:16)
2026-06-10 14:04:02:     at listenInCluster (node:net:2065:12)
2026-06-10 14:04:02:     at node:net:2274:7
2026-06-10 14:04:02:     at process.processTicksAndRejections (node:internal/process/task_queues:90:21) {
2026-06-10 14:04:02:   code: 'EADDRINUSE',
2026-06-10 14:04:02:   errno: -4091,
2026-06-10 14:04:02:   syscall: 'listen',
2026-06-10 14:04:02:   address: '0.0.0.0',
2026-06-10 14:04:02:   port: 5050
2026-06-10 14:04:02: }
2026-06-10 14:04:05: Error: listen EADDRINUSE: address already in use 0.0.0.0:5050
2026-06-10 14:04:05:     at Server.setupListenHandle [as _listen2] (node:net:2008:16)
2026-06-10 14:04:05:     at listenInCluster (node:net:2065:12)
2026-06-10 14:04:05:     at node:net:2274:7
2026-06-10 14:04:05:     at process.processTicksAndRejections (node:internal/process/task_queues:90:21) {
2026-06-10 14:04:05:   code: 'EADDRINUSE',
2026-06-10 14:04:05:   errno: -4091,
2026-06-10 14:04:05:   syscall: 'listen',
2026-06-10 14:04:05:   address: '0.0.0.0',
2026-06-10 14:04:05:   port: 5050
2026-06-10 14:04:05: }
2026-06-10 14:04:08: Error: listen EADDRINUSE: address already in use 0.0.0.0:5050
2026-06-10 14:04:08:     at Server.setupListenHandle [as _listen2] (node:net:2008:16)
2026-06-10 14:04:08:     at listenInCluster (node:net:2065:12)
2026-06-10 14:04:08:     at node:net:2274:7
2026-06-10 14:04:08:     at process.processTicksAndRejections (node:internal/process/task_queues:90:21) {
2026-06-10 14:04:08:   code: 'EADDRINUSE',
2026-06-10 14:04:08:   errno: -4091,
2026-06-10 14:04:08:   syscall: 'listen',
2026-06-10 14:04:08:   address: '0.0.0.0',
2026-06-10 14:04:08:   port: 5050
2026-06-10 14:04:08: }
2026-06-10 14:04:11: Error: listen EADDRINUSE: address already in use 0.0.0.0:5050
2026-06-10 14:04:11:     at Server.setupListenHandle [as _listen2] (node:net:2008:16)
2026-06-10 14:04:11:     at listenInCluster (node:net:2065:12)
2026-06-10 14:04:11:     at node:net:2274:7
2026-06-10 14:04:11:     at process.processTicksAndRejections (node:internal/process/task_queues:90:21) {
2026-06-10 14:04:11:   code: 'EADDRINUSE',
2026-06-10 14:04:11:   errno: -4091,
2026-06-10 14:04:11:   syscall: 'listen',
2026-06-10 14:04:11:   address: '0.0.0.0',
2026-06-10 14:04:11:   port: 5050
2026-06-10 14:04:11: }
2026-06-10 14:04:14: Error: listen EADDRINUSE: address already in use 0.0.0.0:5050
2026-06-10 14:04:14:     at Server.setupListenHandle [as _listen2] (node:net:2008:16)
2026-06-10 14:04:14:     at listenInCluster (node:net:2065:12)
2026-06-10 14:04:14:     at node:net:2274:7
2026-06-10 14:04:14:     at process.processTicksAndRejections (node:internal/process/task_queues:90:21) {
2026-06-10 14:04:14:   code: 'EADDRINUSE',
2026-06-10 14:04:14:   errno: -4091,
2026-06-10 14:04:14:   syscall: 'listen',
2026-06-10 14:04:14:   address: '0.0.0.0',
2026-06-10 14:04:14:   port: 5050
2026-06-10 14:04:14: }
2026-06-10 14:04:17: Error: listen EADDRINUSE: address already in use 0.0.0.0:5050
2026-06-10 14:04:17:     at Server.setupListenHandle [as _listen2] (node:net:2008:16)
2026-06-10 14:04:17:     at listenInCluster (node:net:2065:12)
2026-06-10 14:04:17:     at node:net:2274:7
2026-06-10 14:04:17:     at process.processTicksAndRejections (node:internal/process/task_queues:90:21) {
2026-06-10 14:04:17:   code: 'EADDRINUSE',
2026-06-10 14:04:17:   errno: -4091,
2026-06-10 14:04:17:   syscall: 'listen',
2026-06-10 14:04:17:   address: '0.0.0.0',
2026-06-10 14:04:17:   port: 5050
2026-06-10 14:04:17: }
2026-06-10 14:04:20: Error: listen EADDRINUSE: address already in use 0.0.0.0:5050
2026-06-10 14:04:20:     at Server.setupListenHandle [as _listen2] (node:net:2008:16)
2026-06-10 14:04:20:     at listenInCluster (node:net:2065:12)
2026-06-10 14:04:20:     at node:net:2274:7
2026-06-10 14:04:20:     at process.processTicksAndRejections (node:internal/process/task_queues:90:21) {
2026-06-10 14:04:20:   code: 'EADDRINUSE',
2026-06-10 14:04:20:   errno: -4091,
2026-06-10 14:04:20:   syscall: 'listen',
2026-06-10 14:04:20:   address: '0.0.0.0',
2026-06-10 14:04:20:   port: 5050
2026-06-10 14:04:20: }
2026-06-10 14:04:22: Error: listen EADDRINUSE: address already in use 0.0.0.0:5050
2026-06-10 14:04:22:     at Server.setupListenHandle [as _listen2] (node:net:2008:16)
2026-06-10 14:04:22:     at listenInCluster (node:net:2065:12)
2026-06-10 14:04:22:     at node:net:2274:7
2026-06-10 14:04:22:     at process.processTicksAndRejections (node:internal/process/task_queues:90:21) {
2026-06-10 14:04:22:   code: 'EADDRINUSE',
2026-06-10 14:04:22:   errno: -4091,
2026-06-10 14:04:22:   syscall: 'listen',
2026-06-10 14:04:22:   address: '0.0.0.0',
2026-06-10 14:04:22:   port: 5050
2026-06-10 14:04:22: }
2026-06-10 14:04:25: Error: listen EADDRINUSE: address already in use 0.0.0.0:5050
2026-06-10 14:04:25:     at Server.setupListenHandle [as _listen2] (node:net:2008:16)
2026-06-10 14:04:25:     at listenInCluster (node:net:2065:12)
2026-06-10 14:04:25:     at node:net:2274:7
2026-06-10 14:04:25:     at process.processTicksAndRejections (node:internal/process/task_queues:90:21) {
2026-06-10 14:04:25:   code: 'EADDRINUSE',
2026-06-10 14:04:25:   errno: -4091,
2026-06-10 14:04:25:   syscall: 'listen',
2026-06-10 14:04:25:   address: '0.0.0.0',
2026-06-10 14:04:25:   port: 5050
2026-06-10 14:04:25: }
2026-06-10 14:04:29: Error: listen EADDRINUSE: address already in use 0.0.0.0:5050
2026-06-10 14:04:29:     at Server.setupListenHandle [as _listen2] (node:net:2008:16)
2026-06-10 14:04:29:     at listenInCluster (node:net:2065:12)
2026-06-10 14:04:29:     at node:net:2274:7
2026-06-10 14:04:29:     at process.processTicksAndRejections (node:internal/process/task_queues:90:21) {
2026-06-10 14:04:29:   code: 'EADDRINUSE',
2026-06-10 14:04:29:   errno: -4091,
2026-06-10 14:04:29:   syscall: 'listen',
2026-06-10 14:04:29:   address: '0.0.0.0',
2026-06-10 14:04:29:   port: 5050
2026-06-10 14:04:29: }
2026-06-10 14:04:33: Error: listen EADDRINUSE: address already in use 0.0.0.0:5050
2026-06-10 14:04:33:     at Server.setupListenHandle [as _listen2] (node:net:2008:16)
2026-06-10 14:04:33:     at listenInCluster (node:net:2065:12)
2026-06-10 14:04:33:     at node:net:2274:7
2026-06-10 14:04:33:     at process.processTicksAndRejections (node:internal/process/task_queues:90:21) {
2026-06-10 14:04:33:   code: 'EADDRINUSE',
2026-06-10 14:04:33:   errno: -4091,
2026-06-10 14:04:33:   syscall: 'listen',
2026-06-10 14:04:33:   address: '0.0.0.0',
2026-06-10 14:04:33:   port: 5050
2026-06-10 14:04:33: }
2026-06-10 14:04:37: Error: listen EADDRINUSE: address already in use 0.0.0.0:5050
2026-06-10 14:04:37:     at Server.setupListenHandle [as _listen2] (node:net:2008:16)
2026-06-10 14:04:37:     at listenInCluster (node:net:2065:12)
2026-06-10 14:04:37:     at node:net:2274:7
2026-06-10 14:04:37:     at process.processTicksAndRejections (node:internal/process/task_queues:90:21) {
2026-06-10 14:04:37:   code: 'EADDRINUSE',
2026-06-10 14:04:37:   errno: -4091,
2026-06-10 14:04:37:   syscall: 'listen',
2026-06-10 14:04:37:   address: '0.0.0.0',
2026-06-10 14:04:37:   port: 5050
2026-06-10 14:04:37: }
2026-06-10 14:04:40: Error: listen EADDRINUSE: address already in use 0.0.0.0:5050
2026-06-10 14:04:40:     at Server.setupListenHandle [as _listen2] (node:net:2008:16)
2026-06-10 14:04:40:     at listenInCluster (node:net:2065:12)
2026-06-10 14:04:40:     at node:net:2274:7
2026-06-10 14:04:40:     at process.processTicksAndRejections (node:internal/process/task_queues:90:21) {
2026-06-10 14:04:40:   code: 'EADDRINUSE',
2026-06-10 14:04:40:   errno: -4091,
2026-06-10 14:04:40:   syscall: 'listen',
2026-06-10 14:04:40:   address: '0.0.0.0',
2026-06-10 14:04:40:   port: 5050
2026-06-10 14:04:40: }
2026-06-10 14:04:43: Error: listen EADDRINUSE: address already in use 0.0.0.0:5050
2026-06-10 14:04:43:     at Server.setupListenHandle [as _listen2] (node:net:2008:16)
2026-06-10 14:04:43:     at listenInCluster (node:net:2065:12)
2026-06-10 14:04:43:     at node:net:2274:7
2026-06-10 14:04:43:     at process.processTicksAndRejections (node:internal/process/task_queues:90:21) {
2026-06-10 14:04:43:   code: 'EADDRINUSE',
2026-06-10 14:04:43:   errno: -4091,
2026-06-10 14:04:43:   syscall: 'listen',
2026-06-10 14:04:43:   address: '0.0.0.0',
2026-06-10 14:04:43:   port: 5050
2026-06-10 14:04:43: }
2026-06-10 14:04:46: Error: listen EADDRINUSE: address already in use 0.0.0.0:5050
2026-06-10 14:04:46:     at Server.setupListenHandle [as _listen2] (node:net:2008:16)
2026-06-10 14:04:46:     at listenInCluster (node:net:2065:12)
2026-06-10 14:04:46:     at node:net:2274:7
2026-06-10 14:04:46:     at process.processTicksAndRejections (node:internal/process/task_queues:90:21) {
2026-06-10 14:04:46:   code: 'EADDRINUSE',
2026-06-10 14:04:46:   errno: -4091,
2026-06-10 14:04:46:   syscall: 'listen',
2026-06-10 14:04:46:   address: '0.0.0.0',
2026-06-10 14:04:46:   port: 5050
2026-06-10 14:04:46: }
2026-06-10 14:04:51: Error: listen EADDRINUSE: address already in use 0.0.0.0:5050
2026-06-10 14:04:51:     at Server.setupListenHandle [as _listen2] (node:net:2008:16)
2026-06-10 14:04:51:     at listenInCluster (node:net:2065:12)
2026-06-10 14:04:51:     at node:net:2274:7
2026-06-10 14:04:51:     at process.processTicksAndRejections (node:internal/process/task_queues:90:21) {
2026-06-10 14:04:51:   code: 'EADDRINUSE',
2026-06-10 14:04:51:   errno: -4091,
2026-06-10 14:04:51:   syscall: 'listen',
2026-06-10 14:04:51:   address: '0.0.0.0',
2026-06-10 14:04:51:   port: 5050
2026-06-10 14:04:51: }
2026-06-10 14:04:54: Error: listen EADDRINUSE: address already in use 0.0.0.0:5050
2026-06-10 14:04:54:     at Server.setupListenHandle [as _listen2] (node:net:2008:16)
2026-06-10 14:04:54:     at listenInCluster (node:net:2065:12)
2026-06-10 14:04:54:     at node:net:2274:7
2026-06-10 14:04:54:     at process.processTicksAndRejections (node:internal/process/task_queues:90:21) {
2026-06-10 14:04:54:   code: 'EADDRINUSE',
2026-06-10 14:04:54:   errno: -4091,
2026-06-10 14:04:54:   syscall: 'listen',
2026-06-10 14:04:54:   address: '0.0.0.0',
2026-06-10 14:04:54:   port: 5050
2026-06-10 14:04:54: }
2026-06-10 14:04:57: Error: listen EADDRINUSE: address already in use 0.0.0.0:5050
2026-06-10 14:04:57:     at Server.setupListenHandle [as _listen2] (node:net:2008:16)
2026-06-10 14:04:57:     at listenInCluster (node:net:2065:12)
2026-06-10 14:04:57:     at node:net:2274:7
2026-06-10 14:04:57:     at process.processTicksAndRejections (node:internal/process/task_queues:90:21) {
2026-06-10 14:04:57:   code: 'EADDRINUSE',
2026-06-10 14:04:57:   errno: -4091,
2026-06-10 14:04:57:   syscall: 'listen',
2026-06-10 14:04:57:   address: '0.0.0.0',
2026-06-10 14:04:57:   port: 5050
2026-06-10 14:04:57: }
2026-06-10 14:05:00: Error: listen EADDRINUSE: address already in use 0.0.0.0:5050
2026-06-10 14:05:00:     at Server.setupListenHandle [as _listen2] (node:net:2008:16)
2026-06-10 14:05:00:     at listenInCluster (node:net:2065:12)
2026-06-10 14:05:00:     at node:net:2274:7
2026-06-10 14:05:00:     at process.processTicksAndRejections (node:internal/process/task_queues:90:21) {
2026-06-10 14:05:00:   code: 'EADDRINUSE',
2026-06-10 14:05:00:   errno: -4091,
2026-06-10 14:05:00:   syscall: 'listen',
2026-06-10 14:05:00:   address: '0.0.0.0',
2026-06-10 14:05:00:   port: 5050
2026-06-10 14:05:00: }
2026-06-10 14:05:06: Error: listen EADDRINUSE: address already in use 0.0.0.0:5050
2026-06-10 14:05:06:     at Server.setupListenHandle [as _listen2] (node:net:2008:16)
2026-06-10 14:05:06:     at listenInCluster (node:net:2065:12)
2026-06-10 14:05:06:     at node:net:2274:7
2026-06-10 14:05:06:     at process.processTicksAndRejections (node:internal/process/task_queues:90:21) {
2026-06-10 14:05:06:   code: 'EADDRINUSE',
2026-06-10 14:05:06:   errno: -4091,
2026-06-10 14:05:06:   syscall: 'listen',
2026-06-10 14:05:06:   address: '0.0.0.0',
2026-06-10 14:05:06:   port: 5050
2026-06-10 14:05:06: }
2026-06-10 14:05:09: Error: listen EADDRINUSE: address already in use 0.0.0.0:5050
2026-06-10 14:05:09:     at Server.setupListenHandle [as _listen2] (node:net:2008:16)
2026-06-10 14:05:09:     at listenInCluster (node:net:2065:12)
2026-06-10 14:05:09:     at node:net:2274:7
2026-06-10 14:05:09:     at process.processTicksAndRejections (node:internal/process/task_queues:90:21) {
2026-06-10 14:05:09:   code: 'EADDRINUSE',
2026-06-10 14:05:09:   errno: -4091,
2026-06-10 14:05:09:   syscall: 'listen',
2026-06-10 14:05:09:   address: '0.0.0.0',
2026-06-10 14:05:09:   port: 5050
2026-06-10 14:05:09: }
2026-06-10 14:05:13: Error: listen EADDRINUSE: address already in use 0.0.0.0:5050
2026-06-10 14:05:13:     at Server.setupListenHandle [as _listen2] (node:net:2008:16)
2026-06-10 14:05:13:     at listenInCluster (node:net:2065:12)
2026-06-10 14:05:13:     at node:net:2274:7
2026-06-10 14:05:13:     at process.processTicksAndRejections (node:internal/process/task_queues:90:21) {
2026-06-10 14:05:13:   code: 'EADDRINUSE',
2026-06-10 14:05:13:   errno: -4091,
2026-06-10 14:05:13:   syscall: 'listen',
2026-06-10 14:05:13:   address: '0.0.0.0',
2026-06-10 14:05:13:   port: 5050
2026-06-10 14:05:13: }
2026-06-10 14:05:16: Error: listen EADDRINUSE: address already in use 0.0.0.0:5050
2026-06-10 14:05:16:     at Server.setupListenHandle [as _listen2] (node:net:2008:16)
2026-06-10 14:05:16:     at listenInCluster (node:net:2065:12)
2026-06-10 14:05:16:     at node:net:2274:7
2026-06-10 14:05:16:     at process.processTicksAndRejections (node:internal/process/task_queues:90:21) {
2026-06-10 14:05:16:   code: 'EADDRINUSE',
2026-06-10 14:05:16:   errno: -4091,
2026-06-10 14:05:16:   syscall: 'listen',
2026-06-10 14:05:16:   address: '0.0.0.0',
2026-06-10 14:05:16:   port: 5050
2026-06-10 14:05:16: }
2026-06-10 14:05:20: Error: listen EADDRINUSE: address already in use 0.0.0.0:5050
2026-06-10 14:05:20:     at Server.setupListenHandle [as _listen2] (node:net:2008:16)
2026-06-10 14:05:20:     at listenInCluster (node:net:2065:12)
2026-06-10 14:05:20:     at node:net:2274:7
2026-06-10 14:05:20:     at process.processTicksAndRejections (node:internal/process/task_queues:90:21) {
2026-06-10 14:05:20:   code: 'EADDRINUSE',
2026-06-10 14:05:20:   errno: -4091,
2026-06-10 14:05:20:   syscall: 'listen',
2026-06-10 14:05:20:   address: '0.0.0.0',
2026-06-10 14:05:20:   port: 5050
2026-06-10 14:05:20: }
2026-06-10 14:05:24: Error: listen EADDRINUSE: address already in use 0.0.0.0:5050
2026-06-10 14:05:24:     at Server.setupListenHandle [as _listen2] (node:net:2008:16)
2026-06-10 14:05:24:     at listenInCluster (node:net:2065:12)
2026-06-10 14:05:24:     at node:net:2274:7
2026-06-10 14:05:24:     at process.processTicksAndRejections (node:internal/process/task_queues:90:21) {
2026-06-10 14:05:24:   code: 'EADDRINUSE',
2026-06-10 14:05:24:   errno: -4091,
2026-06-10 14:05:24:   syscall: 'listen',
2026-06-10 14:05:24:   address: '0.0.0.0',
2026-06-10 14:05:24:   port: 5050
2026-06-10 14:05:24: }
2026-06-10 14:05:27: Error: listen EADDRINUSE: address already in use 0.0.0.0:5050
2026-06-10 14:05:27:     at Server.setupListenHandle [as _listen2] (node:net:2008:16)
2026-06-10 14:05:27:     at listenInCluster (node:net:2065:12)
2026-06-10 14:05:27:     at node:net:2274:7
2026-06-10 14:05:27:     at process.processTicksAndRejections (node:internal/process/task_queues:90:21) {
2026-06-10 14:05:27:   code: 'EADDRINUSE',
2026-06-10 14:05:27:   errno: -4091,
2026-06-10 14:05:27:   syscall: 'listen',
2026-06-10 14:05:27:   address: '0.0.0.0',
2026-06-10 14:05:27:   port: 5050
2026-06-10 14:05:27: }
2026-06-10 14:05:31: Error: listen EADDRINUSE: address already in use 0.0.0.0:5050
2026-06-10 14:05:31:     at Server.setupListenHandle [as _listen2] (node:net:2008:16)
2026-06-10 14:05:31:     at listenInCluster (node:net:2065:12)
2026-06-10 14:05:31:     at node:net:2274:7
2026-06-10 14:05:31:     at process.processTicksAndRejections (node:internal/process/task_queues:90:21) {
2026-06-10 14:05:31:   code: 'EADDRINUSE',
2026-06-10 14:05:31:   errno: -4091,
2026-06-10 14:05:31:   syscall: 'listen',
2026-06-10 14:05:31:   address: '0.0.0.0',
2026-06-10 14:05:31:   port: 5050
2026-06-10 14:05:31: }
2026-06-10 14:05:34: Error: listen EADDRINUSE: address already in use 0.0.0.0:5050
2026-06-10 14:05:34:     at Server.setupListenHandle [as _listen2] (node:net:2008:16)
2026-06-10 14:05:34:     at listenInCluster (node:net:2065:12)
2026-06-10 14:05:34:     at node:net:2274:7
2026-06-10 14:05:34:     at process.processTicksAndRejections (node:internal/process/task_queues:90:21) {
2026-06-10 14:05:34:   code: 'EADDRINUSE',
2026-06-10 14:05:34:   errno: -4091,
2026-06-10 14:05:34:   syscall: 'listen',
2026-06-10 14:05:34:   address: '0.0.0.0',
2026-06-10 14:05:34:   port: 5050
2026-06-10 14:05:34: }
2026-06-10 14:05:37: Error: listen EADDRINUSE: address already in use 0.0.0.0:5050
2026-06-10 14:05:37:     at Server.setupListenHandle [as _listen2] (node:net:2008:16)
2026-06-10 14:05:37:     at listenInCluster (node:net:2065:12)
2026-06-10 14:05:37:     at node:net:2274:7
2026-06-10 14:05:37:     at process.processTicksAndRejections (node:internal/process/task_queues:90:21) {
2026-06-10 14:05:37:   code: 'EADDRINUSE',
2026-06-10 14:05:37:   errno: -4091,
2026-06-10 14:05:37:   syscall: 'listen',
2026-06-10 14:05:37:   address: '0.0.0.0',
2026-06-10 14:05:37:   port: 5050
2026-06-10 14:05:37: }
2026-06-10 14:05:41: Error: listen EADDRINUSE: address already in use 0.0.0.0:5050
2026-06-10 14:05:41:     at Server.setupListenHandle [as _listen2] (node:net:2008:16)
2026-06-10 14:05:41:     at listenInCluster (node:net:2065:12)
2026-06-10 14:05:41:     at node:net:2274:7
2026-06-10 14:05:41:     at process.processTicksAndRejections (node:internal/process/task_queues:90:21) {
2026-06-10 14:05:41:   code: 'EADDRINUSE',
2026-06-10 14:05:41:   errno: -4091,
2026-06-10 14:05:41:   syscall: 'listen',
2026-06-10 14:05:41:   address: '0.0.0.0',
2026-06-10 14:05:41:   port: 5050
2026-06-10 14:05:41: }
2026-06-10 14:05:45: Error: listen EADDRINUSE: address already in use 0.0.0.0:5050
2026-06-10 14:05:45:     at Server.setupListenHandle [as _listen2] (node:net:2008:16)
2026-06-10 14:05:45:     at listenInCluster (node:net:2065:12)
2026-06-10 14:05:45:     at node:net:2274:7
2026-06-10 14:05:45:     at process.processTicksAndRejections (node:internal/process/task_queues:90:21) {
2026-06-10 14:05:45:   code: 'EADDRINUSE',
2026-06-10 14:05:45:   errno: -4091,
2026-06-10 14:05:45:   syscall: 'listen',
2026-06-10 14:05:45:   address: '0.0.0.0',
2026-06-10 14:05:45:   port: 5050
2026-06-10 14:05:45: }
2026-06-10 14:05:48: Error: listen EADDRINUSE: address already in use 0.0.0.0:5050
2026-06-10 14:05:48:     at Server.setupListenHandle [as _listen2] (node:net:2008:16)
2026-06-10 14:05:48:     at listenInCluster (node:net:2065:12)
2026-06-10 14:05:48:     at node:net:2274:7
2026-06-10 14:05:48:     at process.processTicksAndRejections (node:internal/process/task_queues:90:21) {
2026-06-10 14:05:48:   code: 'EADDRINUSE',
2026-06-10 14:05:48:   errno: -4091,
2026-06-10 14:05:48:   syscall: 'listen',
2026-06-10 14:05:48:   address: '0.0.0.0',
2026-06-10 14:05:48:   port: 5050
2026-06-10 14:05:48: }
2026-06-10 14:05:50: Error: listen EADDRINUSE: address already in use 0.0.0.0:5050
2026-06-10 14:05:50:     at Server.setupListenHandle [as _listen2] (node:net:2008:16)
2026-06-10 14:05:50:     at listenInCluster (node:net:2065:12)
2026-06-10 14:05:50:     at node:net:2274:7
2026-06-10 14:05:50:     at process.processTicksAndRejections (node:internal/process/task_queues:90:21) {
2026-06-10 14:05:50:   code: 'EADDRINUSE',
2026-06-10 14:05:50:   errno: -4091,
2026-06-10 14:05:50:   syscall: 'listen',
2026-06-10 14:05:50:   address: '0.0.0.0',
2026-06-10 14:05:50:   port: 5050
2026-06-10 14:05:50: }
2026-06-10 14:05:54: Error: listen EADDRINUSE: address already in use 0.0.0.0:5050
2026-06-10 14:05:54:     at Server.setupListenHandle [as _listen2] (node:net:2008:16)
2026-06-10 14:05:54:     at listenInCluster (node:net:2065:12)
2026-06-10 14:05:54:     at node:net:2274:7
2026-06-10 14:05:54:     at process.processTicksAndRejections (node:internal/process/task_queues:90:21) {
2026-06-10 14:05:54:   code: 'EADDRINUSE',
2026-06-10 14:05:54:   errno: -4091,
2026-06-10 14:05:54:   syscall: 'listen',
2026-06-10 14:05:54:   address: '0.0.0.0',
2026-06-10 14:05:54:   port: 5050
2026-06-10 14:05:54: }
2026-06-10 14:05:57: Error: listen EADDRINUSE: address already in use 0.0.0.0:5050
2026-06-10 14:05:57:     at Server.setupListenHandle [as _listen2] (node:net:2008:16)
2026-06-10 14:05:57:     at listenInCluster (node:net:2065:12)
2026-06-10 14:05:57:     at node:net:2274:7
2026-06-10 14:05:57:     at process.processTicksAndRejections (node:internal/process/task_queues:90:21) {
2026-06-10 14:05:57:   code: 'EADDRINUSE',
2026-06-10 14:05:57:   errno: -4091,
2026-06-10 14:05:57:   syscall: 'listen',
2026-06-10 14:05:57:   address: '0.0.0.0',
2026-06-10 14:05:57:   port: 5050
2026-06-10 14:05:57: }
2026-06-10 14:06:00: Error: listen EADDRINUSE: address already in use 0.0.0.0:5050
2026-06-10 14:06:00:     at Server.setupListenHandle [as _listen2] (node:net:2008:16)
2026-06-10 14:06:00:     at listenInCluster (node:net:2065:12)
2026-06-10 14:06:00:     at node:net:2274:7
2026-06-10 14:06:00:     at process.processTicksAndRejections (node:internal/process/task_queues:90:21) {
2026-06-10 14:06:00:   code: 'EADDRINUSE',
2026-06-10 14:06:00:   errno: -4091,
2026-06-10 14:06:00:   syscall: 'listen',
2026-06-10 14:06:00:   address: '0.0.0.0',
2026-06-10 14:06:00:   port: 5050
2026-06-10 14:06:00: }
2026-06-10 14:06:02: Error: listen EADDRINUSE: address already in use 0.0.0.0:5050
2026-06-10 14:06:02:     at Server.setupListenHandle [as _listen2] (node:net:2008:16)
2026-06-10 14:06:02:     at listenInCluster (node:net:2065:12)
2026-06-10 14:06:02:     at node:net:2274:7
2026-06-10 14:06:02:     at process.processTicksAndRejections (node:internal/process/task_queues:90:21) {
2026-06-10 14:06:02:   code: 'EADDRINUSE',
2026-06-10 14:06:02:   errno: -4091,
2026-06-10 14:06:02:   syscall: 'listen',
2026-06-10 14:06:02:   address: '0.0.0.0',
2026-06-10 14:06:02:   port: 5050
2026-06-10 14:06:02: }
2026-06-10 14:06:06: Error: listen EADDRINUSE: address already in use 0.0.0.0:5050
2026-06-10 14:06:06:     at Server.setupListenHandle [as _listen2] (node:net:2008:16)
2026-06-10 14:06:06:     at listenInCluster (node:net:2065:12)
2026-06-10 14:06:06:     at node:net:2274:7
2026-06-10 14:06:06:     at process.processTicksAndRejections (node:internal/process/task_queues:90:21) {
2026-06-10 14:06:06:   code: 'EADDRINUSE',
2026-06-10 14:06:06:   errno: -4091,
2026-06-10 14:06:06:   syscall: 'listen',
2026-06-10 14:06:06:   address: '0.0.0.0',
2026-06-10 14:06:06:   port: 5050
2026-06-10 14:06:06: }
2026-06-10 14:06:09: Error: listen EADDRINUSE: address already in use 0.0.0.0:5050
2026-06-10 14:06:09:     at Server.setupListenHandle [as _listen2] (node:net:2008:16)
2026-06-10 14:06:09:     at listenInCluster (node:net:2065:12)
2026-06-10 14:06:09:     at node:net:2274:7
2026-06-10 14:06:09:     at process.processTicksAndRejections (node:internal/process/task_queues:90:21) {
2026-06-10 14:06:09:   code: 'EADDRINUSE',
2026-06-10 14:06:09:   errno: -4091,
2026-06-10 14:06:09:   syscall: 'listen',
2026-06-10 14:06:09:   address: '0.0.0.0',
2026-06-10 14:06:09:   port: 5050
2026-06-10 14:06:09: }
2026-06-10 14:06:12: Error: listen EADDRINUSE: address already in use 0.0.0.0:5050
2026-06-10 14:06:12:     at Server.setupListenHandle [as _listen2] (node:net:2008:16)
2026-06-10 14:06:12:     at listenInCluster (node:net:2065:12)
2026-06-10 14:06:12:     at node:net:2274:7
2026-06-10 14:06:12:     at process.processTicksAndRejections (node:internal/process/task_queues:90:21) {
2026-06-10 14:06:12:   code: 'EADDRINUSE',
2026-06-10 14:06:12:   errno: -4091,
2026-06-10 14:06:12:   syscall: 'listen',
2026-06-10 14:06:12:   address: '0.0.0.0',
2026-06-10 14:06:12:   port: 5050
2026-06-10 14:06:12: }
2026-06-10 14:06:16: Error: listen EADDRINUSE: address already in use 0.0.0.0:5050
2026-06-10 14:06:16:     at Server.setupListenHandle [as _listen2] (node:net:2008:16)
2026-06-10 14:06:16:     at listenInCluster (node:net:2065:12)
2026-06-10 14:06:16:     at node:net:2274:7
2026-06-10 14:06:16:     at process.processTicksAndRejections (node:internal/process/task_queues:90:21) {
2026-06-10 14:06:16:   code: 'EADDRINUSE',
2026-06-10 14:06:16:   errno: -4091,
2026-06-10 14:06:16:   syscall: 'listen',
2026-06-10 14:06:16:   address: '0.0.0.0',
2026-06-10 14:06:16:   port: 5050
2026-06-10 14:06:16: }
2026-06-10 14:06:19: Error: listen EADDRINUSE: address already in use 0.0.0.0:5050
2026-06-10 14:06:19:     at Server.setupListenHandle [as _listen2] (node:net:2008:16)
2026-06-10 14:06:19:     at listenInCluster (node:net:2065:12)
2026-06-10 14:06:19:     at node:net:2274:7
2026-06-10 14:06:19:     at process.processTicksAndRejections (node:internal/process/task_queues:90:21) {
2026-06-10 14:06:19:   code: 'EADDRINUSE',
2026-06-10 14:06:19:   errno: -4091,
2026-06-10 14:06:19:   syscall: 'listen',
2026-06-10 14:06:19:   address: '0.0.0.0',
2026-06-10 14:06:19:   port: 5050
2026-06-10 14:06:19: }
2026-06-10 14:06:21: Error: listen EADDRINUSE: address already in use 0.0.0.0:5050
2026-06-10 14:06:21:     at Server.setupListenHandle [as _listen2] (node:net:2008:16)
2026-06-10 14:06:21:     at listenInCluster (node:net:2065:12)
2026-06-10 14:06:21:     at node:net:2274:7
2026-06-10 14:06:21:     at process.processTicksAndRejections (node:internal/process/task_queues:90:21) {
2026-06-10 14:06:21:   code: 'EADDRINUSE',
2026-06-10 14:06:21:   errno: -4091,
2026-06-10 14:06:21:   syscall: 'listen',
2026-06-10 14:06:21:   address: '0.0.0.0',
2026-06-10 14:06:21:   port: 5050
2026-06-10 14:06:21: }
2026-06-10 14:06:24: Error: listen EADDRINUSE: address already in use 0.0.0.0:5050
2026-06-10 14:06:24:     at Server.setupListenHandle [as _listen2] (node:net:2008:16)
2026-06-10 14:06:24:     at listenInCluster (node:net:2065:12)
2026-06-10 14:06:24:     at node:net:2274:7
2026-06-10 14:06:24:     at process.processTicksAndRejections (node:internal/process/task_queues:90:21) {
2026-06-10 14:06:24:   code: 'EADDRINUSE',
2026-06-10 14:06:24:   errno: -4091,
2026-06-10 14:06:24:   syscall: 'listen',
2026-06-10 14:06:24:   address: '0.0.0.0',
2026-06-10 14:06:24:   port: 5050
2026-06-10 14:06:24: }
2026-06-10 14:06:27: Error: listen EADDRINUSE: address already in use 0.0.0.0:5050
2026-06-10 14:06:27:     at Server.setupListenHandle [as _listen2] (node:net:2008:16)
2026-06-10 14:06:27:     at listenInCluster (node:net:2065:12)
2026-06-10 14:06:27:     at node:net:2274:7
2026-06-10 14:06:27:     at process.processTicksAndRejections (node:internal/process/task_queues:90:21) {
2026-06-10 14:06:27:   code: 'EADDRINUSE',
2026-06-10 14:06:27:   errno: -4091,
2026-06-10 14:06:27:   syscall: 'listen',
2026-06-10 14:06:27:   address: '0.0.0.0',
2026-06-10 14:06:27:   port: 5050
2026-06-10 14:06:27: }
2026-06-10 14:06:31: Error: listen EADDRINUSE: address already in use 0.0.0.0:5050
2026-06-10 14:06:31:     at Server.setupListenHandle [as _listen2] (node:net:2008:16)
2026-06-10 14:06:31:     at listenInCluster (node:net:2065:12)
2026-06-10 14:06:31:     at node:net:2274:7
2026-06-10 14:06:31:     at process.processTicksAndRejections (node:internal/process/task_queues:90:21) {
2026-06-10 14:06:31:   code: 'EADDRINUSE',
2026-06-10 14:06:31:   errno: -4091,
2026-06-10 14:06:31:   syscall: 'listen',
2026-06-10 14:06:31:   address: '0.0.0.0',
2026-06-10 14:06:31:   port: 5050
2026-06-10 14:06:31: }
2026-06-10 14:06:34: Error: listen EADDRINUSE: address already in use 0.0.0.0:5050
2026-06-10 14:06:34:     at Server.setupListenHandle [as _listen2] (node:net:2008:16)
2026-06-10 14:06:34:     at listenInCluster (node:net:2065:12)
2026-06-10 14:06:34:     at node:net:2274:7
2026-06-10 14:06:34:     at process.processTicksAndRejections (node:internal/process/task_queues:90:21) {
2026-06-10 14:06:34:   code: 'EADDRINUSE',
2026-06-10 14:06:34:   errno: -4091,
2026-06-10 14:06:34:   syscall: 'listen',
2026-06-10 14:06:34:   address: '0.0.0.0',
2026-06-10 14:06:34:   port: 5050
2026-06-10 14:06:34: }
2026-06-10 14:06:38: Error: listen EADDRINUSE: address already in use 0.0.0.0:5050
2026-06-10 14:06:38:     at Server.setupListenHandle [as _listen2] (node:net:2008:16)
2026-06-10 14:06:38:     at listenInCluster (node:net:2065:12)
2026-06-10 14:06:38:     at node:net:2274:7
2026-06-10 14:06:38:     at process.processTicksAndRejections (node:internal/process/task_queues:90:21) {
2026-06-10 14:06:38:   code: 'EADDRINUSE',
2026-06-10 14:06:38:   errno: -4091,
2026-06-10 14:06:38:   syscall: 'listen',
2026-06-10 14:06:38:   address: '0.0.0.0',
2026-06-10 14:06:38:   port: 5050
2026-06-10 14:06:38: }
2026-06-10 14:06:41: Error: listen EADDRINUSE: address already in use 0.0.0.0:5050
2026-06-10 14:06:41:     at Server.setupListenHandle [as _listen2] (node:net:2008:16)
2026-06-10 14:06:41:     at listenInCluster (node:net:2065:12)
2026-06-10 14:06:41:     at node:net:2274:7
2026-06-10 14:06:41:     at process.processTicksAndRejections (node:internal/process/task_queues:90:21) {
2026-06-10 14:06:41:   code: 'EADDRINUSE',
2026-06-10 14:06:41:   errno: -4091,
2026-06-10 14:06:41:   syscall: 'listen',
2026-06-10 14:06:41:   address: '0.0.0.0',
2026-06-10 14:06:41:   port: 5050
2026-06-10 14:06:41: }
2026-06-10 14:06:45: Error: listen EADDRINUSE: address already in use 0.0.0.0:5050
2026-06-10 14:06:45:     at Server.setupListenHandle [as _listen2] (node:net:2008:16)
2026-06-10 14:06:45:     at listenInCluster (node:net:2065:12)
2026-06-10 14:06:45:     at node:net:2274:7
2026-06-10 14:06:45:     at process.processTicksAndRejections (node:internal/process/task_queues:90:21) {
2026-06-10 14:06:45:   code: 'EADDRINUSE',
2026-06-10 14:06:45:   errno: -4091,
2026-06-10 14:06:45:   syscall: 'listen',
2026-06-10 14:06:45:   address: '0.0.0.0',
2026-06-10 14:06:45:   port: 5050
2026-06-10 14:06:45: }
2026-06-10 14:06:49: Error: listen EADDRINUSE: address already in use 0.0.0.0:5050
2026-06-10 14:06:49:     at Server.setupListenHandle [as _listen2] (node:net:2008:16)
2026-06-10 14:06:49:     at listenInCluster (node:net:2065:12)
2026-06-10 14:06:49:     at node:net:2274:7
2026-06-10 14:06:49:     at process.processTicksAndRejections (node:internal/process/task_queues:90:21) {
2026-06-10 14:06:49:   code: 'EADDRINUSE',
2026-06-10 14:06:49:   errno: -4091,
2026-06-10 14:06:49:   syscall: 'listen',
2026-06-10 14:06:49:   address: '0.0.0.0',
2026-06-10 14:06:49:   port: 5050
2026-06-10 14:06:49: }
2026-06-10 14:06:52: Error: listen EADDRINUSE: address already in use 0.0.0.0:5050
2026-06-10 14:06:52:     at Server.setupListenHandle [as _listen2] (node:net:2008:16)
2026-06-10 14:06:52:     at listenInCluster (node:net:2065:12)
2026-06-10 14:06:52:     at node:net:2274:7
2026-06-10 14:06:52:     at process.processTicksAndRejections (node:internal/process/task_queues:90:21) {
2026-06-10 14:06:52:   code: 'EADDRINUSE',
2026-06-10 14:06:52:   errno: -4091,
2026-06-10 14:06:52:   syscall: 'listen',
2026-06-10 14:06:52:   address: '0.0.0.0',
2026-06-10 14:06:52:   port: 5050
2026-06-10 14:06:52: }
2026-06-10 14:06:55: Error: listen EADDRINUSE: address already in use 0.0.0.0:5050
2026-06-10 14:06:55:     at Server.setupListenHandle [as _listen2] (node:net:2008:16)
2026-06-10 14:06:55:     at listenInCluster (node:net:2065:12)
2026-06-10 14:06:55:     at node:net:2274:7
2026-06-10 14:06:55:     at process.processTicksAndRejections (node:internal/process/task_queues:90:21) {
2026-06-10 14:06:55:   code: 'EADDRINUSE',
2026-06-10 14:06:55:   errno: -4091,
2026-06-10 14:06:55:   syscall: 'listen',
2026-06-10 14:06:55:   address: '0.0.0.0',
2026-06-10 14:06:55:   port: 5050
2026-06-10 14:06:55: }
2026-06-10 14:06:58: Error: listen EADDRINUSE: address already in use 0.0.0.0:5050
2026-06-10 14:06:58:     at Server.setupListenHandle [as _listen2] (node:net:2008:16)
2026-06-10 14:06:58:     at listenInCluster (node:net:2065:12)
2026-06-10 14:06:58:     at node:net:2274:7
2026-06-10 14:06:58:     at process.processTicksAndRejections (node:internal/process/task_queues:90:21) {
2026-06-10 14:06:58:   code: 'EADDRINUSE',
2026-06-10 14:06:58:   errno: -4091,
2026-06-10 14:06:58:   syscall: 'listen',
2026-06-10 14:06:58:   address: '0.0.0.0',
2026-06-10 14:06:58:   port: 5050
2026-06-10 14:06:58: }
2026-06-10 14:07:02: Error: listen EADDRINUSE: address already in use 0.0.0.0:5050
2026-06-10 14:07:02:     at Server.setupListenHandle [as _listen2] (node:net:2008:16)
2026-06-10 14:07:02:     at listenInCluster (node:net:2065:12)
2026-06-10 14:07:02:     at node:net:2274:7
2026-06-10 14:07:02:     at process.processTicksAndRejections (node:internal/process/task_queues:90:21) {
2026-06-10 14:07:02:   code: 'EADDRINUSE',
2026-06-10 14:07:02:   errno: -4091,
2026-06-10 14:07:02:   syscall: 'listen',
2026-06-10 14:07:02:   address: '0.0.0.0',
2026-06-10 14:07:02:   port: 5050
2026-06-10 14:07:02: }
2026-06-10 14:07:05: Error: listen EADDRINUSE: address already in use 0.0.0.0:5050
2026-06-10 14:07:05:     at Server.setupListenHandle [as _listen2] (node:net:2008:16)
2026-06-10 14:07:05:     at listenInCluster (node:net:2065:12)
2026-06-10 14:07:05:     at node:net:2274:7
2026-06-10 14:07:05:     at process.processTicksAndRejections (node:internal/process/task_queues:90:21) {
2026-06-10 14:07:05:   code: 'EADDRINUSE',
2026-06-10 14:07:05:   errno: -4091,
2026-06-10 14:07:05:   syscall: 'listen',
2026-06-10 14:07:05:   address: '0.0.0.0',
2026-06-10 14:07:05:   port: 5050
2026-06-10 14:07:05: }
2026-06-10 14:07:07: Error: listen EADDRINUSE: address already in use 0.0.0.0:5050
2026-06-10 14:07:07:     at Server.setupListenHandle [as _listen2] (node:net:2008:16)
2026-06-10 14:07:07:     at listenInCluster (node:net:2065:12)
2026-06-10 14:07:07:     at node:net:2274:7
2026-06-10 14:07:07:     at process.processTicksAndRejections (node:internal/process/task_queues:90:21) {
2026-06-10 14:07:07:   code: 'EADDRINUSE',
2026-06-10 14:07:07:   errno: -4091,
2026-06-10 14:07:07:   syscall: 'listen',
2026-06-10 14:07:07:   address: '0.0.0.0',
2026-06-10 14:07:07:   port: 5050
2026-06-10 14:07:07: }
2026-06-10 14:07:10: Error: listen EADDRINUSE: address already in use 0.0.0.0:5050
2026-06-10 14:07:10:     at Server.setupListenHandle [as _listen2] (node:net:2008:16)
2026-06-10 14:07:10:     at listenInCluster (node:net:2065:12)
2026-06-10 14:07:10:     at node:net:2274:7
2026-06-10 14:07:10:     at process.processTicksAndRejections (node:internal/process/task_queues:90:21) {
2026-06-10 14:07:10:   code: 'EADDRINUSE',
2026-06-10 14:07:10:   errno: -4091,
2026-06-10 14:07:10:   syscall: 'listen',
2026-06-10 14:07:10:   address: '0.0.0.0',
2026-06-10 14:07:10:   port: 5050
2026-06-10 14:07:10: }
2026-06-10 14:07:13: Error: listen EADDRINUSE: address already in use 0.0.0.0:5050
2026-06-10 14:07:13:     at Server.setupListenHandle [as _listen2] (node:net:2008:16)
2026-06-10 14:07:13:     at listenInCluster (node:net:2065:12)
2026-06-10 14:07:13:     at node:net:2274:7
2026-06-10 14:07:13:     at process.processTicksAndRejections (node:internal/process/task_queues:90:21) {
2026-06-10 14:07:13:   code: 'EADDRINUSE',
2026-06-10 14:07:13:   errno: -4091,
2026-06-10 14:07:13:   syscall: 'listen',
2026-06-10 14:07:13:   address: '0.0.0.0',
2026-06-10 14:07:13:   port: 5050
2026-06-10 14:07:13: }
2026-06-10 14:07:16: Error: listen EADDRINUSE: address already in use 0.0.0.0:5050
2026-06-10 14:07:16:     at Server.setupListenHandle [as _listen2] (node:net:2008:16)
2026-06-10 14:07:16:     at listenInCluster (node:net:2065:12)
2026-06-10 14:07:16:     at node:net:2274:7
2026-06-10 14:07:16:     at process.processTicksAndRejections (node:internal/process/task_queues:90:21) {
2026-06-10 14:07:16:   code: 'EADDRINUSE',
2026-06-10 14:07:16:   errno: -4091,
2026-06-10 14:07:16:   syscall: 'listen',
2026-06-10 14:07:16:   address: '0.0.0.0',
2026-06-10 14:07:16:   port: 5050
2026-06-10 14:07:16: }
2026-06-10 14:07:20: Error: listen EADDRINUSE: address already in use 0.0.0.0:5050
2026-06-10 14:07:20:     at Server.setupListenHandle [as _listen2] (node:net:2008:16)
2026-06-10 14:07:20:     at listenInCluster (node:net:2065:12)
2026-06-10 14:07:20:     at node:net:2274:7
2026-06-10 14:07:20:     at process.processTicksAndRejections (node:internal/process/task_queues:90:21) {
2026-06-10 14:07:20:   code: 'EADDRINUSE',
2026-06-10 14:07:20:   errno: -4091,
2026-06-10 14:07:20:   syscall: 'listen',
2026-06-10 14:07:20:   address: '0.0.0.0',
2026-06-10 14:07:20:   port: 5050
2026-06-10 14:07:20: }
2026-06-10 14:07:23: Error: listen EADDRINUSE: address already in use 0.0.0.0:5050
2026-06-10 14:07:23:     at Server.setupListenHandle [as _listen2] (node:net:2008:16)
2026-06-10 14:07:23:     at listenInCluster (node:net:2065:12)
2026-06-10 14:07:23:     at node:net:2274:7
2026-06-10 14:07:23:     at process.processTicksAndRejections (node:internal/process/task_queues:90:21) {
2026-06-10 14:07:23:   code: 'EADDRINUSE',
2026-06-10 14:07:23:   errno: -4091,
2026-06-10 14:07:23:   syscall: 'listen',
2026-06-10 14:07:23:   address: '0.0.0.0',
2026-06-10 14:07:23:   port: 5050
2026-06-10 14:07:23: }
2026-06-10 14:07:27: Error: listen EADDRINUSE: address already in use 0.0.0.0:5050
2026-06-10 14:07:27:     at Server.setupListenHandle [as _listen2] (node:net:2008:16)
2026-06-10 14:07:27:     at listenInCluster (node:net:2065:12)
2026-06-10 14:07:27:     at node:net:2274:7
2026-06-10 14:07:27:     at process.processTicksAndRejections (node:internal/process/task_queues:90:21) {
2026-06-10 14:07:27:   code: 'EADDRINUSE',
2026-06-10 14:07:27:   errno: -4091,
2026-06-10 14:07:27:   syscall: 'listen',
2026-06-10 14:07:27:   address: '0.0.0.0',
2026-06-10 14:07:27:   port: 5050
2026-06-10 14:07:27: }
2026-06-10 14:07:30: Error: listen EADDRINUSE: address already in use 0.0.0.0:5050
2026-06-10 14:07:30:     at Server.setupListenHandle [as _listen2] (node:net:2008:16)
2026-06-10 14:07:30:     at listenInCluster (node:net:2065:12)
2026-06-10 14:07:30:     at node:net:2274:7
2026-06-10 14:07:30:     at process.processTicksAndRejections (node:internal/process/task_queues:90:21) {
2026-06-10 14:07:30:   code: 'EADDRINUSE',
2026-06-10 14:07:30:   errno: -4091,
2026-06-10 14:07:30:   syscall: 'listen',
2026-06-10 14:07:30:   address: '0.0.0.0',
2026-06-10 14:07:30:   port: 5050
2026-06-10 14:07:30: }
2026-06-10 14:07:33: Error: listen EADDRINUSE: address already in use 0.0.0.0:5050
2026-06-10 14:07:33:     at Server.setupListenHandle [as _listen2] (node:net:2008:16)
2026-06-10 14:07:33:     at listenInCluster (node:net:2065:12)
2026-06-10 14:07:33:     at node:net:2274:7
2026-06-10 14:07:33:     at process.processTicksAndRejections (node:internal/process/task_queues:90:21) {
2026-06-10 14:07:33:   code: 'EADDRINUSE',
2026-06-10 14:07:33:   errno: -4091,
2026-06-10 14:07:33:   syscall: 'listen',
2026-06-10 14:07:33:   address: '0.0.0.0',
2026-06-10 14:07:33:   port: 5050
2026-06-10 14:07:33: }
2026-06-10 14:07:36: Error: listen EADDRINUSE: address already in use 0.0.0.0:5050
2026-06-10 14:07:36:     at Server.setupListenHandle [as _listen2] (node:net:2008:16)
2026-06-10 14:07:36:     at listenInCluster (node:net:2065:12)
2026-06-10 14:07:36:     at node:net:2274:7
2026-06-10 14:07:36:     at process.processTicksAndRejections (node:internal/process/task_queues:90:21) {
2026-06-10 14:07:36:   code: 'EADDRINUSE',
2026-06-10 14:07:36:   errno: -4091,
2026-06-10 14:07:36:   syscall: 'listen',
2026-06-10 14:07:36:   address: '0.0.0.0',
2026-06-10 14:07:36:   port: 5050
2026-06-10 14:07:36: }
2026-06-10 14:07:38: Error: listen EADDRINUSE: address already in use 0.0.0.0:5050
2026-06-10 14:07:38:     at Server.setupListenHandle [as _listen2] (node:net:2008:16)
2026-06-10 14:07:38:     at listenInCluster (node:net:2065:12)
2026-06-10 14:07:38:     at node:net:2274:7
2026-06-10 14:07:38:     at process.processTicksAndRejections (node:internal/process/task_queues:90:21) {
2026-06-10 14:07:38:   code: 'EADDRINUSE',
2026-06-10 14:07:38:   errno: -4091,
2026-06-10 14:07:38:   syscall: 'listen',
2026-06-10 14:07:38:   address: '0.0.0.0',
2026-06-10 14:07:38:   port: 5050
2026-06-10 14:07:38: }
2026-06-10 14:07:41: Error: listen EADDRINUSE: address already in use 0.0.0.0:5050
2026-06-10 14:07:41:     at Server.setupListenHandle [as _listen2] (node:net:2008:16)
2026-06-10 14:07:41:     at listenInCluster (node:net:2065:12)
2026-06-10 14:07:41:     at node:net:2274:7
2026-06-10 14:07:41:     at process.processTicksAndRejections (node:internal/process/task_queues:90:21) {
2026-06-10 14:07:41:   code: 'EADDRINUSE',
2026-06-10 14:07:41:   errno: -4091,
2026-06-10 14:07:41:   syscall: 'listen',
2026-06-10 14:07:41:   address: '0.0.0.0',
2026-06-10 14:07:41:   port: 5050
2026-06-10 14:07:41: }
2026-06-10 14:07:44: Error: listen EADDRINUSE: address already in use 0.0.0.0:5050
2026-06-10 14:07:44:     at Server.setupListenHandle [as _listen2] (node:net:2008:16)
2026-06-10 14:07:44:     at listenInCluster (node:net:2065:12)
2026-06-10 14:07:44:     at node:net:2274:7
2026-06-10 14:07:44:     at process.processTicksAndRejections (node:internal/process/task_queues:90:21) {
2026-06-10 14:07:44:   code: 'EADDRINUSE',
2026-06-10 14:07:44:   errno: -4091,
2026-06-10 14:07:44:   syscall: 'listen',
2026-06-10 14:07:44:   address: '0.0.0.0',
2026-06-10 14:07:44:   port: 5050
2026-06-10 14:07:44: }
2026-06-10 14:07:47: Error: listen EADDRINUSE: address already in use 0.0.0.0:5050
2026-06-10 14:07:47:     at Server.setupListenHandle [as _listen2] (node:net:2008:16)
2026-06-10 14:07:47:     at listenInCluster (node:net:2065:12)
2026-06-10 14:07:47:     at node:net:2274:7
2026-06-10 14:07:47:     at process.processTicksAndRejections (node:internal/process/task_queues:90:21) {
2026-06-10 14:07:47:   code: 'EADDRINUSE',
2026-06-10 14:07:47:   errno: -4091,
2026-06-10 14:07:47:   syscall: 'listen',
2026-06-10 14:07:47:   address: '0.0.0.0',
2026-06-10 14:07:47:   port: 5050
2026-06-10 14:07:47: }
2026-06-10 14:07:49: Error: listen EADDRINUSE: address already in use 0.0.0.0:5050
2026-06-10 14:07:49:     at Server.setupListenHandle [as _listen2] (node:net:2008:16)
2026-06-10 14:07:49:     at listenInCluster (node:net:2065:12)
2026-06-10 14:07:49:     at node:net:2274:7
2026-06-10 14:07:49:     at process.processTicksAndRejections (node:internal/process/task_queues:90:21) {
2026-06-10 14:07:49:   code: 'EADDRINUSE',
2026-06-10 14:07:49:   errno: -4091,
2026-06-10 14:07:49:   syscall: 'listen',
2026-06-10 14:07:49:   address: '0.0.0.0',
2026-06-10 14:07:49:   port: 5050
2026-06-10 14:07:49: }
2026-06-10 14:07:52: Error: listen EADDRINUSE: address already in use 0.0.0.0:5050
2026-06-10 14:07:52:     at Server.setupListenHandle [as _listen2] (node:net:2008:16)
2026-06-10 14:07:52:     at listenInCluster (node:net:2065:12)
2026-06-10 14:07:52:     at node:net:2274:7
2026-06-10 14:07:52:     at process.processTicksAndRejections (node:internal/process/task_queues:90:21) {
2026-06-10 14:07:52:   code: 'EADDRINUSE',
2026-06-10 14:07:52:   errno: -4091,
2026-06-10 14:07:52:   syscall: 'listen',
2026-06-10 14:07:52:   address: '0.0.0.0',
2026-06-10 14:07:52:   port: 5050
2026-06-10 14:07:52: }
2026-06-10 14:07:55: Error: listen EADDRINUSE: address already in use 0.0.0.0:5050
2026-06-10 14:07:55:     at Server.setupListenHandle [as _listen2] (node:net:2008:16)
2026-06-10 14:07:55:     at listenInCluster (node:net:2065:12)
2026-06-10 14:07:55:     at node:net:2274:7
2026-06-10 14:07:55:     at process.processTicksAndRejections (node:internal/process/task_queues:90:21) {
2026-06-10 14:07:55:   code: 'EADDRINUSE',
2026-06-10 14:07:55:   errno: -4091,
2026-06-10 14:07:55:   syscall: 'listen',
2026-06-10 14:07:55:   address: '0.0.0.0',
2026-06-10 14:07:55:   port: 5050
2026-06-10 14:07:55: }
2026-06-10 14:07:57: Error: listen EADDRINUSE: address already in use 0.0.0.0:5050
2026-06-10 14:07:57:     at Server.setupListenHandle [as _listen2] (node:net:2008:16)
2026-06-10 14:07:57:     at listenInCluster (node:net:2065:12)
2026-06-10 14:07:57:     at node:net:2274:7
2026-06-10 14:07:57:     at process.processTicksAndRejections (node:internal/process/task_queues:90:21) {
2026-06-10 14:07:57:   code: 'EADDRINUSE',
2026-06-10 14:07:57:   errno: -4091,
2026-06-10 14:07:57:   syscall: 'listen',
2026-06-10 14:07:57:   address: '0.0.0.0',
2026-06-10 14:07:57:   port: 5050
2026-06-10 14:07:57: }
2026-06-10 14:08:00: Error: listen EADDRINUSE: address already in use 0.0.0.0:5050
2026-06-10 14:08:00:     at Server.setupListenHandle [as _listen2] (node:net:2008:16)
2026-06-10 14:08:00:     at listenInCluster (node:net:2065:12)
2026-06-10 14:08:00:     at node:net:2274:7
2026-06-10 14:08:00:     at process.processTicksAndRejections (node:internal/process/task_queues:90:21) {
2026-06-10 14:08:00:   code: 'EADDRINUSE',
2026-06-10 14:08:00:   errno: -4091,
2026-06-10 14:08:00:   syscall: 'listen',
2026-06-10 14:08:00:   address: '0.0.0.0',
2026-06-10 14:08:00:   port: 5050
2026-06-10 14:08:00: }
2026-06-10 14:08:03: Error: listen EADDRINUSE: address already in use 0.0.0.0:5050
2026-06-10 14:08:03:     at Server.setupListenHandle [as _listen2] (node:net:2008:16)
2026-06-10 14:08:03:     at listenInCluster (node:net:2065:12)
2026-06-10 14:08:03:     at node:net:2274:7
2026-06-10 14:08:03:     at process.processTicksAndRejections (node:internal/process/task_queues:90:21) {
2026-06-10 14:08:03:   code: 'EADDRINUSE',
2026-06-10 14:08:03:   errno: -4091,
2026-06-10 14:08:03:   syscall: 'listen',
2026-06-10 14:08:03:   address: '0.0.0.0',
2026-06-10 14:08:03:   port: 5050
2026-06-10 14:08:03: }
2026-06-10 14:08:07: Error: listen EADDRINUSE: address already in use 0.0.0.0:5050
2026-06-10 14:08:07:     at Server.setupListenHandle [as _listen2] (node:net:2008:16)
2026-06-10 14:08:07:     at listenInCluster (node:net:2065:12)
2026-06-10 14:08:07:     at node:net:2274:7
2026-06-10 14:08:07:     at process.processTicksAndRejections (node:internal/process/task_queues:90:21) {
2026-06-10 14:08:07:   code: 'EADDRINUSE',
2026-06-10 14:08:07:   errno: -4091,
2026-06-10 14:08:07:   syscall: 'listen',
2026-06-10 14:08:07:   address: '0.0.0.0',
2026-06-10 14:08:07:   port: 5050
2026-06-10 14:08:07: }
2026-06-10 14:08:11: Error: listen EADDRINUSE: address already in use 0.0.0.0:5050
2026-06-10 14:08:11:     at Server.setupListenHandle [as _listen2] (node:net:2008:16)
2026-06-10 14:08:11:     at listenInCluster (node:net:2065:12)
2026-06-10 14:08:11:     at node:net:2274:7
2026-06-10 14:08:11:     at process.processTicksAndRejections (node:internal/process/task_queues:90:21) {
2026-06-10 14:08:11:   code: 'EADDRINUSE',
2026-06-10 14:08:11:   errno: -4091,
2026-06-10 14:08:11:   syscall: 'listen',
2026-06-10 14:08:11:   address: '0.0.0.0',
2026-06-10 14:08:11:   port: 5050
2026-06-10 14:08:11: }
2026-06-10 14:08:15: Error: listen EADDRINUSE: address already in use 0.0.0.0:5050
2026-06-10 14:08:15:     at Server.setupListenHandle [as _listen2] (node:net:2008:16)
2026-06-10 14:08:15:     at listenInCluster (node:net:2065:12)
2026-06-10 14:08:15:     at node:net:2274:7
2026-06-10 14:08:15:     at process.processTicksAndRejections (node:internal/process/task_queues:90:21) {
2026-06-10 14:08:15:   code: 'EADDRINUSE',
2026-06-10 14:08:15:   errno: -4091,
2026-06-10 14:08:15:   syscall: 'listen',
2026-06-10 14:08:15:   address: '0.0.0.0',
2026-06-10 14:08:15:   port: 5050
2026-06-10 14:08:15: }
2026-06-10 14:08:18: Error: listen EADDRINUSE: address already in use 0.0.0.0:5050
2026-06-10 14:08:18:     at Server.setupListenHandle [as _listen2] (node:net:2008:16)
2026-06-10 14:08:18:     at listenInCluster (node:net:2065:12)
2026-06-10 14:08:18:     at node:net:2274:7
2026-06-10 14:08:18:     at process.processTicksAndRejections (node:internal/process/task_queues:90:21) {
2026-06-10 14:08:18:   code: 'EADDRINUSE',
2026-06-10 14:08:18:   errno: -4091,
2026-06-10 14:08:18:   syscall: 'listen',
2026-06-10 14:08:18:   address: '0.0.0.0',
2026-06-10 14:08:18:   port: 5050
2026-06-10 14:08:18: }
2026-06-10 14:08:23: Error: listen EADDRINUSE: address already in use 0.0.0.0:5050
2026-06-10 14:08:23:     at Server.setupListenHandle [as _listen2] (node:net:2008:16)
2026-06-10 14:08:23:     at listenInCluster (node:net:2065:12)
2026-06-10 14:08:23:     at node:net:2274:7
2026-06-10 14:08:23:     at process.processTicksAndRejections (node:internal/process/task_queues:90:21) {
2026-06-10 14:08:23:   code: 'EADDRINUSE',
2026-06-10 14:08:23:   errno: -4091,
2026-06-10 14:08:23:   syscall: 'listen',
2026-06-10 14:08:23:   address: '0.0.0.0',
2026-06-10 14:08:23:   port: 5050
2026-06-10 14:08:23: }
2026-06-10 14:08:28: Error: listen EADDRINUSE: address already in use 0.0.0.0:5050
2026-06-10 14:08:28:     at Server.setupListenHandle [as _listen2] (node:net:2008:16)
2026-06-10 14:08:28:     at listenInCluster (node:net:2065:12)
2026-06-10 14:08:28:     at node:net:2274:7
2026-06-10 14:08:28:     at process.processTicksAndRejections (node:internal/process/task_queues:90:21) {
2026-06-10 14:08:28:   code: 'EADDRINUSE',
2026-06-10 14:08:28:   errno: -4091,
2026-06-10 14:08:28:   syscall: 'listen',
2026-06-10 14:08:28:   address: '0.0.0.0',
2026-06-10 14:08:28:   port: 5050
2026-06-10 14:08:28: }
2026-06-10 14:08:33: Error: listen EADDRINUSE: address already in use 0.0.0.0:5050
2026-06-10 14:08:33:     at Server.setupListenHandle [as _listen2] (node:net:2008:16)
2026-06-10 14:08:33:     at listenInCluster (node:net:2065:12)
2026-06-10 14:08:33:     at node:net:2274:7
2026-06-10 14:08:33:     at process.processTicksAndRejections (node:internal/process/task_queues:90:21) {
2026-06-10 14:08:33:   code: 'EADDRINUSE',
2026-06-10 14:08:33:   errno: -4091,
2026-06-10 14:08:33:   syscall: 'listen',
2026-06-10 14:08:33:   address: '0.0.0.0',
2026-06-10 14:08:33:   port: 5050
2026-06-10 14:08:33: }
2026-06-10 14:08:37: Error: listen EADDRINUSE: address already in use 0.0.0.0:5050
2026-06-10 14:08:37:     at Server.setupListenHandle [as _listen2] (node:net:2008:16)
2026-06-10 14:08:37:     at listenInCluster (node:net:2065:12)
2026-06-10 14:08:37:     at node:net:2274:7
2026-06-10 14:08:37:     at process.processTicksAndRejections (node:internal/process/task_queues:90:21) {
2026-06-10 14:08:37:   code: 'EADDRINUSE',
2026-06-10 14:08:37:   errno: -4091,
2026-06-10 14:08:37:   syscall: 'listen',
2026-06-10 14:08:37:   address: '0.0.0.0',
2026-06-10 14:08:37:   port: 5050
2026-06-10 14:08:37: }
2026-06-10 14:08:41: Error: listen EADDRINUSE: address already in use 0.0.0.0:5050
2026-06-10 14:08:41:     at Server.setupListenHandle [as _listen2] (node:net:2008:16)
2026-06-10 14:08:41:     at listenInCluster (node:net:2065:12)
2026-06-10 14:08:41:     at node:net:2274:7
2026-06-10 14:08:41:     at process.processTicksAndRejections (node:internal/process/task_queues:90:21) {
2026-06-10 14:08:41:   code: 'EADDRINUSE',
2026-06-10 14:08:41:   errno: -4091,
2026-06-10 14:08:41:   syscall: 'listen',
2026-06-10 14:08:41:   address: '0.0.0.0',
2026-06-10 14:08:41:   port: 5050
2026-06-10 14:08:41: }
2026-06-10 14:08:44: Error: listen EADDRINUSE: address already in use 0.0.0.0:5050
2026-06-10 14:08:44:     at Server.setupListenHandle [as _listen2] (node:net:2008:16)
2026-06-10 14:08:44:     at listenInCluster (node:net:2065:12)
2026-06-10 14:08:44:     at node:net:2274:7
2026-06-10 14:08:44:     at process.processTicksAndRejections (node:internal/process/task_queues:90:21) {
2026-06-10 14:08:44:   code: 'EADDRINUSE',
2026-06-10 14:08:44:   errno: -4091,
2026-06-10 14:08:44:   syscall: 'listen',
2026-06-10 14:08:44:   address: '0.0.0.0',
2026-06-10 14:08:44:   port: 5050
2026-06-10 14:08:44: }
2026-06-10 14:08:47: Error: listen EADDRINUSE: address already in use 0.0.0.0:5050
2026-06-10 14:08:47:     at Server.setupListenHandle [as _listen2] (node:net:2008:16)
2026-06-10 14:08:47:     at listenInCluster (node:net:2065:12)
2026-06-10 14:08:47:     at node:net:2274:7
2026-06-10 14:08:47:     at process.processTicksAndRejections (node:internal/process/task_queues:90:21) {
2026-06-10 14:08:47:   code: 'EADDRINUSE',
2026-06-10 14:08:47:   errno: -4091,
2026-06-10 14:08:47:   syscall: 'listen',
2026-06-10 14:08:47:   address: '0.0.0.0',
2026-06-10 14:08:47:   port: 5050
2026-06-10 14:08:47: }
2026-06-10 14:08:51: Error: listen EADDRINUSE: address already in use 0.0.0.0:5050
2026-06-10 14:08:51:     at Server.setupListenHandle [as _listen2] (node:net:2008:16)
2026-06-10 14:08:51:     at listenInCluster (node:net:2065:12)
2026-06-10 14:08:51:     at node:net:2274:7
2026-06-10 14:08:51:     at process.processTicksAndRejections (node:internal/process/task_queues:90:21) {
2026-06-10 14:08:51:   code: 'EADDRINUSE',
2026-06-10 14:08:51:   errno: -4091,
2026-06-10 14:08:51:   syscall: 'listen',
2026-06-10 14:08:51:   address: '0.0.0.0',
2026-06-10 14:08:51:   port: 5050
2026-06-10 14:08:51: }
2026-06-10 14:08:54: Error: listen EADDRINUSE: address already in use 0.0.0.0:5050
2026-06-10 14:08:54:     at Server.setupListenHandle [as _listen2] (node:net:2008:16)
2026-06-10 14:08:54:     at listenInCluster (node:net:2065:12)
2026-06-10 14:08:54:     at node:net:2274:7
2026-06-10 14:08:54:     at process.processTicksAndRejections (node:internal/process/task_queues:90:21) {
2026-06-10 14:08:54:   code: 'EADDRINUSE',
2026-06-10 14:08:54:   errno: -4091,
2026-06-10 14:08:54:   syscall: 'listen',
2026-06-10 14:08:54:   address: '0.0.0.0',
2026-06-10 14:08:54:   port: 5050
2026-06-10 14:08:54: }
2026-06-10 14:08:58: Error: listen EADDRINUSE: address already in use 0.0.0.0:5050
2026-06-10 14:08:58:     at Server.setupListenHandle [as _listen2] (node:net:2008:16)
2026-06-10 14:08:58:     at listenInCluster (node:net:2065:12)
2026-06-10 14:08:58:     at node:net:2274:7
2026-06-10 14:08:58:     at process.processTicksAndRejections (node:internal/process/task_queues:90:21) {
2026-06-10 14:08:58:   code: 'EADDRINUSE',
2026-06-10 14:08:58:   errno: -4091,
2026-06-10 14:08:58:   syscall: 'listen',
2026-06-10 14:08:58:   address: '0.0.0.0',
2026-06-10 14:08:58:   port: 5050
2026-06-10 14:08:58: }
2026-06-10 14:09:01: Error: listen EADDRINUSE: address already in use 0.0.0.0:5050
2026-06-10 14:09:01:     at Server.setupListenHandle [as _listen2] (node:net:2008:16)
2026-06-10 14:09:01:     at listenInCluster (node:net:2065:12)
2026-06-10 14:09:01:     at node:net:2274:7
2026-06-10 14:09:01:     at process.processTicksAndRejections (node:internal/process/task_queues:90:21) {
2026-06-10 14:09:01:   code: 'EADDRINUSE',
2026-06-10 14:09:01:   errno: -4091,
2026-06-10 14:09:01:   syscall: 'listen',
2026-06-10 14:09:01:   address: '0.0.0.0',
2026-06-10 14:09:01:   port: 5050
2026-06-10 14:09:01: }
2026-06-10 14:09:04: Error: listen EADDRINUSE: address already in use 0.0.0.0:5050
2026-06-10 14:09:04:     at Server.setupListenHandle [as _listen2] (node:net:2008:16)
2026-06-10 14:09:04:     at listenInCluster (node:net:2065:12)
2026-06-10 14:09:04:     at node:net:2274:7
2026-06-10 14:09:04:     at process.processTicksAndRejections (node:internal/process/task_queues:90:21) {
2026-06-10 14:09:04:   code: 'EADDRINUSE',
2026-06-10 14:09:04:   errno: -4091,
2026-06-10 14:09:04:   syscall: 'listen',
2026-06-10 14:09:04:   address: '0.0.0.0',
2026-06-10 14:09:04:   port: 5050
2026-06-10 14:09:04: }
2026-06-10 14:09:08: Error: listen EADDRINUSE: address already in use 0.0.0.0:5050
2026-06-10 14:09:08:     at Server.setupListenHandle [as _listen2] (node:net:2008:16)
2026-06-10 14:09:08:     at listenInCluster (node:net:2065:12)
2026-06-10 14:09:08:     at node:net:2274:7
2026-06-10 14:09:08:     at process.processTicksAndRejections (node:internal/process/task_queues:90:21) {
2026-06-10 14:09:08:   code: 'EADDRINUSE',
2026-06-10 14:09:08:   errno: -4091,
2026-06-10 14:09:08:   syscall: 'listen',
2026-06-10 14:09:08:   address: '0.0.0.0',
2026-06-10 14:09:08:   port: 5050
2026-06-10 14:09:08: }
2026-06-10 14:09:11: Error: listen EADDRINUSE: address already in use 0.0.0.0:5050
2026-06-10 14:09:11:     at Server.setupListenHandle [as _listen2] (node:net:2008:16)
2026-06-10 14:09:11:     at listenInCluster (node:net:2065:12)
2026-06-10 14:09:11:     at node:net:2274:7
2026-06-10 14:09:11:     at process.processTicksAndRejections (node:internal/process/task_queues:90:21) {
2026-06-10 14:09:11:   code: 'EADDRINUSE',
2026-06-10 14:09:11:   errno: -4091,
2026-06-10 14:09:11:   syscall: 'listen',
2026-06-10 14:09:11:   address: '0.0.0.0',
2026-06-10 14:09:11:   port: 5050
2026-06-10 14:09:11: }
2026-06-10 14:09:13: Error: listen EADDRINUSE: address already in use 0.0.0.0:5050
2026-06-10 14:09:13:     at Server.setupListenHandle [as _listen2] (node:net:2008:16)
2026-06-10 14:09:13:     at listenInCluster (node:net:2065:12)
2026-06-10 14:09:13:     at node:net:2274:7
2026-06-10 14:09:13:     at process.processTicksAndRejections (node:internal/process/task_queues:90:21) {
2026-06-10 14:09:13:   code: 'EADDRINUSE',
2026-06-10 14:09:13:   errno: -4091,
2026-06-10 14:09:13:   syscall: 'listen',
2026-06-10 14:09:13:   address: '0.0.0.0',
2026-06-10 14:09:13:   port: 5050
2026-06-10 14:09:13: }
2026-06-10 14:09:17: Error: listen EADDRINUSE: address already in use 0.0.0.0:5050
2026-06-10 14:09:17:     at Server.setupListenHandle [as _listen2] (node:net:2008:16)
2026-06-10 14:09:17:     at listenInCluster (node:net:2065:12)
2026-06-10 14:09:17:     at node:net:2274:7
2026-06-10 14:09:17:     at process.processTicksAndRejections (node:internal/process/task_queues:90:21) {
2026-06-10 14:09:17:   code: 'EADDRINUSE',
2026-06-10 14:09:17:   errno: -4091,
2026-06-10 14:09:17:   syscall: 'listen',
2026-06-10 14:09:17:   address: '0.0.0.0',
2026-06-10 14:09:17:   port: 5050
2026-06-10 14:09:17: }
2026-06-10 14:09:21: Error: listen EADDRINUSE: address already in use 0.0.0.0:5050
2026-06-10 14:09:21:     at Server.setupListenHandle [as _listen2] (node:net:2008:16)
2026-06-10 14:09:21:     at listenInCluster (node:net:2065:12)
2026-06-10 14:09:21:     at node:net:2274:7
2026-06-10 14:09:21:     at process.processTicksAndRejections (node:internal/process/task_queues:90:21) {
2026-06-10 14:09:21:   code: 'EADDRINUSE',
2026-06-10 14:09:21:   errno: -4091,
2026-06-10 14:09:21:   syscall: 'listen',
2026-06-10 14:09:21:   address: '0.0.0.0',
2026-06-10 14:09:21:   port: 5050
2026-06-10 14:09:21: }
2026-06-10 14:09:24: Error: listen EADDRINUSE: address already in use 0.0.0.0:5050
2026-06-10 14:09:24:     at Server.setupListenHandle [as _listen2] (node:net:2008:16)
2026-06-10 14:09:24:     at listenInCluster (node:net:2065:12)
2026-06-10 14:09:24:     at node:net:2274:7
2026-06-10 14:09:24:     at process.processTicksAndRejections (node:internal/process/task_queues:90:21) {
2026-06-10 14:09:24:   code: 'EADDRINUSE',
2026-06-10 14:09:24:   errno: -4091,
2026-06-10 14:09:24:   syscall: 'listen',
2026-06-10 14:09:24:   address: '0.0.0.0',
2026-06-10 14:09:24:   port: 5050
2026-06-10 14:09:24: }
2026-06-10 14:09:26: Error: listen EADDRINUSE: address already in use 0.0.0.0:5050
2026-06-10 14:09:26:     at Server.setupListenHandle [as _listen2] (node:net:2008:16)
2026-06-10 14:09:26:     at listenInCluster (node:net:2065:12)
2026-06-10 14:09:26:     at node:net:2274:7
2026-06-10 14:09:26:     at process.processTicksAndRejections (node:internal/process/task_queues:90:21) {
2026-06-10 14:09:26:   code: 'EADDRINUSE',
2026-06-10 14:09:26:   errno: -4091,
2026-06-10 14:09:26:   syscall: 'listen',
2026-06-10 14:09:26:   address: '0.0.0.0',
2026-06-10 14:09:26:   port: 5050
2026-06-10 14:09:26: }
2026-06-10 14:09:29: Error: listen EADDRINUSE: address already in use 0.0.0.0:5050
2026-06-10 14:09:29:     at Server.setupListenHandle [as _listen2] (node:net:2008:16)
2026-06-10 14:09:29:     at listenInCluster (node:net:2065:12)
2026-06-10 14:09:29:     at node:net:2274:7
2026-06-10 14:09:29:     at process.processTicksAndRejections (node:internal/process/task_queues:90:21) {
2026-06-10 14:09:29:   code: 'EADDRINUSE',
2026-06-10 14:09:29:   errno: -4091,
2026-06-10 14:09:29:   syscall: 'listen',
2026-06-10 14:09:29:   address: '0.0.0.0',
2026-06-10 14:09:29:   port: 5050
2026-06-10 14:09:29: }
2026-06-10 14:09:33: Error: listen EADDRINUSE: address already in use 0.0.0.0:5050
2026-06-10 14:09:33:     at Server.setupListenHandle [as _listen2] (node:net:2008:16)
2026-06-10 14:09:33:     at listenInCluster (node:net:2065:12)
2026-06-10 14:09:33:     at node:net:2274:7
2026-06-10 14:09:33:     at process.processTicksAndRejections (node:internal/process/task_queues:90:21) {
2026-06-10 14:09:33:   code: 'EADDRINUSE',
2026-06-10 14:09:33:   errno: -4091,
2026-06-10 14:09:33:   syscall: 'listen',
2026-06-10 14:09:33:   address: '0.0.0.0',
2026-06-10 14:09:33:   port: 5050
2026-06-10 14:09:33: }
2026-06-10 14:09:35: Error: listen EADDRINUSE: address already in use 0.0.0.0:5050
2026-06-10 14:09:35:     at Server.setupListenHandle [as _listen2] (node:net:2008:16)
2026-06-10 14:09:35:     at listenInCluster (node:net:2065:12)
2026-06-10 14:09:35:     at node:net:2274:7
2026-06-10 14:09:35:     at process.processTicksAndRejections (node:internal/process/task_queues:90:21) {
2026-06-10 14:09:35:   code: 'EADDRINUSE',
2026-06-10 14:09:35:   errno: -4091,
2026-06-10 14:09:35:   syscall: 'listen',
2026-06-10 14:09:35:   address: '0.0.0.0',
2026-06-10 14:09:35:   port: 5050
2026-06-10 14:09:35: }
2026-06-10 14:09:38: Error: listen EADDRINUSE: address already in use 0.0.0.0:5050
2026-06-10 14:09:38:     at Server.setupListenHandle [as _listen2] (node:net:2008:16)
2026-06-10 14:09:38:     at listenInCluster (node:net:2065:12)
2026-06-10 14:09:38:     at node:net:2274:7
2026-06-10 14:09:38:     at process.processTicksAndRejections (node:internal/process/task_queues:90:21) {
2026-06-10 14:09:38:   code: 'EADDRINUSE',
2026-06-10 14:09:38:   errno: -4091,
2026-06-10 14:09:38:   syscall: 'listen',
2026-06-10 14:09:38:   address: '0.0.0.0',
2026-06-10 14:09:38:   port: 5050
2026-06-10 14:09:38: }
2026-06-10 14:09:42: Error: listen EADDRINUSE: address already in use 0.0.0.0:5050
2026-06-10 14:09:42:     at Server.setupListenHandle [as _listen2] (node:net:2008:16)
2026-06-10 14:09:42:     at listenInCluster (node:net:2065:12)
2026-06-10 14:09:42:     at node:net:2274:7
2026-06-10 14:09:42:     at process.processTicksAndRejections (node:internal/process/task_queues:90:21) {
2026-06-10 14:09:42:   code: 'EADDRINUSE',
2026-06-10 14:09:42:   errno: -4091,
2026-06-10 14:09:42:   syscall: 'listen',
2026-06-10 14:09:42:   address: '0.0.0.0',
2026-06-10 14:09:42:   port: 5050
2026-06-10 14:09:42: }
2026-06-10 14:09:45: Error: listen EADDRINUSE: address already in use 0.0.0.0:5050
2026-06-10 14:09:45:     at Server.setupListenHandle [as _listen2] (node:net:2008:16)
2026-06-10 14:09:45:     at listenInCluster (node:net:2065:12)
2026-06-10 14:09:45:     at node:net:2274:7
2026-06-10 14:09:45:     at process.processTicksAndRejections (node:internal/process/task_queues:90:21) {
2026-06-10 14:09:45:   code: 'EADDRINUSE',
2026-06-10 14:09:45:   errno: -4091,
2026-06-10 14:09:45:   syscall: 'listen',
2026-06-10 14:09:45:   address: '0.0.0.0',
2026-06-10 14:09:45:   port: 5050
2026-06-10 14:09:45: }
2026-06-10 14:09:48: Error: listen EADDRINUSE: address already in use 0.0.0.0:5050
2026-06-10 14:09:48:     at Server.setupListenHandle [as _listen2] (node:net:2008:16)
2026-06-10 14:09:48:     at listenInCluster (node:net:2065:12)
2026-06-10 14:09:48:     at node:net:2274:7
2026-06-10 14:09:48:     at process.processTicksAndRejections (node:internal/process/task_queues:90:21) {
2026-06-10 14:09:48:   code: 'EADDRINUSE',
2026-06-10 14:09:48:   errno: -4091,
2026-06-10 14:09:48:   syscall: 'listen',
2026-06-10 14:09:48:   address: '0.0.0.0',
2026-06-10 14:09:48:   port: 5050
2026-06-10 14:09:48: }
2026-06-10 14:09:52: Error: listen EADDRINUSE: address already in use 0.0.0.0:5050
2026-06-10 14:09:52:     at Server.setupListenHandle [as _listen2] (node:net:2008:16)
2026-06-10 14:09:52:     at listenInCluster (node:net:2065:12)
2026-06-10 14:09:52:     at node:net:2274:7
2026-06-10 14:09:52:     at process.processTicksAndRejections (node:internal/process/task_queues:90:21) {
2026-06-10 14:09:52:   code: 'EADDRINUSE',
2026-06-10 14:09:52:   errno: -4091,
2026-06-10 14:09:52:   syscall: 'listen',
2026-06-10 14:09:52:   address: '0.0.0.0',
2026-06-10 14:09:52:   port: 5050
2026-06-10 14:09:52: }
2026-06-10 14:09:55: Error: listen EADDRINUSE: address already in use 0.0.0.0:5050
2026-06-10 14:09:55:     at Server.setupListenHandle [as _listen2] (node:net:2008:16)
2026-06-10 14:09:55:     at listenInCluster (node:net:2065:12)
2026-06-10 14:09:55:     at node:net:2274:7
2026-06-10 14:09:55:     at process.processTicksAndRejections (node:internal/process/task_queues:90:21) {
2026-06-10 14:09:55:   code: 'EADDRINUSE',
2026-06-10 14:09:55:   errno: -4091,
2026-06-10 14:09:55:   syscall: 'listen',
2026-06-10 14:09:55:   address: '0.0.0.0',
2026-06-10 14:09:55:   port: 5050
2026-06-10 14:09:55: }
2026-06-10 14:09:59: Error: listen EADDRINUSE: address already in use 0.0.0.0:5050
2026-06-10 14:09:59:     at Server.setupListenHandle [as _listen2] (node:net:2008:16)
2026-06-10 14:09:59:     at listenInCluster (node:net:2065:12)
2026-06-10 14:09:59:     at node:net:2274:7
2026-06-10 14:09:59:     at process.processTicksAndRejections (node:internal/process/task_queues:90:21) {
2026-06-10 14:09:59:   code: 'EADDRINUSE',
2026-06-10 14:09:59:   errno: -4091,
2026-06-10 14:09:59:   syscall: 'listen',
2026-06-10 14:09:59:   address: '0.0.0.0',
2026-06-10 14:09:59:   port: 5050
2026-06-10 14:09:59: }
2026-06-10 14:10:03: Error: listen EADDRINUSE: address already in use 0.0.0.0:5050
2026-06-10 14:10:03:     at Server.setupListenHandle [as _listen2] (node:net:2008:16)
2026-06-10 14:10:03:     at listenInCluster (node:net:2065:12)
2026-06-10 14:10:03:     at node:net:2274:7
2026-06-10 14:10:03:     at process.processTicksAndRejections (node:internal/process/task_queues:90:21) {
2026-06-10 14:10:03:   code: 'EADDRINUSE',
2026-06-10 14:10:03:   errno: -4091,
2026-06-10 14:10:03:   syscall: 'listen',
2026-06-10 14:10:03:   address: '0.0.0.0',
2026-06-10 14:10:03:   port: 5050
2026-06-10 14:10:03: }
2026-06-10 14:10:07: Error: listen EADDRINUSE: address already in use 0.0.0.0:5050
2026-06-10 14:10:07:     at Server.setupListenHandle [as _listen2] (node:net:2008:16)
2026-06-10 14:10:07:     at listenInCluster (node:net:2065:12)
2026-06-10 14:10:07:     at node:net:2274:7
2026-06-10 14:10:07:     at process.processTicksAndRejections (node:internal/process/task_queues:90:21) {
2026-06-10 14:10:07:   code: 'EADDRINUSE',
2026-06-10 14:10:07:   errno: -4091,
2026-06-10 14:10:07:   syscall: 'listen',
2026-06-10 14:10:07:   address: '0.0.0.0',
2026-06-10 14:10:07:   port: 5050
2026-06-10 14:10:07: }
2026-06-10 14:10:12: Error: listen EADDRINUSE: address already in use 0.0.0.0:5050
2026-06-10 14:10:12:     at Server.setupListenHandle [as _listen2] (node:net:2008:16)
2026-06-10 14:10:12:     at listenInCluster (node:net:2065:12)
2026-06-10 14:10:12:     at node:net:2274:7
2026-06-10 14:10:12:     at process.processTicksAndRejections (node:internal/process/task_queues:90:21) {
2026-06-10 14:10:12:   code: 'EADDRINUSE',
2026-06-10 14:10:12:   errno: -4091,
2026-06-10 14:10:12:   syscall: 'listen',
2026-06-10 14:10:12:   address: '0.0.0.0',
2026-06-10 14:10:12:   port: 5050
2026-06-10 14:10:12: }
2026-06-10 14:10:16: Error: listen EADDRINUSE: address already in use 0.0.0.0:5050
2026-06-10 14:10:16:     at Server.setupListenHandle [as _listen2] (node:net:2008:16)
2026-06-10 14:10:16:     at listenInCluster (node:net:2065:12)
2026-06-10 14:10:16:     at node:net:2274:7
2026-06-10 14:10:16:     at process.processTicksAndRejections (node:internal/process/task_queues:90:21) {
2026-06-10 14:10:16:   code: 'EADDRINUSE',
2026-06-10 14:10:16:   errno: -4091,
2026-06-10 14:10:16:   syscall: 'listen',
2026-06-10 14:10:16:   address: '0.0.0.0',
2026-06-10 14:10:16:   port: 5050
2026-06-10 14:10:16: }
2026-06-10 14:10:20: Error: listen EADDRINUSE: address already in use 0.0.0.0:5050
2026-06-10 14:10:20:     at Server.setupListenHandle [as _listen2] (node:net:2008:16)
2026-06-10 14:10:20:     at listenInCluster (node:net:2065:12)
2026-06-10 14:10:20:     at node:net:2274:7
2026-06-10 14:10:20:     at process.processTicksAndRejections (node:internal/process/task_queues:90:21) {
2026-06-10 14:10:20:   code: 'EADDRINUSE',
2026-06-10 14:10:20:   errno: -4091,
2026-06-10 14:10:20:   syscall: 'listen',
2026-06-10 14:10:20:   address: '0.0.0.0',
2026-06-10 14:10:20:   port: 5050
2026-06-10 14:10:20: }
2026-06-10 14:10:24: Error: listen EADDRINUSE: address already in use 0.0.0.0:5050
2026-06-10 14:10:24:     at Server.setupListenHandle [as _listen2] (node:net:2008:16)
2026-06-10 14:10:24:     at listenInCluster (node:net:2065:12)
2026-06-10 14:10:24:     at node:net:2274:7
2026-06-10 14:10:24:     at process.processTicksAndRejections (node:internal/process/task_queues:90:21) {
2026-06-10 14:10:24:   code: 'EADDRINUSE',
2026-06-10 14:10:24:   errno: -4091,
2026-06-10 14:10:24:   syscall: 'listen',
2026-06-10 14:10:24:   address: '0.0.0.0',
2026-06-10 14:10:24:   port: 5050
2026-06-10 14:10:24: }
2026-06-10 14:10:27: Error: listen EADDRINUSE: address already in use 0.0.0.0:5050
2026-06-10 14:10:27:     at Server.setupListenHandle [as _listen2] (node:net:2008:16)
2026-06-10 14:10:27:     at listenInCluster (node:net:2065:12)
2026-06-10 14:10:27:     at node:net:2274:7
2026-06-10 14:10:27:     at process.processTicksAndRejections (node:internal/process/task_queues:90:21) {
2026-06-10 14:10:27:   code: 'EADDRINUSE',
2026-06-10 14:10:27:   errno: -4091,
2026-06-10 14:10:27:   syscall: 'listen',
2026-06-10 14:10:27:   address: '0.0.0.0',
2026-06-10 14:10:27:   port: 5050
2026-06-10 14:10:27: }
2026-06-10 14:10:30: Error: listen EADDRINUSE: address already in use 0.0.0.0:5050
2026-06-10 14:10:30:     at Server.setupListenHandle [as _listen2] (node:net:2008:16)
2026-06-10 14:10:30:     at listenInCluster (node:net:2065:12)
2026-06-10 14:10:30:     at node:net:2274:7
2026-06-10 14:10:30:     at process.processTicksAndRejections (node:internal/process/task_queues:90:21) {
2026-06-10 14:10:30:   code: 'EADDRINUSE',
2026-06-10 14:10:30:   errno: -4091,
2026-06-10 14:10:30:   syscall: 'listen',
2026-06-10 14:10:30:   address: '0.0.0.0',
2026-06-10 14:10:30:   port: 5050
2026-06-10 14:10:30: }
2026-06-10 14:10:32: Error: listen EADDRINUSE: address already in use 0.0.0.0:5050
2026-06-10 14:10:32:     at Server.setupListenHandle [as _listen2] (node:net:2008:16)
2026-06-10 14:10:32:     at listenInCluster (node:net:2065:12)
2026-06-10 14:10:32:     at node:net:2274:7
2026-06-10 14:10:32:     at process.processTicksAndRejections (node:internal/process/task_queues:90:21) {
2026-06-10 14:10:32:   code: 'EADDRINUSE',
2026-06-10 14:10:32:   errno: -4091,
2026-06-10 14:10:32:   syscall: 'listen',
2026-06-10 14:10:32:   address: '0.0.0.0',
2026-06-10 14:10:32:   port: 5050
2026-06-10 14:10:32: }
2026-06-10 14:10:35: Error: listen EADDRINUSE: address already in use 0.0.0.0:5050
2026-06-10 14:10:35:     at Server.setupListenHandle [as _listen2] (node:net:2008:16)
2026-06-10 14:10:35:     at listenInCluster (node:net:2065:12)
2026-06-10 14:10:35:     at node:net:2274:7
2026-06-10 14:10:35:     at process.processTicksAndRejections (node:internal/process/task_queues:90:21) {
2026-06-10 14:10:35:   code: 'EADDRINUSE',
2026-06-10 14:10:35:   errno: -4091,
2026-06-10 14:10:35:   syscall: 'listen',
2026-06-10 14:10:35:   address: '0.0.0.0',
2026-06-10 14:10:35:   port: 5050
2026-06-10 14:10:35: }
2026-06-10 14:10:37: Error: listen EADDRINUSE: address already in use 0.0.0.0:5050
2026-06-10 14:10:37:     at Server.setupListenHandle [as _listen2] (node:net:2008:16)
2026-06-10 14:10:37:     at listenInCluster (node:net:2065:12)
2026-06-10 14:10:37:     at node:net:2274:7
2026-06-10 14:10:37:     at process.processTicksAndRejections (node:internal/process/task_queues:90:21) {
2026-06-10 14:10:37:   code: 'EADDRINUSE',
2026-06-10 14:10:37:   errno: -4091,
2026-06-10 14:10:37:   syscall: 'listen',
2026-06-10 14:10:37:   address: '0.0.0.0',
2026-06-10 14:10:37:   port: 5050
2026-06-10 14:10:37: }
2026-06-10 14:10:41: Error: listen EADDRINUSE: address already in use 0.0.0.0:5050
2026-06-10 14:10:41:     at Server.setupListenHandle [as _listen2] (node:net:2008:16)
2026-06-10 14:10:41:     at listenInCluster (node:net:2065:12)
2026-06-10 14:10:41:     at node:net:2274:7
2026-06-10 14:10:41:     at process.processTicksAndRejections (node:internal/process/task_queues:90:21) {
2026-06-10 14:10:41:   code: 'EADDRINUSE',
2026-06-10 14:10:41:   errno: -4091,
2026-06-10 14:10:41:   syscall: 'listen',
2026-06-10 14:10:41:   address: '0.0.0.0',
2026-06-10 14:10:41:   port: 5050
2026-06-10 14:10:41: }
2026-06-10 14:10:44: Error: listen EADDRINUSE: address already in use 0.0.0.0:5050
2026-06-10 14:10:44:     at Server.setupListenHandle [as _listen2] (node:net:2008:16)
2026-06-10 14:10:44:     at listenInCluster (node:net:2065:12)
2026-06-10 14:10:44:     at node:net:2274:7
2026-06-10 14:10:44:     at process.processTicksAndRejections (node:internal/process/task_queues:90:21) {
2026-06-10 14:10:44:   code: 'EADDRINUSE',
2026-06-10 14:10:44:   errno: -4091,
2026-06-10 14:10:44:   syscall: 'listen',
2026-06-10 14:10:44:   address: '0.0.0.0',
2026-06-10 14:10:44:   port: 5050
2026-06-10 14:10:44: }
2026-06-10 14:10:46: Error: listen EADDRINUSE: address already in use 0.0.0.0:5050
2026-06-10 14:10:46:     at Server.setupListenHandle [as _listen2] (node:net:2008:16)
2026-06-10 14:10:46:     at listenInCluster (node:net:2065:12)
2026-06-10 14:10:46:     at node:net:2274:7
2026-06-10 14:10:46:     at process.processTicksAndRejections (node:internal/process/task_queues:90:21) {
2026-06-10 14:10:46:   code: 'EADDRINUSE',
2026-06-10 14:10:46:   errno: -4091,
2026-06-10 14:10:46:   syscall: 'listen',
2026-06-10 14:10:46:   address: '0.0.0.0',
2026-06-10 14:10:46:   port: 5050
2026-06-10 14:10:46: }
2026-06-10 14:10:49: Error: listen EADDRINUSE: address already in use 0.0.0.0:5050
2026-06-10 14:10:49:     at Server.setupListenHandle [as _listen2] (node:net:2008:16)
2026-06-10 14:10:49:     at listenInCluster (node:net:2065:12)
2026-06-10 14:10:49:     at node:net:2274:7
2026-06-10 14:10:49:     at process.processTicksAndRejections (node:internal/process/task_queues:90:21) {
2026-06-10 14:10:49:   code: 'EADDRINUSE',
2026-06-10 14:10:49:   errno: -4091,
2026-06-10 14:10:49:   syscall: 'listen',
2026-06-10 14:10:49:   address: '0.0.0.0',
2026-06-10 14:10:49:   port: 5050
2026-06-10 14:10:49: }
2026-06-10 14:10:52: Error: listen EADDRINUSE: address already in use 0.0.0.0:5050
2026-06-10 14:10:52:     at Server.setupListenHandle [as _listen2] (node:net:2008:16)
2026-06-10 14:10:52:     at listenInCluster (node:net:2065:12)
2026-06-10 14:10:52:     at node:net:2274:7
2026-06-10 14:10:52:     at process.processTicksAndRejections (node:internal/process/task_queues:90:21) {
2026-06-10 14:10:52:   code: 'EADDRINUSE',
2026-06-10 14:10:52:   errno: -4091,
2026-06-10 14:10:52:   syscall: 'listen',
2026-06-10 14:10:52:   address: '0.0.0.0',
2026-06-10 14:10:52:   port: 5050
2026-06-10 14:10:52: }
2026-06-10 14:10:55: Error: listen EADDRINUSE: address already in use 0.0.0.0:5050
2026-06-10 14:10:55:     at Server.setupListenHandle [as _listen2] (node:net:2008:16)
2026-06-10 14:10:55:     at listenInCluster (node:net:2065:12)
2026-06-10 14:10:55:     at node:net:2274:7
2026-06-10 14:10:55:     at process.processTicksAndRejections (node:internal/process/task_queues:90:21) {
2026-06-10 14:10:55:   code: 'EADDRINUSE',
2026-06-10 14:10:55:   errno: -4091,
2026-06-10 14:10:55:   syscall: 'listen',
2026-06-10 14:10:55:   address: '0.0.0.0',
2026-06-10 14:10:55:   port: 5050
2026-06-10 14:10:55: }
2026-06-10 14:10:59: Error: listen EADDRINUSE: address already in use 0.0.0.0:5050
2026-06-10 14:10:59:     at Server.setupListenHandle [as _listen2] (node:net:2008:16)
2026-06-10 14:10:59:     at listenInCluster (node:net:2065:12)
2026-06-10 14:10:59:     at node:net:2274:7
2026-06-10 14:10:59:     at process.processTicksAndRejections (node:internal/process/task_queues:90:21) {
2026-06-10 14:10:59:   code: 'EADDRINUSE',
2026-06-10 14:10:59:   errno: -4091,
2026-06-10 14:10:59:   syscall: 'listen',
2026-06-10 14:10:59:   address: '0.0.0.0',
2026-06-10 14:10:59:   port: 5050
2026-06-10 14:10:59: }
2026-06-10 14:11:03: Error: listen EADDRINUSE: address already in use 0.0.0.0:5050
2026-06-10 14:11:03:     at Server.setupListenHandle [as _listen2] (node:net:2008:16)
2026-06-10 14:11:03:     at listenInCluster (node:net:2065:12)
2026-06-10 14:11:03:     at node:net:2274:7
2026-06-10 14:11:03:     at process.processTicksAndRejections (node:internal/process/task_queues:90:21) {
2026-06-10 14:11:03:   code: 'EADDRINUSE',
2026-06-10 14:11:03:   errno: -4091,
2026-06-10 14:11:03:   syscall: 'listen',
2026-06-10 14:11:03:   address: '0.0.0.0',
2026-06-10 14:11:03:   port: 5050
2026-06-10 14:11:03: }
2026-06-10 14:11:05: Error: listen EADDRINUSE: address already in use 0.0.0.0:5050
2026-06-10 14:11:05:     at Server.setupListenHandle [as _listen2] (node:net:2008:16)
2026-06-10 14:11:05:     at listenInCluster (node:net:2065:12)
2026-06-10 14:11:05:     at node:net:2274:7
2026-06-10 14:11:05:     at process.processTicksAndRejections (node:internal/process/task_queues:90:21) {
2026-06-10 14:11:05:   code: 'EADDRINUSE',
2026-06-10 14:11:05:   errno: -4091,
2026-06-10 14:11:05:   syscall: 'listen',
2026-06-10 14:11:05:   address: '0.0.0.0',
2026-06-10 14:11:05:   port: 5050
2026-06-10 14:11:05: }
2026-06-10 14:11:09: Error: listen EADDRINUSE: address already in use 0.0.0.0:5050
2026-06-10 14:11:09:     at Server.setupListenHandle [as _listen2] (node:net:2008:16)
2026-06-10 14:11:09:     at listenInCluster (node:net:2065:12)
2026-06-10 14:11:09:     at node:net:2274:7
2026-06-10 14:11:09:     at process.processTicksAndRejections (node:internal/process/task_queues:90:21) {
2026-06-10 14:11:09:   code: 'EADDRINUSE',
2026-06-10 14:11:09:   errno: -4091,
2026-06-10 14:11:09:   syscall: 'listen',
2026-06-10 14:11:09:   address: '0.0.0.0',
2026-06-10 14:11:09:   port: 5050
2026-06-10 14:11:09: }
2026-06-10 14:11:12: Error: listen EADDRINUSE: address already in use 0.0.0.0:5050
2026-06-10 14:11:12:     at Server.setupListenHandle [as _listen2] (node:net:2008:16)
2026-06-10 14:11:12:     at listenInCluster (node:net:2065:12)
2026-06-10 14:11:12:     at node:net:2274:7
2026-06-10 14:11:12:     at process.processTicksAndRejections (node:internal/process/task_queues:90:21) {
2026-06-10 14:11:12:   code: 'EADDRINUSE',
2026-06-10 14:11:12:   errno: -4091,
2026-06-10 14:11:12:   syscall: 'listen',
2026-06-10 14:11:12:   address: '0.0.0.0',
2026-06-10 14:11:12:   port: 5050
2026-06-10 14:11:12: }
2026-06-10 14:11:16: Error: listen EADDRINUSE: address already in use 0.0.0.0:5050
2026-06-10 14:11:16:     at Server.setupListenHandle [as _listen2] (node:net:2008:16)
2026-06-10 14:11:16:     at listenInCluster (node:net:2065:12)
2026-06-10 14:11:16:     at node:net:2274:7
2026-06-10 14:11:16:     at process.processTicksAndRejections (node:internal/process/task_queues:90:21) {
2026-06-10 14:11:16:   code: 'EADDRINUSE',
2026-06-10 14:11:16:   errno: -4091,
2026-06-10 14:11:16:   syscall: 'listen',
2026-06-10 14:11:16:   address: '0.0.0.0',
2026-06-10 14:11:16:   port: 5050
2026-06-10 14:11:16: }
2026-06-10 14:11:20: Error: listen EADDRINUSE: address already in use 0.0.0.0:5050
2026-06-10 14:11:20:     at Server.setupListenHandle [as _listen2] (node:net:2008:16)
2026-06-10 14:11:20:     at listenInCluster (node:net:2065:12)
2026-06-10 14:11:20:     at node:net:2274:7
2026-06-10 14:11:20:     at process.processTicksAndRejections (node:internal/process/task_queues:90:21) {
2026-06-10 14:11:20:   code: 'EADDRINUSE',
2026-06-10 14:11:20:   errno: -4091,
2026-06-10 14:11:20:   syscall: 'listen',
2026-06-10 14:11:20:   address: '0.0.0.0',
2026-06-10 14:11:20:   port: 5050
2026-06-10 14:11:20: }
2026-06-10 14:11:23: Error: listen EADDRINUSE: address already in use 0.0.0.0:5050
2026-06-10 14:11:23:     at Server.setupListenHandle [as _listen2] (node:net:2008:16)
2026-06-10 14:11:23:     at listenInCluster (node:net:2065:12)
2026-06-10 14:11:23:     at node:net:2274:7
2026-06-10 14:11:23:     at process.processTicksAndRejections (node:internal/process/task_queues:90:21) {
2026-06-10 14:11:23:   code: 'EADDRINUSE',
2026-06-10 14:11:23:   errno: -4091,
2026-06-10 14:11:23:   syscall: 'listen',
2026-06-10 14:11:23:   address: '0.0.0.0',
2026-06-10 14:11:23:   port: 5050
2026-06-10 14:11:23: }
2026-06-10 14:11:26: Error: listen EADDRINUSE: address already in use 0.0.0.0:5050
2026-06-10 14:11:26:     at Server.setupListenHandle [as _listen2] (node:net:2008:16)
2026-06-10 14:11:26:     at listenInCluster (node:net:2065:12)
2026-06-10 14:11:26:     at node:net:2274:7
2026-06-10 14:11:26:     at process.processTicksAndRejections (node:internal/process/task_queues:90:21) {
2026-06-10 14:11:26:   code: 'EADDRINUSE',
2026-06-10 14:11:26:   errno: -4091,
2026-06-10 14:11:26:   syscall: 'listen',
2026-06-10 14:11:26:   address: '0.0.0.0',
2026-06-10 14:11:26:   port: 5050
2026-06-10 14:11:26: }
2026-06-10 14:11:29: Error: listen EADDRINUSE: address already in use 0.0.0.0:5050
2026-06-10 14:11:29:     at Server.setupListenHandle [as _listen2] (node:net:2008:16)
2026-06-10 14:11:29:     at listenInCluster (node:net:2065:12)
2026-06-10 14:11:29:     at node:net:2274:7
2026-06-10 14:11:29:     at process.processTicksAndRejections (node:internal/process/task_queues:90:21) {
2026-06-10 14:11:29:   code: 'EADDRINUSE',
2026-06-10 14:11:29:   errno: -4091,
2026-06-10 14:11:29:   syscall: 'listen',
2026-06-10 14:11:29:   address: '0.0.0.0',
2026-06-10 14:11:29:   port: 5050
2026-06-10 14:11:29: }
2026-06-10 14:11:33: Error: listen EADDRINUSE: address already in use 0.0.0.0:5050
2026-06-10 14:11:33:     at Server.setupListenHandle [as _listen2] (node:net:2008:16)
2026-06-10 14:11:33:     at listenInCluster (node:net:2065:12)
2026-06-10 14:11:33:     at node:net:2274:7
2026-06-10 14:11:33:     at process.processTicksAndRejections (node:internal/process/task_queues:90:21) {
2026-06-10 14:11:33:   code: 'EADDRINUSE',
2026-06-10 14:11:33:   errno: -4091,
2026-06-10 14:11:33:   syscall: 'listen',
2026-06-10 14:11:33:   address: '0.0.0.0',
2026-06-10 14:11:33:   port: 5050
2026-06-10 14:11:33: }
2026-06-10 14:11:35: Error: listen EADDRINUSE: address already in use 0.0.0.0:5050
2026-06-10 14:11:35:     at Server.setupListenHandle [as _listen2] (node:net:2008:16)
2026-06-10 14:11:35:     at listenInCluster (node:net:2065:12)
2026-06-10 14:11:35:     at node:net:2274:7
2026-06-10 14:11:35:     at process.processTicksAndRejections (node:internal/process/task_queues:90:21) {
2026-06-10 14:11:35:   code: 'EADDRINUSE',
2026-06-10 14:11:35:   errno: -4091,
2026-06-10 14:11:35:   syscall: 'listen',
2026-06-10 14:11:35:   address: '0.0.0.0',
2026-06-10 14:11:35:   port: 5050
2026-06-10 14:11:35: }
2026-06-10 14:11:39: Error: listen EADDRINUSE: address already in use 0.0.0.0:5050
2026-06-10 14:11:39:     at Server.setupListenHandle [as _listen2] (node:net:2008:16)
2026-06-10 14:11:39:     at listenInCluster (node:net:2065:12)
2026-06-10 14:11:39:     at node:net:2274:7
2026-06-10 14:11:39:     at process.processTicksAndRejections (node:internal/process/task_queues:90:21) {
2026-06-10 14:11:39:   code: 'EADDRINUSE',
2026-06-10 14:11:39:   errno: -4091,
2026-06-10 14:11:39:   syscall: 'listen',
2026-06-10 14:11:39:   address: '0.0.0.0',
2026-06-10 14:11:39:   port: 5050
2026-06-10 14:11:39: }
2026-06-10 14:11:42: Error: listen EADDRINUSE: address already in use 0.0.0.0:5050
2026-06-10 14:11:42:     at Server.setupListenHandle [as _listen2] (node:net:2008:16)
2026-06-10 14:11:42:     at listenInCluster (node:net:2065:12)
2026-06-10 14:11:42:     at node:net:2274:7
2026-06-10 14:11:42:     at process.processTicksAndRejections (node:internal/process/task_queues:90:21) {
2026-06-10 14:11:42:   code: 'EADDRINUSE',
2026-06-10 14:11:42:   errno: -4091,
2026-06-10 14:11:42:   syscall: 'listen',
2026-06-10 14:11:42:   address: '0.0.0.0',
2026-06-10 14:11:42:   port: 5050
2026-06-10 14:11:42: }
2026-06-10 14:11:44: Error: listen EADDRINUSE: address already in use 0.0.0.0:5050
2026-06-10 14:11:44:     at Server.setupListenHandle [as _listen2] (node:net:2008:16)
2026-06-10 14:11:44:     at listenInCluster (node:net:2065:12)
2026-06-10 14:11:44:     at node:net:2274:7
2026-06-10 14:11:44:     at process.processTicksAndRejections (node:internal/process/task_queues:90:21) {
2026-06-10 14:11:44:   code: 'EADDRINUSE',
2026-06-10 14:11:44:   errno: -4091,
2026-06-10 14:11:44:   syscall: 'listen',
2026-06-10 14:11:44:   address: '0.0.0.0',
2026-06-10 14:11:44:   port: 5050
2026-06-10 14:11:44: }
2026-06-10 14:11:47: Error: listen EADDRINUSE: address already in use 0.0.0.0:5050
2026-06-10 14:11:47:     at Server.setupListenHandle [as _listen2] (node:net:2008:16)
2026-06-10 14:11:47:     at listenInCluster (node:net:2065:12)
2026-06-10 14:11:47:     at node:net:2274:7
2026-06-10 14:11:47:     at process.processTicksAndRejections (node:internal/process/task_queues:90:21) {
2026-06-10 14:11:47:   code: 'EADDRINUSE',
2026-06-10 14:11:47:   errno: -4091,
2026-06-10 14:11:47:   syscall: 'listen',
2026-06-10 14:11:47:   address: '0.0.0.0',
2026-06-10 14:11:47:   port: 5050
2026-06-10 14:11:47: }
2026-06-10 14:11:49: Error: listen EADDRINUSE: address already in use 0.0.0.0:5050
2026-06-10 14:11:49:     at Server.setupListenHandle [as _listen2] (node:net:2008:16)
2026-06-10 14:11:49:     at listenInCluster (node:net:2065:12)
2026-06-10 14:11:49:     at node:net:2274:7
2026-06-10 14:11:49:     at process.processTicksAndRejections (node:internal/process/task_queues:90:21) {
2026-06-10 14:11:49:   code: 'EADDRINUSE',
2026-06-10 14:11:49:   errno: -4091,
2026-06-10 14:11:49:   syscall: 'listen',
2026-06-10 14:11:49:   address: '0.0.0.0',
2026-06-10 14:11:49:   port: 5050
2026-06-10 14:11:49: }
2026-06-10 14:11:52: Error: listen EADDRINUSE: address already in use 0.0.0.0:5050
2026-06-10 14:11:52:     at Server.setupListenHandle [as _listen2] (node:net:2008:16)
2026-06-10 14:11:52:     at listenInCluster (node:net:2065:12)
2026-06-10 14:11:52:     at node:net:2274:7
2026-06-10 14:11:52:     at process.processTicksAndRejections (node:internal/process/task_queues:90:21) {
2026-06-10 14:11:52:   code: 'EADDRINUSE',
2026-06-10 14:11:52:   errno: -4091,
2026-06-10 14:11:52:   syscall: 'listen',
2026-06-10 14:11:52:   address: '0.0.0.0',
2026-06-10 14:11:52:   port: 5050
2026-06-10 14:11:52: }
2026-06-10 14:11:56: Error: listen EADDRINUSE: address already in use 0.0.0.0:5050
2026-06-10 14:11:56:     at Server.setupListenHandle [as _listen2] (node:net:2008:16)
2026-06-10 14:11:56:     at listenInCluster (node:net:2065:12)
2026-06-10 14:11:56:     at node:net:2274:7
2026-06-10 14:11:56:     at process.processTicksAndRejections (node:internal/process/task_queues:90:21) {
2026-06-10 14:11:56:   code: 'EADDRINUSE',
2026-06-10 14:11:56:   errno: -4091,
2026-06-10 14:11:56:   syscall: 'listen',
2026-06-10 14:11:56:   address: '0.0.0.0',
2026-06-10 14:11:56:   port: 5050
2026-06-10 14:11:56: }
2026-06-10 14:12:00: Error: listen EADDRINUSE: address already in use 0.0.0.0:5050
2026-06-10 14:12:00:     at Server.setupListenHandle [as _listen2] (node:net:2008:16)
2026-06-10 14:12:00:     at listenInCluster (node:net:2065:12)
2026-06-10 14:12:00:     at node:net:2274:7
2026-06-10 14:12:00:     at process.processTicksAndRejections (node:internal/process/task_queues:90:21) {
2026-06-10 14:12:00:   code: 'EADDRINUSE',
2026-06-10 14:12:00:   errno: -4091,
2026-06-10 14:12:00:   syscall: 'listen',
2026-06-10 14:12:00:   address: '0.0.0.0',
2026-06-10 14:12:00:   port: 5050
2026-06-10 14:12:00: }
2026-06-10 14:12:04: Error: listen EADDRINUSE: address already in use 0.0.0.0:5050
2026-06-10 14:12:04:     at Server.setupListenHandle [as _listen2] (node:net:2008:16)
2026-06-10 14:12:04:     at listenInCluster (node:net:2065:12)
2026-06-10 14:12:04:     at node:net:2274:7
2026-06-10 14:12:04:     at process.processTicksAndRejections (node:internal/process/task_queues:90:21) {
2026-06-10 14:12:04:   code: 'EADDRINUSE',
2026-06-10 14:12:04:   errno: -4091,
2026-06-10 14:12:04:   syscall: 'listen',
2026-06-10 14:12:04:   address: '0.0.0.0',
2026-06-10 14:12:04:   port: 5050
2026-06-10 14:12:04: }
2026-06-10 14:12:09: Error: listen EADDRINUSE: address already in use 0.0.0.0:5050
2026-06-10 14:12:09:     at Server.setupListenHandle [as _listen2] (node:net:2008:16)
2026-06-10 14:12:09:     at listenInCluster (node:net:2065:12)
2026-06-10 14:12:09:     at node:net:2274:7
2026-06-10 14:12:09:     at process.processTicksAndRejections (node:internal/process/task_queues:90:21) {
2026-06-10 14:12:09:   code: 'EADDRINUSE',
2026-06-10 14:12:09:   errno: -4091,
2026-06-10 14:12:09:   syscall: 'listen',
2026-06-10 14:12:09:   address: '0.0.0.0',
2026-06-10 14:12:09:   port: 5050
2026-06-10 14:12:09: }
2026-06-10 14:12:14: Error: listen EADDRINUSE: address already in use 0.0.0.0:5050
2026-06-10 14:12:14:     at Server.setupListenHandle [as _listen2] (node:net:2008:16)
2026-06-10 14:12:14:     at listenInCluster (node:net:2065:12)
2026-06-10 14:12:14:     at node:net:2274:7
2026-06-10 14:12:14:     at process.processTicksAndRejections (node:internal/process/task_queues:90:21) {
2026-06-10 14:12:14:   code: 'EADDRINUSE',
2026-06-10 14:12:14:   errno: -4091,
2026-06-10 14:12:14:   syscall: 'listen',
2026-06-10 14:12:14:   address: '0.0.0.0',
2026-06-10 14:12:14:   port: 5050
2026-06-10 14:12:14: }
2026-06-10 14:12:19: Error: listen EADDRINUSE: address already in use 0.0.0.0:5050
2026-06-10 14:12:19:     at Server.setupListenHandle [as _listen2] (node:net:2008:16)
2026-06-10 14:12:19:     at listenInCluster (node:net:2065:12)
2026-06-10 14:12:19:     at node:net:2274:7
2026-06-10 14:12:19:     at process.processTicksAndRejections (node:internal/process/task_queues:90:21) {
2026-06-10 14:12:19:   code: 'EADDRINUSE',
2026-06-10 14:12:19:   errno: -4091,
2026-06-10 14:12:19:   syscall: 'listen',
2026-06-10 14:12:19:   address: '0.0.0.0',
2026-06-10 14:12:19:   port: 5050
2026-06-10 14:12:19: }
2026-06-10 14:12:23: Error: listen EADDRINUSE: address already in use 0.0.0.0:5050
2026-06-10 14:12:23:     at Server.setupListenHandle [as _listen2] (node:net:2008:16)
2026-06-10 14:12:23:     at listenInCluster (node:net:2065:12)
2026-06-10 14:12:23:     at node:net:2274:7
2026-06-10 14:12:23:     at process.processTicksAndRejections (node:internal/process/task_queues:90:21) {
2026-06-10 14:12:23:   code: 'EADDRINUSE',
2026-06-10 14:12:23:   errno: -4091,
2026-06-10 14:12:23:   syscall: 'listen',
2026-06-10 14:12:23:   address: '0.0.0.0',
2026-06-10 14:12:23:   port: 5050
2026-06-10 14:12:23: }
2026-06-10 14:12:26: Error: listen EADDRINUSE: address already in use 0.0.0.0:5050
2026-06-10 14:12:26:     at Server.setupListenHandle [as _listen2] (node:net:2008:16)
2026-06-10 14:12:26:     at listenInCluster (node:net:2065:12)
2026-06-10 14:12:26:     at node:net:2274:7
2026-06-10 14:12:26:     at process.processTicksAndRejections (node:internal/process/task_queues:90:21) {
2026-06-10 14:12:26:   code: 'EADDRINUSE',
2026-06-10 14:12:26:   errno: -4091,
2026-06-10 14:12:26:   syscall: 'listen',
2026-06-10 14:12:26:   address: '0.0.0.0',
2026-06-10 14:12:26:   port: 5050
2026-06-10 14:12:26: }
2026-06-10 14:12:30: Error: listen EADDRINUSE: address already in use 0.0.0.0:5050
2026-06-10 14:12:30:     at Server.setupListenHandle [as _listen2] (node:net:2008:16)
2026-06-10 14:12:30:     at listenInCluster (node:net:2065:12)
2026-06-10 14:12:30:     at node:net:2274:7
2026-06-10 14:12:30:     at process.processTicksAndRejections (node:internal/process/task_queues:90:21) {
2026-06-10 14:12:30:   code: 'EADDRINUSE',
2026-06-10 14:12:30:   errno: -4091,
2026-06-10 14:12:30:   syscall: 'listen',
2026-06-10 14:12:30:   address: '0.0.0.0',
2026-06-10 14:12:30:   port: 5050
2026-06-10 14:12:30: }
2026-06-10 14:12:33: Error: listen EADDRINUSE: address already in use 0.0.0.0:5050
2026-06-10 14:12:33:     at Server.setupListenHandle [as _listen2] (node:net:2008:16)
2026-06-10 14:12:33:     at listenInCluster (node:net:2065:12)
2026-06-10 14:12:33:     at node:net:2274:7
2026-06-10 14:12:33:     at process.processTicksAndRejections (node:internal/process/task_queues:90:21) {
2026-06-10 14:12:33:   code: 'EADDRINUSE',
2026-06-10 14:12:33:   errno: -4091,
2026-06-10 14:12:33:   syscall: 'listen',
2026-06-10 14:12:33:   address: '0.0.0.0',
2026-06-10 14:12:33:   port: 5050
2026-06-10 14:12:33: }
2026-06-10 14:12:36: Error: listen EADDRINUSE: address already in use 0.0.0.0:5050
2026-06-10 14:12:36:     at Server.setupListenHandle [as _listen2] (node:net:2008:16)
2026-06-10 14:12:36:     at listenInCluster (node:net:2065:12)
2026-06-10 14:12:36:     at node:net:2274:7
2026-06-10 14:12:36:     at process.processTicksAndRejections (node:internal/process/task_queues:90:21) {
2026-06-10 14:12:36:   code: 'EADDRINUSE',
2026-06-10 14:12:36:   errno: -4091,
2026-06-10 14:12:36:   syscall: 'listen',
2026-06-10 14:12:36:   address: '0.0.0.0',
2026-06-10 14:12:36:   port: 5050
2026-06-10 14:12:36: }
2026-06-10 14:12:40: Error: listen EADDRINUSE: address already in use 0.0.0.0:5050
2026-06-10 14:12:40:     at Server.setupListenHandle [as _listen2] (node:net:2008:16)
2026-06-10 14:12:40:     at listenInCluster (node:net:2065:12)
2026-06-10 14:12:40:     at node:net:2274:7
2026-06-10 14:12:40:     at process.processTicksAndRejections (node:internal/process/task_queues:90:21) {
2026-06-10 14:12:40:   code: 'EADDRINUSE',
2026-06-10 14:12:40:   errno: -4091,
2026-06-10 14:12:40:   syscall: 'listen',
2026-06-10 14:12:40:   address: '0.0.0.0',
2026-06-10 14:12:40:   port: 5050
2026-06-10 14:12:40: }
2026-06-10 14:12:43: Error: listen EADDRINUSE: address already in use 0.0.0.0:5050
2026-06-10 14:12:43:     at Server.setupListenHandle [as _listen2] (node:net:2008:16)
2026-06-10 14:12:43:     at listenInCluster (node:net:2065:12)
2026-06-10 14:12:43:     at node:net:2274:7
2026-06-10 14:12:43:     at process.processTicksAndRejections (node:internal/process/task_queues:90:21) {
2026-06-10 14:12:43:   code: 'EADDRINUSE',
2026-06-10 14:12:43:   errno: -4091,
2026-06-10 14:12:43:   syscall: 'listen',
2026-06-10 14:12:43:   address: '0.0.0.0',
2026-06-10 14:12:43:   port: 5050
2026-06-10 14:12:43: }
2026-06-10 14:12:47: Error: listen EADDRINUSE: address already in use 0.0.0.0:5050
2026-06-10 14:12:47:     at Server.setupListenHandle [as _listen2] (node:net:2008:16)
2026-06-10 14:12:47:     at listenInCluster (node:net:2065:12)
2026-06-10 14:12:47:     at node:net:2274:7
2026-06-10 14:12:47:     at process.processTicksAndRejections (node:internal/process/task_queues:90:21) {
2026-06-10 14:12:47:   code: 'EADDRINUSE',
2026-06-10 14:12:47:   errno: -4091,
2026-06-10 14:12:47:   syscall: 'listen',
2026-06-10 14:12:47:   address: '0.0.0.0',
2026-06-10 14:12:47:   port: 5050
2026-06-10 14:12:47: }
2026-06-10 14:12:51: Error: listen EADDRINUSE: address already in use 0.0.0.0:5050
2026-06-10 14:12:51:     at Server.setupListenHandle [as _listen2] (node:net:2008:16)
2026-06-10 14:12:51:     at listenInCluster (node:net:2065:12)
2026-06-10 14:12:51:     at node:net:2274:7
2026-06-10 14:12:51:     at process.processTicksAndRejections (node:internal/process/task_queues:90:21) {
2026-06-10 14:12:51:   code: 'EADDRINUSE',
2026-06-10 14:12:51:   errno: -4091,
2026-06-10 14:12:51:   syscall: 'listen',
2026-06-10 14:12:51:   address: '0.0.0.0',
2026-06-10 14:12:51:   port: 5050
2026-06-10 14:12:51: }
2026-06-10 14:12:53: Error: listen EADDRINUSE: address already in use 0.0.0.0:5050
2026-06-10 14:12:53:     at Server.setupListenHandle [as _listen2] (node:net:2008:16)
2026-06-10 14:12:53:     at listenInCluster (node:net:2065:12)
2026-06-10 14:12:53:     at node:net:2274:7
2026-06-10 14:12:53:     at process.processTicksAndRejections (node:internal/process/task_queues:90:21) {
2026-06-10 14:12:53:   code: 'EADDRINUSE',
2026-06-10 14:12:53:   errno: -4091,
2026-06-10 14:12:53:   syscall: 'listen',
2026-06-10 14:12:53:   address: '0.0.0.0',
2026-06-10 14:12:53:   port: 5050
2026-06-10 14:12:53: }
2026-06-10 14:12:56: Error: listen EADDRINUSE: address already in use 0.0.0.0:5050
2026-06-10 14:12:56:     at Server.setupListenHandle [as _listen2] (node:net:2008:16)
2026-06-10 14:12:56:     at listenInCluster (node:net:2065:12)
2026-06-10 14:12:56:     at node:net:2274:7
2026-06-10 14:12:56:     at process.processTicksAndRejections (node:internal/process/task_queues:90:21) {
2026-06-10 14:12:56:   code: 'EADDRINUSE',
2026-06-10 14:12:56:   errno: -4091,
2026-06-10 14:12:56:   syscall: 'listen',
2026-06-10 14:12:56:   address: '0.0.0.0',
2026-06-10 14:12:56:   port: 5050
2026-06-10 14:12:56: }
2026-06-10 14:12:59: Error: listen EADDRINUSE: address already in use 0.0.0.0:5050
2026-06-10 14:12:59:     at Server.setupListenHandle [as _listen2] (node:net:2008:16)
2026-06-10 14:12:59:     at listenInCluster (node:net:2065:12)
2026-06-10 14:12:59:     at node:net:2274:7
2026-06-10 14:12:59:     at process.processTicksAndRejections (node:internal/process/task_queues:90:21) {
2026-06-10 14:12:59:   code: 'EADDRINUSE',
2026-06-10 14:12:59:   errno: -4091,
2026-06-10 14:12:59:   syscall: 'listen',
2026-06-10 14:12:59:   address: '0.0.0.0',
2026-06-10 14:12:59:   port: 5050
2026-06-10 14:12:59: }
2026-06-10 14:13:02: Error: listen EADDRINUSE: address already in use 0.0.0.0:5050
2026-06-10 14:13:02:     at Server.setupListenHandle [as _listen2] (node:net:2008:16)
2026-06-10 14:13:02:     at listenInCluster (node:net:2065:12)
2026-06-10 14:13:02:     at node:net:2274:7
2026-06-10 14:13:02:     at process.processTicksAndRejections (node:internal/process/task_queues:90:21) {
2026-06-10 14:13:02:   code: 'EADDRINUSE',
2026-06-10 14:13:02:   errno: -4091,
2026-06-10 14:13:02:   syscall: 'listen',
2026-06-10 14:13:02:   address: '0.0.0.0',
2026-06-10 14:13:02:   port: 5050
2026-06-10 14:13:02: }
2026-06-10 14:13:05: Error: listen EADDRINUSE: address already in use 0.0.0.0:5050
2026-06-10 14:13:05:     at Server.setupListenHandle [as _listen2] (node:net:2008:16)
2026-06-10 14:13:05:     at listenInCluster (node:net:2065:12)
2026-06-10 14:13:05:     at node:net:2274:7
2026-06-10 14:13:05:     at process.processTicksAndRejections (node:internal/process/task_queues:90:21) {
2026-06-10 14:13:05:   code: 'EADDRINUSE',
2026-06-10 14:13:05:   errno: -4091,
2026-06-10 14:13:05:   syscall: 'listen',
2026-06-10 14:13:05:   address: '0.0.0.0',
2026-06-10 14:13:05:   port: 5050
2026-06-10 14:13:05: }
2026-06-10 14:13:07: Error: listen EADDRINUSE: address already in use 0.0.0.0:5050
2026-06-10 14:13:07:     at Server.setupListenHandle [as _listen2] (node:net:2008:16)
2026-06-10 14:13:07:     at listenInCluster (node:net:2065:12)
2026-06-10 14:13:07:     at node:net:2274:7
2026-06-10 14:13:07:     at process.processTicksAndRejections (node:internal/process/task_queues:90:21) {
2026-06-10 14:13:07:   code: 'EADDRINUSE',
2026-06-10 14:13:07:   errno: -4091,
2026-06-10 14:13:07:   syscall: 'listen',
2026-06-10 14:13:07:   address: '0.0.0.0',
2026-06-10 14:13:07:   port: 5050
2026-06-10 14:13:07: }
2026-06-10 14:13:11: Error: listen EADDRINUSE: address already in use 0.0.0.0:5050
2026-06-10 14:13:11:     at Server.setupListenHandle [as _listen2] (node:net:2008:16)
2026-06-10 14:13:11:     at listenInCluster (node:net:2065:12)
2026-06-10 14:13:11:     at node:net:2274:7
2026-06-10 14:13:11:     at process.processTicksAndRejections (node:internal/process/task_queues:90:21) {
2026-06-10 14:13:11:   code: 'EADDRINUSE',
2026-06-10 14:13:11:   errno: -4091,
2026-06-10 14:13:11:   syscall: 'listen',
2026-06-10 14:13:11:   address: '0.0.0.0',
2026-06-10 14:13:11:   port: 5050
2026-06-10 14:13:11: }
2026-06-10 14:13:14: Error: listen EADDRINUSE: address already in use 0.0.0.0:5050
2026-06-10 14:13:14:     at Server.setupListenHandle [as _listen2] (node:net:2008:16)
2026-06-10 14:13:14:     at listenInCluster (node:net:2065:12)
2026-06-10 14:13:14:     at node:net:2274:7
2026-06-10 14:13:14:     at process.processTicksAndRejections (node:internal/process/task_queues:90:21) {
2026-06-10 14:13:14:   code: 'EADDRINUSE',
2026-06-10 14:13:14:   errno: -4091,
2026-06-10 14:13:14:   syscall: 'listen',
2026-06-10 14:13:14:   address: '0.0.0.0',
2026-06-10 14:13:14:   port: 5050
2026-06-10 14:13:14: }
2026-06-10 14:13:18: Error: listen EADDRINUSE: address already in use 0.0.0.0:5050
2026-06-10 14:13:18:     at Server.setupListenHandle [as _listen2] (node:net:2008:16)
2026-06-10 14:13:18:     at listenInCluster (node:net:2065:12)
2026-06-10 14:13:18:     at node:net:2274:7
2026-06-10 14:13:18:     at process.processTicksAndRejections (node:internal/process/task_queues:90:21) {
2026-06-10 14:13:18:   code: 'EADDRINUSE',
2026-06-10 14:13:18:   errno: -4091,
2026-06-10 14:13:18:   syscall: 'listen',
2026-06-10 14:13:18:   address: '0.0.0.0',
2026-06-10 14:13:18:   port: 5050
2026-06-10 14:13:18: }
2026-06-10 14:13:21: Error: listen EADDRINUSE: address already in use 0.0.0.0:5050
2026-06-10 14:13:21:     at Server.setupListenHandle [as _listen2] (node:net:2008:16)
2026-06-10 14:13:21:     at listenInCluster (node:net:2065:12)
2026-06-10 14:13:21:     at node:net:2274:7
2026-06-10 14:13:21:     at process.processTicksAndRejections (node:internal/process/task_queues:90:21) {
2026-06-10 14:13:21:   code: 'EADDRINUSE',
2026-06-10 14:13:21:   errno: -4091,
2026-06-10 14:13:21:   syscall: 'listen',
2026-06-10 14:13:21:   address: '0.0.0.0',
2026-06-10 14:13:21:   port: 5050
2026-06-10 14:13:21: }
2026-06-10 14:13:24: Error: listen EADDRINUSE: address already in use 0.0.0.0:5050
2026-06-10 14:13:24:     at Server.setupListenHandle [as _listen2] (node:net:2008:16)
2026-06-10 14:13:24:     at listenInCluster (node:net:2065:12)
2026-06-10 14:13:24:     at node:net:2274:7
2026-06-10 14:13:24:     at process.processTicksAndRejections (node:internal/process/task_queues:90:21) {
2026-06-10 14:13:24:   code: 'EADDRINUSE',
2026-06-10 14:13:24:   errno: -4091,
2026-06-10 14:13:24:   syscall: 'listen',
2026-06-10 14:13:24:   address: '0.0.0.0',
2026-06-10 14:13:24:   port: 5050
2026-06-10 14:13:24: }
2026-06-10 14:13:27: Error: listen EADDRINUSE: address already in use 0.0.0.0:5050
2026-06-10 14:13:27:     at Server.setupListenHandle [as _listen2] (node:net:2008:16)
2026-06-10 14:13:27:     at listenInCluster (node:net:2065:12)
2026-06-10 14:13:27:     at node:net:2274:7
2026-06-10 14:13:27:     at process.processTicksAndRejections (node:internal/process/task_queues:90:21) {
2026-06-10 14:13:27:   code: 'EADDRINUSE',
2026-06-10 14:13:27:   errno: -4091,
2026-06-10 14:13:27:   syscall: 'listen',
2026-06-10 14:13:27:   address: '0.0.0.0',
2026-06-10 14:13:27:   port: 5050
2026-06-10 14:13:27: }
2026-06-10 14:13:30: Error: listen EADDRINUSE: address already in use 0.0.0.0:5050
2026-06-10 14:13:30:     at Server.setupListenHandle [as _listen2] (node:net:2008:16)
2026-06-10 14:13:30:     at listenInCluster (node:net:2065:12)
2026-06-10 14:13:30:     at node:net:2274:7
2026-06-10 14:13:30:     at process.processTicksAndRejections (node:internal/process/task_queues:90:21) {
2026-06-10 14:13:30:   code: 'EADDRINUSE',
2026-06-10 14:13:30:   errno: -4091,
2026-06-10 14:13:30:   syscall: 'listen',
2026-06-10 14:13:30:   address: '0.0.0.0',
2026-06-10 14:13:30:   port: 5050
2026-06-10 14:13:30: }
2026-06-10 14:13:33: Error: listen EADDRINUSE: address already in use 0.0.0.0:5050
2026-06-10 14:13:33:     at Server.setupListenHandle [as _listen2] (node:net:2008:16)
2026-06-10 14:13:33:     at listenInCluster (node:net:2065:12)
2026-06-10 14:13:33:     at node:net:2274:7
2026-06-10 14:13:33:     at process.processTicksAndRejections (node:internal/process/task_queues:90:21) {
2026-06-10 14:13:33:   code: 'EADDRINUSE',
2026-06-10 14:13:33:   errno: -4091,
2026-06-10 14:13:33:   syscall: 'listen',
2026-06-10 14:13:33:   address: '0.0.0.0',
2026-06-10 14:13:33:   port: 5050
2026-06-10 14:13:33: }
2026-06-10 14:13:36: Error: listen EADDRINUSE: address already in use 0.0.0.0:5050
2026-06-10 14:13:36:     at Server.setupListenHandle [as _listen2] (node:net:2008:16)
2026-06-10 14:13:36:     at listenInCluster (node:net:2065:12)
2026-06-10 14:13:36:     at node:net:2274:7
2026-06-10 14:13:36:     at process.processTicksAndRejections (node:internal/process/task_queues:90:21) {
2026-06-10 14:13:36:   code: 'EADDRINUSE',
2026-06-10 14:13:36:   errno: -4091,
2026-06-10 14:13:36:   syscall: 'listen',
2026-06-10 14:13:36:   address: '0.0.0.0',
2026-06-10 14:13:36:   port: 5050
2026-06-10 14:13:36: }
2026-06-10 14:13:40: Error: listen EADDRINUSE: address already in use 0.0.0.0:5050
2026-06-10 14:13:40:     at Server.setupListenHandle [as _listen2] (node:net:2008:16)
2026-06-10 14:13:40:     at listenInCluster (node:net:2065:12)
2026-06-10 14:13:40:     at node:net:2274:7
2026-06-10 14:13:40:     at process.processTicksAndRejections (node:internal/process/task_queues:90:21) {
2026-06-10 14:13:40:   code: 'EADDRINUSE',
2026-06-10 14:13:40:   errno: -4091,
2026-06-10 14:13:40:   syscall: 'listen',
2026-06-10 14:13:40:   address: '0.0.0.0',
2026-06-10 14:13:40:   port: 5050
2026-06-10 14:13:40: }
2026-06-10 14:13:44: Error: listen EADDRINUSE: address already in use 0.0.0.0:5050
2026-06-10 14:13:44:     at Server.setupListenHandle [as _listen2] (node:net:2008:16)
2026-06-10 14:13:44:     at listenInCluster (node:net:2065:12)
2026-06-10 14:13:44:     at node:net:2274:7
2026-06-10 14:13:44:     at process.processTicksAndRejections (node:internal/process/task_queues:90:21) {
2026-06-10 14:13:44:   code: 'EADDRINUSE',
2026-06-10 14:13:44:   errno: -4091,
2026-06-10 14:13:44:   syscall: 'listen',
2026-06-10 14:13:44:   address: '0.0.0.0',
2026-06-10 14:13:44:   port: 5050
2026-06-10 14:13:44: }
2026-06-10 14:13:48: Error: listen EADDRINUSE: address already in use 0.0.0.0:5050
2026-06-10 14:13:48:     at Server.setupListenHandle [as _listen2] (node:net:2008:16)
2026-06-10 14:13:48:     at listenInCluster (node:net:2065:12)
2026-06-10 14:13:48:     at node:net:2274:7
2026-06-10 14:13:48:     at process.processTicksAndRejections (node:internal/process/task_queues:90:21) {
2026-06-10 14:13:48:   code: 'EADDRINUSE',
2026-06-10 14:13:48:   errno: -4091,
2026-06-10 14:13:48:   syscall: 'listen',
2026-06-10 14:13:48:   address: '0.0.0.0',
2026-06-10 14:13:48:   port: 5050
2026-06-10 14:13:48: }
2026-06-10 14:13:54: Error: listen EADDRINUSE: address already in use 0.0.0.0:5050
2026-06-10 14:13:54:     at Server.setupListenHandle [as _listen2] (node:net:2008:16)
2026-06-10 14:13:54:     at listenInCluster (node:net:2065:12)
2026-06-10 14:13:54:     at node:net:2274:7
2026-06-10 14:13:54:     at process.processTicksAndRejections (node:internal/process/task_queues:90:21) {
2026-06-10 14:13:54:   code: 'EADDRINUSE',
2026-06-10 14:13:54:   errno: -4091,
2026-06-10 14:13:54:   syscall: 'listen',
2026-06-10 14:13:54:   address: '0.0.0.0',
2026-06-10 14:13:54:   port: 5050
2026-06-10 14:13:54: }
2026-06-10 14:13:58: Error: listen EADDRINUSE: address already in use 0.0.0.0:5050
2026-06-10 14:13:58:     at Server.setupListenHandle [as _listen2] (node:net:2008:16)
2026-06-10 14:13:58:     at listenInCluster (node:net:2065:12)
2026-06-10 14:13:58:     at node:net:2274:7
2026-06-10 14:13:58:     at process.processTicksAndRejections (node:internal/process/task_queues:90:21) {
2026-06-10 14:13:58:   code: 'EADDRINUSE',
2026-06-10 14:13:58:   errno: -4091,
2026-06-10 14:13:58:   syscall: 'listen',
2026-06-10 14:13:58:   address: '0.0.0.0',
2026-06-10 14:13:58:   port: 5050
2026-06-10 14:13:58: }
2026-06-10 14:14:02: Error: listen EADDRINUSE: address already in use 0.0.0.0:5050
2026-06-10 14:14:02:     at Server.setupListenHandle [as _listen2] (node:net:2008:16)
2026-06-10 14:14:02:     at listenInCluster (node:net:2065:12)
2026-06-10 14:14:02:     at node:net:2274:7
2026-06-10 14:14:02:     at process.processTicksAndRejections (node:internal/process/task_queues:90:21) {
2026-06-10 14:14:02:   code: 'EADDRINUSE',
2026-06-10 14:14:02:   errno: -4091,
2026-06-10 14:14:02:   syscall: 'listen',
2026-06-10 14:14:02:   address: '0.0.0.0',
2026-06-10 14:14:02:   port: 5050
2026-06-10 14:14:02: }
2026-06-10 14:14:07: Error: listen EADDRINUSE: address already in use 0.0.0.0:5050
2026-06-10 14:14:07:     at Server.setupListenHandle [as _listen2] (node:net:2008:16)
2026-06-10 14:14:07:     at listenInCluster (node:net:2065:12)
2026-06-10 14:14:07:     at node:net:2274:7
2026-06-10 14:14:07:     at process.processTicksAndRejections (node:internal/process/task_queues:90:21) {
2026-06-10 14:14:07:   code: 'EADDRINUSE',
2026-06-10 14:14:07:   errno: -4091,
2026-06-10 14:14:07:   syscall: 'listen',
2026-06-10 14:14:07:   address: '0.0.0.0',
2026-06-10 14:14:07:   port: 5050
2026-06-10 14:14:07: }
2026-06-10 14:14:11: Error: listen EADDRINUSE: address already in use 0.0.0.0:5050
2026-06-10 14:14:11:     at Server.setupListenHandle [as _listen2] (node:net:2008:16)
2026-06-10 14:14:11:     at listenInCluster (node:net:2065:12)
2026-06-10 14:14:11:     at node:net:2274:7
2026-06-10 14:14:11:     at process.processTicksAndRejections (node:internal/process/task_queues:90:21) {
2026-06-10 14:14:11:   code: 'EADDRINUSE',
2026-06-10 14:14:11:   errno: -4091,
2026-06-10 14:14:11:   syscall: 'listen',
2026-06-10 14:14:11:   address: '0.0.0.0',
2026-06-10 14:14:11:   port: 5050
2026-06-10 14:14:11: }
2026-06-10 14:14:14: Error: listen EADDRINUSE: address already in use 0.0.0.0:5050
2026-06-10 14:14:14:     at Server.setupListenHandle [as _listen2] (node:net:2008:16)
2026-06-10 14:14:14:     at listenInCluster (node:net:2065:12)
2026-06-10 14:14:14:     at node:net:2274:7
2026-06-10 14:14:14:     at process.processTicksAndRejections (node:internal/process/task_queues:90:21) {
2026-06-10 14:14:14:   code: 'EADDRINUSE',
2026-06-10 14:14:14:   errno: -4091,
2026-06-10 14:14:14:   syscall: 'listen',
2026-06-10 14:14:14:   address: '0.0.0.0',
2026-06-10 14:14:14:   port: 5050
2026-06-10 14:14:14: }
2026-06-10 14:14:18: Error: listen EADDRINUSE: address already in use 0.0.0.0:5050
2026-06-10 14:14:18:     at Server.setupListenHandle [as _listen2] (node:net:2008:16)
2026-06-10 14:14:18:     at listenInCluster (node:net:2065:12)
2026-06-10 14:14:18:     at node:net:2274:7
2026-06-10 14:14:18:     at process.processTicksAndRejections (node:internal/process/task_queues:90:21) {
2026-06-10 14:14:18:   code: 'EADDRINUSE',
2026-06-10 14:14:18:   errno: -4091,
2026-06-10 14:14:18:   syscall: 'listen',
2026-06-10 14:14:18:   address: '0.0.0.0',
2026-06-10 14:14:18:   port: 5050
2026-06-10 14:14:18: }
2026-06-10 14:14:21: Error: listen EADDRINUSE: address already in use 0.0.0.0:5050
2026-06-10 14:14:21:     at Server.setupListenHandle [as _listen2] (node:net:2008:16)
2026-06-10 14:14:21:     at listenInCluster (node:net:2065:12)
2026-06-10 14:14:21:     at node:net:2274:7
2026-06-10 14:14:21:     at process.processTicksAndRejections (node:internal/process/task_queues:90:21) {
2026-06-10 14:14:21:   code: 'EADDRINUSE',
2026-06-10 14:14:21:   errno: -4091,
2026-06-10 14:14:21:   syscall: 'listen',
2026-06-10 14:14:21:   address: '0.0.0.0',
2026-06-10 14:14:21:   port: 5050
2026-06-10 14:14:21: }
2026-06-10 14:14:24: Error: listen EADDRINUSE: address already in use 0.0.0.0:5050
2026-06-10 14:14:24:     at Server.setupListenHandle [as _listen2] (node:net:2008:16)
2026-06-10 14:14:24:     at listenInCluster (node:net:2065:12)
2026-06-10 14:14:24:     at node:net:2274:7
2026-06-10 14:14:24:     at process.processTicksAndRejections (node:internal/process/task_queues:90:21) {
2026-06-10 14:14:24:   code: 'EADDRINUSE',
2026-06-10 14:14:24:   errno: -4091,
2026-06-10 14:14:24:   syscall: 'listen',
2026-06-10 14:14:24:   address: '0.0.0.0',
2026-06-10 14:14:24:   port: 5050
2026-06-10 14:14:24: }
2026-06-10 14:14:28: Error: listen EADDRINUSE: address already in use 0.0.0.0:5050
2026-06-10 14:14:28:     at Server.setupListenHandle [as _listen2] (node:net:2008:16)
2026-06-10 14:14:28:     at listenInCluster (node:net:2065:12)
2026-06-10 14:14:28:     at node:net:2274:7
2026-06-10 14:14:28:     at process.processTicksAndRejections (node:internal/process/task_queues:90:21) {
2026-06-10 14:14:28:   code: 'EADDRINUSE',
2026-06-10 14:14:28:   errno: -4091,
2026-06-10 14:14:28:   syscall: 'listen',
2026-06-10 14:14:28:   address: '0.0.0.0',
2026-06-10 14:14:28:   port: 5050
2026-06-10 14:14:28: }
2026-06-10 14:14:31: Error: listen EADDRINUSE: address already in use 0.0.0.0:5050
2026-06-10 14:14:31:     at Server.setupListenHandle [as _listen2] (node:net:2008:16)
2026-06-10 14:14:31:     at listenInCluster (node:net:2065:12)
2026-06-10 14:14:31:     at node:net:2274:7
2026-06-10 14:14:31:     at process.processTicksAndRejections (node:internal/process/task_queues:90:21) {
2026-06-10 14:14:31:   code: 'EADDRINUSE',
2026-06-10 14:14:31:   errno: -4091,
2026-06-10 14:14:31:   syscall: 'listen',
2026-06-10 14:14:31:   address: '0.0.0.0',
2026-06-10 14:14:31:   port: 5050
2026-06-10 14:14:31: }
2026-06-10 14:14:33: Error: listen EADDRINUSE: address already in use 0.0.0.0:5050
2026-06-10 14:14:33:     at Server.setupListenHandle [as _listen2] (node:net:2008:16)
2026-06-10 14:14:33:     at listenInCluster (node:net:2065:12)
2026-06-10 14:14:33:     at node:net:2274:7
2026-06-10 14:14:33:     at process.processTicksAndRejections (node:internal/process/task_queues:90:21) {
2026-06-10 14:14:33:   code: 'EADDRINUSE',
2026-06-10 14:14:33:   errno: -4091,
2026-06-10 14:14:33:   syscall: 'listen',
2026-06-10 14:14:33:   address: '0.0.0.0',
2026-06-10 14:14:33:   port: 5050
2026-06-10 14:14:33: }
2026-06-10 14:14:36: Error: listen EADDRINUSE: address already in use 0.0.0.0:5050
2026-06-10 14:14:36:     at Server.setupListenHandle [as _listen2] (node:net:2008:16)
2026-06-10 14:14:36:     at listenInCluster (node:net:2065:12)
2026-06-10 14:14:36:     at node:net:2274:7
2026-06-10 14:14:36:     at process.processTicksAndRejections (node:internal/process/task_queues:90:21) {
2026-06-10 14:14:36:   code: 'EADDRINUSE',
2026-06-10 14:14:36:   errno: -4091,
2026-06-10 14:14:36:   syscall: 'listen',
2026-06-10 14:14:36:   address: '0.0.0.0',
2026-06-10 14:14:36:   port: 5050
2026-06-10 14:14:36: }
2026-06-10 14:14:39: Error: listen EADDRINUSE: address already in use 0.0.0.0:5050
2026-06-10 14:14:39:     at Server.setupListenHandle [as _listen2] (node:net:2008:16)
2026-06-10 14:14:39:     at listenInCluster (node:net:2065:12)
2026-06-10 14:14:39:     at node:net:2274:7
2026-06-10 14:14:39:     at process.processTicksAndRejections (node:internal/process/task_queues:90:21) {
2026-06-10 14:14:39:   code: 'EADDRINUSE',
2026-06-10 14:14:39:   errno: -4091,
2026-06-10 14:14:39:   syscall: 'listen',
2026-06-10 14:14:39:   address: '0.0.0.0',
2026-06-10 14:14:39:   port: 5050
2026-06-10 14:14:39: }
2026-06-10 14:14:42: Error: listen EADDRINUSE: address already in use 0.0.0.0:5050
2026-06-10 14:14:42:     at Server.setupListenHandle [as _listen2] (node:net:2008:16)
2026-06-10 14:14:42:     at listenInCluster (node:net:2065:12)
2026-06-10 14:14:42:     at node:net:2274:7
2026-06-10 14:14:42:     at process.processTicksAndRejections (node:internal/process/task_queues:90:21) {
2026-06-10 14:14:42:   code: 'EADDRINUSE',
2026-06-10 14:14:42:   errno: -4091,
2026-06-10 14:14:42:   syscall: 'listen',
2026-06-10 14:14:42:   address: '0.0.0.0',
2026-06-10 14:14:42:   port: 5050
2026-06-10 14:14:42: }
2026-06-10 14:14:45: Error: listen EADDRINUSE: address already in use 0.0.0.0:5050
2026-06-10 14:14:45:     at Server.setupListenHandle [as _listen2] (node:net:2008:16)
2026-06-10 14:14:45:     at listenInCluster (node:net:2065:12)
2026-06-10 14:14:45:     at node:net:2274:7
2026-06-10 14:14:45:     at process.processTicksAndRejections (node:internal/process/task_queues:90:21) {
2026-06-10 14:14:45:   code: 'EADDRINUSE',
2026-06-10 14:14:45:   errno: -4091,
2026-06-10 14:14:45:   syscall: 'listen',
2026-06-10 14:14:45:   address: '0.0.0.0',
2026-06-10 14:14:45:   port: 5050
2026-06-10 14:14:45: }
2026-06-10 14:14:48: Error: listen EADDRINUSE: address already in use 0.0.0.0:5050
2026-06-10 14:14:48:     at Server.setupListenHandle [as _listen2] (node:net:2008:16)
2026-06-10 14:14:48:     at listenInCluster (node:net:2065:12)
2026-06-10 14:14:48:     at node:net:2274:7
2026-06-10 14:14:48:     at process.processTicksAndRejections (node:internal/process/task_queues:90:21) {
2026-06-10 14:14:48:   code: 'EADDRINUSE',
2026-06-10 14:14:48:   errno: -4091,
2026-06-10 14:14:48:   syscall: 'listen',
2026-06-10 14:14:48:   address: '0.0.0.0',
2026-06-10 14:14:48:   port: 5050
2026-06-10 14:14:48: }
2026-06-10 14:14:51: Error: listen EADDRINUSE: address already in use 0.0.0.0:5050
2026-06-10 14:14:51:     at Server.setupListenHandle [as _listen2] (node:net:2008:16)
2026-06-10 14:14:51:     at listenInCluster (node:net:2065:12)
2026-06-10 14:14:51:     at node:net:2274:7
2026-06-10 14:14:51:     at process.processTicksAndRejections (node:internal/process/task_queues:90:21) {
2026-06-10 14:14:51:   code: 'EADDRINUSE',
2026-06-10 14:14:51:   errno: -4091,
2026-06-10 14:14:51:   syscall: 'listen',
2026-06-10 14:14:51:   address: '0.0.0.0',
2026-06-10 14:14:51:   port: 5050
2026-06-10 14:14:51: }
2026-06-10 14:14:54: Error: listen EADDRINUSE: address already in use 0.0.0.0:5050
2026-06-10 14:14:54:     at Server.setupListenHandle [as _listen2] (node:net:2008:16)
2026-06-10 14:14:54:     at listenInCluster (node:net:2065:12)
2026-06-10 14:14:54:     at node:net:2274:7
2026-06-10 14:14:54:     at process.processTicksAndRejections (node:internal/process/task_queues:90:21) {
2026-06-10 14:14:54:   code: 'EADDRINUSE',
2026-06-10 14:14:54:   errno: -4091,
2026-06-10 14:14:54:   syscall: 'listen',
2026-06-10 14:14:54:   address: '0.0.0.0',
2026-06-10 14:14:54:   port: 5050
2026-06-10 14:14:54: }
2026-06-10 14:14:58: Error: listen EADDRINUSE: address already in use 0.0.0.0:5050
2026-06-10 14:14:58:     at Server.setupListenHandle [as _listen2] (node:net:2008:16)
2026-06-10 14:14:58:     at listenInCluster (node:net:2065:12)
2026-06-10 14:14:58:     at node:net:2274:7
2026-06-10 14:14:58:     at process.processTicksAndRejections (node:internal/process/task_queues:90:21) {
2026-06-10 14:14:58:   code: 'EADDRINUSE',
2026-06-10 14:14:58:   errno: -4091,
2026-06-10 14:14:58:   syscall: 'listen',
2026-06-10 14:14:58:   address: '0.0.0.0',
2026-06-10 14:14:58:   port: 5050
2026-06-10 14:14:58: }
2026-06-10 14:15:01: Error: listen EADDRINUSE: address already in use 0.0.0.0:5050
2026-06-10 14:15:01:     at Server.setupListenHandle [as _listen2] (node:net:2008:16)
2026-06-10 14:15:01:     at listenInCluster (node:net:2065:12)
2026-06-10 14:15:01:     at node:net:2274:7
2026-06-10 14:15:01:     at process.processTicksAndRejections (node:internal/process/task_queues:90:21) {
2026-06-10 14:15:01:   code: 'EADDRINUSE',
2026-06-10 14:15:01:   errno: -4091,
2026-06-10 14:15:01:   syscall: 'listen',
2026-06-10 14:15:01:   address: '0.0.0.0',
2026-06-10 14:15:01:   port: 5050
2026-06-10 14:15:01: }
2026-06-10 14:15:04: Error: listen EADDRINUSE: address already in use 0.0.0.0:5050
2026-06-10 14:15:04:     at Server.setupListenHandle [as _listen2] (node:net:2008:16)
2026-06-10 14:15:04:     at listenInCluster (node:net:2065:12)
2026-06-10 14:15:04:     at node:net:2274:7
2026-06-10 14:15:04:     at process.processTicksAndRejections (node:internal/process/task_queues:90:21) {
2026-06-10 14:15:04:   code: 'EADDRINUSE',
2026-06-10 14:15:04:   errno: -4091,
2026-06-10 14:15:04:   syscall: 'listen',
2026-06-10 14:15:04:   address: '0.0.0.0',
2026-06-10 14:15:04:   port: 5050
2026-06-10 14:15:04: }
2026-06-10 14:15:07: Error: listen EADDRINUSE: address already in use 0.0.0.0:5050
2026-06-10 14:15:07:     at Server.setupListenHandle [as _listen2] (node:net:2008:16)
2026-06-10 14:15:07:     at listenInCluster (node:net:2065:12)
2026-06-10 14:15:07:     at node:net:2274:7
2026-06-10 14:15:07:     at process.processTicksAndRejections (node:internal/process/task_queues:90:21) {
2026-06-10 14:15:07:   code: 'EADDRINUSE',
2026-06-10 14:15:07:   errno: -4091,
2026-06-10 14:15:07:   syscall: 'listen',
2026-06-10 14:15:07:   address: '0.0.0.0',
2026-06-10 14:15:07:   port: 5050
2026-06-10 14:15:07: }
2026-06-10 14:15:10: Error: listen EADDRINUSE: address already in use 0.0.0.0:5050
2026-06-10 14:15:10:     at Server.setupListenHandle [as _listen2] (node:net:2008:16)
2026-06-10 14:15:10:     at listenInCluster (node:net:2065:12)
2026-06-10 14:15:10:     at node:net:2274:7
2026-06-10 14:15:10:     at process.processTicksAndRejections (node:internal/process/task_queues:90:21) {
2026-06-10 14:15:10:   code: 'EADDRINUSE',
2026-06-10 14:15:10:   errno: -4091,
2026-06-10 14:15:10:   syscall: 'listen',
2026-06-10 14:15:10:   address: '0.0.0.0',
2026-06-10 14:15:10:   port: 5050
2026-06-10 14:15:10: }
2026-06-10 14:15:14: Error: listen EADDRINUSE: address already in use 0.0.0.0:5050
2026-06-10 14:15:14:     at Server.setupListenHandle [as _listen2] (node:net:2008:16)
2026-06-10 14:15:14:     at listenInCluster (node:net:2065:12)
2026-06-10 14:15:14:     at node:net:2274:7
2026-06-10 14:15:14:     at process.processTicksAndRejections (node:internal/process/task_queues:90:21) {
2026-06-10 14:15:14:   code: 'EADDRINUSE',
2026-06-10 14:15:14:   errno: -4091,
2026-06-10 14:15:14:   syscall: 'listen',
2026-06-10 14:15:14:   address: '0.0.0.0',
2026-06-10 14:15:14:   port: 5050
2026-06-10 14:15:14: }
2026-06-10 14:15:17: Error: listen EADDRINUSE: address already in use 0.0.0.0:5050
2026-06-10 14:15:17:     at Server.setupListenHandle [as _listen2] (node:net:2008:16)
2026-06-10 14:15:17:     at listenInCluster (node:net:2065:12)
2026-06-10 14:15:17:     at node:net:2274:7
2026-06-10 14:15:17:     at process.processTicksAndRejections (node:internal/process/task_queues:90:21) {
2026-06-10 14:15:17:   code: 'EADDRINUSE',
2026-06-10 14:15:17:   errno: -4091,
2026-06-10 14:15:17:   syscall: 'listen',
2026-06-10 14:15:17:   address: '0.0.0.0',
2026-06-10 14:15:17:   port: 5050
2026-06-10 14:15:17: }
2026-06-10 14:15:20: Error: listen EADDRINUSE: address already in use 0.0.0.0:5050
2026-06-10 14:15:20:     at Server.setupListenHandle [as _listen2] (node:net:2008:16)
2026-06-10 14:15:20:     at listenInCluster (node:net:2065:12)
2026-06-10 14:15:20:     at node:net:2274:7
2026-06-10 14:15:20:     at process.processTicksAndRejections (node:internal/process/task_queues:90:21) {
2026-06-10 14:15:20:   code: 'EADDRINUSE',
2026-06-10 14:15:20:   errno: -4091,
2026-06-10 14:15:20:   syscall: 'listen',
2026-06-10 14:15:20:   address: '0.0.0.0',
2026-06-10 14:15:20:   port: 5050
2026-06-10 14:15:20: }
2026-06-10 14:15:23: Error: listen EADDRINUSE: address already in use 0.0.0.0:5050
2026-06-10 14:15:23:     at Server.setupListenHandle [as _listen2] (node:net:2008:16)
2026-06-10 14:15:23:     at listenInCluster (node:net:2065:12)
2026-06-10 14:15:23:     at node:net:2274:7
2026-06-10 14:15:23:     at process.processTicksAndRejections (node:internal/process/task_queues:90:21) {
2026-06-10 14:15:23:   code: 'EADDRINUSE',
2026-06-10 14:15:23:   errno: -4091,
2026-06-10 14:15:23:   syscall: 'listen',
2026-06-10 14:15:23:   address: '0.0.0.0',
2026-06-10 14:15:23:   port: 5050
2026-06-10 14:15:23: }
2026-06-10 14:15:26: Error: listen EADDRINUSE: address already in use 0.0.0.0:5050
2026-06-10 14:15:26:     at Server.setupListenHandle [as _listen2] (node:net:2008:16)
2026-06-10 14:15:26:     at listenInCluster (node:net:2065:12)
2026-06-10 14:15:26:     at node:net:2274:7
2026-06-10 14:15:26:     at process.processTicksAndRejections (node:internal/process/task_queues:90:21) {
2026-06-10 14:15:26:   code: 'EADDRINUSE',
2026-06-10 14:15:26:   errno: -4091,
2026-06-10 14:15:26:   syscall: 'listen',
2026-06-10 14:15:26:   address: '0.0.0.0',
2026-06-10 14:15:26:   port: 5050
2026-06-10 14:15:26: }
2026-06-10 14:15:29: Error: listen EADDRINUSE: address already in use 0.0.0.0:5050
2026-06-10 14:15:29:     at Server.setupListenHandle [as _listen2] (node:net:2008:16)
2026-06-10 14:15:29:     at listenInCluster (node:net:2065:12)
2026-06-10 14:15:29:     at node:net:2274:7
2026-06-10 14:15:29:     at process.processTicksAndRejections (node:internal/process/task_queues:90:21) {
2026-06-10 14:15:29:   code: 'EADDRINUSE',
2026-06-10 14:15:29:   errno: -4091,
2026-06-10 14:15:29:   syscall: 'listen',
2026-06-10 14:15:29:   address: '0.0.0.0',
2026-06-10 14:15:29:   port: 5050
2026-06-10 14:15:29: }
2026-06-10 14:15:32: Error: listen EADDRINUSE: address already in use 0.0.0.0:5050
2026-06-10 14:15:32:     at Server.setupListenHandle [as _listen2] (node:net:2008:16)
2026-06-10 14:15:32:     at listenInCluster (node:net:2065:12)
2026-06-10 14:15:32:     at node:net:2274:7
2026-06-10 14:15:32:     at process.processTicksAndRejections (node:internal/process/task_queues:90:21) {
2026-06-10 14:15:32:   code: 'EADDRINUSE',
2026-06-10 14:15:32:   errno: -4091,
2026-06-10 14:15:32:   syscall: 'listen',
2026-06-10 14:15:32:   address: '0.0.0.0',
2026-06-10 14:15:32:   port: 5050
2026-06-10 14:15:32: }
2026-06-10 14:15:35: Error: listen EADDRINUSE: address already in use 0.0.0.0:5050
2026-06-10 14:15:35:     at Server.setupListenHandle [as _listen2] (node:net:2008:16)
2026-06-10 14:15:35:     at listenInCluster (node:net:2065:12)
2026-06-10 14:15:35:     at node:net:2274:7
2026-06-10 14:15:35:     at process.processTicksAndRejections (node:internal/process/task_queues:90:21) {
2026-06-10 14:15:35:   code: 'EADDRINUSE',
2026-06-10 14:15:35:   errno: -4091,
2026-06-10 14:15:35:   syscall: 'listen',
2026-06-10 14:15:35:   address: '0.0.0.0',
2026-06-10 14:15:35:   port: 5050
2026-06-10 14:15:35: }
2026-06-10 14:15:37: Error: listen EADDRINUSE: address already in use 0.0.0.0:5050
2026-06-10 14:15:37:     at Server.setupListenHandle [as _listen2] (node:net:2008:16)
2026-06-10 14:15:37:     at listenInCluster (node:net:2065:12)
2026-06-10 14:15:37:     at node:net:2274:7
2026-06-10 14:15:37:     at process.processTicksAndRejections (node:internal/process/task_queues:90:21) {
2026-06-10 14:15:37:   code: 'EADDRINUSE',
2026-06-10 14:15:37:   errno: -4091,
2026-06-10 14:15:37:   syscall: 'listen',
2026-06-10 14:15:37:   address: '0.0.0.0',
2026-06-10 14:15:37:   port: 5050
2026-06-10 14:15:37: }
2026-06-10 14:15:39: Error: listen EADDRINUSE: address already in use 0.0.0.0:5050
2026-06-10 14:15:39:     at Server.setupListenHandle [as _listen2] (node:net:2008:16)
2026-06-10 14:15:39:     at listenInCluster (node:net:2065:12)
2026-06-10 14:15:39:     at node:net:2274:7
2026-06-10 14:15:39:     at process.processTicksAndRejections (node:internal/process/task_queues:90:21) {
2026-06-10 14:15:39:   code: 'EADDRINUSE',
2026-06-10 14:15:39:   errno: -4091,
2026-06-10 14:15:39:   syscall: 'listen',
2026-06-10 14:15:39:   address: '0.0.0.0',
2026-06-10 14:15:39:   port: 5050
2026-06-10 14:15:39: }
2026-06-10 14:15:43: Error: listen EADDRINUSE: address already in use 0.0.0.0:5050
2026-06-10 14:15:43:     at Server.setupListenHandle [as _listen2] (node:net:2008:16)
2026-06-10 14:15:43:     at listenInCluster (node:net:2065:12)
2026-06-10 14:15:43:     at node:net:2274:7
2026-06-10 14:15:43:     at process.processTicksAndRejections (node:internal/process/task_queues:90:21) {
2026-06-10 14:15:43:   code: 'EADDRINUSE',
2026-06-10 14:15:43:   errno: -4091,
2026-06-10 14:15:43:   syscall: 'listen',
2026-06-10 14:15:43:   address: '0.0.0.0',
2026-06-10 14:15:43:   port: 5050
2026-06-10 14:15:43: }
2026-06-10 14:15:45: Error: listen EADDRINUSE: address already in use 0.0.0.0:5050
2026-06-10 14:15:45:     at Server.setupListenHandle [as _listen2] (node:net:2008:16)
2026-06-10 14:15:45:     at listenInCluster (node:net:2065:12)
2026-06-10 14:15:45:     at node:net:2274:7
2026-06-10 14:15:45:     at process.processTicksAndRejections (node:internal/process/task_queues:90:21) {
2026-06-10 14:15:45:   code: 'EADDRINUSE',
2026-06-10 14:15:45:   errno: -4091,
2026-06-10 14:15:45:   syscall: 'listen',
2026-06-10 14:15:45:   address: '0.0.0.0',
2026-06-10 14:15:45:   port: 5050
2026-06-10 14:15:45: }
2026-06-10 14:15:48: Error: listen EADDRINUSE: address already in use 0.0.0.0:5050
2026-06-10 14:15:48:     at Server.setupListenHandle [as _listen2] (node:net:2008:16)
2026-06-10 14:15:48:     at listenInCluster (node:net:2065:12)
2026-06-10 14:15:48:     at node:net:2274:7
2026-06-10 14:15:48:     at process.processTicksAndRejections (node:internal/process/task_queues:90:21) {
2026-06-10 14:15:48:   code: 'EADDRINUSE',
2026-06-10 14:15:48:   errno: -4091,
2026-06-10 14:15:48:   syscall: 'listen',
2026-06-10 14:15:48:   address: '0.0.0.0',
2026-06-10 14:15:48:   port: 5050
2026-06-10 14:15:48: }
2026-06-10 14:15:51: Error: listen EADDRINUSE: address already in use 0.0.0.0:5050
2026-06-10 14:15:51:     at Server.setupListenHandle [as _listen2] (node:net:2008:16)
2026-06-10 14:15:51:     at listenInCluster (node:net:2065:12)
2026-06-10 14:15:51:     at node:net:2274:7
2026-06-10 14:15:51:     at process.processTicksAndRejections (node:internal/process/task_queues:90:21) {
2026-06-10 14:15:51:   code: 'EADDRINUSE',
2026-06-10 14:15:51:   errno: -4091,
2026-06-10 14:15:51:   syscall: 'listen',
2026-06-10 14:15:51:   address: '0.0.0.0',
2026-06-10 14:15:51:   port: 5050
2026-06-10 14:15:51: }
2026-06-10 14:15:55: Error: listen EADDRINUSE: address already in use 0.0.0.0:5050
2026-06-10 14:15:55:     at Server.setupListenHandle [as _listen2] (node:net:2008:16)
2026-06-10 14:15:55:     at listenInCluster (node:net:2065:12)
2026-06-10 14:15:55:     at node:net:2274:7
2026-06-10 14:15:55:     at process.processTicksAndRejections (node:internal/process/task_queues:90:21) {
2026-06-10 14:15:55:   code: 'EADDRINUSE',
2026-06-10 14:15:55:   errno: -4091,
2026-06-10 14:15:55:   syscall: 'listen',
2026-06-10 14:15:55:   address: '0.0.0.0',
2026-06-10 14:15:55:   port: 5050
2026-06-10 14:15:55: }
2026-06-10 14:15:59: Error: listen EADDRINUSE: address already in use 0.0.0.0:5050
2026-06-10 14:15:59:     at Server.setupListenHandle [as _listen2] (node:net:2008:16)
2026-06-10 14:15:59:     at listenInCluster (node:net:2065:12)
2026-06-10 14:15:59:     at node:net:2274:7
2026-06-10 14:15:59:     at process.processTicksAndRejections (node:internal/process/task_queues:90:21) {
2026-06-10 14:15:59:   code: 'EADDRINUSE',
2026-06-10 14:15:59:   errno: -4091,
2026-06-10 14:15:59:   syscall: 'listen',
2026-06-10 14:15:59:   address: '0.0.0.0',
2026-06-10 14:15:59:   port: 5050
2026-06-10 14:15:59: }
2026-06-10 14:16:04: Error: listen EADDRINUSE: address already in use 0.0.0.0:5050
2026-06-10 14:16:04:     at Server.setupListenHandle [as _listen2] (node:net:2008:16)
2026-06-10 14:16:04:     at listenInCluster (node:net:2065:12)
2026-06-10 14:16:04:     at node:net:2274:7
2026-06-10 14:16:04:     at process.processTicksAndRejections (node:internal/process/task_queues:90:21) {
2026-06-10 14:16:04:   code: 'EADDRINUSE',
2026-06-10 14:16:04:   errno: -4091,
2026-06-10 14:16:04:   syscall: 'listen',
2026-06-10 14:16:04:   address: '0.0.0.0',
2026-06-10 14:16:04:   port: 5050
2026-06-10 14:16:04: }
2026-06-10 14:16:09: Error: listen EADDRINUSE: address already in use 0.0.0.0:5050
2026-06-10 14:16:09:     at Server.setupListenHandle [as _listen2] (node:net:2008:16)
2026-06-10 14:16:09:     at listenInCluster (node:net:2065:12)
2026-06-10 14:16:09:     at node:net:2274:7
2026-06-10 14:16:09:     at process.processTicksAndRejections (node:internal/process/task_queues:90:21) {
2026-06-10 14:16:09:   code: 'EADDRINUSE',
2026-06-10 14:16:09:   errno: -4091,
2026-06-10 14:16:09:   syscall: 'listen',
2026-06-10 14:16:09:   address: '0.0.0.0',
2026-06-10 14:16:09:   port: 5050
2026-06-10 14:16:09: }
2026-06-10 14:16:13: Error: listen EADDRINUSE: address already in use 0.0.0.0:5050
2026-06-10 14:16:13:     at Server.setupListenHandle [as _listen2] (node:net:2008:16)
2026-06-10 14:16:13:     at listenInCluster (node:net:2065:12)
2026-06-10 14:16:13:     at node:net:2274:7
2026-06-10 14:16:13:     at process.processTicksAndRejections (node:internal/process/task_queues:90:21) {
2026-06-10 14:16:13:   code: 'EADDRINUSE',
2026-06-10 14:16:13:   errno: -4091,
2026-06-10 14:16:13:   syscall: 'listen',
2026-06-10 14:16:13:   address: '0.0.0.0',
2026-06-10 14:16:13:   port: 5050
2026-06-10 14:16:13: }
2026-06-10 14:16:17: Error: listen EADDRINUSE: address already in use 0.0.0.0:5050
2026-06-10 14:16:17:     at Server.setupListenHandle [as _listen2] (node:net:2008:16)
2026-06-10 14:16:17:     at listenInCluster (node:net:2065:12)
2026-06-10 14:16:17:     at node:net:2274:7
2026-06-10 14:16:17:     at process.processTicksAndRejections (node:internal/process/task_queues:90:21) {
2026-06-10 14:16:17:   code: 'EADDRINUSE',
2026-06-10 14:16:17:   errno: -4091,
2026-06-10 14:16:17:   syscall: 'listen',
2026-06-10 14:16:17:   address: '0.0.0.0',
2026-06-10 14:16:17:   port: 5050
2026-06-10 14:16:17: }
2026-06-10 14:16:21: Error: listen EADDRINUSE: address already in use 0.0.0.0:5050
2026-06-10 14:16:21:     at Server.setupListenHandle [as _listen2] (node:net:2008:16)
2026-06-10 14:16:21:     at listenInCluster (node:net:2065:12)
2026-06-10 14:16:21:     at node:net:2274:7
2026-06-10 14:16:21:     at process.processTicksAndRejections (node:internal/process/task_queues:90:21) {
2026-06-10 14:16:21:   code: 'EADDRINUSE',
2026-06-10 14:16:21:   errno: -4091,
2026-06-10 14:16:21:   syscall: 'listen',
2026-06-10 14:16:21:   address: '0.0.0.0',
2026-06-10 14:16:21:   port: 5050
2026-06-10 14:16:21: }
2026-06-10 14:16:25: Error: listen EADDRINUSE: address already in use 0.0.0.0:5050
2026-06-10 14:16:25:     at Server.setupListenHandle [as _listen2] (node:net:2008:16)
2026-06-10 14:16:25:     at listenInCluster (node:net:2065:12)
2026-06-10 14:16:25:     at node:net:2274:7
2026-06-10 14:16:25:     at process.processTicksAndRejections (node:internal/process/task_queues:90:21) {
2026-06-10 14:16:25:   code: 'EADDRINUSE',
2026-06-10 14:16:25:   errno: -4091,
2026-06-10 14:16:25:   syscall: 'listen',
2026-06-10 14:16:25:   address: '0.0.0.0',
2026-06-10 14:16:25:   port: 5050
2026-06-10 14:16:25: }
2026-06-10 14:16:28: Error: listen EADDRINUSE: address already in use 0.0.0.0:5050
2026-06-10 14:16:28:     at Server.setupListenHandle [as _listen2] (node:net:2008:16)
2026-06-10 14:16:28:     at listenInCluster (node:net:2065:12)
2026-06-10 14:16:28:     at node:net:2274:7
2026-06-10 14:16:28:     at process.processTicksAndRejections (node:internal/process/task_queues:90:21) {
2026-06-10 14:16:28:   code: 'EADDRINUSE',
2026-06-10 14:16:28:   errno: -4091,
2026-06-10 14:16:28:   syscall: 'listen',
2026-06-10 14:16:28:   address: '0.0.0.0',
2026-06-10 14:16:28:   port: 5050
2026-06-10 14:16:28: }
2026-06-10 14:16:32: Error: listen EADDRINUSE: address already in use 0.0.0.0:5050
2026-06-10 14:16:32:     at Server.setupListenHandle [as _listen2] (node:net:2008:16)
2026-06-10 14:16:32:     at listenInCluster (node:net:2065:12)
2026-06-10 14:16:32:     at node:net:2274:7
2026-06-10 14:16:32:     at process.processTicksAndRejections (node:internal/process/task_queues:90:21) {
2026-06-10 14:16:32:   code: 'EADDRINUSE',
2026-06-10 14:16:32:   errno: -4091,
2026-06-10 14:16:32:   syscall: 'listen',
2026-06-10 14:16:32:   address: '0.0.0.0',
2026-06-10 14:16:32:   port: 5050
2026-06-10 14:16:32: }
2026-06-10 14:16:36: Error: listen EADDRINUSE: address already in use 0.0.0.0:5050
2026-06-10 14:16:36:     at Server.setupListenHandle [as _listen2] (node:net:2008:16)
2026-06-10 14:16:36:     at listenInCluster (node:net:2065:12)
2026-06-10 14:16:36:     at node:net:2274:7
2026-06-10 14:16:36:     at process.processTicksAndRejections (node:internal/process/task_queues:90:21) {
2026-06-10 14:16:36:   code: 'EADDRINUSE',
2026-06-10 14:16:36:   errno: -4091,
2026-06-10 14:16:36:   syscall: 'listen',
2026-06-10 14:16:36:   address: '0.0.0.0',
2026-06-10 14:16:36:   port: 5050
2026-06-10 14:16:36: }
2026-06-10 14:16:39: Error: listen EADDRINUSE: address already in use 0.0.0.0:5050
2026-06-10 14:16:39:     at Server.setupListenHandle [as _listen2] (node:net:2008:16)
2026-06-10 14:16:39:     at listenInCluster (node:net:2065:12)
2026-06-10 14:16:39:     at node:net:2274:7
2026-06-10 14:16:39:     at process.processTicksAndRejections (node:internal/process/task_queues:90:21) {
2026-06-10 14:16:39:   code: 'EADDRINUSE',
2026-06-10 14:16:39:   errno: -4091,
2026-06-10 14:16:39:   syscall: 'listen',
2026-06-10 14:16:39:   address: '0.0.0.0',
2026-06-10 14:16:39:   port: 5050
2026-06-10 14:16:39: }
2026-06-10 14:16:42: Error: listen EADDRINUSE: address already in use 0.0.0.0:5050
2026-06-10 14:16:42:     at Server.setupListenHandle [as _listen2] (node:net:2008:16)
2026-06-10 14:16:42:     at listenInCluster (node:net:2065:12)
2026-06-10 14:16:42:     at node:net:2274:7
2026-06-10 14:16:42:     at process.processTicksAndRejections (node:internal/process/task_queues:90:21) {
2026-06-10 14:16:42:   code: 'EADDRINUSE',
2026-06-10 14:16:42:   errno: -4091,
2026-06-10 14:16:42:   syscall: 'listen',
2026-06-10 14:16:42:   address: '0.0.0.0',
2026-06-10 14:16:42:   port: 5050
2026-06-10 14:16:42: }
2026-06-10 14:16:46: Error: listen EADDRINUSE: address already in use 0.0.0.0:5050
2026-06-10 14:16:46:     at Server.setupListenHandle [as _listen2] (node:net:2008:16)
2026-06-10 14:16:46:     at listenInCluster (node:net:2065:12)
2026-06-10 14:16:46:     at node:net:2274:7
2026-06-10 14:16:46:     at process.processTicksAndRejections (node:internal/process/task_queues:90:21) {
2026-06-10 14:16:46:   code: 'EADDRINUSE',
2026-06-10 14:16:46:   errno: -4091,
2026-06-10 14:16:46:   syscall: 'listen',
2026-06-10 14:16:46:   address: '0.0.0.0',
2026-06-10 14:16:46:   port: 5050
2026-06-10 14:16:46: }
2026-06-10 14:16:49: Error: listen EADDRINUSE: address already in use 0.0.0.0:5050
2026-06-10 14:16:49:     at Server.setupListenHandle [as _listen2] (node:net:2008:16)
2026-06-10 14:16:49:     at listenInCluster (node:net:2065:12)
2026-06-10 14:16:49:     at node:net:2274:7
2026-06-10 14:16:49:     at process.processTicksAndRejections (node:internal/process/task_queues:90:21) {
2026-06-10 14:16:49:   code: 'EADDRINUSE',
2026-06-10 14:16:49:   errno: -4091,
2026-06-10 14:16:49:   syscall: 'listen',
2026-06-10 14:16:49:   address: '0.0.0.0',
2026-06-10 14:16:49:   port: 5050
2026-06-10 14:16:49: }
2026-06-10 14:16:52: Error: listen EADDRINUSE: address already in use 0.0.0.0:5050
2026-06-10 14:16:52:     at Server.setupListenHandle [as _listen2] (node:net:2008:16)
2026-06-10 14:16:52:     at listenInCluster (node:net:2065:12)
2026-06-10 14:16:52:     at node:net:2274:7
2026-06-10 14:16:52:     at process.processTicksAndRejections (node:internal/process/task_queues:90:21) {
2026-06-10 14:16:52:   code: 'EADDRINUSE',
2026-06-10 14:16:52:   errno: -4091,
2026-06-10 14:16:52:   syscall: 'listen',
2026-06-10 14:16:52:   address: '0.0.0.0',
2026-06-10 14:16:52:   port: 5050
2026-06-10 14:16:52: }
2026-06-10 14:16:55: Error: listen EADDRINUSE: address already in use 0.0.0.0:5050
2026-06-10 14:16:55:     at Server.setupListenHandle [as _listen2] (node:net:2008:16)
2026-06-10 14:16:55:     at listenInCluster (node:net:2065:12)
2026-06-10 14:16:55:     at node:net:2274:7
2026-06-10 14:16:55:     at process.processTicksAndRejections (node:internal/process/task_queues:90:21) {
2026-06-10 14:16:55:   code: 'EADDRINUSE',
2026-06-10 14:16:55:   errno: -4091,
2026-06-10 14:16:55:   syscall: 'listen',
2026-06-10 14:16:55:   address: '0.0.0.0',
2026-06-10 14:16:55:   port: 5050
2026-06-10 14:16:55: }
2026-06-10 14:16:59: Error: listen EADDRINUSE: address already in use 0.0.0.0:5050
2026-06-10 14:16:59:     at Server.setupListenHandle [as _listen2] (node:net:2008:16)
2026-06-10 14:16:59:     at listenInCluster (node:net:2065:12)
2026-06-10 14:16:59:     at node:net:2274:7
2026-06-10 14:16:59:     at process.processTicksAndRejections (node:internal/process/task_queues:90:21) {
2026-06-10 14:16:59:   code: 'EADDRINUSE',
2026-06-10 14:16:59:   errno: -4091,
2026-06-10 14:16:59:   syscall: 'listen',
2026-06-10 14:16:59:   address: '0.0.0.0',
2026-06-10 14:16:59:   port: 5050
2026-06-10 14:16:59: }
2026-06-10 14:17:02: Error: listen EADDRINUSE: address already in use 0.0.0.0:5050
2026-06-10 14:17:02:     at Server.setupListenHandle [as _listen2] (node:net:2008:16)
2026-06-10 14:17:02:     at listenInCluster (node:net:2065:12)
2026-06-10 14:17:02:     at node:net:2274:7
2026-06-10 14:17:02:     at process.processTicksAndRejections (node:internal/process/task_queues:90:21) {
2026-06-10 14:17:02:   code: 'EADDRINUSE',
2026-06-10 14:17:02:   errno: -4091,
2026-06-10 14:17:02:   syscall: 'listen',
2026-06-10 14:17:02:   address: '0.0.0.0',
2026-06-10 14:17:02:   port: 5050
2026-06-10 14:17:02: }
2026-06-10 14:17:05: Error: listen EADDRINUSE: address already in use 0.0.0.0:5050
2026-06-10 14:17:05:     at Server.setupListenHandle [as _listen2] (node:net:2008:16)
2026-06-10 14:17:05:     at listenInCluster (node:net:2065:12)
2026-06-10 14:17:05:     at node:net:2274:7
2026-06-10 14:17:05:     at process.processTicksAndRejections (node:internal/process/task_queues:90:21) {
2026-06-10 14:17:05:   code: 'EADDRINUSE',
2026-06-10 14:17:05:   errno: -4091,
2026-06-10 14:17:05:   syscall: 'listen',
2026-06-10 14:17:05:   address: '0.0.0.0',
2026-06-10 14:17:05:   port: 5050
2026-06-10 14:17:05: }
2026-06-10 14:17:08: Error: listen EADDRINUSE: address already in use 0.0.0.0:5050
2026-06-10 14:17:08:     at Server.setupListenHandle [as _listen2] (node:net:2008:16)
2026-06-10 14:17:08:     at listenInCluster (node:net:2065:12)
2026-06-10 14:17:08:     at node:net:2274:7
2026-06-10 14:17:08:     at process.processTicksAndRejections (node:internal/process/task_queues:90:21) {
2026-06-10 14:17:08:   code: 'EADDRINUSE',
2026-06-10 14:17:08:   errno: -4091,
2026-06-10 14:17:08:   syscall: 'listen',
2026-06-10 14:17:08:   address: '0.0.0.0',
2026-06-10 14:17:08:   port: 5050
2026-06-10 14:17:08: }
2026-06-10 14:17:11: Error: listen EADDRINUSE: address already in use 0.0.0.0:5050
2026-06-10 14:17:11:     at Server.setupListenHandle [as _listen2] (node:net:2008:16)
2026-06-10 14:17:11:     at listenInCluster (node:net:2065:12)
2026-06-10 14:17:11:     at node:net:2274:7
2026-06-10 14:17:11:     at process.processTicksAndRejections (node:internal/process/task_queues:90:21) {
2026-06-10 14:17:11:   code: 'EADDRINUSE',
2026-06-10 14:17:11:   errno: -4091,
2026-06-10 14:17:11:   syscall: 'listen',
2026-06-10 14:17:11:   address: '0.0.0.0',
2026-06-10 14:17:11:   port: 5050
2026-06-10 14:17:11: }
2026-06-10 14:17:14: Error: listen EADDRINUSE: address already in use 0.0.0.0:5050
2026-06-10 14:17:14:     at Server.setupListenHandle [as _listen2] (node:net:2008:16)
2026-06-10 14:17:14:     at listenInCluster (node:net:2065:12)
2026-06-10 14:17:14:     at node:net:2274:7
2026-06-10 14:17:14:     at process.processTicksAndRejections (node:internal/process/task_queues:90:21) {
2026-06-10 14:17:14:   code: 'EADDRINUSE',
2026-06-10 14:17:14:   errno: -4091,
2026-06-10 14:17:14:   syscall: 'listen',
2026-06-10 14:17:14:   address: '0.0.0.0',
2026-06-10 14:17:14:   port: 5050
2026-06-10 14:17:14: }
2026-06-10 14:17:17: Error: listen EADDRINUSE: address already in use 0.0.0.0:5050
2026-06-10 14:17:17:     at Server.setupListenHandle [as _listen2] (node:net:2008:16)
2026-06-10 14:17:17:     at listenInCluster (node:net:2065:12)
2026-06-10 14:17:17:     at node:net:2274:7
2026-06-10 14:17:17:     at process.processTicksAndRejections (node:internal/process/task_queues:90:21) {
2026-06-10 14:17:17:   code: 'EADDRINUSE',
2026-06-10 14:17:17:   errno: -4091,
2026-06-10 14:17:17:   syscall: 'listen',
2026-06-10 14:17:17:   address: '0.0.0.0',
2026-06-10 14:17:17:   port: 5050
2026-06-10 14:17:17: }
2026-06-10 14:17:19: Error: listen EADDRINUSE: address already in use 0.0.0.0:5050
2026-06-10 14:17:19:     at Server.setupListenHandle [as _listen2] (node:net:2008:16)
2026-06-10 14:17:19:     at listenInCluster (node:net:2065:12)
2026-06-10 14:17:19:     at node:net:2274:7
2026-06-10 14:17:19:     at process.processTicksAndRejections (node:internal/process/task_queues:90:21) {
2026-06-10 14:17:19:   code: 'EADDRINUSE',
2026-06-10 14:17:19:   errno: -4091,
2026-06-10 14:17:19:   syscall: 'listen',
2026-06-10 14:17:19:   address: '0.0.0.0',
2026-06-10 14:17:19:   port: 5050
2026-06-10 14:17:19: }
2026-06-10 14:17:23: Error: listen EADDRINUSE: address already in use 0.0.0.0:5050
2026-06-10 14:17:23:     at Server.setupListenHandle [as _listen2] (node:net:2008:16)
2026-06-10 14:17:23:     at listenInCluster (node:net:2065:12)
2026-06-10 14:17:23:     at node:net:2274:7
2026-06-10 14:17:23:     at process.processTicksAndRejections (node:internal/process/task_queues:90:21) {
2026-06-10 14:17:23:   code: 'EADDRINUSE',
2026-06-10 14:17:23:   errno: -4091,
2026-06-10 14:17:23:   syscall: 'listen',
2026-06-10 14:17:23:   address: '0.0.0.0',
2026-06-10 14:17:23:   port: 5050
2026-06-10 14:17:23: }
2026-06-10 14:17:26: Error: listen EADDRINUSE: address already in use 0.0.0.0:5050
2026-06-10 14:17:26:     at Server.setupListenHandle [as _listen2] (node:net:2008:16)
2026-06-10 14:17:26:     at listenInCluster (node:net:2065:12)
2026-06-10 14:17:26:     at node:net:2274:7
2026-06-10 14:17:26:     at process.processTicksAndRejections (node:internal/process/task_queues:90:21) {
2026-06-10 14:17:26:   code: 'EADDRINUSE',
2026-06-10 14:17:26:   errno: -4091,
2026-06-10 14:17:26:   syscall: 'listen',
2026-06-10 14:17:26:   address: '0.0.0.0',
2026-06-10 14:17:26:   port: 5050
2026-06-10 14:17:26: }
2026-06-10 14:17:29: Error: listen EADDRINUSE: address already in use 0.0.0.0:5050
2026-06-10 14:17:29:     at Server.setupListenHandle [as _listen2] (node:net:2008:16)
2026-06-10 14:17:29:     at listenInCluster (node:net:2065:12)
2026-06-10 14:17:29:     at node:net:2274:7
2026-06-10 14:17:29:     at process.processTicksAndRejections (node:internal/process/task_queues:90:21) {
2026-06-10 14:17:29:   code: 'EADDRINUSE',
2026-06-10 14:17:29:   errno: -4091,
2026-06-10 14:17:29:   syscall: 'listen',
2026-06-10 14:17:29:   address: '0.0.0.0',
2026-06-10 14:17:29:   port: 5050
2026-06-10 14:17:29: }
2026-06-10 14:17:32: Error: listen EADDRINUSE: address already in use 0.0.0.0:5050
2026-06-10 14:17:32:     at Server.setupListenHandle [as _listen2] (node:net:2008:16)
2026-06-10 14:17:32:     at listenInCluster (node:net:2065:12)
2026-06-10 14:17:32:     at node:net:2274:7
2026-06-10 14:17:32:     at process.processTicksAndRejections (node:internal/process/task_queues:90:21) {
2026-06-10 14:17:32:   code: 'EADDRINUSE',
2026-06-10 14:17:32:   errno: -4091,
2026-06-10 14:17:32:   syscall: 'listen',
2026-06-10 14:17:32:   address: '0.0.0.0',
2026-06-10 14:17:32:   port: 5050
2026-06-10 14:17:32: }
2026-06-10 14:17:35: Error: listen EADDRINUSE: address already in use 0.0.0.0:5050
2026-06-10 14:17:35:     at Server.setupListenHandle [as _listen2] (node:net:2008:16)
2026-06-10 14:17:35:     at listenInCluster (node:net:2065:12)
2026-06-10 14:17:35:     at node:net:2274:7
2026-06-10 14:17:35:     at process.processTicksAndRejections (node:internal/process/task_queues:90:21) {
2026-06-10 14:17:35:   code: 'EADDRINUSE',
2026-06-10 14:17:35:   errno: -4091,
2026-06-10 14:17:35:   syscall: 'listen',
2026-06-10 14:17:35:   address: '0.0.0.0',
2026-06-10 14:17:35:   port: 5050
2026-06-10 14:17:35: }
2026-06-10 14:17:40: Error: listen EADDRINUSE: address already in use 0.0.0.0:5050
2026-06-10 14:17:40:     at Server.setupListenHandle [as _listen2] (node:net:2008:16)
2026-06-10 14:17:40:     at listenInCluster (node:net:2065:12)
2026-06-10 14:17:40:     at node:net:2274:7
2026-06-10 14:17:40:     at process.processTicksAndRejections (node:internal/process/task_queues:90:21) {
2026-06-10 14:17:40:   code: 'EADDRINUSE',
2026-06-10 14:17:40:   errno: -4091,
2026-06-10 14:17:40:   syscall: 'listen',
2026-06-10 14:17:40:   address: '0.0.0.0',
2026-06-10 14:17:40:   port: 5050
2026-06-10 14:17:40: }
2026-06-10 14:17:43: Error: listen EADDRINUSE: address already in use 0.0.0.0:5050
2026-06-10 14:17:43:     at Server.setupListenHandle [as _listen2] (node:net:2008:16)
2026-06-10 14:17:43:     at listenInCluster (node:net:2065:12)
2026-06-10 14:17:43:     at node:net:2274:7
2026-06-10 14:17:43:     at process.processTicksAndRejections (node:internal/process/task_queues:90:21) {
2026-06-10 14:17:43:   code: 'EADDRINUSE',
2026-06-10 14:17:43:   errno: -4091,
2026-06-10 14:17:43:   syscall: 'listen',
2026-06-10 14:17:43:   address: '0.0.0.0',
2026-06-10 14:17:43:   port: 5050
2026-06-10 14:17:43: }
2026-06-10 14:17:46: Error: listen EADDRINUSE: address already in use 0.0.0.0:5050
2026-06-10 14:17:46:     at Server.setupListenHandle [as _listen2] (node:net:2008:16)
2026-06-10 14:17:46:     at listenInCluster (node:net:2065:12)
2026-06-10 14:17:46:     at node:net:2274:7
2026-06-10 14:17:46:     at process.processTicksAndRejections (node:internal/process/task_queues:90:21) {
2026-06-10 14:17:46:   code: 'EADDRINUSE',
2026-06-10 14:17:46:   errno: -4091,
2026-06-10 14:17:46:   syscall: 'listen',
2026-06-10 14:17:46:   address: '0.0.0.0',
2026-06-10 14:17:46:   port: 5050
2026-06-10 14:17:46: }
2026-06-10 14:17:49: Error: listen EADDRINUSE: address already in use 0.0.0.0:5050
2026-06-10 14:17:49:     at Server.setupListenHandle [as _listen2] (node:net:2008:16)
2026-06-10 14:17:49:     at listenInCluster (node:net:2065:12)
2026-06-10 14:17:49:     at node:net:2274:7
2026-06-10 14:17:49:     at process.processTicksAndRejections (node:internal/process/task_queues:90:21) {
2026-06-10 14:17:49:   code: 'EADDRINUSE',
2026-06-10 14:17:49:   errno: -4091,
2026-06-10 14:17:49:   syscall: 'listen',
2026-06-10 14:17:49:   address: '0.0.0.0',
2026-06-10 14:17:49:   port: 5050
2026-06-10 14:17:49: }
2026-06-10 14:17:53: Error: listen EADDRINUSE: address already in use 0.0.0.0:5050
2026-06-10 14:17:53:     at Server.setupListenHandle [as _listen2] (node:net:2008:16)
2026-06-10 14:17:53:     at listenInCluster (node:net:2065:12)
2026-06-10 14:17:53:     at node:net:2274:7
2026-06-10 14:17:53:     at process.processTicksAndRejections (node:internal/process/task_queues:90:21) {
2026-06-10 14:17:53:   code: 'EADDRINUSE',
2026-06-10 14:17:53:   errno: -4091,
2026-06-10 14:17:53:   syscall: 'listen',
2026-06-10 14:17:53:   address: '0.0.0.0',
2026-06-10 14:17:53:   port: 5050
2026-06-10 14:17:53: }
2026-06-10 14:17:57: Error: listen EADDRINUSE: address already in use 0.0.0.0:5050
2026-06-10 14:17:57:     at Server.setupListenHandle [as _listen2] (node:net:2008:16)
2026-06-10 14:17:57:     at listenInCluster (node:net:2065:12)
2026-06-10 14:17:57:     at node:net:2274:7
2026-06-10 14:17:57:     at process.processTicksAndRejections (node:internal/process/task_queues:90:21) {
2026-06-10 14:17:57:   code: 'EADDRINUSE',
2026-06-10 14:17:57:   errno: -4091,
2026-06-10 14:17:57:   syscall: 'listen',
2026-06-10 14:17:57:   address: '0.0.0.0',
2026-06-10 14:17:57:   port: 5050
2026-06-10 14:17:57: }
2026-06-10 14:18:00: Error: listen EADDRINUSE: address already in use 0.0.0.0:5050
2026-06-10 14:18:00:     at Server.setupListenHandle [as _listen2] (node:net:2008:16)
2026-06-10 14:18:00:     at listenInCluster (node:net:2065:12)
2026-06-10 14:18:00:     at node:net:2274:7
2026-06-10 14:18:00:     at process.processTicksAndRejections (node:internal/process/task_queues:90:21) {
2026-06-10 14:18:00:   code: 'EADDRINUSE',
2026-06-10 14:18:00:   errno: -4091,
2026-06-10 14:18:00:   syscall: 'listen',
2026-06-10 14:18:00:   address: '0.0.0.0',
2026-06-10 14:18:00:   port: 5050
2026-06-10 14:18:00: }
2026-06-10 14:18:03: Error: listen EADDRINUSE: address already in use 0.0.0.0:5050
2026-06-10 14:18:03:     at Server.setupListenHandle [as _listen2] (node:net:2008:16)
2026-06-10 14:18:03:     at listenInCluster (node:net:2065:12)
2026-06-10 14:18:03:     at node:net:2274:7
2026-06-10 14:18:03:     at process.processTicksAndRejections (node:internal/process/task_queues:90:21) {
2026-06-10 14:18:03:   code: 'EADDRINUSE',
2026-06-10 14:18:03:   errno: -4091,
2026-06-10 14:18:03:   syscall: 'listen',
2026-06-10 14:18:03:   address: '0.0.0.0',
2026-06-10 14:18:03:   port: 5050
2026-06-10 14:18:03: }
2026-06-10 14:18:06: Error: listen EADDRINUSE: address already in use 0.0.0.0:5050
2026-06-10 14:18:06:     at Server.setupListenHandle [as _listen2] (node:net:2008:16)
2026-06-10 14:18:06:     at listenInCluster (node:net:2065:12)
2026-06-10 14:18:06:     at node:net:2274:7
2026-06-10 14:18:06:     at process.processTicksAndRejections (node:internal/process/task_queues:90:21) {
2026-06-10 14:18:06:   code: 'EADDRINUSE',
2026-06-10 14:18:06:   errno: -4091,
2026-06-10 14:18:06:   syscall: 'listen',
2026-06-10 14:18:06:   address: '0.0.0.0',
2026-06-10 14:18:06:   port: 5050
2026-06-10 14:18:06: }
2026-06-10 14:18:10: Error: listen EADDRINUSE: address already in use 0.0.0.0:5050
2026-06-10 14:18:10:     at Server.setupListenHandle [as _listen2] (node:net:2008:16)
2026-06-10 14:18:10:     at listenInCluster (node:net:2065:12)
2026-06-10 14:18:10:     at node:net:2274:7
2026-06-10 14:18:10:     at process.processTicksAndRejections (node:internal/process/task_queues:90:21) {
2026-06-10 14:18:10:   code: 'EADDRINUSE',
2026-06-10 14:18:10:   errno: -4091,
2026-06-10 14:18:10:   syscall: 'listen',
2026-06-10 14:18:10:   address: '0.0.0.0',
2026-06-10 14:18:10:   port: 5050
2026-06-10 14:18:10: }
2026-06-10 14:18:13: Error: listen EADDRINUSE: address already in use 0.0.0.0:5050
2026-06-10 14:18:13:     at Server.setupListenHandle [as _listen2] (node:net:2008:16)
2026-06-10 14:18:13:     at listenInCluster (node:net:2065:12)
2026-06-10 14:18:13:     at node:net:2274:7
2026-06-10 14:18:13:     at process.processTicksAndRejections (node:internal/process/task_queues:90:21) {
2026-06-10 14:18:13:   code: 'EADDRINUSE',
2026-06-10 14:18:13:   errno: -4091,
2026-06-10 14:18:13:   syscall: 'listen',
2026-06-10 14:18:13:   address: '0.0.0.0',
2026-06-10 14:18:13:   port: 5050
2026-06-10 14:18:13: }
2026-06-10 14:18:15: Error: listen EADDRINUSE: address already in use 0.0.0.0:5050
2026-06-10 14:18:15:     at Server.setupListenHandle [as _listen2] (node:net:2008:16)
2026-06-10 14:18:15:     at listenInCluster (node:net:2065:12)
2026-06-10 14:18:15:     at node:net:2274:7
2026-06-10 14:18:15:     at process.processTicksAndRejections (node:internal/process/task_queues:90:21) {
2026-06-10 14:18:15:   code: 'EADDRINUSE',
2026-06-10 14:18:15:   errno: -4091,
2026-06-10 14:18:15:   syscall: 'listen',
2026-06-10 14:18:15:   address: '0.0.0.0',
2026-06-10 14:18:15:   port: 5050
2026-06-10 14:18:15: }
2026-06-10 14:18:19: Error: listen EADDRINUSE: address already in use 0.0.0.0:5050
2026-06-10 14:18:19:     at Server.setupListenHandle [as _listen2] (node:net:2008:16)
2026-06-10 14:18:19:     at listenInCluster (node:net:2065:12)
2026-06-10 14:18:19:     at node:net:2274:7
2026-06-10 14:18:19:     at process.processTicksAndRejections (node:internal/process/task_queues:90:21) {
2026-06-10 14:18:19:   code: 'EADDRINUSE',
2026-06-10 14:18:19:   errno: -4091,
2026-06-10 14:18:19:   syscall: 'listen',
2026-06-10 14:18:19:   address: '0.0.0.0',
2026-06-10 14:18:19:   port: 5050
2026-06-10 14:18:19: }
2026-06-10 14:18:22: Error: listen EADDRINUSE: address already in use 0.0.0.0:5050
2026-06-10 14:18:22:     at Server.setupListenHandle [as _listen2] (node:net:2008:16)
2026-06-10 14:18:22:     at listenInCluster (node:net:2065:12)
2026-06-10 14:18:22:     at node:net:2274:7
2026-06-10 14:18:22:     at process.processTicksAndRejections (node:internal/process/task_queues:90:21) {
2026-06-10 14:18:22:   code: 'EADDRINUSE',
2026-06-10 14:18:22:   errno: -4091,
2026-06-10 14:18:22:   syscall: 'listen',
2026-06-10 14:18:22:   address: '0.0.0.0',
2026-06-10 14:18:22:   port: 5050
2026-06-10 14:18:22: }
2026-06-10 14:18:25: Error: listen EADDRINUSE: address already in use 0.0.0.0:5050
2026-06-10 14:18:25:     at Server.setupListenHandle [as _listen2] (node:net:2008:16)
2026-06-10 14:18:25:     at listenInCluster (node:net:2065:12)
2026-06-10 14:18:25:     at node:net:2274:7
2026-06-10 14:18:25:     at process.processTicksAndRejections (node:internal/process/task_queues:90:21) {
2026-06-10 14:18:25:   code: 'EADDRINUSE',
2026-06-10 14:18:25:   errno: -4091,
2026-06-10 14:18:25:   syscall: 'listen',
2026-06-10 14:18:25:   address: '0.0.0.0',
2026-06-10 14:18:25:   port: 5050
2026-06-10 14:18:25: }
2026-06-10 14:18:28: Error: listen EADDRINUSE: address already in use 0.0.0.0:5050
2026-06-10 14:18:28:     at Server.setupListenHandle [as _listen2] (node:net:2008:16)
2026-06-10 14:18:28:     at listenInCluster (node:net:2065:12)
2026-06-10 14:18:28:     at node:net:2274:7
2026-06-10 14:18:28:     at process.processTicksAndRejections (node:internal/process/task_queues:90:21) {
2026-06-10 14:18:28:   code: 'EADDRINUSE',
2026-06-10 14:18:28:   errno: -4091,
2026-06-10 14:18:28:   syscall: 'listen',
2026-06-10 14:18:28:   address: '0.0.0.0',
2026-06-10 14:18:28:   port: 5050
2026-06-10 14:18:28: }
2026-06-10 14:18:30: Error: listen EADDRINUSE: address already in use 0.0.0.0:5050
2026-06-10 14:18:30:     at Server.setupListenHandle [as _listen2] (node:net:2008:16)
2026-06-10 14:18:30:     at listenInCluster (node:net:2065:12)
2026-06-10 14:18:30:     at node:net:2274:7
2026-06-10 14:18:30:     at process.processTicksAndRejections (node:internal/process/task_queues:90:21) {
2026-06-10 14:18:30:   code: 'EADDRINUSE',
2026-06-10 14:18:30:   errno: -4091,
2026-06-10 14:18:30:   syscall: 'listen',
2026-06-10 14:18:30:   address: '0.0.0.0',
2026-06-10 14:18:30:   port: 5050
2026-06-10 14:18:30: }
2026-06-10 14:18:33: Error: listen EADDRINUSE: address already in use 0.0.0.0:5050
2026-06-10 14:18:33:     at Server.setupListenHandle [as _listen2] (node:net:2008:16)
2026-06-10 14:18:33:     at listenInCluster (node:net:2065:12)
2026-06-10 14:18:33:     at node:net:2274:7
2026-06-10 14:18:33:     at process.processTicksAndRejections (node:internal/process/task_queues:90:21) {
2026-06-10 14:18:33:   code: 'EADDRINUSE',
2026-06-10 14:18:33:   errno: -4091,
2026-06-10 14:18:33:   syscall: 'listen',
2026-06-10 14:18:33:   address: '0.0.0.0',
2026-06-10 14:18:33:   port: 5050
2026-06-10 14:18:33: }
2026-06-10 14:18:36: Error: listen EADDRINUSE: address already in use 0.0.0.0:5050
2026-06-10 14:18:36:     at Server.setupListenHandle [as _listen2] (node:net:2008:16)
2026-06-10 14:18:36:     at listenInCluster (node:net:2065:12)
2026-06-10 14:18:36:     at node:net:2274:7
2026-06-10 14:18:36:     at process.processTicksAndRejections (node:internal/process/task_queues:90:21) {
2026-06-10 14:18:36:   code: 'EADDRINUSE',
2026-06-10 14:18:36:   errno: -4091,
2026-06-10 14:18:36:   syscall: 'listen',
2026-06-10 14:18:36:   address: '0.0.0.0',
2026-06-10 14:18:36:   port: 5050
2026-06-10 14:18:36: }
2026-06-10 14:18:40: Error: listen EADDRINUSE: address already in use 0.0.0.0:5050
2026-06-10 14:18:40:     at Server.setupListenHandle [as _listen2] (node:net:2008:16)
2026-06-10 14:18:40:     at listenInCluster (node:net:2065:12)
2026-06-10 14:18:40:     at node:net:2274:7
2026-06-10 14:18:40:     at process.processTicksAndRejections (node:internal/process/task_queues:90:21) {
2026-06-10 14:18:40:   code: 'EADDRINUSE',
2026-06-10 14:18:40:   errno: -4091,
2026-06-10 14:18:40:   syscall: 'listen',
2026-06-10 14:18:40:   address: '0.0.0.0',
2026-06-10 14:18:40:   port: 5050
2026-06-10 14:18:40: }
2026-06-10 14:18:43: Error: listen EADDRINUSE: address already in use 0.0.0.0:5050
2026-06-10 14:18:43:     at Server.setupListenHandle [as _listen2] (node:net:2008:16)
2026-06-10 14:18:43:     at listenInCluster (node:net:2065:12)
2026-06-10 14:18:43:     at node:net:2274:7
2026-06-10 14:18:43:     at process.processTicksAndRejections (node:internal/process/task_queues:90:21) {
2026-06-10 14:18:43:   code: 'EADDRINUSE',
2026-06-10 14:18:43:   errno: -4091,
2026-06-10 14:18:43:   syscall: 'listen',
2026-06-10 14:18:43:   address: '0.0.0.0',
2026-06-10 14:18:43:   port: 5050
2026-06-10 14:18:43: }
2026-06-10 14:18:46: Error: listen EADDRINUSE: address already in use 0.0.0.0:5050
2026-06-10 14:18:46:     at Server.setupListenHandle [as _listen2] (node:net:2008:16)
2026-06-10 14:18:46:     at listenInCluster (node:net:2065:12)
2026-06-10 14:18:46:     at node:net:2274:7
2026-06-10 14:18:46:     at process.processTicksAndRejections (node:internal/process/task_queues:90:21) {
2026-06-10 14:18:46:   code: 'EADDRINUSE',
2026-06-10 14:18:46:   errno: -4091,
2026-06-10 14:18:46:   syscall: 'listen',
2026-06-10 14:18:46:   address: '0.0.0.0',
2026-06-10 14:18:46:   port: 5050
2026-06-10 14:18:46: }
2026-06-10 14:18:50: Error: listen EADDRINUSE: address already in use 0.0.0.0:5050
2026-06-10 14:18:50:     at Server.setupListenHandle [as _listen2] (node:net:2008:16)
2026-06-10 14:18:50:     at listenInCluster (node:net:2065:12)
2026-06-10 14:18:50:     at node:net:2274:7
2026-06-10 14:18:50:     at process.processTicksAndRejections (node:internal/process/task_queues:90:21) {
2026-06-10 14:18:50:   code: 'EADDRINUSE',
2026-06-10 14:18:50:   errno: -4091,
2026-06-10 14:18:50:   syscall: 'listen',
2026-06-10 14:18:50:   address: '0.0.0.0',
2026-06-10 14:18:50:   port: 5050
2026-06-10 14:18:50: }
2026-06-10 14:18:54: Error: listen EADDRINUSE: address already in use 0.0.0.0:5050
2026-06-10 14:18:54:     at Server.setupListenHandle [as _listen2] (node:net:2008:16)
2026-06-10 14:18:54:     at listenInCluster (node:net:2065:12)
2026-06-10 14:18:54:     at node:net:2274:7
2026-06-10 14:18:54:     at process.processTicksAndRejections (node:internal/process/task_queues:90:21) {
2026-06-10 14:18:54:   code: 'EADDRINUSE',
2026-06-10 14:18:54:   errno: -4091,
2026-06-10 14:18:54:   syscall: 'listen',
2026-06-10 14:18:54:   address: '0.0.0.0',
2026-06-10 14:18:54:   port: 5050
2026-06-10 14:18:54: }
2026-06-10 14:18:57: Error: listen EADDRINUSE: address already in use 0.0.0.0:5050
2026-06-10 14:18:57:     at Server.setupListenHandle [as _listen2] (node:net:2008:16)
2026-06-10 14:18:57:     at listenInCluster (node:net:2065:12)
2026-06-10 14:18:57:     at node:net:2274:7
2026-06-10 14:18:57:     at process.processTicksAndRejections (node:internal/process/task_queues:90:21) {
2026-06-10 14:18:57:   code: 'EADDRINUSE',
2026-06-10 14:18:57:   errno: -4091,
2026-06-10 14:18:57:   syscall: 'listen',
2026-06-10 14:18:57:   address: '0.0.0.0',
2026-06-10 14:18:57:   port: 5050
2026-06-10 14:18:57: }
2026-06-10 14:19:01: Error: listen EADDRINUSE: address already in use 0.0.0.0:5050
2026-06-10 14:19:01:     at Server.setupListenHandle [as _listen2] (node:net:2008:16)
2026-06-10 14:19:01:     at listenInCluster (node:net:2065:12)
2026-06-10 14:19:01:     at node:net:2274:7
2026-06-10 14:19:01:     at process.processTicksAndRejections (node:internal/process/task_queues:90:21) {
2026-06-10 14:19:01:   code: 'EADDRINUSE',
2026-06-10 14:19:01:   errno: -4091,
2026-06-10 14:19:01:   syscall: 'listen',
2026-06-10 14:19:01:   address: '0.0.0.0',
2026-06-10 14:19:01:   port: 5050
2026-06-10 14:19:01: }
2026-06-10 14:19:05: Error: listen EADDRINUSE: address already in use 0.0.0.0:5050
2026-06-10 14:19:05:     at Server.setupListenHandle [as _listen2] (node:net:2008:16)
2026-06-10 14:19:05:     at listenInCluster (node:net:2065:12)
2026-06-10 14:19:05:     at node:net:2274:7
2026-06-10 14:19:05:     at process.processTicksAndRejections (node:internal/process/task_queues:90:21) {
2026-06-10 14:19:05:   code: 'EADDRINUSE',
2026-06-10 14:19:05:   errno: -4091,
2026-06-10 14:19:05:   syscall: 'listen',
2026-06-10 14:19:05:   address: '0.0.0.0',
2026-06-10 14:19:05:   port: 5050
2026-06-10 14:19:05: }
2026-06-10 14:19:08: Error: listen EADDRINUSE: address already in use 0.0.0.0:5050
2026-06-10 14:19:08:     at Server.setupListenHandle [as _listen2] (node:net:2008:16)
2026-06-10 14:19:08:     at listenInCluster (node:net:2065:12)
2026-06-10 14:19:08:     at node:net:2274:7
2026-06-10 14:19:08:     at process.processTicksAndRejections (node:internal/process/task_queues:90:21) {
2026-06-10 14:19:08:   code: 'EADDRINUSE',
2026-06-10 14:19:08:   errno: -4091,
2026-06-10 14:19:08:   syscall: 'listen',
2026-06-10 14:19:08:   address: '0.0.0.0',
2026-06-10 14:19:08:   port: 5050
2026-06-10 14:19:08: }
2026-06-10 14:19:12: Error: listen EADDRINUSE: address already in use 0.0.0.0:5050
2026-06-10 14:19:12:     at Server.setupListenHandle [as _listen2] (node:net:2008:16)
2026-06-10 14:19:12:     at listenInCluster (node:net:2065:12)
2026-06-10 14:19:12:     at node:net:2274:7
2026-06-10 14:19:12:     at process.processTicksAndRejections (node:internal/process/task_queues:90:21) {
2026-06-10 14:19:12:   code: 'EADDRINUSE',
2026-06-10 14:19:12:   errno: -4091,
2026-06-10 14:19:12:   syscall: 'listen',
2026-06-10 14:19:12:   address: '0.0.0.0',
2026-06-10 14:19:12:   port: 5050
2026-06-10 14:19:12: }
2026-06-10 14:19:15: Error: listen EADDRINUSE: address already in use 0.0.0.0:5050
2026-06-10 14:19:15:     at Server.setupListenHandle [as _listen2] (node:net:2008:16)
2026-06-10 14:19:15:     at listenInCluster (node:net:2065:12)
2026-06-10 14:19:15:     at node:net:2274:7
2026-06-10 14:19:15:     at process.processTicksAndRejections (node:internal/process/task_queues:90:21) {
2026-06-10 14:19:15:   code: 'EADDRINUSE',
2026-06-10 14:19:15:   errno: -4091,
2026-06-10 14:19:15:   syscall: 'listen',
2026-06-10 14:19:15:   address: '0.0.0.0',
2026-06-10 14:19:15:   port: 5050
2026-06-10 14:19:15: }
2026-06-10 14:19:19: Error: listen EADDRINUSE: address already in use 0.0.0.0:5050
2026-06-10 14:19:19:     at Server.setupListenHandle [as _listen2] (node:net:2008:16)
2026-06-10 14:19:19:     at listenInCluster (node:net:2065:12)
2026-06-10 14:19:19:     at node:net:2274:7
2026-06-10 14:19:19:     at process.processTicksAndRejections (node:internal/process/task_queues:90:21) {
2026-06-10 14:19:19:   code: 'EADDRINUSE',
2026-06-10 14:19:19:   errno: -4091,
2026-06-10 14:19:19:   syscall: 'listen',
2026-06-10 14:19:19:   address: '0.0.0.0',
2026-06-10 14:19:19:   port: 5050
2026-06-10 14:19:19: }
2026-06-10 14:19:23: Error: listen EADDRINUSE: address already in use 0.0.0.0:5050
2026-06-10 14:19:23:     at Server.setupListenHandle [as _listen2] (node:net:2008:16)
2026-06-10 14:19:23:     at listenInCluster (node:net:2065:12)
2026-06-10 14:19:23:     at node:net:2274:7
2026-06-10 14:19:23:     at process.processTicksAndRejections (node:internal/process/task_queues:90:21) {
2026-06-10 14:19:23:   code: 'EADDRINUSE',
2026-06-10 14:19:23:   errno: -4091,
2026-06-10 14:19:23:   syscall: 'listen',
2026-06-10 14:19:23:   address: '0.0.0.0',
2026-06-10 14:19:23:   port: 5050
2026-06-10 14:19:23: }
2026-06-10 14:19:26: Error: listen EADDRINUSE: address already in use 0.0.0.0:5050
2026-06-10 14:19:26:     at Server.setupListenHandle [as _listen2] (node:net:2008:16)
2026-06-10 14:19:26:     at listenInCluster (node:net:2065:12)
2026-06-10 14:19:26:     at node:net:2274:7
2026-06-10 14:19:26:     at process.processTicksAndRejections (node:internal/process/task_queues:90:21) {
2026-06-10 14:19:26:   code: 'EADDRINUSE',
2026-06-10 14:19:26:   errno: -4091,
2026-06-10 14:19:26:   syscall: 'listen',
2026-06-10 14:19:26:   address: '0.0.0.0',
2026-06-10 14:19:26:   port: 5050
2026-06-10 14:19:26: }
2026-06-10 14:19:29: Error: listen EADDRINUSE: address already in use 0.0.0.0:5050
2026-06-10 14:19:29:     at Server.setupListenHandle [as _listen2] (node:net:2008:16)
2026-06-10 14:19:29:     at listenInCluster (node:net:2065:12)
2026-06-10 14:19:29:     at node:net:2274:7
2026-06-10 14:19:29:     at process.processTicksAndRejections (node:internal/process/task_queues:90:21) {
2026-06-10 14:19:29:   code: 'EADDRINUSE',
2026-06-10 14:19:29:   errno: -4091,
2026-06-10 14:19:29:   syscall: 'listen',
2026-06-10 14:19:29:   address: '0.0.0.0',
2026-06-10 14:19:29:   port: 5050
2026-06-10 14:19:29: }
2026-06-10 14:19:32: Error: listen EADDRINUSE: address already in use 0.0.0.0:5050
2026-06-10 14:19:32:     at Server.setupListenHandle [as _listen2] (node:net:2008:16)
2026-06-10 14:19:32:     at listenInCluster (node:net:2065:12)
2026-06-10 14:19:32:     at node:net:2274:7
2026-06-10 14:19:32:     at process.processTicksAndRejections (node:internal/process/task_queues:90:21) {
2026-06-10 14:19:32:   code: 'EADDRINUSE',
2026-06-10 14:19:32:   errno: -4091,
2026-06-10 14:19:32:   syscall: 'listen',
2026-06-10 14:19:32:   address: '0.0.0.0',
2026-06-10 14:19:32:   port: 5050
2026-06-10 14:19:32: }
2026-06-10 14:19:34: Error: listen EADDRINUSE: address already in use 0.0.0.0:5050
2026-06-10 14:19:34:     at Server.setupListenHandle [as _listen2] (node:net:2008:16)
2026-06-10 14:19:34:     at listenInCluster (node:net:2065:12)
2026-06-10 14:19:34:     at node:net:2274:7
2026-06-10 14:19:34:     at process.processTicksAndRejections (node:internal/process/task_queues:90:21) {
2026-06-10 14:19:34:   code: 'EADDRINUSE',
2026-06-10 14:19:34:   errno: -4091,
2026-06-10 14:19:34:   syscall: 'listen',
2026-06-10 14:19:34:   address: '0.0.0.0',
2026-06-10 14:19:34:   port: 5050
2026-06-10 14:19:34: }
2026-06-10 14:19:37: Error: listen EADDRINUSE: address already in use 0.0.0.0:5050
2026-06-10 14:19:37:     at Server.setupListenHandle [as _listen2] (node:net:2008:16)
2026-06-10 14:19:37:     at listenInCluster (node:net:2065:12)
2026-06-10 14:19:37:     at node:net:2274:7
2026-06-10 14:19:37:     at process.processTicksAndRejections (node:internal/process/task_queues:90:21) {
2026-06-10 14:19:37:   code: 'EADDRINUSE',
2026-06-10 14:19:37:   errno: -4091,
2026-06-10 14:19:37:   syscall: 'listen',
2026-06-10 14:19:37:   address: '0.0.0.0',
2026-06-10 14:19:37:   port: 5050
2026-06-10 14:19:37: }
2026-06-10 14:19:40: Error: listen EADDRINUSE: address already in use 0.0.0.0:5050
2026-06-10 14:19:40:     at Server.setupListenHandle [as _listen2] (node:net:2008:16)
2026-06-10 14:19:40:     at listenInCluster (node:net:2065:12)
2026-06-10 14:19:40:     at node:net:2274:7
2026-06-10 14:19:40:     at process.processTicksAndRejections (node:internal/process/task_queues:90:21) {
2026-06-10 14:19:40:   code: 'EADDRINUSE',
2026-06-10 14:19:40:   errno: -4091,
2026-06-10 14:19:40:   syscall: 'listen',
2026-06-10 14:19:40:   address: '0.0.0.0',
2026-06-10 14:19:40:   port: 5050
2026-06-10 14:19:40: }
2026-06-10 14:19:43: Error: listen EADDRINUSE: address already in use 0.0.0.0:5050
2026-06-10 14:19:43:     at Server.setupListenHandle [as _listen2] (node:net:2008:16)
2026-06-10 14:19:43:     at listenInCluster (node:net:2065:12)
2026-06-10 14:19:43:     at node:net:2274:7
2026-06-10 14:19:43:     at process.processTicksAndRejections (node:internal/process/task_queues:90:21) {
2026-06-10 14:19:43:   code: 'EADDRINUSE',
2026-06-10 14:19:43:   errno: -4091,
2026-06-10 14:19:43:   syscall: 'listen',
2026-06-10 14:19:43:   address: '0.0.0.0',
2026-06-10 14:19:43:   port: 5050
2026-06-10 14:19:43: }
2026-06-10 14:19:46: Error: listen EADDRINUSE: address already in use 0.0.0.0:5050
2026-06-10 14:19:46:     at Server.setupListenHandle [as _listen2] (node:net:2008:16)
2026-06-10 14:19:46:     at listenInCluster (node:net:2065:12)
2026-06-10 14:19:46:     at node:net:2274:7
2026-06-10 14:19:46:     at process.processTicksAndRejections (node:internal/process/task_queues:90:21) {
2026-06-10 14:19:46:   code: 'EADDRINUSE',
2026-06-10 14:19:46:   errno: -4091,
2026-06-10 14:19:46:   syscall: 'listen',
2026-06-10 14:19:46:   address: '0.0.0.0',
2026-06-10 14:19:46:   port: 5050
2026-06-10 14:19:46: }
2026-06-10 14:19:50: Error: listen EADDRINUSE: address already in use 0.0.0.0:5050
2026-06-10 14:19:50:     at Server.setupListenHandle [as _listen2] (node:net:2008:16)
2026-06-10 14:19:50:     at listenInCluster (node:net:2065:12)
2026-06-10 14:19:50:     at node:net:2274:7
2026-06-10 14:19:50:     at process.processTicksAndRejections (node:internal/process/task_queues:90:21) {
2026-06-10 14:19:50:   code: 'EADDRINUSE',
2026-06-10 14:19:50:   errno: -4091,
2026-06-10 14:19:50:   syscall: 'listen',
2026-06-10 14:19:50:   address: '0.0.0.0',
2026-06-10 14:19:50:   port: 5050
2026-06-10 14:19:50: }
2026-06-10 14:19:53: Error: listen EADDRINUSE: address already in use 0.0.0.0:5050
2026-06-10 14:19:53:     at Server.setupListenHandle [as _listen2] (node:net:2008:16)
2026-06-10 14:19:53:     at listenInCluster (node:net:2065:12)
2026-06-10 14:19:53:     at node:net:2274:7
2026-06-10 14:19:53:     at process.processTicksAndRejections (node:internal/process/task_queues:90:21) {
2026-06-10 14:19:53:   code: 'EADDRINUSE',
2026-06-10 14:19:53:   errno: -4091,
2026-06-10 14:19:53:   syscall: 'listen',
2026-06-10 14:19:53:   address: '0.0.0.0',
2026-06-10 14:19:53:   port: 5050
2026-06-10 14:19:53: }
2026-06-10 14:19:57: Error: listen EADDRINUSE: address already in use 0.0.0.0:5050
2026-06-10 14:19:57:     at Server.setupListenHandle [as _listen2] (node:net:2008:16)
2026-06-10 14:19:57:     at listenInCluster (node:net:2065:12)
2026-06-10 14:19:57:     at node:net:2274:7
2026-06-10 14:19:57:     at process.processTicksAndRejections (node:internal/process/task_queues:90:21) {
2026-06-10 14:19:57:   code: 'EADDRINUSE',
2026-06-10 14:19:57:   errno: -4091,
2026-06-10 14:19:57:   syscall: 'listen',
2026-06-10 14:19:57:   address: '0.0.0.0',
2026-06-10 14:19:57:   port: 5050
2026-06-10 14:19:57: }
2026-06-10 14:20:00: Error: listen EADDRINUSE: address already in use 0.0.0.0:5050
2026-06-10 14:20:00:     at Server.setupListenHandle [as _listen2] (node:net:2008:16)
2026-06-10 14:20:00:     at listenInCluster (node:net:2065:12)
2026-06-10 14:20:00:     at node:net:2274:7
2026-06-10 14:20:00:     at process.processTicksAndRejections (node:internal/process/task_queues:90:21) {
2026-06-10 14:20:00:   code: 'EADDRINUSE',
2026-06-10 14:20:00:   errno: -4091,
2026-06-10 14:20:00:   syscall: 'listen',
2026-06-10 14:20:00:   address: '0.0.0.0',
2026-06-10 14:20:00:   port: 5050
2026-06-10 14:20:00: }
2026-06-10 14:20:04: Error: listen EADDRINUSE: address already in use 0.0.0.0:5050
2026-06-10 14:20:04:     at Server.setupListenHandle [as _listen2] (node:net:2008:16)
2026-06-10 14:20:04:     at listenInCluster (node:net:2065:12)
2026-06-10 14:20:04:     at node:net:2274:7
2026-06-10 14:20:04:     at process.processTicksAndRejections (node:internal/process/task_queues:90:21) {
2026-06-10 14:20:04:   code: 'EADDRINUSE',
2026-06-10 14:20:04:   errno: -4091,
2026-06-10 14:20:04:   syscall: 'listen',
2026-06-10 14:20:04:   address: '0.0.0.0',
2026-06-10 14:20:04:   port: 5050
2026-06-10 14:20:04: }
2026-06-10 14:20:08: Error: listen EADDRINUSE: address already in use 0.0.0.0:5050
2026-06-10 14:20:08:     at Server.setupListenHandle [as _listen2] (node:net:2008:16)
2026-06-10 14:20:08:     at listenInCluster (node:net:2065:12)
2026-06-10 14:20:08:     at node:net:2274:7
2026-06-10 14:20:08:     at process.processTicksAndRejections (node:internal/process/task_queues:90:21) {
2026-06-10 14:20:08:   code: 'EADDRINUSE',
2026-06-10 14:20:08:   errno: -4091,
2026-06-10 14:20:08:   syscall: 'listen',
2026-06-10 14:20:08:   address: '0.0.0.0',
2026-06-10 14:20:08:   port: 5050
2026-06-10 14:20:08: }
2026-06-10 14:20:10: Error: listen EADDRINUSE: address already in use 0.0.0.0:5050
2026-06-10 14:20:10:     at Server.setupListenHandle [as _listen2] (node:net:2008:16)
2026-06-10 14:20:10:     at listenInCluster (node:net:2065:12)
2026-06-10 14:20:10:     at node:net:2274:7
2026-06-10 14:20:10:     at process.processTicksAndRejections (node:internal/process/task_queues:90:21) {
2026-06-10 14:20:10:   code: 'EADDRINUSE',
2026-06-10 14:20:10:   errno: -4091,
2026-06-10 14:20:10:   syscall: 'listen',
2026-06-10 14:20:10:   address: '0.0.0.0',
2026-06-10 14:20:10:   port: 5050
2026-06-10 14:20:10: }
2026-06-10 14:20:14: Error: listen EADDRINUSE: address already in use 0.0.0.0:5050
2026-06-10 14:20:14:     at Server.setupListenHandle [as _listen2] (node:net:2008:16)
2026-06-10 14:20:14:     at listenInCluster (node:net:2065:12)
2026-06-10 14:20:14:     at node:net:2274:7
2026-06-10 14:20:14:     at process.processTicksAndRejections (node:internal/process/task_queues:90:21) {
2026-06-10 14:20:14:   code: 'EADDRINUSE',
2026-06-10 14:20:14:   errno: -4091,
2026-06-10 14:20:14:   syscall: 'listen',
2026-06-10 14:20:14:   address: '0.0.0.0',
2026-06-10 14:20:14:   port: 5050
2026-06-10 14:20:14: }
2026-06-10 14:20:17: Error: listen EADDRINUSE: address already in use 0.0.0.0:5050
2026-06-10 14:20:17:     at Server.setupListenHandle [as _listen2] (node:net:2008:16)
2026-06-10 14:20:17:     at listenInCluster (node:net:2065:12)
2026-06-10 14:20:17:     at node:net:2274:7
2026-06-10 14:20:17:     at process.processTicksAndRejections (node:internal/process/task_queues:90:21) {
2026-06-10 14:20:17:   code: 'EADDRINUSE',
2026-06-10 14:20:17:   errno: -4091,
2026-06-10 14:20:17:   syscall: 'listen',
2026-06-10 14:20:17:   address: '0.0.0.0',
2026-06-10 14:20:17:   port: 5050
2026-06-10 14:20:17: }
2026-06-10 14:20:22: Error: listen EADDRINUSE: address already in use 0.0.0.0:5050
2026-06-10 14:20:22:     at Server.setupListenHandle [as _listen2] (node:net:2008:16)
2026-06-10 14:20:22:     at listenInCluster (node:net:2065:12)
2026-06-10 14:20:22:     at node:net:2274:7
2026-06-10 14:20:22:     at process.processTicksAndRejections (node:internal/process/task_queues:90:21) {
2026-06-10 14:20:22:   code: 'EADDRINUSE',
2026-06-10 14:20:22:   errno: -4091,
2026-06-10 14:20:22:   syscall: 'listen',
2026-06-10 14:20:22:   address: '0.0.0.0',
2026-06-10 14:20:22:   port: 5050
2026-06-10 14:20:22: }
2026-06-10 14:20:26: Error: listen EADDRINUSE: address already in use 0.0.0.0:5050
2026-06-10 14:20:26:     at Server.setupListenHandle [as _listen2] (node:net:2008:16)
2026-06-10 14:20:26:     at listenInCluster (node:net:2065:12)
2026-06-10 14:20:26:     at node:net:2274:7
2026-06-10 14:20:26:     at process.processTicksAndRejections (node:internal/process/task_queues:90:21) {
2026-06-10 14:20:26:   code: 'EADDRINUSE',
2026-06-10 14:20:26:   errno: -4091,
2026-06-10 14:20:26:   syscall: 'listen',
2026-06-10 14:20:26:   address: '0.0.0.0',
2026-06-10 14:20:26:   port: 5050
2026-06-10 14:20:26: }
2026-06-10 14:20:29: Error: listen EADDRINUSE: address already in use 0.0.0.0:5050
2026-06-10 14:20:29:     at Server.setupListenHandle [as _listen2] (node:net:2008:16)
2026-06-10 14:20:29:     at listenInCluster (node:net:2065:12)
2026-06-10 14:20:29:     at node:net:2274:7
2026-06-10 14:20:29:     at process.processTicksAndRejections (node:internal/process/task_queues:90:21) {
2026-06-10 14:20:29:   code: 'EADDRINUSE',
2026-06-10 14:20:29:   errno: -4091,
2026-06-10 14:20:29:   syscall: 'listen',
2026-06-10 14:20:29:   address: '0.0.0.0',
2026-06-10 14:20:29:   port: 5050
2026-06-10 14:20:29: }
2026-06-10 14:20:32: Error: listen EADDRINUSE: address already in use 0.0.0.0:5050
2026-06-10 14:20:32:     at Server.setupListenHandle [as _listen2] (node:net:2008:16)
2026-06-10 14:20:32:     at listenInCluster (node:net:2065:12)
2026-06-10 14:20:32:     at node:net:2274:7
2026-06-10 14:20:32:     at process.processTicksAndRejections (node:internal/process/task_queues:90:21) {
2026-06-10 14:20:32:   code: 'EADDRINUSE',
2026-06-10 14:20:32:   errno: -4091,
2026-06-10 14:20:32:   syscall: 'listen',
2026-06-10 14:20:32:   address: '0.0.0.0',
2026-06-10 14:20:32:   port: 5050
2026-06-10 14:20:32: }
2026-06-10 14:20:35: Error: listen EADDRINUSE: address already in use 0.0.0.0:5050
2026-06-10 14:20:35:     at Server.setupListenHandle [as _listen2] (node:net:2008:16)
2026-06-10 14:20:35:     at listenInCluster (node:net:2065:12)
2026-06-10 14:20:35:     at node:net:2274:7
2026-06-10 14:20:35:     at process.processTicksAndRejections (node:internal/process/task_queues:90:21) {
2026-06-10 14:20:35:   code: 'EADDRINUSE',
2026-06-10 14:20:35:   errno: -4091,
2026-06-10 14:20:35:   syscall: 'listen',
2026-06-10 14:20:35:   address: '0.0.0.0',
2026-06-10 14:20:35:   port: 5050
2026-06-10 14:20:35: }
2026-06-10 14:20:38: Error: listen EADDRINUSE: address already in use 0.0.0.0:5050
2026-06-10 14:20:38:     at Server.setupListenHandle [as _listen2] (node:net:2008:16)
2026-06-10 14:20:38:     at listenInCluster (node:net:2065:12)
2026-06-10 14:20:38:     at node:net:2274:7
2026-06-10 14:20:38:     at process.processTicksAndRejections (node:internal/process/task_queues:90:21) {
2026-06-10 14:20:38:   code: 'EADDRINUSE',
2026-06-10 14:20:38:   errno: -4091,
2026-06-10 14:20:38:   syscall: 'listen',
2026-06-10 14:20:38:   address: '0.0.0.0',
2026-06-10 14:20:38:   port: 5050
2026-06-10 14:20:38: }
2026-06-10 14:20:41: Error: listen EADDRINUSE: address already in use 0.0.0.0:5050
2026-06-10 14:20:41:     at Server.setupListenHandle [as _listen2] (node:net:2008:16)
2026-06-10 14:20:41:     at listenInCluster (node:net:2065:12)
2026-06-10 14:20:41:     at node:net:2274:7
2026-06-10 14:20:41:     at process.processTicksAndRejections (node:internal/process/task_queues:90:21) {
2026-06-10 14:20:41:   code: 'EADDRINUSE',
2026-06-10 14:20:41:   errno: -4091,
2026-06-10 14:20:41:   syscall: 'listen',
2026-06-10 14:20:41:   address: '0.0.0.0',
2026-06-10 14:20:41:   port: 5050
2026-06-10 14:20:41: }
2026-06-10 14:20:45: Error: listen EADDRINUSE: address already in use 0.0.0.0:5050
2026-06-10 14:20:45:     at Server.setupListenHandle [as _listen2] (node:net:2008:16)
2026-06-10 14:20:45:     at listenInCluster (node:net:2065:12)
2026-06-10 14:20:45:     at node:net:2274:7
2026-06-10 14:20:45:     at process.processTicksAndRejections (node:internal/process/task_queues:90:21) {
2026-06-10 14:20:45:   code: 'EADDRINUSE',
2026-06-10 14:20:45:   errno: -4091,
2026-06-10 14:20:45:   syscall: 'listen',
2026-06-10 14:20:45:   address: '0.0.0.0',
2026-06-10 14:20:45:   port: 5050
2026-06-10 14:20:45: }
2026-06-10 14:20:49: Error: listen EADDRINUSE: address already in use 0.0.0.0:5050
2026-06-10 14:20:49:     at Server.setupListenHandle [as _listen2] (node:net:2008:16)
2026-06-10 14:20:49:     at listenInCluster (node:net:2065:12)
2026-06-10 14:20:49:     at node:net:2274:7
2026-06-10 14:20:49:     at process.processTicksAndRejections (node:internal/process/task_queues:90:21) {
2026-06-10 14:20:49:   code: 'EADDRINUSE',
2026-06-10 14:20:49:   errno: -4091,
2026-06-10 14:20:49:   syscall: 'listen',
2026-06-10 14:20:49:   address: '0.0.0.0',
2026-06-10 14:20:49:   port: 5050
2026-06-10 14:20:49: }
2026-06-10 14:20:52: Error: listen EADDRINUSE: address already in use 0.0.0.0:5050
2026-06-10 14:20:52:     at Server.setupListenHandle [as _listen2] (node:net:2008:16)
2026-06-10 14:20:52:     at listenInCluster (node:net:2065:12)
2026-06-10 14:20:52:     at node:net:2274:7
2026-06-10 14:20:52:     at process.processTicksAndRejections (node:internal/process/task_queues:90:21) {
2026-06-10 14:20:52:   code: 'EADDRINUSE',
2026-06-10 14:20:52:   errno: -4091,
2026-06-10 14:20:52:   syscall: 'listen',
2026-06-10 14:20:52:   address: '0.0.0.0',
2026-06-10 14:20:52:   port: 5050
2026-06-10 14:20:52: }
2026-06-10 14:20:55: Error: listen EADDRINUSE: address already in use 0.0.0.0:5050
2026-06-10 14:20:55:     at Server.setupListenHandle [as _listen2] (node:net:2008:16)
2026-06-10 14:20:55:     at listenInCluster (node:net:2065:12)
2026-06-10 14:20:55:     at node:net:2274:7
2026-06-10 14:20:55:     at process.processTicksAndRejections (node:internal/process/task_queues:90:21) {
2026-06-10 14:20:55:   code: 'EADDRINUSE',
2026-06-10 14:20:55:   errno: -4091,
2026-06-10 14:20:55:   syscall: 'listen',
2026-06-10 14:20:55:   address: '0.0.0.0',
2026-06-10 14:20:55:   port: 5050
2026-06-10 14:20:55: }
2026-06-10 14:20:57: Error: listen EADDRINUSE: address already in use 0.0.0.0:5050
2026-06-10 14:20:57:     at Server.setupListenHandle [as _listen2] (node:net:2008:16)
2026-06-10 14:20:57:     at listenInCluster (node:net:2065:12)
2026-06-10 14:20:57:     at node:net:2274:7
2026-06-10 14:20:57:     at process.processTicksAndRejections (node:internal/process/task_queues:90:21) {
2026-06-10 14:20:57:   code: 'EADDRINUSE',
2026-06-10 14:20:57:   errno: -4091,
2026-06-10 14:20:57:   syscall: 'listen',
2026-06-10 14:20:57:   address: '0.0.0.0',
2026-06-10 14:20:57:   port: 5050
2026-06-10 14:20:57: }
2026-06-10 14:21:00: Error: listen EADDRINUSE: address already in use 0.0.0.0:5050
2026-06-10 14:21:00:     at Server.setupListenHandle [as _listen2] (node:net:2008:16)
2026-06-10 14:21:00:     at listenInCluster (node:net:2065:12)
2026-06-10 14:21:00:     at node:net:2274:7
2026-06-10 14:21:00:     at process.processTicksAndRejections (node:internal/process/task_queues:90:21) {
2026-06-10 14:21:00:   code: 'EADDRINUSE',
2026-06-10 14:21:00:   errno: -4091,
2026-06-10 14:21:00:   syscall: 'listen',
2026-06-10 14:21:00:   address: '0.0.0.0',
2026-06-10 14:21:00:   port: 5050
2026-06-10 14:21:00: }
2026-06-10 14:21:03: Error: listen EADDRINUSE: address already in use 0.0.0.0:5050
2026-06-10 14:21:03:     at Server.setupListenHandle [as _listen2] (node:net:2008:16)
2026-06-10 14:21:03:     at listenInCluster (node:net:2065:12)
2026-06-10 14:21:03:     at node:net:2274:7
2026-06-10 14:21:03:     at process.processTicksAndRejections (node:internal/process/task_queues:90:21) {
2026-06-10 14:21:03:   code: 'EADDRINUSE',
2026-06-10 14:21:03:   errno: -4091,
2026-06-10 14:21:03:   syscall: 'listen',
2026-06-10 14:21:03:   address: '0.0.0.0',
2026-06-10 14:21:03:   port: 5050
2026-06-10 14:21:03: }
2026-06-10 14:21:06: Error: listen EADDRINUSE: address already in use 0.0.0.0:5050
2026-06-10 14:21:06:     at Server.setupListenHandle [as _listen2] (node:net:2008:16)
2026-06-10 14:21:06:     at listenInCluster (node:net:2065:12)
2026-06-10 14:21:06:     at node:net:2274:7
2026-06-10 14:21:06:     at process.processTicksAndRejections (node:internal/process/task_queues:90:21) {
2026-06-10 14:21:06:   code: 'EADDRINUSE',
2026-06-10 14:21:06:   errno: -4091,
2026-06-10 14:21:06:   syscall: 'listen',
2026-06-10 14:21:06:   address: '0.0.0.0',
2026-06-10 14:21:06:   port: 5050
2026-06-10 14:21:06: }
2026-06-10 14:21:09: Error: listen EADDRINUSE: address already in use 0.0.0.0:5050
2026-06-10 14:21:09:     at Server.setupListenHandle [as _listen2] (node:net:2008:16)
2026-06-10 14:21:09:     at listenInCluster (node:net:2065:12)
2026-06-10 14:21:09:     at node:net:2274:7
2026-06-10 14:21:09:     at process.processTicksAndRejections (node:internal/process/task_queues:90:21) {
2026-06-10 14:21:09:   code: 'EADDRINUSE',
2026-06-10 14:21:09:   errno: -4091,
2026-06-10 14:21:09:   syscall: 'listen',
2026-06-10 14:21:09:   address: '0.0.0.0',
2026-06-10 14:21:09:   port: 5050
2026-06-10 14:21:09: }
2026-06-10 14:21:13: Error: listen EADDRINUSE: address already in use 0.0.0.0:5050
2026-06-10 14:21:13:     at Server.setupListenHandle [as _listen2] (node:net:2008:16)
2026-06-10 14:21:13:     at listenInCluster (node:net:2065:12)
2026-06-10 14:21:13:     at node:net:2274:7
2026-06-10 14:21:13:     at process.processTicksAndRejections (node:internal/process/task_queues:90:21) {
2026-06-10 14:21:13:   code: 'EADDRINUSE',
2026-06-10 14:21:13:   errno: -4091,
2026-06-10 14:21:13:   syscall: 'listen',
2026-06-10 14:21:13:   address: '0.0.0.0',
2026-06-10 14:21:13:   port: 5050
2026-06-10 14:21:13: }
2026-06-10 14:21:15: Error: listen EADDRINUSE: address already in use 0.0.0.0:5050
2026-06-10 14:21:15:     at Server.setupListenHandle [as _listen2] (node:net:2008:16)
2026-06-10 14:21:15:     at listenInCluster (node:net:2065:12)
2026-06-10 14:21:15:     at node:net:2274:7
2026-06-10 14:21:15:     at process.processTicksAndRejections (node:internal/process/task_queues:90:21) {
2026-06-10 14:21:15:   code: 'EADDRINUSE',
2026-06-10 14:21:15:   errno: -4091,
2026-06-10 14:21:15:   syscall: 'listen',
2026-06-10 14:21:15:   address: '0.0.0.0',
2026-06-10 14:21:15:   port: 5050
2026-06-10 14:21:15: }
2026-06-10 14:21:18: Error: listen EADDRINUSE: address already in use 0.0.0.0:5050
2026-06-10 14:21:18:     at Server.setupListenHandle [as _listen2] (node:net:2008:16)
2026-06-10 14:21:18:     at listenInCluster (node:net:2065:12)
2026-06-10 14:21:18:     at node:net:2274:7
2026-06-10 14:21:18:     at process.processTicksAndRejections (node:internal/process/task_queues:90:21) {
2026-06-10 14:21:18:   code: 'EADDRINUSE',
2026-06-10 14:21:18:   errno: -4091,
2026-06-10 14:21:18:   syscall: 'listen',
2026-06-10 14:21:18:   address: '0.0.0.0',
2026-06-10 14:21:18:   port: 5050
2026-06-10 14:21:18: }
2026-06-10 14:21:22: Error: listen EADDRINUSE: address already in use 0.0.0.0:5050
2026-06-10 14:21:22:     at Server.setupListenHandle [as _listen2] (node:net:2008:16)
2026-06-10 14:21:22:     at listenInCluster (node:net:2065:12)
2026-06-10 14:21:22:     at node:net:2274:7
2026-06-10 14:21:22:     at process.processTicksAndRejections (node:internal/process/task_queues:90:21) {
2026-06-10 14:21:22:   code: 'EADDRINUSE',
2026-06-10 14:21:22:   errno: -4091,
2026-06-10 14:21:22:   syscall: 'listen',
2026-06-10 14:21:22:   address: '0.0.0.0',
2026-06-10 14:21:22:   port: 5050
2026-06-10 14:21:22: }
2026-06-10 14:21:26: Error: listen EADDRINUSE: address already in use 0.0.0.0:5050
2026-06-10 14:21:26:     at Server.setupListenHandle [as _listen2] (node:net:2008:16)
2026-06-10 14:21:26:     at listenInCluster (node:net:2065:12)
2026-06-10 14:21:26:     at node:net:2274:7
2026-06-10 14:21:26:     at process.processTicksAndRejections (node:internal/process/task_queues:90:21) {
2026-06-10 14:21:26:   code: 'EADDRINUSE',
2026-06-10 14:21:26:   errno: -4091,
2026-06-10 14:21:26:   syscall: 'listen',
2026-06-10 14:21:26:   address: '0.0.0.0',
2026-06-10 14:21:26:   port: 5050
2026-06-10 14:21:26: }
2026-06-10 14:21:29: Error: listen EADDRINUSE: address already in use 0.0.0.0:5050
2026-06-10 14:21:29:     at Server.setupListenHandle [as _listen2] (node:net:2008:16)
2026-06-10 14:21:29:     at listenInCluster (node:net:2065:12)
2026-06-10 14:21:29:     at node:net:2274:7
2026-06-10 14:21:29:     at process.processTicksAndRejections (node:internal/process/task_queues:90:21) {
2026-06-10 14:21:29:   code: 'EADDRINUSE',
2026-06-10 14:21:29:   errno: -4091,
2026-06-10 14:21:29:   syscall: 'listen',
2026-06-10 14:21:29:   address: '0.0.0.0',
2026-06-10 14:21:29:   port: 5050
2026-06-10 14:21:29: }
2026-06-10 14:21:33: Error: listen EADDRINUSE: address already in use 0.0.0.0:5050
2026-06-10 14:21:33:     at Server.setupListenHandle [as _listen2] (node:net:2008:16)
2026-06-10 14:21:33:     at listenInCluster (node:net:2065:12)
2026-06-10 14:21:33:     at node:net:2274:7
2026-06-10 14:21:33:     at process.processTicksAndRejections (node:internal/process/task_queues:90:21) {
2026-06-10 14:21:33:   code: 'EADDRINUSE',
2026-06-10 14:21:33:   errno: -4091,
2026-06-10 14:21:33:   syscall: 'listen',
2026-06-10 14:21:33:   address: '0.0.0.0',
2026-06-10 14:21:33:   port: 5050
2026-06-10 14:21:33: }
2026-06-10 14:21:36: Error: listen EADDRINUSE: address already in use 0.0.0.0:5050
2026-06-10 14:21:36:     at Server.setupListenHandle [as _listen2] (node:net:2008:16)
2026-06-10 14:21:36:     at listenInCluster (node:net:2065:12)
2026-06-10 14:21:36:     at node:net:2274:7
2026-06-10 14:21:36:     at process.processTicksAndRejections (node:internal/process/task_queues:90:21) {
2026-06-10 14:21:36:   code: 'EADDRINUSE',
2026-06-10 14:21:36:   errno: -4091,
2026-06-10 14:21:36:   syscall: 'listen',
2026-06-10 14:21:36:   address: '0.0.0.0',
2026-06-10 14:21:36:   port: 5050
2026-06-10 14:21:36: }
2026-06-10 14:21:40: Error: listen EADDRINUSE: address already in use 0.0.0.0:5050
2026-06-10 14:21:40:     at Server.setupListenHandle [as _listen2] (node:net:2008:16)
2026-06-10 14:21:40:     at listenInCluster (node:net:2065:12)
2026-06-10 14:21:40:     at node:net:2274:7
2026-06-10 14:21:40:     at process.processTicksAndRejections (node:internal/process/task_queues:90:21) {
2026-06-10 14:21:40:   code: 'EADDRINUSE',
2026-06-10 14:21:40:   errno: -4091,
2026-06-10 14:21:40:   syscall: 'listen',
2026-06-10 14:21:40:   address: '0.0.0.0',
2026-06-10 14:21:40:   port: 5050
2026-06-10 14:21:40: }
2026-06-10 14:21:44: Error: listen EADDRINUSE: address already in use 0.0.0.0:5050
2026-06-10 14:21:44:     at Server.setupListenHandle [as _listen2] (node:net:2008:16)
2026-06-10 14:21:44:     at listenInCluster (node:net:2065:12)
2026-06-10 14:21:44:     at node:net:2274:7
2026-06-10 14:21:44:     at process.processTicksAndRejections (node:internal/process/task_queues:90:21) {
2026-06-10 14:21:44:   code: 'EADDRINUSE',
2026-06-10 14:21:44:   errno: -4091,
2026-06-10 14:21:44:   syscall: 'listen',
2026-06-10 14:21:44:   address: '0.0.0.0',
2026-06-10 14:21:44:   port: 5050
2026-06-10 14:21:44: }
2026-06-10 14:21:48: Error: listen EADDRINUSE: address already in use 0.0.0.0:5050
2026-06-10 14:21:48:     at Server.setupListenHandle [as _listen2] (node:net:2008:16)
2026-06-10 14:21:48:     at listenInCluster (node:net:2065:12)
2026-06-10 14:21:48:     at node:net:2274:7
2026-06-10 14:21:48:     at process.processTicksAndRejections (node:internal/process/task_queues:90:21) {
2026-06-10 14:21:48:   code: 'EADDRINUSE',
2026-06-10 14:21:48:   errno: -4091,
2026-06-10 14:21:48:   syscall: 'listen',
2026-06-10 14:21:48:   address: '0.0.0.0',
2026-06-10 14:21:48:   port: 5050
2026-06-10 14:21:48: }
2026-06-10 14:21:52: Error: listen EADDRINUSE: address already in use 0.0.0.0:5050
2026-06-10 14:21:52:     at Server.setupListenHandle [as _listen2] (node:net:2008:16)
2026-06-10 14:21:52:     at listenInCluster (node:net:2065:12)
2026-06-10 14:21:52:     at node:net:2274:7
2026-06-10 14:21:52:     at process.processTicksAndRejections (node:internal/process/task_queues:90:21) {
2026-06-10 14:21:52:   code: 'EADDRINUSE',
2026-06-10 14:21:52:   errno: -4091,
2026-06-10 14:21:52:   syscall: 'listen',
2026-06-10 14:21:52:   address: '0.0.0.0',
2026-06-10 14:21:52:   port: 5050
2026-06-10 14:21:52: }
2026-06-10 14:21:56: Error: listen EADDRINUSE: address already in use 0.0.0.0:5050
2026-06-10 14:21:56:     at Server.setupListenHandle [as _listen2] (node:net:2008:16)
2026-06-10 14:21:56:     at listenInCluster (node:net:2065:12)
2026-06-10 14:21:56:     at node:net:2274:7
2026-06-10 14:21:56:     at process.processTicksAndRejections (node:internal/process/task_queues:90:21) {
2026-06-10 14:21:56:   code: 'EADDRINUSE',
2026-06-10 14:21:56:   errno: -4091,
2026-06-10 14:21:56:   syscall: 'listen',
2026-06-10 14:21:56:   address: '0.0.0.0',
2026-06-10 14:21:56:   port: 5050
2026-06-10 14:21:56: }
2026-06-10 14:21:59: Error: listen EADDRINUSE: address already in use 0.0.0.0:5050
2026-06-10 14:21:59:     at Server.setupListenHandle [as _listen2] (node:net:2008:16)
2026-06-10 14:21:59:     at listenInCluster (node:net:2065:12)
2026-06-10 14:21:59:     at node:net:2274:7
2026-06-10 14:21:59:     at process.processTicksAndRejections (node:internal/process/task_queues:90:21) {
2026-06-10 14:21:59:   code: 'EADDRINUSE',
2026-06-10 14:21:59:   errno: -4091,
2026-06-10 14:21:59:   syscall: 'listen',
2026-06-10 14:21:59:   address: '0.0.0.0',
2026-06-10 14:21:59:   port: 5050
2026-06-10 14:21:59: }
2026-06-10 14:22:02: Error: listen EADDRINUSE: address already in use 0.0.0.0:5050
2026-06-10 14:22:02:     at Server.setupListenHandle [as _listen2] (node:net:2008:16)
2026-06-10 14:22:02:     at listenInCluster (node:net:2065:12)
2026-06-10 14:22:02:     at node:net:2274:7
2026-06-10 14:22:02:     at process.processTicksAndRejections (node:internal/process/task_queues:90:21) {
2026-06-10 14:22:02:   code: 'EADDRINUSE',
2026-06-10 14:22:02:   errno: -4091,
2026-06-10 14:22:02:   syscall: 'listen',
2026-06-10 14:22:02:   address: '0.0.0.0',
2026-06-10 14:22:02:   port: 5050
2026-06-10 14:22:02: }
2026-06-10 14:22:05: Error: listen EADDRINUSE: address already in use 0.0.0.0:5050
2026-06-10 14:22:05:     at Server.setupListenHandle [as _listen2] (node:net:2008:16)
2026-06-10 14:22:05:     at listenInCluster (node:net:2065:12)
2026-06-10 14:22:05:     at node:net:2274:7
2026-06-10 14:22:05:     at process.processTicksAndRejections (node:internal/process/task_queues:90:21) {
2026-06-10 14:22:05:   code: 'EADDRINUSE',
2026-06-10 14:22:05:   errno: -4091,
2026-06-10 14:22:05:   syscall: 'listen',
2026-06-10 14:22:05:   address: '0.0.0.0',
2026-06-10 14:22:05:   port: 5050
2026-06-10 14:22:05: }
2026-06-10 14:22:10: Error: listen EADDRINUSE: address already in use 0.0.0.0:5050
2026-06-10 14:22:10:     at Server.setupListenHandle [as _listen2] (node:net:2008:16)
2026-06-10 14:22:10:     at listenInCluster (node:net:2065:12)
2026-06-10 14:22:10:     at node:net:2274:7
2026-06-10 14:22:10:     at process.processTicksAndRejections (node:internal/process/task_queues:90:21) {
2026-06-10 14:22:10:   code: 'EADDRINUSE',
2026-06-10 14:22:10:   errno: -4091,
2026-06-10 14:22:10:   syscall: 'listen',
2026-06-10 14:22:10:   address: '0.0.0.0',
2026-06-10 14:22:10:   port: 5050
2026-06-10 14:22:10: }
2026-06-10 14:22:15: Error: listen EADDRINUSE: address already in use 0.0.0.0:5050
2026-06-10 14:22:15:     at Server.setupListenHandle [as _listen2] (node:net:2008:16)
2026-06-10 14:22:15:     at listenInCluster (node:net:2065:12)
2026-06-10 14:22:15:     at node:net:2274:7
2026-06-10 14:22:15:     at process.processTicksAndRejections (node:internal/process/task_queues:90:21) {
2026-06-10 14:22:15:   code: 'EADDRINUSE',
2026-06-10 14:22:15:   errno: -4091,
2026-06-10 14:22:15:   syscall: 'listen',
2026-06-10 14:22:15:   address: '0.0.0.0',
2026-06-10 14:22:15:   port: 5050
2026-06-10 14:22:15: }
2026-06-10 14:22:17: Error: listen EADDRINUSE: address already in use 0.0.0.0:5050
2026-06-10 14:22:17:     at Server.setupListenHandle [as _listen2] (node:net:2008:16)
2026-06-10 14:22:17:     at listenInCluster (node:net:2065:12)
2026-06-10 14:22:17:     at node:net:2274:7
2026-06-10 14:22:17:     at process.processTicksAndRejections (node:internal/process/task_queues:90:21) {
2026-06-10 14:22:17:   code: 'EADDRINUSE',
2026-06-10 14:22:17:   errno: -4091,
2026-06-10 14:22:17:   syscall: 'listen',
2026-06-10 14:22:17:   address: '0.0.0.0',
2026-06-10 14:22:17:   port: 5050
2026-06-10 14:22:17: }
2026-06-10 14:22:20: Error: listen EADDRINUSE: address already in use 0.0.0.0:5050
2026-06-10 14:22:20:     at Server.setupListenHandle [as _listen2] (node:net:2008:16)
2026-06-10 14:22:20:     at listenInCluster (node:net:2065:12)
2026-06-10 14:22:20:     at node:net:2274:7
2026-06-10 14:22:20:     at process.processTicksAndRejections (node:internal/process/task_queues:90:21) {
2026-06-10 14:22:20:   code: 'EADDRINUSE',
2026-06-10 14:22:20:   errno: -4091,
2026-06-10 14:22:20:   syscall: 'listen',
2026-06-10 14:22:20:   address: '0.0.0.0',
2026-06-10 14:22:20:   port: 5050
2026-06-10 14:22:20: }
2026-06-10 14:22:23: Error: listen EADDRINUSE: address already in use 0.0.0.0:5050
2026-06-10 14:22:23:     at Server.setupListenHandle [as _listen2] (node:net:2008:16)
2026-06-10 14:22:23:     at listenInCluster (node:net:2065:12)
2026-06-10 14:22:23:     at node:net:2274:7
2026-06-10 14:22:23:     at process.processTicksAndRejections (node:internal/process/task_queues:90:21) {
2026-06-10 14:22:23:   code: 'EADDRINUSE',
2026-06-10 14:22:23:   errno: -4091,
2026-06-10 14:22:23:   syscall: 'listen',
2026-06-10 14:22:23:   address: '0.0.0.0',
2026-06-10 14:22:23:   port: 5050
2026-06-10 14:22:23: }
2026-06-10 14:22:25: Error: listen EADDRINUSE: address already in use 0.0.0.0:5050
2026-06-10 14:22:25:     at Server.setupListenHandle [as _listen2] (node:net:2008:16)
2026-06-10 14:22:25:     at listenInCluster (node:net:2065:12)
2026-06-10 14:22:25:     at node:net:2274:7
2026-06-10 14:22:25:     at process.processTicksAndRejections (node:internal/process/task_queues:90:21) {
2026-06-10 14:22:25:   code: 'EADDRINUSE',
2026-06-10 14:22:25:   errno: -4091,
2026-06-10 14:22:25:   syscall: 'listen',
2026-06-10 14:22:25:   address: '0.0.0.0',
2026-06-10 14:22:25:   port: 5050
2026-06-10 14:22:25: }
2026-06-10 14:22:28: Error: listen EADDRINUSE: address already in use 0.0.0.0:5050
2026-06-10 14:22:28:     at Server.setupListenHandle [as _listen2] (node:net:2008:16)
2026-06-10 14:22:28:     at listenInCluster (node:net:2065:12)
2026-06-10 14:22:28:     at node:net:2274:7
2026-06-10 14:22:28:     at process.processTicksAndRejections (node:internal/process/task_queues:90:21) {
2026-06-10 14:22:28:   code: 'EADDRINUSE',
2026-06-10 14:22:28:   errno: -4091,
2026-06-10 14:22:28:   syscall: 'listen',
2026-06-10 14:22:28:   address: '0.0.0.0',
2026-06-10 14:22:28:   port: 5050
2026-06-10 14:22:28: }
2026-06-10 14:22:32: Error: listen EADDRINUSE: address already in use 0.0.0.0:5050
2026-06-10 14:22:32:     at Server.setupListenHandle [as _listen2] (node:net:2008:16)
2026-06-10 14:22:32:     at listenInCluster (node:net:2065:12)
2026-06-10 14:22:32:     at node:net:2274:7
2026-06-10 14:22:32:     at process.processTicksAndRejections (node:internal/process/task_queues:90:21) {
2026-06-10 14:22:32:   code: 'EADDRINUSE',
2026-06-10 14:22:32:   errno: -4091,
2026-06-10 14:22:32:   syscall: 'listen',
2026-06-10 14:22:32:   address: '0.0.0.0',
2026-06-10 14:22:32:   port: 5050
2026-06-10 14:22:32: }
2026-06-10 14:22:35: Error: listen EADDRINUSE: address already in use 0.0.0.0:5050
2026-06-10 14:22:35:     at Server.setupListenHandle [as _listen2] (node:net:2008:16)
2026-06-10 14:22:35:     at listenInCluster (node:net:2065:12)
2026-06-10 14:22:35:     at node:net:2274:7
2026-06-10 14:22:35:     at process.processTicksAndRejections (node:internal/process/task_queues:90:21) {
2026-06-10 14:22:35:   code: 'EADDRINUSE',
2026-06-10 14:22:35:   errno: -4091,
2026-06-10 14:22:35:   syscall: 'listen',
2026-06-10 14:22:35:   address: '0.0.0.0',
2026-06-10 14:22:35:   port: 5050
2026-06-10 14:22:35: }
2026-06-10 14:22:39: Error: listen EADDRINUSE: address already in use 0.0.0.0:5050
2026-06-10 14:22:39:     at Server.setupListenHandle [as _listen2] (node:net:2008:16)
2026-06-10 14:22:39:     at listenInCluster (node:net:2065:12)
2026-06-10 14:22:39:     at node:net:2274:7
2026-06-10 14:22:39:     at process.processTicksAndRejections (node:internal/process/task_queues:90:21) {
2026-06-10 14:22:39:   code: 'EADDRINUSE',
2026-06-10 14:22:39:   errno: -4091,
2026-06-10 14:22:39:   syscall: 'listen',
2026-06-10 14:22:39:   address: '0.0.0.0',
2026-06-10 14:22:39:   port: 5050
2026-06-10 14:22:39: }
2026-06-10 14:22:42: Error: listen EADDRINUSE: address already in use 0.0.0.0:5050
2026-06-10 14:22:42:     at Server.setupListenHandle [as _listen2] (node:net:2008:16)
2026-06-10 14:22:42:     at listenInCluster (node:net:2065:12)
2026-06-10 14:22:42:     at node:net:2274:7
2026-06-10 14:22:42:     at process.processTicksAndRejections (node:internal/process/task_queues:90:21) {
2026-06-10 14:22:42:   code: 'EADDRINUSE',
2026-06-10 14:22:42:   errno: -4091,
2026-06-10 14:22:42:   syscall: 'listen',
2026-06-10 14:22:42:   address: '0.0.0.0',
2026-06-10 14:22:42:   port: 5050
2026-06-10 14:22:42: }
2026-06-10 14:22:45: Error: listen EADDRINUSE: address already in use 0.0.0.0:5050
2026-06-10 14:22:45:     at Server.setupListenHandle [as _listen2] (node:net:2008:16)
2026-06-10 14:22:45:     at listenInCluster (node:net:2065:12)
2026-06-10 14:22:45:     at node:net:2274:7
2026-06-10 14:22:45:     at process.processTicksAndRejections (node:internal/process/task_queues:90:21) {
2026-06-10 14:22:45:   code: 'EADDRINUSE',
2026-06-10 14:22:45:   errno: -4091,
2026-06-10 14:22:45:   syscall: 'listen',
2026-06-10 14:22:45:   address: '0.0.0.0',
2026-06-10 14:22:45:   port: 5050
2026-06-10 14:22:45: }
2026-06-10 14:22:48: Error: listen EADDRINUSE: address already in use 0.0.0.0:5050
2026-06-10 14:22:48:     at Server.setupListenHandle [as _listen2] (node:net:2008:16)
2026-06-10 14:22:48:     at listenInCluster (node:net:2065:12)
2026-06-10 14:22:48:     at node:net:2274:7
2026-06-10 14:22:48:     at process.processTicksAndRejections (node:internal/process/task_queues:90:21) {
2026-06-10 14:22:48:   code: 'EADDRINUSE',
2026-06-10 14:22:48:   errno: -4091,
2026-06-10 14:22:48:   syscall: 'listen',
2026-06-10 14:22:48:   address: '0.0.0.0',
2026-06-10 14:22:48:   port: 5050
2026-06-10 14:22:48: }
2026-06-10 14:22:51: Error: listen EADDRINUSE: address already in use 0.0.0.0:5050
2026-06-10 14:22:51:     at Server.setupListenHandle [as _listen2] (node:net:2008:16)
2026-06-10 14:22:51:     at listenInCluster (node:net:2065:12)
2026-06-10 14:22:51:     at node:net:2274:7
2026-06-10 14:22:51:     at process.processTicksAndRejections (node:internal/process/task_queues:90:21) {
2026-06-10 14:22:51:   code: 'EADDRINUSE',
2026-06-10 14:22:51:   errno: -4091,
2026-06-10 14:22:51:   syscall: 'listen',
2026-06-10 14:22:51:   address: '0.0.0.0',
2026-06-10 14:22:51:   port: 5050
2026-06-10 14:22:51: }
2026-06-10 14:22:54: Error: listen EADDRINUSE: address already in use 0.0.0.0:5050
2026-06-10 14:22:54:     at Server.setupListenHandle [as _listen2] (node:net:2008:16)
2026-06-10 14:22:54:     at listenInCluster (node:net:2065:12)
2026-06-10 14:22:54:     at node:net:2274:7
2026-06-10 14:22:54:     at process.processTicksAndRejections (node:internal/process/task_queues:90:21) {
2026-06-10 14:22:54:   code: 'EADDRINUSE',
2026-06-10 14:22:54:   errno: -4091,
2026-06-10 14:22:54:   syscall: 'listen',
2026-06-10 14:22:54:   address: '0.0.0.0',
2026-06-10 14:22:54:   port: 5050
2026-06-10 14:22:54: }
2026-06-10 14:22:58: Error: listen EADDRINUSE: address already in use 0.0.0.0:5050
2026-06-10 14:22:58:     at Server.setupListenHandle [as _listen2] (node:net:2008:16)
2026-06-10 14:22:58:     at listenInCluster (node:net:2065:12)
2026-06-10 14:22:58:     at node:net:2274:7
2026-06-10 14:22:58:     at process.processTicksAndRejections (node:internal/process/task_queues:90:21) {
2026-06-10 14:22:58:   code: 'EADDRINUSE',
2026-06-10 14:22:58:   errno: -4091,
2026-06-10 14:22:58:   syscall: 'listen',
2026-06-10 14:22:58:   address: '0.0.0.0',
2026-06-10 14:22:58:   port: 5050
2026-06-10 14:22:58: }
2026-06-10 14:23:02: Error: listen EADDRINUSE: address already in use 0.0.0.0:5050
2026-06-10 14:23:02:     at Server.setupListenHandle [as _listen2] (node:net:2008:16)
2026-06-10 14:23:02:     at listenInCluster (node:net:2065:12)
2026-06-10 14:23:02:     at node:net:2274:7
2026-06-10 14:23:02:     at process.processTicksAndRejections (node:internal/process/task_queues:90:21) {
2026-06-10 14:23:02:   code: 'EADDRINUSE',
2026-06-10 14:23:02:   errno: -4091,
2026-06-10 14:23:02:   syscall: 'listen',
2026-06-10 14:23:02:   address: '0.0.0.0',
2026-06-10 14:23:02:   port: 5050
2026-06-10 14:23:02: }
2026-06-10 14:23:06: Error: listen EADDRINUSE: address already in use 0.0.0.0:5050
2026-06-10 14:23:06:     at Server.setupListenHandle [as _listen2] (node:net:2008:16)
2026-06-10 14:23:06:     at listenInCluster (node:net:2065:12)
2026-06-10 14:23:06:     at node:net:2274:7
2026-06-10 14:23:06:     at process.processTicksAndRejections (node:internal/process/task_queues:90:21) {
2026-06-10 14:23:06:   code: 'EADDRINUSE',
2026-06-10 14:23:06:   errno: -4091,
2026-06-10 14:23:06:   syscall: 'listen',
2026-06-10 14:23:06:   address: '0.0.0.0',
2026-06-10 14:23:06:   port: 5050
2026-06-10 14:23:06: }
2026-06-10 14:23:10: Error: listen EADDRINUSE: address already in use 0.0.0.0:5050
2026-06-10 14:23:10:     at Server.setupListenHandle [as _listen2] (node:net:2008:16)
2026-06-10 14:23:10:     at listenInCluster (node:net:2065:12)
2026-06-10 14:23:10:     at node:net:2274:7
2026-06-10 14:23:10:     at process.processTicksAndRejections (node:internal/process/task_queues:90:21) {
2026-06-10 14:23:10:   code: 'EADDRINUSE',
2026-06-10 14:23:10:   errno: -4091,
2026-06-10 14:23:10:   syscall: 'listen',
2026-06-10 14:23:10:   address: '0.0.0.0',
2026-06-10 14:23:10:   port: 5050
2026-06-10 14:23:10: }
2026-06-10 14:23:14: Error: listen EADDRINUSE: address already in use 0.0.0.0:5050
2026-06-10 14:23:14:     at Server.setupListenHandle [as _listen2] (node:net:2008:16)
2026-06-10 14:23:14:     at listenInCluster (node:net:2065:12)
2026-06-10 14:23:14:     at node:net:2274:7
2026-06-10 14:23:14:     at process.processTicksAndRejections (node:internal/process/task_queues:90:21) {
2026-06-10 14:23:14:   code: 'EADDRINUSE',
2026-06-10 14:23:14:   errno: -4091,
2026-06-10 14:23:14:   syscall: 'listen',
2026-06-10 14:23:14:   address: '0.0.0.0',
2026-06-10 14:23:14:   port: 5050
2026-06-10 14:23:14: }
2026-06-10 14:23:18: Error: listen EADDRINUSE: address already in use 0.0.0.0:5050
2026-06-10 14:23:18:     at Server.setupListenHandle [as _listen2] (node:net:2008:16)
2026-06-10 14:23:18:     at listenInCluster (node:net:2065:12)
2026-06-10 14:23:18:     at node:net:2274:7
2026-06-10 14:23:18:     at process.processTicksAndRejections (node:internal/process/task_queues:90:21) {
2026-06-10 14:23:18:   code: 'EADDRINUSE',
2026-06-10 14:23:18:   errno: -4091,
2026-06-10 14:23:18:   syscall: 'listen',
2026-06-10 14:23:18:   address: '0.0.0.0',
2026-06-10 14:23:18:   port: 5050
2026-06-10 14:23:18: }
2026-06-10 14:23:21: Error: listen EADDRINUSE: address already in use 0.0.0.0:5050
2026-06-10 14:23:21:     at Server.setupListenHandle [as _listen2] (node:net:2008:16)
2026-06-10 14:23:21:     at listenInCluster (node:net:2065:12)
2026-06-10 14:23:21:     at node:net:2274:7
2026-06-10 14:23:21:     at process.processTicksAndRejections (node:internal/process/task_queues:90:21) {
2026-06-10 14:23:21:   code: 'EADDRINUSE',
2026-06-10 14:23:21:   errno: -4091,
2026-06-10 14:23:21:   syscall: 'listen',
2026-06-10 14:23:21:   address: '0.0.0.0',
2026-06-10 14:23:21:   port: 5050
2026-06-10 14:23:21: }
2026-06-10 14:23:24: Error: listen EADDRINUSE: address already in use 0.0.0.0:5050
2026-06-10 14:23:24:     at Server.setupListenHandle [as _listen2] (node:net:2008:16)
2026-06-10 14:23:24:     at listenInCluster (node:net:2065:12)
2026-06-10 14:23:24:     at node:net:2274:7
2026-06-10 14:23:24:     at process.processTicksAndRejections (node:internal/process/task_queues:90:21) {
2026-06-10 14:23:24:   code: 'EADDRINUSE',
2026-06-10 14:23:24:   errno: -4091,
2026-06-10 14:23:24:   syscall: 'listen',
2026-06-10 14:23:24:   address: '0.0.0.0',
2026-06-10 14:23:24:   port: 5050
2026-06-10 14:23:24: }
2026-06-10 14:23:28: Error: listen EADDRINUSE: address already in use 0.0.0.0:5050
2026-06-10 14:23:28:     at Server.setupListenHandle [as _listen2] (node:net:2008:16)
2026-06-10 14:23:28:     at listenInCluster (node:net:2065:12)
2026-06-10 14:23:28:     at node:net:2274:7
2026-06-10 14:23:28:     at process.processTicksAndRejections (node:internal/process/task_queues:90:21) {
2026-06-10 14:23:28:   code: 'EADDRINUSE',
2026-06-10 14:23:28:   errno: -4091,
2026-06-10 14:23:28:   syscall: 'listen',
2026-06-10 14:23:28:   address: '0.0.0.0',
2026-06-10 14:23:28:   port: 5050
2026-06-10 14:23:28: }
2026-06-10 14:23:31: Error: listen EADDRINUSE: address already in use 0.0.0.0:5050
2026-06-10 14:23:31:     at Server.setupListenHandle [as _listen2] (node:net:2008:16)
2026-06-10 14:23:31:     at listenInCluster (node:net:2065:12)
2026-06-10 14:23:31:     at node:net:2274:7
2026-06-10 14:23:31:     at process.processTicksAndRejections (node:internal/process/task_queues:90:21) {
2026-06-10 14:23:31:   code: 'EADDRINUSE',
2026-06-10 14:23:31:   errno: -4091,
2026-06-10 14:23:31:   syscall: 'listen',
2026-06-10 14:23:31:   address: '0.0.0.0',
2026-06-10 14:23:31:   port: 5050
2026-06-10 14:23:31: }
2026-06-10 14:23:36: Error: listen EADDRINUSE: address already in use 0.0.0.0:5050
2026-06-10 14:23:36:     at Server.setupListenHandle [as _listen2] (node:net:2008:16)
2026-06-10 14:23:36:     at listenInCluster (node:net:2065:12)
2026-06-10 14:23:36:     at node:net:2274:7
2026-06-10 14:23:36:     at process.processTicksAndRejections (node:internal/process/task_queues:90:21) {
2026-06-10 14:23:36:   code: 'EADDRINUSE',
2026-06-10 14:23:36:   errno: -4091,
2026-06-10 14:23:36:   syscall: 'listen',
2026-06-10 14:23:36:   address: '0.0.0.0',
2026-06-10 14:23:36:   port: 5050
2026-06-10 14:23:36: }
2026-06-10 14:23:40: Error: listen EADDRINUSE: address already in use 0.0.0.0:5050
2026-06-10 14:23:40:     at Server.setupListenHandle [as _listen2] (node:net:2008:16)
2026-06-10 14:23:40:     at listenInCluster (node:net:2065:12)
2026-06-10 14:23:40:     at node:net:2274:7
2026-06-10 14:23:40:     at process.processTicksAndRejections (node:internal/process/task_queues:90:21) {
2026-06-10 14:23:40:   code: 'EADDRINUSE',
2026-06-10 14:23:40:   errno: -4091,
2026-06-10 14:23:40:   syscall: 'listen',
2026-06-10 14:23:40:   address: '0.0.0.0',
2026-06-10 14:23:40:   port: 5050
2026-06-10 14:23:40: }
2026-06-10 14:23:45: Error: listen EADDRINUSE: address already in use 0.0.0.0:5050
2026-06-10 14:23:45:     at Server.setupListenHandle [as _listen2] (node:net:2008:16)
2026-06-10 14:23:45:     at listenInCluster (node:net:2065:12)
2026-06-10 14:23:45:     at node:net:2274:7
2026-06-10 14:23:45:     at process.processTicksAndRejections (node:internal/process/task_queues:90:21) {
2026-06-10 14:23:45:   code: 'EADDRINUSE',
2026-06-10 14:23:45:   errno: -4091,
2026-06-10 14:23:45:   syscall: 'listen',
2026-06-10 14:23:45:   address: '0.0.0.0',
2026-06-10 14:23:45:   port: 5050
2026-06-10 14:23:45: }
2026-06-10 14:23:48: Error: listen EADDRINUSE: address already in use 0.0.0.0:5050
2026-06-10 14:23:48:     at Server.setupListenHandle [as _listen2] (node:net:2008:16)
2026-06-10 14:23:48:     at listenInCluster (node:net:2065:12)
2026-06-10 14:23:48:     at node:net:2274:7
2026-06-10 14:23:48:     at process.processTicksAndRejections (node:internal/process/task_queues:90:21) {
2026-06-10 14:23:48:   code: 'EADDRINUSE',
2026-06-10 14:23:48:   errno: -4091,
2026-06-10 14:23:48:   syscall: 'listen',
2026-06-10 14:23:48:   address: '0.0.0.0',
2026-06-10 14:23:48:   port: 5050
2026-06-10 14:23:48: }
2026-06-10 14:23:51: Error: listen EADDRINUSE: address already in use 0.0.0.0:5050
2026-06-10 14:23:51:     at Server.setupListenHandle [as _listen2] (node:net:2008:16)
2026-06-10 14:23:51:     at listenInCluster (node:net:2065:12)
2026-06-10 14:23:51:     at node:net:2274:7
2026-06-10 14:23:51:     at process.processTicksAndRejections (node:internal/process/task_queues:90:21) {
2026-06-10 14:23:51:   code: 'EADDRINUSE',
2026-06-10 14:23:51:   errno: -4091,
2026-06-10 14:23:51:   syscall: 'listen',
2026-06-10 14:23:51:   address: '0.0.0.0',
2026-06-10 14:23:51:   port: 5050
2026-06-10 14:23:51: }
2026-06-10 14:23:54: Error: listen EADDRINUSE: address already in use 0.0.0.0:5050
2026-06-10 14:23:54:     at Server.setupListenHandle [as _listen2] (node:net:2008:16)
2026-06-10 14:23:54:     at listenInCluster (node:net:2065:12)
2026-06-10 14:23:54:     at node:net:2274:7
2026-06-10 14:23:54:     at process.processTicksAndRejections (node:internal/process/task_queues:90:21) {
2026-06-10 14:23:54:   code: 'EADDRINUSE',
2026-06-10 14:23:54:   errno: -4091,
2026-06-10 14:23:54:   syscall: 'listen',
2026-06-10 14:23:54:   address: '0.0.0.0',
2026-06-10 14:23:54:   port: 5050
2026-06-10 14:23:54: }
2026-06-10 14:23:57: Error: listen EADDRINUSE: address already in use 0.0.0.0:5050
2026-06-10 14:23:57:     at Server.setupListenHandle [as _listen2] (node:net:2008:16)
2026-06-10 14:23:57:     at listenInCluster (node:net:2065:12)
2026-06-10 14:23:57:     at node:net:2274:7
2026-06-10 14:23:57:     at process.processTicksAndRejections (node:internal/process/task_queues:90:21) {
2026-06-10 14:23:57:   code: 'EADDRINUSE',
2026-06-10 14:23:57:   errno: -4091,
2026-06-10 14:23:57:   syscall: 'listen',
2026-06-10 14:23:57:   address: '0.0.0.0',
2026-06-10 14:23:57:   port: 5050
2026-06-10 14:23:57: }
2026-06-10 14:24:00: Error: listen EADDRINUSE: address already in use 0.0.0.0:5050
2026-06-10 14:24:00:     at Server.setupListenHandle [as _listen2] (node:net:2008:16)
2026-06-10 14:24:00:     at listenInCluster (node:net:2065:12)
2026-06-10 14:24:00:     at node:net:2274:7
2026-06-10 14:24:00:     at process.processTicksAndRejections (node:internal/process/task_queues:90:21) {
2026-06-10 14:24:00:   code: 'EADDRINUSE',
2026-06-10 14:24:00:   errno: -4091,
2026-06-10 14:24:00:   syscall: 'listen',
2026-06-10 14:24:00:   address: '0.0.0.0',
2026-06-10 14:24:00:   port: 5050
2026-06-10 14:24:00: }
2026-06-10 14:24:04: Error: listen EADDRINUSE: address already in use 0.0.0.0:5050
2026-06-10 14:24:04:     at Server.setupListenHandle [as _listen2] (node:net:2008:16)
2026-06-10 14:24:04:     at listenInCluster (node:net:2065:12)
2026-06-10 14:24:04:     at node:net:2274:7
2026-06-10 14:24:04:     at process.processTicksAndRejections (node:internal/process/task_queues:90:21) {
2026-06-10 14:24:04:   code: 'EADDRINUSE',
2026-06-10 14:24:04:   errno: -4091,
2026-06-10 14:24:04:   syscall: 'listen',
2026-06-10 14:24:04:   address: '0.0.0.0',
2026-06-10 14:24:04:   port: 5050
2026-06-10 14:24:04: }
2026-06-10 14:24:08: Error: listen EADDRINUSE: address already in use 0.0.0.0:5050
2026-06-10 14:24:08:     at Server.setupListenHandle [as _listen2] (node:net:2008:16)
2026-06-10 14:24:08:     at listenInCluster (node:net:2065:12)
2026-06-10 14:24:08:     at node:net:2274:7
2026-06-10 14:24:08:     at process.processTicksAndRejections (node:internal/process/task_queues:90:21) {
2026-06-10 14:24:08:   code: 'EADDRINUSE',
2026-06-10 14:24:08:   errno: -4091,
2026-06-10 14:24:08:   syscall: 'listen',
2026-06-10 14:24:08:   address: '0.0.0.0',
2026-06-10 14:24:08:   port: 5050
2026-06-10 14:24:08: }
2026-06-10 14:24:11: Error: listen EADDRINUSE: address already in use 0.0.0.0:5050
2026-06-10 14:24:11:     at Server.setupListenHandle [as _listen2] (node:net:2008:16)
2026-06-10 14:24:11:     at listenInCluster (node:net:2065:12)
2026-06-10 14:24:11:     at node:net:2274:7
2026-06-10 14:24:11:     at process.processTicksAndRejections (node:internal/process/task_queues:90:21) {
2026-06-10 14:24:11:   code: 'EADDRINUSE',
2026-06-10 14:24:11:   errno: -4091,
2026-06-10 14:24:11:   syscall: 'listen',
2026-06-10 14:24:11:   address: '0.0.0.0',
2026-06-10 14:24:11:   port: 5050
2026-06-10 14:24:11: }
2026-06-10 14:24:14: Error: listen EADDRINUSE: address already in use 0.0.0.0:5050
2026-06-10 14:24:14:     at Server.setupListenHandle [as _listen2] (node:net:2008:16)
2026-06-10 14:24:14:     at listenInCluster (node:net:2065:12)
2026-06-10 14:24:14:     at node:net:2274:7
2026-06-10 14:24:14:     at process.processTicksAndRejections (node:internal/process/task_queues:90:21) {
2026-06-10 14:24:14:   code: 'EADDRINUSE',
2026-06-10 14:24:14:   errno: -4091,
2026-06-10 14:24:14:   syscall: 'listen',
2026-06-10 14:24:14:   address: '0.0.0.0',
2026-06-10 14:24:14:   port: 5050
2026-06-10 14:24:14: }
2026-06-10 14:24:17: Error: listen EADDRINUSE: address already in use 0.0.0.0:5050
2026-06-10 14:24:17:     at Server.setupListenHandle [as _listen2] (node:net:2008:16)
2026-06-10 14:24:17:     at listenInCluster (node:net:2065:12)
2026-06-10 14:24:17:     at node:net:2274:7
2026-06-10 14:24:17:     at process.processTicksAndRejections (node:internal/process/task_queues:90:21) {
2026-06-10 14:24:17:   code: 'EADDRINUSE',
2026-06-10 14:24:17:   errno: -4091,
2026-06-10 14:24:17:   syscall: 'listen',
2026-06-10 14:24:17:   address: '0.0.0.0',
2026-06-10 14:24:17:   port: 5050
2026-06-10 14:24:17: }
2026-06-10 14:24:20: Error: listen EADDRINUSE: address already in use 0.0.0.0:5050
2026-06-10 14:24:20:     at Server.setupListenHandle [as _listen2] (node:net:2008:16)
2026-06-10 14:24:20:     at listenInCluster (node:net:2065:12)
2026-06-10 14:24:20:     at node:net:2274:7
2026-06-10 14:24:20:     at process.processTicksAndRejections (node:internal/process/task_queues:90:21) {
2026-06-10 14:24:20:   code: 'EADDRINUSE',
2026-06-10 14:24:20:   errno: -4091,
2026-06-10 14:24:20:   syscall: 'listen',
2026-06-10 14:24:20:   address: '0.0.0.0',
2026-06-10 14:24:20:   port: 5050
2026-06-10 14:24:20: }
2026-06-10 14:24:23: Error: listen EADDRINUSE: address already in use 0.0.0.0:5050
2026-06-10 14:24:23:     at Server.setupListenHandle [as _listen2] (node:net:2008:16)
2026-06-10 14:24:23:     at listenInCluster (node:net:2065:12)
2026-06-10 14:24:23:     at node:net:2274:7
2026-06-10 14:24:23:     at process.processTicksAndRejections (node:internal/process/task_queues:90:21) {
2026-06-10 14:24:23:   code: 'EADDRINUSE',
2026-06-10 14:24:23:   errno: -4091,
2026-06-10 14:24:23:   syscall: 'listen',
2026-06-10 14:24:23:   address: '0.0.0.0',
2026-06-10 14:24:23:   port: 5050
2026-06-10 14:24:23: }
2026-06-10 14:24:27: Error: listen EADDRINUSE: address already in use 0.0.0.0:5050
2026-06-10 14:24:27:     at Server.setupListenHandle [as _listen2] (node:net:2008:16)
2026-06-10 14:24:27:     at listenInCluster (node:net:2065:12)
2026-06-10 14:24:27:     at node:net:2274:7
2026-06-10 14:24:27:     at process.processTicksAndRejections (node:internal/process/task_queues:90:21) {
2026-06-10 14:24:27:   code: 'EADDRINUSE',
2026-06-10 14:24:27:   errno: -4091,
2026-06-10 14:24:27:   syscall: 'listen',
2026-06-10 14:24:27:   address: '0.0.0.0',
2026-06-10 14:24:27:   port: 5050
2026-06-10 14:24:27: }
2026-06-10 14:24:30: Error: listen EADDRINUSE: address already in use 0.0.0.0:5050
2026-06-10 14:24:30:     at Server.setupListenHandle [as _listen2] (node:net:2008:16)
2026-06-10 14:24:30:     at listenInCluster (node:net:2065:12)
2026-06-10 14:24:30:     at node:net:2274:7
2026-06-10 14:24:30:     at process.processTicksAndRejections (node:internal/process/task_queues:90:21) {
2026-06-10 14:24:30:   code: 'EADDRINUSE',
2026-06-10 14:24:30:   errno: -4091,
2026-06-10 14:24:30:   syscall: 'listen',
2026-06-10 14:24:30:   address: '0.0.0.0',
2026-06-10 14:24:30:   port: 5050
2026-06-10 14:24:30: }
2026-06-10 14:24:33: Error: listen EADDRINUSE: address already in use 0.0.0.0:5050
2026-06-10 14:24:33:     at Server.setupListenHandle [as _listen2] (node:net:2008:16)
2026-06-10 14:24:33:     at listenInCluster (node:net:2065:12)
2026-06-10 14:24:33:     at node:net:2274:7
2026-06-10 14:24:33:     at process.processTicksAndRejections (node:internal/process/task_queues:90:21) {
2026-06-10 14:24:33:   code: 'EADDRINUSE',
2026-06-10 14:24:33:   errno: -4091,
2026-06-10 14:24:33:   syscall: 'listen',
2026-06-10 14:24:33:   address: '0.0.0.0',
2026-06-10 14:24:33:   port: 5050
2026-06-10 14:24:33: }
2026-06-10 14:24:37: Error: listen EADDRINUSE: address already in use 0.0.0.0:5050
2026-06-10 14:24:37:     at Server.setupListenHandle [as _listen2] (node:net:2008:16)
2026-06-10 14:24:37:     at listenInCluster (node:net:2065:12)
2026-06-10 14:24:37:     at node:net:2274:7
2026-06-10 14:24:37:     at process.processTicksAndRejections (node:internal/process/task_queues:90:21) {
2026-06-10 14:24:37:   code: 'EADDRINUSE',
2026-06-10 14:24:37:   errno: -4091,
2026-06-10 14:24:37:   syscall: 'listen',
2026-06-10 14:24:37:   address: '0.0.0.0',
2026-06-10 14:24:37:   port: 5050
2026-06-10 14:24:37: }
2026-06-10 14:24:40: Error: listen EADDRINUSE: address already in use 0.0.0.0:5050
2026-06-10 14:24:40:     at Server.setupListenHandle [as _listen2] (node:net:2008:16)
2026-06-10 14:24:40:     at listenInCluster (node:net:2065:12)
2026-06-10 14:24:40:     at node:net:2274:7
2026-06-10 14:24:40:     at process.processTicksAndRejections (node:internal/process/task_queues:90:21) {
2026-06-10 14:24:40:   code: 'EADDRINUSE',
2026-06-10 14:24:40:   errno: -4091,
2026-06-10 14:24:40:   syscall: 'listen',
2026-06-10 14:24:40:   address: '0.0.0.0',
2026-06-10 14:24:40:   port: 5050
2026-06-10 14:24:40: }
2026-06-10 14:24:42: Error: listen EADDRINUSE: address already in use 0.0.0.0:5050
2026-06-10 14:24:42:     at Server.setupListenHandle [as _listen2] (node:net:2008:16)
2026-06-10 14:24:42:     at listenInCluster (node:net:2065:12)
2026-06-10 14:24:42:     at node:net:2274:7
2026-06-10 14:24:42:     at process.processTicksAndRejections (node:internal/process/task_queues:90:21) {
2026-06-10 14:24:42:   code: 'EADDRINUSE',
2026-06-10 14:24:42:   errno: -4091,
2026-06-10 14:24:42:   syscall: 'listen',
2026-06-10 14:24:42:   address: '0.0.0.0',
2026-06-10 14:24:42:   port: 5050
2026-06-10 14:24:42: }
2026-06-10 14:24:45: Error: listen EADDRINUSE: address already in use 0.0.0.0:5050
2026-06-10 14:24:45:     at Server.setupListenHandle [as _listen2] (node:net:2008:16)
2026-06-10 14:24:45:     at listenInCluster (node:net:2065:12)
2026-06-10 14:24:45:     at node:net:2274:7
2026-06-10 14:24:45:     at process.processTicksAndRejections (node:internal/process/task_queues:90:21) {
2026-06-10 14:24:45:   code: 'EADDRINUSE',
2026-06-10 14:24:45:   errno: -4091,
2026-06-10 14:24:45:   syscall: 'listen',
2026-06-10 14:24:45:   address: '0.0.0.0',
2026-06-10 14:24:45:   port: 5050
2026-06-10 14:24:45: }
2026-06-10 14:24:51: Error: listen EADDRINUSE: address already in use 0.0.0.0:5050
2026-06-10 14:24:51:     at Server.setupListenHandle [as _listen2] (node:net:2008:16)
2026-06-10 14:24:51:     at listenInCluster (node:net:2065:12)
2026-06-10 14:24:51:     at node:net:2274:7
2026-06-10 14:24:51:     at process.processTicksAndRejections (node:internal/process/task_queues:90:21) {
2026-06-10 14:24:51:   code: 'EADDRINUSE',
2026-06-10 14:24:51:   errno: -4091,
2026-06-10 14:24:51:   syscall: 'listen',
2026-06-10 14:24:51:   address: '0.0.0.0',
2026-06-10 14:24:51:   port: 5050
2026-06-10 14:24:51: }
2026-06-10 14:24:54: Error: listen EADDRINUSE: address already in use 0.0.0.0:5050
2026-06-10 14:24:54:     at Server.setupListenHandle [as _listen2] (node:net:2008:16)
2026-06-10 14:24:54:     at listenInCluster (node:net:2065:12)
2026-06-10 14:24:54:     at node:net:2274:7
2026-06-10 14:24:54:     at process.processTicksAndRejections (node:internal/process/task_queues:90:21) {
2026-06-10 14:24:54:   code: 'EADDRINUSE',
2026-06-10 14:24:54:   errno: -4091,
2026-06-10 14:24:54:   syscall: 'listen',
2026-06-10 14:24:54:   address: '0.0.0.0',
2026-06-10 14:24:54:   port: 5050
2026-06-10 14:24:54: }
2026-06-10 14:24:58: Error: listen EADDRINUSE: address already in use 0.0.0.0:5050
2026-06-10 14:24:58:     at Server.setupListenHandle [as _listen2] (node:net:2008:16)
2026-06-10 14:24:58:     at listenInCluster (node:net:2065:12)
2026-06-10 14:24:58:     at node:net:2274:7
2026-06-10 14:24:58:     at process.processTicksAndRejections (node:internal/process/task_queues:90:21) {
2026-06-10 14:24:58:   code: 'EADDRINUSE',
2026-06-10 14:24:58:   errno: -4091,
2026-06-10 14:24:58:   syscall: 'listen',
2026-06-10 14:24:58:   address: '0.0.0.0',
2026-06-10 14:24:58:   port: 5050
2026-06-10 14:24:58: }
2026-06-10 14:25:02: Error: listen EADDRINUSE: address already in use 0.0.0.0:5050
2026-06-10 14:25:02:     at Server.setupListenHandle [as _listen2] (node:net:2008:16)
2026-06-10 14:25:02:     at listenInCluster (node:net:2065:12)
2026-06-10 14:25:02:     at node:net:2274:7
2026-06-10 14:25:02:     at process.processTicksAndRejections (node:internal/process/task_queues:90:21) {
2026-06-10 14:25:02:   code: 'EADDRINUSE',
2026-06-10 14:25:02:   errno: -4091,
2026-06-10 14:25:02:   syscall: 'listen',
2026-06-10 14:25:02:   address: '0.0.0.0',
2026-06-10 14:25:02:   port: 5050
2026-06-10 14:25:02: }
2026-06-10 14:25:05: Error: listen EADDRINUSE: address already in use 0.0.0.0:5050
2026-06-10 14:25:05:     at Server.setupListenHandle [as _listen2] (node:net:2008:16)
2026-06-10 14:25:05:     at listenInCluster (node:net:2065:12)
2026-06-10 14:25:05:     at node:net:2274:7
2026-06-10 14:25:05:     at process.processTicksAndRejections (node:internal/process/task_queues:90:21) {
2026-06-10 14:25:05:   code: 'EADDRINUSE',
2026-06-10 14:25:05:   errno: -4091,
2026-06-10 14:25:05:   syscall: 'listen',
2026-06-10 14:25:05:   address: '0.0.0.0',
2026-06-10 14:25:05:   port: 5050
2026-06-10 14:25:05: }
2026-06-10 14:25:08: Error: listen EADDRINUSE: address already in use 0.0.0.0:5050
2026-06-10 14:25:08:     at Server.setupListenHandle [as _listen2] (node:net:2008:16)
2026-06-10 14:25:08:     at listenInCluster (node:net:2065:12)
2026-06-10 14:25:08:     at node:net:2274:7
2026-06-10 14:25:08:     at process.processTicksAndRejections (node:internal/process/task_queues:90:21) {
2026-06-10 14:25:08:   code: 'EADDRINUSE',
2026-06-10 14:25:08:   errno: -4091,
2026-06-10 14:25:08:   syscall: 'listen',
2026-06-10 14:25:08:   address: '0.0.0.0',
2026-06-10 14:25:08:   port: 5050
2026-06-10 14:25:08: }
2026-06-10 14:25:12: Error: listen EADDRINUSE: address already in use 0.0.0.0:5050
2026-06-10 14:25:12:     at Server.setupListenHandle [as _listen2] (node:net:2008:16)
2026-06-10 14:25:12:     at listenInCluster (node:net:2065:12)
2026-06-10 14:25:12:     at node:net:2274:7
2026-06-10 14:25:12:     at process.processTicksAndRejections (node:internal/process/task_queues:90:21) {
2026-06-10 14:25:12:   code: 'EADDRINUSE',
2026-06-10 14:25:12:   errno: -4091,
2026-06-10 14:25:12:   syscall: 'listen',
2026-06-10 14:25:12:   address: '0.0.0.0',
2026-06-10 14:25:12:   port: 5050
2026-06-10 14:25:12: }
2026-06-10 14:25:15: Error: listen EADDRINUSE: address already in use 0.0.0.0:5050
2026-06-10 14:25:15:     at Server.setupListenHandle [as _listen2] (node:net:2008:16)
2026-06-10 14:25:15:     at listenInCluster (node:net:2065:12)
2026-06-10 14:25:15:     at node:net:2274:7
2026-06-10 14:25:15:     at process.processTicksAndRejections (node:internal/process/task_queues:90:21) {
2026-06-10 14:25:15:   code: 'EADDRINUSE',
2026-06-10 14:25:15:   errno: -4091,
2026-06-10 14:25:15:   syscall: 'listen',
2026-06-10 14:25:15:   address: '0.0.0.0',
2026-06-10 14:25:15:   port: 5050
2026-06-10 14:25:15: }
2026-06-10 14:25:18: Error: listen EADDRINUSE: address already in use 0.0.0.0:5050
2026-06-10 14:25:18:     at Server.setupListenHandle [as _listen2] (node:net:2008:16)
2026-06-10 14:25:18:     at listenInCluster (node:net:2065:12)
2026-06-10 14:25:18:     at node:net:2274:7
2026-06-10 14:25:18:     at process.processTicksAndRejections (node:internal/process/task_queues:90:21) {
2026-06-10 14:25:18:   code: 'EADDRINUSE',
2026-06-10 14:25:18:   errno: -4091,
2026-06-10 14:25:18:   syscall: 'listen',
2026-06-10 14:25:18:   address: '0.0.0.0',
2026-06-10 14:25:18:   port: 5050
2026-06-10 14:25:18: }
2026-06-10 14:25:21: Error: listen EADDRINUSE: address already in use 0.0.0.0:5050
2026-06-10 14:25:21:     at Server.setupListenHandle [as _listen2] (node:net:2008:16)
2026-06-10 14:25:21:     at listenInCluster (node:net:2065:12)
2026-06-10 14:25:21:     at node:net:2274:7
2026-06-10 14:25:21:     at process.processTicksAndRejections (node:internal/process/task_queues:90:21) {
2026-06-10 14:25:21:   code: 'EADDRINUSE',
2026-06-10 14:25:21:   errno: -4091,
2026-06-10 14:25:21:   syscall: 'listen',
2026-06-10 14:25:21:   address: '0.0.0.0',
2026-06-10 14:25:21:   port: 5050
2026-06-10 14:25:21: }
2026-06-10 14:25:24: Error: listen EADDRINUSE: address already in use 0.0.0.0:5050
2026-06-10 14:25:24:     at Server.setupListenHandle [as _listen2] (node:net:2008:16)
2026-06-10 14:25:24:     at listenInCluster (node:net:2065:12)
2026-06-10 14:25:24:     at node:net:2274:7
2026-06-10 14:25:24:     at process.processTicksAndRejections (node:internal/process/task_queues:90:21) {
2026-06-10 14:25:24:   code: 'EADDRINUSE',
2026-06-10 14:25:24:   errno: -4091,
2026-06-10 14:25:24:   syscall: 'listen',
2026-06-10 14:25:24:   address: '0.0.0.0',
2026-06-10 14:25:24:   port: 5050
2026-06-10 14:25:24: }
2026-06-10 14:25:27: Error: listen EADDRINUSE: address already in use 0.0.0.0:5050
2026-06-10 14:25:27:     at Server.setupListenHandle [as _listen2] (node:net:2008:16)
2026-06-10 14:25:27:     at listenInCluster (node:net:2065:12)
2026-06-10 14:25:27:     at node:net:2274:7
2026-06-10 14:25:27:     at process.processTicksAndRejections (node:internal/process/task_queues:90:21) {
2026-06-10 14:25:27:   code: 'EADDRINUSE',
2026-06-10 14:25:27:   errno: -4091,
2026-06-10 14:25:27:   syscall: 'listen',
2026-06-10 14:25:27:   address: '0.0.0.0',
2026-06-10 14:25:27:   port: 5050
2026-06-10 14:25:27: }
2026-06-10 14:25:30: Error: listen EADDRINUSE: address already in use 0.0.0.0:5050
2026-06-10 14:25:30:     at Server.setupListenHandle [as _listen2] (node:net:2008:16)
2026-06-10 14:25:30:     at listenInCluster (node:net:2065:12)
2026-06-10 14:25:30:     at node:net:2274:7
2026-06-10 14:25:30:     at process.processTicksAndRejections (node:internal/process/task_queues:90:21) {
2026-06-10 14:25:30:   code: 'EADDRINUSE',
2026-06-10 14:25:30:   errno: -4091,
2026-06-10 14:25:30:   syscall: 'listen',
2026-06-10 14:25:30:   address: '0.0.0.0',
2026-06-10 14:25:30:   port: 5050
2026-06-10 14:25:30: }
2026-06-10 14:25:33: Error: listen EADDRINUSE: address already in use 0.0.0.0:5050
2026-06-10 14:25:33:     at Server.setupListenHandle [as _listen2] (node:net:2008:16)
2026-06-10 14:25:33:     at listenInCluster (node:net:2065:12)
2026-06-10 14:25:33:     at node:net:2274:7
2026-06-10 14:25:33:     at process.processTicksAndRejections (node:internal/process/task_queues:90:21) {
2026-06-10 14:25:33:   code: 'EADDRINUSE',
2026-06-10 14:25:33:   errno: -4091,
2026-06-10 14:25:33:   syscall: 'listen',
2026-06-10 14:25:33:   address: '0.0.0.0',
2026-06-10 14:25:33:   port: 5050
2026-06-10 14:25:33: }
2026-06-10 14:25:36: Error: listen EADDRINUSE: address already in use 0.0.0.0:5050
2026-06-10 14:25:36:     at Server.setupListenHandle [as _listen2] (node:net:2008:16)
2026-06-10 14:25:36:     at listenInCluster (node:net:2065:12)
2026-06-10 14:25:36:     at node:net:2274:7
2026-06-10 14:25:36:     at process.processTicksAndRejections (node:internal/process/task_queues:90:21) {
2026-06-10 14:25:36:   code: 'EADDRINUSE',
2026-06-10 14:25:36:   errno: -4091,
2026-06-10 14:25:36:   syscall: 'listen',
2026-06-10 14:25:36:   address: '0.0.0.0',
2026-06-10 14:25:36:   port: 5050
2026-06-10 14:25:36: }
2026-06-10 14:25:41: Error: listen EADDRINUSE: address already in use 0.0.0.0:5050
2026-06-10 14:25:41:     at Server.setupListenHandle [as _listen2] (node:net:2008:16)
2026-06-10 14:25:41:     at listenInCluster (node:net:2065:12)
2026-06-10 14:25:41:     at node:net:2274:7
2026-06-10 14:25:41:     at process.processTicksAndRejections (node:internal/process/task_queues:90:21) {
2026-06-10 14:25:41:   code: 'EADDRINUSE',
2026-06-10 14:25:41:   errno: -4091,
2026-06-10 14:25:41:   syscall: 'listen',
2026-06-10 14:25:41:   address: '0.0.0.0',
2026-06-10 14:25:41:   port: 5050
2026-06-10 14:25:41: }
2026-06-10 14:25:45: Error: listen EADDRINUSE: address already in use 0.0.0.0:5050
2026-06-10 14:25:45:     at Server.setupListenHandle [as _listen2] (node:net:2008:16)
2026-06-10 14:25:45:     at listenInCluster (node:net:2065:12)
2026-06-10 14:25:45:     at node:net:2274:7
2026-06-10 14:25:45:     at process.processTicksAndRejections (node:internal/process/task_queues:90:21) {
2026-06-10 14:25:45:   code: 'EADDRINUSE',
2026-06-10 14:25:45:   errno: -4091,
2026-06-10 14:25:45:   syscall: 'listen',
2026-06-10 14:25:45:   address: '0.0.0.0',
2026-06-10 14:25:45:   port: 5050
2026-06-10 14:25:45: }
2026-06-10 14:25:48: Error: listen EADDRINUSE: address already in use 0.0.0.0:5050
2026-06-10 14:25:48:     at Server.setupListenHandle [as _listen2] (node:net:2008:16)
2026-06-10 14:25:48:     at listenInCluster (node:net:2065:12)
2026-06-10 14:25:48:     at node:net:2274:7
2026-06-10 14:25:48:     at process.processTicksAndRejections (node:internal/process/task_queues:90:21) {
2026-06-10 14:25:48:   code: 'EADDRINUSE',
2026-06-10 14:25:48:   errno: -4091,
2026-06-10 14:25:48:   syscall: 'listen',
2026-06-10 14:25:48:   address: '0.0.0.0',
2026-06-10 14:25:48:   port: 5050
2026-06-10 14:25:48: }
2026-06-10 14:25:52: Error: listen EADDRINUSE: address already in use 0.0.0.0:5050
2026-06-10 14:25:52:     at Server.setupListenHandle [as _listen2] (node:net:2008:16)
2026-06-10 14:25:52:     at listenInCluster (node:net:2065:12)
2026-06-10 14:25:52:     at node:net:2274:7
2026-06-10 14:25:52:     at process.processTicksAndRejections (node:internal/process/task_queues:90:21) {
2026-06-10 14:25:52:   code: 'EADDRINUSE',
2026-06-10 14:25:52:   errno: -4091,
2026-06-10 14:25:52:   syscall: 'listen',
2026-06-10 14:25:52:   address: '0.0.0.0',
2026-06-10 14:25:52:   port: 5050
2026-06-10 14:25:52: }
2026-06-10 14:25:56: Error: listen EADDRINUSE: address already in use 0.0.0.0:5050
2026-06-10 14:25:56:     at Server.setupListenHandle [as _listen2] (node:net:2008:16)
2026-06-10 14:25:56:     at listenInCluster (node:net:2065:12)
2026-06-10 14:25:56:     at node:net:2274:7
2026-06-10 14:25:56:     at process.processTicksAndRejections (node:internal/process/task_queues:90:21) {
2026-06-10 14:25:56:   code: 'EADDRINUSE',
2026-06-10 14:25:56:   errno: -4091,
2026-06-10 14:25:56:   syscall: 'listen',
2026-06-10 14:25:56:   address: '0.0.0.0',
2026-06-10 14:25:56:   port: 5050
2026-06-10 14:25:56: }
2026-06-10 14:26:00: Error: listen EADDRINUSE: address already in use 0.0.0.0:5050
2026-06-10 14:26:00:     at Server.setupListenHandle [as _listen2] (node:net:2008:16)
2026-06-10 14:26:00:     at listenInCluster (node:net:2065:12)
2026-06-10 14:26:00:     at node:net:2274:7
2026-06-10 14:26:00:     at process.processTicksAndRejections (node:internal/process/task_queues:90:21) {
2026-06-10 14:26:00:   code: 'EADDRINUSE',
2026-06-10 14:26:00:   errno: -4091,
2026-06-10 14:26:00:   syscall: 'listen',
2026-06-10 14:26:00:   address: '0.0.0.0',
2026-06-10 14:26:00:   port: 5050
2026-06-10 14:26:00: }
2026-06-10 14:26:04: Error: listen EADDRINUSE: address already in use 0.0.0.0:5050
2026-06-10 14:26:04:     at Server.setupListenHandle [as _listen2] (node:net:2008:16)
2026-06-10 14:26:04:     at listenInCluster (node:net:2065:12)
2026-06-10 14:26:04:     at node:net:2274:7
2026-06-10 14:26:04:     at process.processTicksAndRejections (node:internal/process/task_queues:90:21) {
2026-06-10 14:26:04:   code: 'EADDRINUSE',
2026-06-10 14:26:04:   errno: -4091,
2026-06-10 14:26:04:   syscall: 'listen',
2026-06-10 14:26:04:   address: '0.0.0.0',
2026-06-10 14:26:04:   port: 5050
2026-06-10 14:26:04: }
2026-06-10 14:26:07: Error: listen EADDRINUSE: address already in use 0.0.0.0:5050
2026-06-10 14:26:07:     at Server.setupListenHandle [as _listen2] (node:net:2008:16)
2026-06-10 14:26:07:     at listenInCluster (node:net:2065:12)
2026-06-10 14:26:07:     at node:net:2274:7
2026-06-10 14:26:07:     at process.processTicksAndRejections (node:internal/process/task_queues:90:21) {
2026-06-10 14:26:07:   code: 'EADDRINUSE',
2026-06-10 14:26:07:   errno: -4091,
2026-06-10 14:26:07:   syscall: 'listen',
2026-06-10 14:26:07:   address: '0.0.0.0',
2026-06-10 14:26:07:   port: 5050
2026-06-10 14:26:07: }
2026-06-10 14:26:12: Error: listen EADDRINUSE: address already in use 0.0.0.0:5050
2026-06-10 14:26:12:     at Server.setupListenHandle [as _listen2] (node:net:2008:16)
2026-06-10 14:26:12:     at listenInCluster (node:net:2065:12)
2026-06-10 14:26:12:     at node:net:2274:7
2026-06-10 14:26:12:     at process.processTicksAndRejections (node:internal/process/task_queues:90:21) {
2026-06-10 14:26:12:   code: 'EADDRINUSE',
2026-06-10 14:26:12:   errno: -4091,
2026-06-10 14:26:12:   syscall: 'listen',
2026-06-10 14:26:12:   address: '0.0.0.0',
2026-06-10 14:26:12:   port: 5050
2026-06-10 14:26:12: }
2026-06-10 14:26:16: Error: listen EADDRINUSE: address already in use 0.0.0.0:5050
2026-06-10 14:26:16:     at Server.setupListenHandle [as _listen2] (node:net:2008:16)
2026-06-10 14:26:16:     at listenInCluster (node:net:2065:12)
2026-06-10 14:26:16:     at node:net:2274:7
2026-06-10 14:26:16:     at process.processTicksAndRejections (node:internal/process/task_queues:90:21) {
2026-06-10 14:26:16:   code: 'EADDRINUSE',
2026-06-10 14:26:16:   errno: -4091,
2026-06-10 14:26:16:   syscall: 'listen',
2026-06-10 14:26:16:   address: '0.0.0.0',
2026-06-10 14:26:16:   port: 5050
2026-06-10 14:26:16: }
2026-06-10 14:26:19: Error: listen EADDRINUSE: address already in use 0.0.0.0:5050
2026-06-10 14:26:19:     at Server.setupListenHandle [as _listen2] (node:net:2008:16)
2026-06-10 14:26:19:     at listenInCluster (node:net:2065:12)
2026-06-10 14:26:19:     at node:net:2274:7
2026-06-10 14:26:19:     at process.processTicksAndRejections (node:internal/process/task_queues:90:21) {
2026-06-10 14:26:19:   code: 'EADDRINUSE',
2026-06-10 14:26:19:   errno: -4091,
2026-06-10 14:26:19:   syscall: 'listen',
2026-06-10 14:26:19:   address: '0.0.0.0',
2026-06-10 14:26:19:   port: 5050
2026-06-10 14:26:19: }
2026-06-10 14:26:21: Error: listen EADDRINUSE: address already in use 0.0.0.0:5050
2026-06-10 14:26:21:     at Server.setupListenHandle [as _listen2] (node:net:2008:16)
2026-06-10 14:26:21:     at listenInCluster (node:net:2065:12)
2026-06-10 14:26:21:     at node:net:2274:7
2026-06-10 14:26:21:     at process.processTicksAndRejections (node:internal/process/task_queues:90:21) {
2026-06-10 14:26:21:   code: 'EADDRINUSE',
2026-06-10 14:26:21:   errno: -4091,
2026-06-10 14:26:21:   syscall: 'listen',
2026-06-10 14:26:21:   address: '0.0.0.0',
2026-06-10 14:26:21:   port: 5050
2026-06-10 14:26:21: }
2026-06-10 14:26:24: Error: listen EADDRINUSE: address already in use 0.0.0.0:5050
2026-06-10 14:26:24:     at Server.setupListenHandle [as _listen2] (node:net:2008:16)
2026-06-10 14:26:24:     at listenInCluster (node:net:2065:12)
2026-06-10 14:26:24:     at node:net:2274:7
2026-06-10 14:26:24:     at process.processTicksAndRejections (node:internal/process/task_queues:90:21) {
2026-06-10 14:26:24:   code: 'EADDRINUSE',
2026-06-10 14:26:24:   errno: -4091,
2026-06-10 14:26:24:   syscall: 'listen',
2026-06-10 14:26:24:   address: '0.0.0.0',
2026-06-10 14:26:24:   port: 5050
2026-06-10 14:26:24: }
2026-06-10 14:26:27: Error: listen EADDRINUSE: address already in use 0.0.0.0:5050
2026-06-10 14:26:27:     at Server.setupListenHandle [as _listen2] (node:net:2008:16)
2026-06-10 14:26:27:     at listenInCluster (node:net:2065:12)
2026-06-10 14:26:27:     at node:net:2274:7
2026-06-10 14:26:27:     at process.processTicksAndRejections (node:internal/process/task_queues:90:21) {
2026-06-10 14:26:27:   code: 'EADDRINUSE',
2026-06-10 14:26:27:   errno: -4091,
2026-06-10 14:26:27:   syscall: 'listen',
2026-06-10 14:26:27:   address: '0.0.0.0',
2026-06-10 14:26:27:   port: 5050
2026-06-10 14:26:27: }
2026-06-10 14:26:30: Error: listen EADDRINUSE: address already in use 0.0.0.0:5050
2026-06-10 14:26:30:     at Server.setupListenHandle [as _listen2] (node:net:2008:16)
2026-06-10 14:26:30:     at listenInCluster (node:net:2065:12)
2026-06-10 14:26:30:     at node:net:2274:7
2026-06-10 14:26:30:     at process.processTicksAndRejections (node:internal/process/task_queues:90:21) {
2026-06-10 14:26:30:   code: 'EADDRINUSE',
2026-06-10 14:26:30:   errno: -4091,
2026-06-10 14:26:30:   syscall: 'listen',
2026-06-10 14:26:30:   address: '0.0.0.0',
2026-06-10 14:26:30:   port: 5050
2026-06-10 14:26:30: }
2026-06-10 14:26:33: Error: listen EADDRINUSE: address already in use 0.0.0.0:5050
2026-06-10 14:26:33:     at Server.setupListenHandle [as _listen2] (node:net:2008:16)
2026-06-10 14:26:33:     at listenInCluster (node:net:2065:12)
2026-06-10 14:26:33:     at node:net:2274:7
2026-06-10 14:26:33:     at process.processTicksAndRejections (node:internal/process/task_queues:90:21) {
2026-06-10 14:26:33:   code: 'EADDRINUSE',
2026-06-10 14:26:33:   errno: -4091,
2026-06-10 14:26:33:   syscall: 'listen',
2026-06-10 14:26:33:   address: '0.0.0.0',
2026-06-10 14:26:33:   port: 5050
2026-06-10 14:26:33: }
2026-06-10 14:26:37: Error: listen EADDRINUSE: address already in use 0.0.0.0:5050
2026-06-10 14:26:37:     at Server.setupListenHandle [as _listen2] (node:net:2008:16)
2026-06-10 14:26:37:     at listenInCluster (node:net:2065:12)
2026-06-10 14:26:37:     at node:net:2274:7
2026-06-10 14:26:37:     at process.processTicksAndRejections (node:internal/process/task_queues:90:21) {
2026-06-10 14:26:37:   code: 'EADDRINUSE',
2026-06-10 14:26:37:   errno: -4091,
2026-06-10 14:26:37:   syscall: 'listen',
2026-06-10 14:26:37:   address: '0.0.0.0',
2026-06-10 14:26:37:   port: 5050
2026-06-10 14:26:37: }
2026-06-10 14:26:41: Error: listen EADDRINUSE: address already in use 0.0.0.0:5050
2026-06-10 14:26:41:     at Server.setupListenHandle [as _listen2] (node:net:2008:16)
2026-06-10 14:26:41:     at listenInCluster (node:net:2065:12)
2026-06-10 14:26:41:     at node:net:2274:7
2026-06-10 14:26:41:     at process.processTicksAndRejections (node:internal/process/task_queues:90:21) {
2026-06-10 14:26:41:   code: 'EADDRINUSE',
2026-06-10 14:26:41:   errno: -4091,
2026-06-10 14:26:41:   syscall: 'listen',
2026-06-10 14:26:41:   address: '0.0.0.0',
2026-06-10 14:26:41:   port: 5050
2026-06-10 14:26:41: }
2026-06-10 14:26:45: Error: listen EADDRINUSE: address already in use 0.0.0.0:5050
2026-06-10 14:26:45:     at Server.setupListenHandle [as _listen2] (node:net:2008:16)
2026-06-10 14:26:45:     at listenInCluster (node:net:2065:12)
2026-06-10 14:26:45:     at node:net:2274:7
2026-06-10 14:26:45:     at process.processTicksAndRejections (node:internal/process/task_queues:90:21) {
2026-06-10 14:26:45:   code: 'EADDRINUSE',
2026-06-10 14:26:45:   errno: -4091,
2026-06-10 14:26:45:   syscall: 'listen',
2026-06-10 14:26:45:   address: '0.0.0.0',
2026-06-10 14:26:45:   port: 5050
2026-06-10 14:26:45: }
2026-06-10 14:26:48: Error: listen EADDRINUSE: address already in use 0.0.0.0:5050
2026-06-10 14:26:48:     at Server.setupListenHandle [as _listen2] (node:net:2008:16)
2026-06-10 14:26:48:     at listenInCluster (node:net:2065:12)
2026-06-10 14:26:48:     at node:net:2274:7
2026-06-10 14:26:48:     at process.processTicksAndRejections (node:internal/process/task_queues:90:21) {
2026-06-10 14:26:48:   code: 'EADDRINUSE',
2026-06-10 14:26:48:   errno: -4091,
2026-06-10 14:26:48:   syscall: 'listen',
2026-06-10 14:26:48:   address: '0.0.0.0',
2026-06-10 14:26:48:   port: 5050
2026-06-10 14:26:48: }
2026-06-10 14:26:51: Error: listen EADDRINUSE: address already in use 0.0.0.0:5050
2026-06-10 14:26:51:     at Server.setupListenHandle [as _listen2] (node:net:2008:16)
2026-06-10 14:26:51:     at listenInCluster (node:net:2065:12)
2026-06-10 14:26:51:     at node:net:2274:7
2026-06-10 14:26:51:     at process.processTicksAndRejections (node:internal/process/task_queues:90:21) {
2026-06-10 14:26:51:   code: 'EADDRINUSE',
2026-06-10 14:26:51:   errno: -4091,
2026-06-10 14:26:51:   syscall: 'listen',
2026-06-10 14:26:51:   address: '0.0.0.0',
2026-06-10 14:26:51:   port: 5050
2026-06-10 14:26:51: }
2026-06-10 14:26:54: Error: listen EADDRINUSE: address already in use 0.0.0.0:5050
2026-06-10 14:26:54:     at Server.setupListenHandle [as _listen2] (node:net:2008:16)
2026-06-10 14:26:54:     at listenInCluster (node:net:2065:12)
2026-06-10 14:26:54:     at node:net:2274:7
2026-06-10 14:26:54:     at process.processTicksAndRejections (node:internal/process/task_queues:90:21) {
2026-06-10 14:26:54:   code: 'EADDRINUSE',
2026-06-10 14:26:54:   errno: -4091,
2026-06-10 14:26:54:   syscall: 'listen',
2026-06-10 14:26:54:   address: '0.0.0.0',
2026-06-10 14:26:54:   port: 5050
2026-06-10 14:26:54: }
2026-06-10 14:26:57: Error: listen EADDRINUSE: address already in use 0.0.0.0:5050
2026-06-10 14:26:57:     at Server.setupListenHandle [as _listen2] (node:net:2008:16)
2026-06-10 14:26:57:     at listenInCluster (node:net:2065:12)
2026-06-10 14:26:57:     at node:net:2274:7
2026-06-10 14:26:57:     at process.processTicksAndRejections (node:internal/process/task_queues:90:21) {
2026-06-10 14:26:57:   code: 'EADDRINUSE',
2026-06-10 14:26:57:   errno: -4091,
2026-06-10 14:26:57:   syscall: 'listen',
2026-06-10 14:26:57:   address: '0.0.0.0',
2026-06-10 14:26:57:   port: 5050
2026-06-10 14:26:57: }
2026-06-10 14:27:00: Error: listen EADDRINUSE: address already in use 0.0.0.0:5050
2026-06-10 14:27:00:     at Server.setupListenHandle [as _listen2] (node:net:2008:16)
2026-06-10 14:27:00:     at listenInCluster (node:net:2065:12)
2026-06-10 14:27:00:     at node:net:2274:7
2026-06-10 14:27:00:     at process.processTicksAndRejections (node:internal/process/task_queues:90:21) {
2026-06-10 14:27:00:   code: 'EADDRINUSE',
2026-06-10 14:27:00:   errno: -4091,
2026-06-10 14:27:00:   syscall: 'listen',
2026-06-10 14:27:00:   address: '0.0.0.0',
2026-06-10 14:27:00:   port: 5050
2026-06-10 14:27:00: }
2026-06-10 14:27:03: Error: listen EADDRINUSE: address already in use 0.0.0.0:5050
2026-06-10 14:27:03:     at Server.setupListenHandle [as _listen2] (node:net:2008:16)
2026-06-10 14:27:03:     at listenInCluster (node:net:2065:12)
2026-06-10 14:27:03:     at node:net:2274:7
2026-06-10 14:27:03:     at process.processTicksAndRejections (node:internal/process/task_queues:90:21) {
2026-06-10 14:27:03:   code: 'EADDRINUSE',
2026-06-10 14:27:03:   errno: -4091,
2026-06-10 14:27:03:   syscall: 'listen',
2026-06-10 14:27:03:   address: '0.0.0.0',
2026-06-10 14:27:03:   port: 5050
2026-06-10 14:27:03: }
2026-06-10 14:27:06: Error: listen EADDRINUSE: address already in use 0.0.0.0:5050
2026-06-10 14:27:06:     at Server.setupListenHandle [as _listen2] (node:net:2008:16)
2026-06-10 14:27:06:     at listenInCluster (node:net:2065:12)
2026-06-10 14:27:06:     at node:net:2274:7
2026-06-10 14:27:06:     at process.processTicksAndRejections (node:internal/process/task_queues:90:21) {
2026-06-10 14:27:06:   code: 'EADDRINUSE',
2026-06-10 14:27:06:   errno: -4091,
2026-06-10 14:27:06:   syscall: 'listen',
2026-06-10 14:27:06:   address: '0.0.0.0',
2026-06-10 14:27:06:   port: 5050
2026-06-10 14:27:06: }
2026-06-10 14:27:08: Error: listen EADDRINUSE: address already in use 0.0.0.0:5050
2026-06-10 14:27:08:     at Server.setupListenHandle [as _listen2] (node:net:2008:16)
2026-06-10 14:27:08:     at listenInCluster (node:net:2065:12)
2026-06-10 14:27:08:     at node:net:2274:7
2026-06-10 14:27:08:     at process.processTicksAndRejections (node:internal/process/task_queues:90:21) {
2026-06-10 14:27:08:   code: 'EADDRINUSE',
2026-06-10 14:27:08:   errno: -4091,
2026-06-10 14:27:08:   syscall: 'listen',
2026-06-10 14:27:08:   address: '0.0.0.0',
2026-06-10 14:27:08:   port: 5050
2026-06-10 14:27:08: }
2026-06-10 14:27:12: Error: listen EADDRINUSE: address already in use 0.0.0.0:5050
2026-06-10 14:27:12:     at Server.setupListenHandle [as _listen2] (node:net:2008:16)
2026-06-10 14:27:12:     at listenInCluster (node:net:2065:12)
2026-06-10 14:27:12:     at node:net:2274:7
2026-06-10 14:27:12:     at process.processTicksAndRejections (node:internal/process/task_queues:90:21) {
2026-06-10 14:27:12:   code: 'EADDRINUSE',
2026-06-10 14:27:12:   errno: -4091,
2026-06-10 14:27:12:   syscall: 'listen',
2026-06-10 14:27:12:   address: '0.0.0.0',
2026-06-10 14:27:12:   port: 5050
2026-06-10 14:27:12: }
2026-06-10 14:27:14: Error: listen EADDRINUSE: address already in use 0.0.0.0:5050
2026-06-10 14:27:14:     at Server.setupListenHandle [as _listen2] (node:net:2008:16)
2026-06-10 14:27:14:     at listenInCluster (node:net:2065:12)
2026-06-10 14:27:14:     at node:net:2274:7
2026-06-10 14:27:14:     at process.processTicksAndRejections (node:internal/process/task_queues:90:21) {
2026-06-10 14:27:14:   code: 'EADDRINUSE',
2026-06-10 14:27:14:   errno: -4091,
2026-06-10 14:27:14:   syscall: 'listen',
2026-06-10 14:27:14:   address: '0.0.0.0',
2026-06-10 14:27:14:   port: 5050
2026-06-10 14:27:14: }
2026-06-10 14:27:18: Error: listen EADDRINUSE: address already in use 0.0.0.0:5050
2026-06-10 14:27:18:     at Server.setupListenHandle [as _listen2] (node:net:2008:16)
2026-06-10 14:27:18:     at listenInCluster (node:net:2065:12)
2026-06-10 14:27:18:     at node:net:2274:7
2026-06-10 14:27:18:     at process.processTicksAndRejections (node:internal/process/task_queues:90:21) {
2026-06-10 14:27:18:   code: 'EADDRINUSE',
2026-06-10 14:27:18:   errno: -4091,
2026-06-10 14:27:18:   syscall: 'listen',
2026-06-10 14:27:18:   address: '0.0.0.0',
2026-06-10 14:27:18:   port: 5050
2026-06-10 14:27:18: }
2026-06-10 14:27:21: Error: listen EADDRINUSE: address already in use 0.0.0.0:5050
2026-06-10 14:27:21:     at Server.setupListenHandle [as _listen2] (node:net:2008:16)
2026-06-10 14:27:21:     at listenInCluster (node:net:2065:12)
2026-06-10 14:27:21:     at node:net:2274:7
2026-06-10 14:27:21:     at process.processTicksAndRejections (node:internal/process/task_queues:90:21) {
2026-06-10 14:27:21:   code: 'EADDRINUSE',
2026-06-10 14:27:21:   errno: -4091,
2026-06-10 14:27:21:   syscall: 'listen',
2026-06-10 14:27:21:   address: '0.0.0.0',
2026-06-10 14:27:21:   port: 5050
2026-06-10 14:27:21: }
2026-06-10 14:27:23: Error: listen EADDRINUSE: address already in use 0.0.0.0:5050
2026-06-10 14:27:23:     at Server.setupListenHandle [as _listen2] (node:net:2008:16)
2026-06-10 14:27:23:     at listenInCluster (node:net:2065:12)
2026-06-10 14:27:23:     at node:net:2274:7
2026-06-10 14:27:23:     at process.processTicksAndRejections (node:internal/process/task_queues:90:21) {
2026-06-10 14:27:23:   code: 'EADDRINUSE',
2026-06-10 14:27:23:   errno: -4091,
2026-06-10 14:27:23:   syscall: 'listen',
2026-06-10 14:27:23:   address: '0.0.0.0',
2026-06-10 14:27:23:   port: 5050
2026-06-10 14:27:23: }
2026-06-10 14:27:26: Error: listen EADDRINUSE: address already in use 0.0.0.0:5050
2026-06-10 14:27:26:     at Server.setupListenHandle [as _listen2] (node:net:2008:16)
2026-06-10 14:27:26:     at listenInCluster (node:net:2065:12)
2026-06-10 14:27:26:     at node:net:2274:7
2026-06-10 14:27:26:     at process.processTicksAndRejections (node:internal/process/task_queues:90:21) {
2026-06-10 14:27:26:   code: 'EADDRINUSE',
2026-06-10 14:27:26:   errno: -4091,
2026-06-10 14:27:26:   syscall: 'listen',
2026-06-10 14:27:26:   address: '0.0.0.0',
2026-06-10 14:27:26:   port: 5050
2026-06-10 14:27:26: }
2026-06-10 14:27:28: Error: listen EADDRINUSE: address already in use 0.0.0.0:5050
2026-06-10 14:27:28:     at Server.setupListenHandle [as _listen2] (node:net:2008:16)
2026-06-10 14:27:28:     at listenInCluster (node:net:2065:12)
2026-06-10 14:27:28:     at node:net:2274:7
2026-06-10 14:27:28:     at process.processTicksAndRejections (node:internal/process/task_queues:90:21) {
2026-06-10 14:27:28:   code: 'EADDRINUSE',
2026-06-10 14:27:28:   errno: -4091,
2026-06-10 14:27:28:   syscall: 'listen',
2026-06-10 14:27:28:   address: '0.0.0.0',
2026-06-10 14:27:28:   port: 5050
2026-06-10 14:27:28: }
2026-06-10 14:27:32: Error: listen EADDRINUSE: address already in use 0.0.0.0:5050
2026-06-10 14:27:32:     at Server.setupListenHandle [as _listen2] (node:net:2008:16)
2026-06-10 14:27:32:     at listenInCluster (node:net:2065:12)
2026-06-10 14:27:32:     at node:net:2274:7
2026-06-10 14:27:32:     at process.processTicksAndRejections (node:internal/process/task_queues:90:21) {
2026-06-10 14:27:32:   code: 'EADDRINUSE',
2026-06-10 14:27:32:   errno: -4091,
2026-06-10 14:27:32:   syscall: 'listen',
2026-06-10 14:27:32:   address: '0.0.0.0',
2026-06-10 14:27:32:   port: 5050
2026-06-10 14:27:32: }
2026-06-10 14:27:37: Error: listen EADDRINUSE: address already in use 0.0.0.0:5050
2026-06-10 14:27:37:     at Server.setupListenHandle [as _listen2] (node:net:2008:16)
2026-06-10 14:27:37:     at listenInCluster (node:net:2065:12)
2026-06-10 14:27:37:     at node:net:2274:7
2026-06-10 14:27:37:     at process.processTicksAndRejections (node:internal/process/task_queues:90:21) {
2026-06-10 14:27:37:   code: 'EADDRINUSE',
2026-06-10 14:27:37:   errno: -4091,
2026-06-10 14:27:37:   syscall: 'listen',
2026-06-10 14:27:37:   address: '0.0.0.0',
2026-06-10 14:27:37:   port: 5050
2026-06-10 14:27:37: }
2026-06-10 14:27:44: Error: listen EADDRINUSE: address already in use 0.0.0.0:5050
2026-06-10 14:27:44:     at Server.setupListenHandle [as _listen2] (node:net:2008:16)
2026-06-10 14:27:44:     at listenInCluster (node:net:2065:12)
2026-06-10 14:27:44:     at node:net:2274:7
2026-06-10 14:27:44:     at process.processTicksAndRejections (node:internal/process/task_queues:90:21) {
2026-06-10 14:27:44:   code: 'EADDRINUSE',
2026-06-10 14:27:44:   errno: -4091,
2026-06-10 14:27:44:   syscall: 'listen',
2026-06-10 14:27:44:   address: '0.0.0.0',
2026-06-10 14:27:44:   port: 5050
2026-06-10 14:27:44: }
2026-06-10 14:27:49: Error: listen EADDRINUSE: address already in use 0.0.0.0:5050
2026-06-10 14:27:49:     at Server.setupListenHandle [as _listen2] (node:net:2008:16)
2026-06-10 14:27:49:     at listenInCluster (node:net:2065:12)
2026-06-10 14:27:49:     at node:net:2274:7
2026-06-10 14:27:49:     at process.processTicksAndRejections (node:internal/process/task_queues:90:21) {
2026-06-10 14:27:49:   code: 'EADDRINUSE',
2026-06-10 14:27:49:   errno: -4091,
2026-06-10 14:27:49:   syscall: 'listen',
2026-06-10 14:27:49:   address: '0.0.0.0',
2026-06-10 14:27:49:   port: 5050
2026-06-10 14:27:49: }
2026-06-10 14:27:53: Error: listen EADDRINUSE: address already in use 0.0.0.0:5050
2026-06-10 14:27:53:     at Server.setupListenHandle [as _listen2] (node:net:2008:16)
2026-06-10 14:27:53:     at listenInCluster (node:net:2065:12)
2026-06-10 14:27:53:     at node:net:2274:7
2026-06-10 14:27:53:     at process.processTicksAndRejections (node:internal/process/task_queues:90:21) {
2026-06-10 14:27:53:   code: 'EADDRINUSE',
2026-06-10 14:27:53:   errno: -4091,
2026-06-10 14:27:53:   syscall: 'listen',
2026-06-10 14:27:53:   address: '0.0.0.0',
2026-06-10 14:27:53:   port: 5050
2026-06-10 14:27:53: }
2026-06-10 14:27:56: Error: listen EADDRINUSE: address already in use 0.0.0.0:5050
2026-06-10 14:27:56:     at Server.setupListenHandle [as _listen2] (node:net:2008:16)
2026-06-10 14:27:56:     at listenInCluster (node:net:2065:12)
2026-06-10 14:27:56:     at node:net:2274:7
2026-06-10 14:27:56:     at process.processTicksAndRejections (node:internal/process/task_queues:90:21) {
2026-06-10 14:27:56:   code: 'EADDRINUSE',
2026-06-10 14:27:56:   errno: -4091,
2026-06-10 14:27:56:   syscall: 'listen',
2026-06-10 14:27:56:   address: '0.0.0.0',
2026-06-10 14:27:56:   port: 5050
2026-06-10 14:27:56: }
2026-06-10 14:28:00: Error: listen EADDRINUSE: address already in use 0.0.0.0:5050
2026-06-10 14:28:00:     at Server.setupListenHandle [as _listen2] (node:net:2008:16)
2026-06-10 14:28:00:     at listenInCluster (node:net:2065:12)
2026-06-10 14:28:00:     at node:net:2274:7
2026-06-10 14:28:00:     at process.processTicksAndRejections (node:internal/process/task_queues:90:21) {
2026-06-10 14:28:00:   code: 'EADDRINUSE',
2026-06-10 14:28:00:   errno: -4091,
2026-06-10 14:28:00:   syscall: 'listen',
2026-06-10 14:28:00:   address: '0.0.0.0',
2026-06-10 14:28:00:   port: 5050
2026-06-10 14:28:00: }
2026-06-10 14:28:06: Error: listen EADDRINUSE: address already in use 0.0.0.0:5050
2026-06-10 14:28:06:     at Server.setupListenHandle [as _listen2] (node:net:2008:16)
2026-06-10 14:28:06:     at listenInCluster (node:net:2065:12)
2026-06-10 14:28:06:     at node:net:2274:7
2026-06-10 14:28:06:     at process.processTicksAndRejections (node:internal/process/task_queues:90:21) {
2026-06-10 14:28:06:   code: 'EADDRINUSE',
2026-06-10 14:28:06:   errno: -4091,
2026-06-10 14:28:06:   syscall: 'listen',
2026-06-10 14:28:06:   address: '0.0.0.0',
2026-06-10 14:28:06:   port: 5050
2026-06-10 14:28:06: }
2026-06-10 14:28:10: Error: listen EADDRINUSE: address already in use 0.0.0.0:5050
2026-06-10 14:28:10:     at Server.setupListenHandle [as _listen2] (node:net:2008:16)
2026-06-10 14:28:10:     at listenInCluster (node:net:2065:12)
2026-06-10 14:28:10:     at node:net:2274:7
2026-06-10 14:28:10:     at process.processTicksAndRejections (node:internal/process/task_queues:90:21) {
2026-06-10 14:28:10:   code: 'EADDRINUSE',
2026-06-10 14:28:10:   errno: -4091,
2026-06-10 14:28:10:   syscall: 'listen',
2026-06-10 14:28:10:   address: '0.0.0.0',
2026-06-10 14:28:10:   port: 5050
2026-06-10 14:28:10: }
2026-06-10 14:28:14: Error: listen EADDRINUSE: address already in use 0.0.0.0:5050
2026-06-10 14:28:14:     at Server.setupListenHandle [as _listen2] (node:net:2008:16)
2026-06-10 14:28:14:     at listenInCluster (node:net:2065:12)
2026-06-10 14:28:14:     at node:net:2274:7
2026-06-10 14:28:14:     at process.processTicksAndRejections (node:internal/process/task_queues:90:21) {
2026-06-10 14:28:14:   code: 'EADDRINUSE',
2026-06-10 14:28:14:   errno: -4091,
2026-06-10 14:28:14:   syscall: 'listen',
2026-06-10 14:28:14:   address: '0.0.0.0',
2026-06-10 14:28:14:   port: 5050
2026-06-10 14:28:14: }
2026-06-10 14:28:17: Error: listen EADDRINUSE: address already in use 0.0.0.0:5050
2026-06-10 14:28:17:     at Server.setupListenHandle [as _listen2] (node:net:2008:16)
2026-06-10 14:28:17:     at listenInCluster (node:net:2065:12)
2026-06-10 14:28:17:     at node:net:2274:7
2026-06-10 14:28:17:     at process.processTicksAndRejections (node:internal/process/task_queues:90:21) {
2026-06-10 14:28:17:   code: 'EADDRINUSE',
2026-06-10 14:28:17:   errno: -4091,
2026-06-10 14:28:17:   syscall: 'listen',
2026-06-10 14:28:17:   address: '0.0.0.0',
2026-06-10 14:28:17:   port: 5050
2026-06-10 14:28:17: }
2026-06-10 14:28:21: Error: listen EADDRINUSE: address already in use 0.0.0.0:5050
2026-06-10 14:28:21:     at Server.setupListenHandle [as _listen2] (node:net:2008:16)
2026-06-10 14:28:21:     at listenInCluster (node:net:2065:12)
2026-06-10 14:28:21:     at node:net:2274:7
2026-06-10 14:28:21:     at process.processTicksAndRejections (node:internal/process/task_queues:90:21) {
2026-06-10 14:28:21:   code: 'EADDRINUSE',
2026-06-10 14:28:21:   errno: -4091,
2026-06-10 14:28:21:   syscall: 'listen',
2026-06-10 14:28:21:   address: '0.0.0.0',
2026-06-10 14:28:21:   port: 5050
2026-06-10 14:28:21: }
2026-06-10 14:28:24: Error: listen EADDRINUSE: address already in use 0.0.0.0:5050
2026-06-10 14:28:24:     at Server.setupListenHandle [as _listen2] (node:net:2008:16)
2026-06-10 14:28:24:     at listenInCluster (node:net:2065:12)
2026-06-10 14:28:24:     at node:net:2274:7
2026-06-10 14:28:24:     at process.processTicksAndRejections (node:internal/process/task_queues:90:21) {
2026-06-10 14:28:24:   code: 'EADDRINUSE',
2026-06-10 14:28:24:   errno: -4091,
2026-06-10 14:28:24:   syscall: 'listen',
2026-06-10 14:28:24:   address: '0.0.0.0',
2026-06-10 14:28:24:   port: 5050
2026-06-10 14:28:24: }
2026-06-10 14:28:26: Error: listen EADDRINUSE: address already in use 0.0.0.0:5050
2026-06-10 14:28:26:     at Server.setupListenHandle [as _listen2] (node:net:2008:16)
2026-06-10 14:28:26:     at listenInCluster (node:net:2065:12)
2026-06-10 14:28:26:     at node:net:2274:7
2026-06-10 14:28:26:     at process.processTicksAndRejections (node:internal/process/task_queues:90:21) {
2026-06-10 14:28:26:   code: 'EADDRINUSE',
2026-06-10 14:28:26:   errno: -4091,
2026-06-10 14:28:26:   syscall: 'listen',
2026-06-10 14:28:26:   address: '0.0.0.0',
2026-06-10 14:28:26:   port: 5050
2026-06-10 14:28:26: }
2026-06-10 14:28:30: Error: listen EADDRINUSE: address already in use 0.0.0.0:5050
2026-06-10 14:28:30:     at Server.setupListenHandle [as _listen2] (node:net:2008:16)
2026-06-10 14:28:30:     at listenInCluster (node:net:2065:12)
2026-06-10 14:28:30:     at node:net:2274:7
2026-06-10 14:28:30:     at process.processTicksAndRejections (node:internal/process/task_queues:90:21) {
2026-06-10 14:28:30:   code: 'EADDRINUSE',
2026-06-10 14:28:30:   errno: -4091,
2026-06-10 14:28:30:   syscall: 'listen',
2026-06-10 14:28:30:   address: '0.0.0.0',
2026-06-10 14:28:30:   port: 5050
2026-06-10 14:28:30: }
2026-06-10 14:28:33: Error: listen EADDRINUSE: address already in use 0.0.0.0:5050
2026-06-10 14:28:33:     at Server.setupListenHandle [as _listen2] (node:net:2008:16)
2026-06-10 14:28:33:     at listenInCluster (node:net:2065:12)
2026-06-10 14:28:33:     at node:net:2274:7
2026-06-10 14:28:33:     at process.processTicksAndRejections (node:internal/process/task_queues:90:21) {
2026-06-10 14:28:33:   code: 'EADDRINUSE',
2026-06-10 14:28:33:   errno: -4091,
2026-06-10 14:28:33:   syscall: 'listen',
2026-06-10 14:28:33:   address: '0.0.0.0',
2026-06-10 14:28:33:   port: 5050
2026-06-10 14:28:33: }
2026-06-10 14:28:36: Error: listen EADDRINUSE: address already in use 0.0.0.0:5050
2026-06-10 14:28:36:     at Server.setupListenHandle [as _listen2] (node:net:2008:16)
2026-06-10 14:28:36:     at listenInCluster (node:net:2065:12)
2026-06-10 14:28:36:     at node:net:2274:7
2026-06-10 14:28:36:     at process.processTicksAndRejections (node:internal/process/task_queues:90:21) {
2026-06-10 14:28:36:   code: 'EADDRINUSE',
2026-06-10 14:28:36:   errno: -4091,
2026-06-10 14:28:36:   syscall: 'listen',
2026-06-10 14:28:36:   address: '0.0.0.0',
2026-06-10 14:28:36:   port: 5050
2026-06-10 14:28:36: }
2026-06-10 14:28:39: Error: listen EADDRINUSE: address already in use 0.0.0.0:5050
2026-06-10 14:28:39:     at Server.setupListenHandle [as _listen2] (node:net:2008:16)
2026-06-10 14:28:39:     at listenInCluster (node:net:2065:12)
2026-06-10 14:28:39:     at node:net:2274:7
2026-06-10 14:28:39:     at process.processTicksAndRejections (node:internal/process/task_queues:90:21) {
2026-06-10 14:28:39:   code: 'EADDRINUSE',
2026-06-10 14:28:39:   errno: -4091,
2026-06-10 14:28:39:   syscall: 'listen',
2026-06-10 14:28:39:   address: '0.0.0.0',
2026-06-10 14:28:39:   port: 5050
2026-06-10 14:28:39: }
2026-06-10 14:28:42: Error: listen EADDRINUSE: address already in use 0.0.0.0:5050
2026-06-10 14:28:42:     at Server.setupListenHandle [as _listen2] (node:net:2008:16)
2026-06-10 14:28:42:     at listenInCluster (node:net:2065:12)
2026-06-10 14:28:42:     at node:net:2274:7
2026-06-10 14:28:42:     at process.processTicksAndRejections (node:internal/process/task_queues:90:21) {
2026-06-10 14:28:42:   code: 'EADDRINUSE',
2026-06-10 14:28:42:   errno: -4091,
2026-06-10 14:28:42:   syscall: 'listen',
2026-06-10 14:28:42:   address: '0.0.0.0',
2026-06-10 14:28:42:   port: 5050
2026-06-10 14:28:42: }
2026-06-10 14:28:45: Error: listen EADDRINUSE: address already in use 0.0.0.0:5050
2026-06-10 14:28:45:     at Server.setupListenHandle [as _listen2] (node:net:2008:16)
2026-06-10 14:28:45:     at listenInCluster (node:net:2065:12)
2026-06-10 14:28:45:     at node:net:2274:7
2026-06-10 14:28:45:     at process.processTicksAndRejections (node:internal/process/task_queues:90:21) {
2026-06-10 14:28:45:   code: 'EADDRINUSE',
2026-06-10 14:28:45:   errno: -4091,
2026-06-10 14:28:45:   syscall: 'listen',
2026-06-10 14:28:45:   address: '0.0.0.0',
2026-06-10 14:28:45:   port: 5050
2026-06-10 14:28:45: }
2026-06-10 14:28:48: Error: listen EADDRINUSE: address already in use 0.0.0.0:5050
2026-06-10 14:28:48:     at Server.setupListenHandle [as _listen2] (node:net:2008:16)
2026-06-10 14:28:48:     at listenInCluster (node:net:2065:12)
2026-06-10 14:28:48:     at node:net:2274:7
2026-06-10 14:28:48:     at process.processTicksAndRejections (node:internal/process/task_queues:90:21) {
2026-06-10 14:28:48:   code: 'EADDRINUSE',
2026-06-10 14:28:48:   errno: -4091,
2026-06-10 14:28:48:   syscall: 'listen',
2026-06-10 14:28:48:   address: '0.0.0.0',
2026-06-10 14:28:48:   port: 5050
2026-06-10 14:28:48: }
2026-06-10 14:28:51: Error: listen EADDRINUSE: address already in use 0.0.0.0:5050
2026-06-10 14:28:51:     at Server.setupListenHandle [as _listen2] (node:net:2008:16)
2026-06-10 14:28:51:     at listenInCluster (node:net:2065:12)
2026-06-10 14:28:51:     at node:net:2274:7
2026-06-10 14:28:51:     at process.processTicksAndRejections (node:internal/process/task_queues:90:21) {
2026-06-10 14:28:51:   code: 'EADDRINUSE',
2026-06-10 14:28:51:   errno: -4091,
2026-06-10 14:28:51:   syscall: 'listen',
2026-06-10 14:28:51:   address: '0.0.0.0',
2026-06-10 14:28:51:   port: 5050
2026-06-10 14:28:51: }
2026-06-10 14:28:53: Error: listen EADDRINUSE: address already in use 0.0.0.0:5050
2026-06-10 14:28:53:     at Server.setupListenHandle [as _listen2] (node:net:2008:16)
2026-06-10 14:28:53:     at listenInCluster (node:net:2065:12)
2026-06-10 14:28:53:     at node:net:2274:7
2026-06-10 14:28:53:     at process.processTicksAndRejections (node:internal/process/task_queues:90:21) {
2026-06-10 14:28:53:   code: 'EADDRINUSE',
2026-06-10 14:28:53:   errno: -4091,
2026-06-10 14:28:53:   syscall: 'listen',
2026-06-10 14:28:53:   address: '0.0.0.0',
2026-06-10 14:28:53:   port: 5050
2026-06-10 14:28:53: }
2026-06-10 14:28:56: Error: listen EADDRINUSE: address already in use 0.0.0.0:5050
2026-06-10 14:28:56:     at Server.setupListenHandle [as _listen2] (node:net:2008:16)
2026-06-10 14:28:56:     at listenInCluster (node:net:2065:12)
2026-06-10 14:28:56:     at node:net:2274:7
2026-06-10 14:28:56:     at process.processTicksAndRejections (node:internal/process/task_queues:90:21) {
2026-06-10 14:28:56:   code: 'EADDRINUSE',
2026-06-10 14:28:56:   errno: -4091,
2026-06-10 14:28:56:   syscall: 'listen',
2026-06-10 14:28:56:   address: '0.0.0.0',
2026-06-10 14:28:56:   port: 5050
2026-06-10 14:28:56: }
2026-06-10 14:28:59: Error: listen EADDRINUSE: address already in use 0.0.0.0:5050
2026-06-10 14:28:59:     at Server.setupListenHandle [as _listen2] (node:net:2008:16)
2026-06-10 14:28:59:     at listenInCluster (node:net:2065:12)
2026-06-10 14:28:59:     at node:net:2274:7
2026-06-10 14:28:59:     at process.processTicksAndRejections (node:internal/process/task_queues:90:21) {
2026-06-10 14:28:59:   code: 'EADDRINUSE',
2026-06-10 14:28:59:   errno: -4091,
2026-06-10 14:28:59:   syscall: 'listen',
2026-06-10 14:28:59:   address: '0.0.0.0',
2026-06-10 14:28:59:   port: 5050
2026-06-10 14:28:59: }
2026-06-10 14:29:02: Error: listen EADDRINUSE: address already in use 0.0.0.0:5050
2026-06-10 14:29:02:     at Server.setupListenHandle [as _listen2] (node:net:2008:16)
2026-06-10 14:29:02:     at listenInCluster (node:net:2065:12)
2026-06-10 14:29:02:     at node:net:2274:7
2026-06-10 14:29:02:     at process.processTicksAndRejections (node:internal/process/task_queues:90:21) {
2026-06-10 14:29:02:   code: 'EADDRINUSE',
2026-06-10 14:29:02:   errno: -4091,
2026-06-10 14:29:02:   syscall: 'listen',
2026-06-10 14:29:02:   address: '0.0.0.0',
2026-06-10 14:29:02:   port: 5050
2026-06-10 14:29:02: }
2026-06-10 14:29:05: Error: listen EADDRINUSE: address already in use 0.0.0.0:5050
2026-06-10 14:29:05:     at Server.setupListenHandle [as _listen2] (node:net:2008:16)
2026-06-10 14:29:05:     at listenInCluster (node:net:2065:12)
2026-06-10 14:29:05:     at node:net:2274:7
2026-06-10 14:29:05:     at process.processTicksAndRejections (node:internal/process/task_queues:90:21) {
2026-06-10 14:29:05:   code: 'EADDRINUSE',
2026-06-10 14:29:05:   errno: -4091,
2026-06-10 14:29:05:   syscall: 'listen',
2026-06-10 14:29:05:   address: '0.0.0.0',
2026-06-10 14:29:05:   port: 5050
2026-06-10 14:29:05: }
2026-06-10 14:29:08: Error: listen EADDRINUSE: address already in use 0.0.0.0:5050
2026-06-10 14:29:08:     at Server.setupListenHandle [as _listen2] (node:net:2008:16)
2026-06-10 14:29:08:     at listenInCluster (node:net:2065:12)
2026-06-10 14:29:08:     at node:net:2274:7
2026-06-10 14:29:08:     at process.processTicksAndRejections (node:internal/process/task_queues:90:21) {
2026-06-10 14:29:08:   code: 'EADDRINUSE',
2026-06-10 14:29:08:   errno: -4091,
2026-06-10 14:29:08:   syscall: 'listen',
2026-06-10 14:29:08:   address: '0.0.0.0',
2026-06-10 14:29:08:   port: 5050
2026-06-10 14:29:08: }
2026-06-10 14:29:11: Error: listen EADDRINUSE: address already in use 0.0.0.0:5050
2026-06-10 14:29:11:     at Server.setupListenHandle [as _listen2] (node:net:2008:16)
2026-06-10 14:29:11:     at listenInCluster (node:net:2065:12)
2026-06-10 14:29:11:     at node:net:2274:7
2026-06-10 14:29:11:     at process.processTicksAndRejections (node:internal/process/task_queues:90:21) {
2026-06-10 14:29:11:   code: 'EADDRINUSE',
2026-06-10 14:29:11:   errno: -4091,
2026-06-10 14:29:11:   syscall: 'listen',
2026-06-10 14:29:11:   address: '0.0.0.0',
2026-06-10 14:29:11:   port: 5050
2026-06-10 14:29:11: }
2026-06-10 14:29:15: Error: listen EADDRINUSE: address already in use 0.0.0.0:5050
2026-06-10 14:29:15:     at Server.setupListenHandle [as _listen2] (node:net:2008:16)
2026-06-10 14:29:15:     at listenInCluster (node:net:2065:12)
2026-06-10 14:29:15:     at node:net:2274:7
2026-06-10 14:29:15:     at process.processTicksAndRejections (node:internal/process/task_queues:90:21) {
2026-06-10 14:29:15:   code: 'EADDRINUSE',
2026-06-10 14:29:15:   errno: -4091,
2026-06-10 14:29:15:   syscall: 'listen',
2026-06-10 14:29:15:   address: '0.0.0.0',
2026-06-10 14:29:15:   port: 5050
2026-06-10 14:29:15: }
2026-06-10 14:29:18: Error: listen EADDRINUSE: address already in use 0.0.0.0:5050
2026-06-10 14:29:18:     at Server.setupListenHandle [as _listen2] (node:net:2008:16)
2026-06-10 14:29:18:     at listenInCluster (node:net:2065:12)
2026-06-10 14:29:18:     at node:net:2274:7
2026-06-10 14:29:18:     at process.processTicksAndRejections (node:internal/process/task_queues:90:21) {
2026-06-10 14:29:18:   code: 'EADDRINUSE',
2026-06-10 14:29:18:   errno: -4091,
2026-06-10 14:29:18:   syscall: 'listen',
2026-06-10 14:29:18:   address: '0.0.0.0',
2026-06-10 14:29:18:   port: 5050
2026-06-10 14:29:18: }
2026-06-10 14:29:21: Error: listen EADDRINUSE: address already in use 0.0.0.0:5050
2026-06-10 14:29:21:     at Server.setupListenHandle [as _listen2] (node:net:2008:16)
2026-06-10 14:29:21:     at listenInCluster (node:net:2065:12)
2026-06-10 14:29:21:     at node:net:2274:7
2026-06-10 14:29:21:     at process.processTicksAndRejections (node:internal/process/task_queues:90:21) {
2026-06-10 14:29:21:   code: 'EADDRINUSE',
2026-06-10 14:29:21:   errno: -4091,
2026-06-10 14:29:21:   syscall: 'listen',
2026-06-10 14:29:21:   address: '0.0.0.0',
2026-06-10 14:29:21:   port: 5050
2026-06-10 14:29:21: }
2026-06-10 14:29:24: Error: listen EADDRINUSE: address already in use 0.0.0.0:5050
2026-06-10 14:29:24:     at Server.setupListenHandle [as _listen2] (node:net:2008:16)
2026-06-10 14:29:24:     at listenInCluster (node:net:2065:12)
2026-06-10 14:29:24:     at node:net:2274:7
2026-06-10 14:29:24:     at process.processTicksAndRejections (node:internal/process/task_queues:90:21) {
2026-06-10 14:29:24:   code: 'EADDRINUSE',
2026-06-10 14:29:24:   errno: -4091,
2026-06-10 14:29:24:   syscall: 'listen',
2026-06-10 14:29:24:   address: '0.0.0.0',
2026-06-10 14:29:24:   port: 5050
2026-06-10 14:29:24: }
2026-06-10 14:29:27: Error: listen EADDRINUSE: address already in use 0.0.0.0:5050
2026-06-10 14:29:27:     at Server.setupListenHandle [as _listen2] (node:net:2008:16)
2026-06-10 14:29:27:     at listenInCluster (node:net:2065:12)
2026-06-10 14:29:27:     at node:net:2274:7
2026-06-10 14:29:27:     at process.processTicksAndRejections (node:internal/process/task_queues:90:21) {
2026-06-10 14:29:27:   code: 'EADDRINUSE',
2026-06-10 14:29:27:   errno: -4091,
2026-06-10 14:29:27:   syscall: 'listen',
2026-06-10 14:29:27:   address: '0.0.0.0',
2026-06-10 14:29:27:   port: 5050
2026-06-10 14:29:27: }
2026-06-10 14:29:31: Error: listen EADDRINUSE: address already in use 0.0.0.0:5050
2026-06-10 14:29:31:     at Server.setupListenHandle [as _listen2] (node:net:2008:16)
2026-06-10 14:29:31:     at listenInCluster (node:net:2065:12)
2026-06-10 14:29:31:     at node:net:2274:7
2026-06-10 14:29:31:     at process.processTicksAndRejections (node:internal/process/task_queues:90:21) {
2026-06-10 14:29:31:   code: 'EADDRINUSE',
2026-06-10 14:29:31:   errno: -4091,
2026-06-10 14:29:31:   syscall: 'listen',
2026-06-10 14:29:31:   address: '0.0.0.0',
2026-06-10 14:29:31:   port: 5050
2026-06-10 14:29:31: }
2026-06-10 14:29:34: Error: listen EADDRINUSE: address already in use 0.0.0.0:5050
2026-06-10 14:29:34:     at Server.setupListenHandle [as _listen2] (node:net:2008:16)
2026-06-10 14:29:34:     at listenInCluster (node:net:2065:12)
2026-06-10 14:29:34:     at node:net:2274:7
2026-06-10 14:29:34:     at process.processTicksAndRejections (node:internal/process/task_queues:90:21) {
2026-06-10 14:29:34:   code: 'EADDRINUSE',
2026-06-10 14:29:34:   errno: -4091,
2026-06-10 14:29:34:   syscall: 'listen',
2026-06-10 14:29:34:   address: '0.0.0.0',
2026-06-10 14:29:34:   port: 5050
2026-06-10 14:29:34: }
2026-06-10 14:29:38: Error: listen EADDRINUSE: address already in use 0.0.0.0:5050
2026-06-10 14:29:38:     at Server.setupListenHandle [as _listen2] (node:net:2008:16)
2026-06-10 14:29:38:     at listenInCluster (node:net:2065:12)
2026-06-10 14:29:38:     at node:net:2274:7
2026-06-10 14:29:38:     at process.processTicksAndRejections (node:internal/process/task_queues:90:21) {
2026-06-10 14:29:38:   code: 'EADDRINUSE',
2026-06-10 14:29:38:   errno: -4091,
2026-06-10 14:29:38:   syscall: 'listen',
2026-06-10 14:29:38:   address: '0.0.0.0',
2026-06-10 14:29:38:   port: 5050
2026-06-10 14:29:38: }
2026-06-10 14:29:42: Error: listen EADDRINUSE: address already in use 0.0.0.0:5050
2026-06-10 14:29:42:     at Server.setupListenHandle [as _listen2] (node:net:2008:16)
2026-06-10 14:29:42:     at listenInCluster (node:net:2065:12)
2026-06-10 14:29:42:     at node:net:2274:7
2026-06-10 14:29:42:     at process.processTicksAndRejections (node:internal/process/task_queues:90:21) {
2026-06-10 14:29:42:   code: 'EADDRINUSE',
2026-06-10 14:29:42:   errno: -4091,
2026-06-10 14:29:42:   syscall: 'listen',
2026-06-10 14:29:42:   address: '0.0.0.0',
2026-06-10 14:29:42:   port: 5050
2026-06-10 14:29:42: }
2026-06-10 14:29:46: Error: listen EADDRINUSE: address already in use 0.0.0.0:5050
2026-06-10 14:29:46:     at Server.setupListenHandle [as _listen2] (node:net:2008:16)
2026-06-10 14:29:46:     at listenInCluster (node:net:2065:12)
2026-06-10 14:29:46:     at node:net:2274:7
2026-06-10 14:29:46:     at process.processTicksAndRejections (node:internal/process/task_queues:90:21) {
2026-06-10 14:29:46:   code: 'EADDRINUSE',
2026-06-10 14:29:46:   errno: -4091,
2026-06-10 14:29:46:   syscall: 'listen',
2026-06-10 14:29:46:   address: '0.0.0.0',
2026-06-10 14:29:46:   port: 5050
2026-06-10 14:29:46: }
2026-06-10 14:29:49: Error: listen EADDRINUSE: address already in use 0.0.0.0:5050
2026-06-10 14:29:49:     at Server.setupListenHandle [as _listen2] (node:net:2008:16)
2026-06-10 14:29:49:     at listenInCluster (node:net:2065:12)
2026-06-10 14:29:49:     at node:net:2274:7
2026-06-10 14:29:49:     at process.processTicksAndRejections (node:internal/process/task_queues:90:21) {
2026-06-10 14:29:49:   code: 'EADDRINUSE',
2026-06-10 14:29:49:   errno: -4091,
2026-06-10 14:29:49:   syscall: 'listen',
2026-06-10 14:29:49:   address: '0.0.0.0',
2026-06-10 14:29:49:   port: 5050
2026-06-10 14:29:49: }
2026-06-10 14:29:52: Error: listen EADDRINUSE: address already in use 0.0.0.0:5050
2026-06-10 14:29:52:     at Server.setupListenHandle [as _listen2] (node:net:2008:16)
2026-06-10 14:29:52:     at listenInCluster (node:net:2065:12)
2026-06-10 14:29:52:     at node:net:2274:7
2026-06-10 14:29:52:     at process.processTicksAndRejections (node:internal/process/task_queues:90:21) {
2026-06-10 14:29:52:   code: 'EADDRINUSE',
2026-06-10 14:29:52:   errno: -4091,
2026-06-10 14:29:52:   syscall: 'listen',
2026-06-10 14:29:52:   address: '0.0.0.0',
2026-06-10 14:29:52:   port: 5050
2026-06-10 14:29:52: }
2026-06-10 14:29:55: Error: listen EADDRINUSE: address already in use 0.0.0.0:5050
2026-06-10 14:29:55:     at Server.setupListenHandle [as _listen2] (node:net:2008:16)
2026-06-10 14:29:55:     at listenInCluster (node:net:2065:12)
2026-06-10 14:29:55:     at node:net:2274:7
2026-06-10 14:29:55:     at process.processTicksAndRejections (node:internal/process/task_queues:90:21) {
2026-06-10 14:29:55:   code: 'EADDRINUSE',
2026-06-10 14:29:55:   errno: -4091,
2026-06-10 14:29:55:   syscall: 'listen',
2026-06-10 14:29:55:   address: '0.0.0.0',
2026-06-10 14:29:55:   port: 5050
2026-06-10 14:29:55: }
2026-06-10 14:29:58: Error: listen EADDRINUSE: address already in use 0.0.0.0:5050
2026-06-10 14:29:58:     at Server.setupListenHandle [as _listen2] (node:net:2008:16)
2026-06-10 14:29:58:     at listenInCluster (node:net:2065:12)
2026-06-10 14:29:58:     at node:net:2274:7
2026-06-10 14:29:58:     at process.processTicksAndRejections (node:internal/process/task_queues:90:21) {
2026-06-10 14:29:58:   code: 'EADDRINUSE',
2026-06-10 14:29:58:   errno: -4091,
2026-06-10 14:29:58:   syscall: 'listen',
2026-06-10 14:29:58:   address: '0.0.0.0',
2026-06-10 14:29:58:   port: 5050
2026-06-10 14:29:58: }
2026-06-10 14:30:01: Error: listen EADDRINUSE: address already in use 0.0.0.0:5050
2026-06-10 14:30:01:     at Server.setupListenHandle [as _listen2] (node:net:2008:16)
2026-06-10 14:30:01:     at listenInCluster (node:net:2065:12)
2026-06-10 14:30:01:     at node:net:2274:7
2026-06-10 14:30:01:     at process.processTicksAndRejections (node:internal/process/task_queues:90:21) {
2026-06-10 14:30:01:   code: 'EADDRINUSE',
2026-06-10 14:30:01:   errno: -4091,
2026-06-10 14:30:01:   syscall: 'listen',
2026-06-10 14:30:01:   address: '0.0.0.0',
2026-06-10 14:30:01:   port: 5050
2026-06-10 14:30:01: }
2026-06-10 14:30:04: Error: listen EADDRINUSE: address already in use 0.0.0.0:5050
2026-06-10 14:30:04:     at Server.setupListenHandle [as _listen2] (node:net:2008:16)
2026-06-10 14:30:04:     at listenInCluster (node:net:2065:12)
2026-06-10 14:30:04:     at node:net:2274:7
2026-06-10 14:30:04:     at process.processTicksAndRejections (node:internal/process/task_queues:90:21) {
2026-06-10 14:30:04:   code: 'EADDRINUSE',
2026-06-10 14:30:04:   errno: -4091,
2026-06-10 14:30:04:   syscall: 'listen',
2026-06-10 14:30:04:   address: '0.0.0.0',
2026-06-10 14:30:04:   port: 5050
2026-06-10 14:30:04: }
2026-06-10 14:30:08: Error: listen EADDRINUSE: address already in use 0.0.0.0:5050
2026-06-10 14:30:08:     at Server.setupListenHandle [as _listen2] (node:net:2008:16)
2026-06-10 14:30:08:     at listenInCluster (node:net:2065:12)
2026-06-10 14:30:08:     at node:net:2274:7
2026-06-10 14:30:08:     at process.processTicksAndRejections (node:internal/process/task_queues:90:21) {
2026-06-10 14:30:08:   code: 'EADDRINUSE',
2026-06-10 14:30:08:   errno: -4091,
2026-06-10 14:30:08:   syscall: 'listen',
2026-06-10 14:30:08:   address: '0.0.0.0',
2026-06-10 14:30:08:   port: 5050
2026-06-10 14:30:08: }
2026-06-10 14:30:11: Error: listen EADDRINUSE: address already in use 0.0.0.0:5050
2026-06-10 14:30:11:     at Server.setupListenHandle [as _listen2] (node:net:2008:16)
2026-06-10 14:30:11:     at listenInCluster (node:net:2065:12)
2026-06-10 14:30:11:     at node:net:2274:7
2026-06-10 14:30:11:     at process.processTicksAndRejections (node:internal/process/task_queues:90:21) {
2026-06-10 14:30:11:   code: 'EADDRINUSE',
2026-06-10 14:30:11:   errno: -4091,
2026-06-10 14:30:11:   syscall: 'listen',
2026-06-10 14:30:11:   address: '0.0.0.0',
2026-06-10 14:30:11:   port: 5050
2026-06-10 14:30:11: }
2026-06-10 14:30:14: Error: listen EADDRINUSE: address already in use 0.0.0.0:5050
2026-06-10 14:30:14:     at Server.setupListenHandle [as _listen2] (node:net:2008:16)
2026-06-10 14:30:14:     at listenInCluster (node:net:2065:12)
2026-06-10 14:30:14:     at node:net:2274:7
2026-06-10 14:30:14:     at process.processTicksAndRejections (node:internal/process/task_queues:90:21) {
2026-06-10 14:30:14:   code: 'EADDRINUSE',
2026-06-10 14:30:14:   errno: -4091,
2026-06-10 14:30:14:   syscall: 'listen',
2026-06-10 14:30:14:   address: '0.0.0.0',
2026-06-10 14:30:14:   port: 5050
2026-06-10 14:30:14: }
2026-06-10 14:30:16: Error: listen EADDRINUSE: address already in use 0.0.0.0:5050
2026-06-10 14:30:16:     at Server.setupListenHandle [as _listen2] (node:net:2008:16)
2026-06-10 14:30:16:     at listenInCluster (node:net:2065:12)
2026-06-10 14:30:16:     at node:net:2274:7
2026-06-10 14:30:16:     at process.processTicksAndRejections (node:internal/process/task_queues:90:21) {
2026-06-10 14:30:16:   code: 'EADDRINUSE',
2026-06-10 14:30:16:   errno: -4091,
2026-06-10 14:30:16:   syscall: 'listen',
2026-06-10 14:30:16:   address: '0.0.0.0',
2026-06-10 14:30:16:   port: 5050
2026-06-10 14:30:16: }
2026-06-10 14:30:19: Error: listen EADDRINUSE: address already in use 0.0.0.0:5050
2026-06-10 14:30:19:     at Server.setupListenHandle [as _listen2] (node:net:2008:16)
2026-06-10 14:30:19:     at listenInCluster (node:net:2065:12)
2026-06-10 14:30:19:     at node:net:2274:7
2026-06-10 14:30:19:     at process.processTicksAndRejections (node:internal/process/task_queues:90:21) {
2026-06-10 14:30:19:   code: 'EADDRINUSE',
2026-06-10 14:30:19:   errno: -4091,
2026-06-10 14:30:19:   syscall: 'listen',
2026-06-10 14:30:19:   address: '0.0.0.0',
2026-06-10 14:30:19:   port: 5050
2026-06-10 14:30:19: }
2026-06-10 14:30:23: Error: listen EADDRINUSE: address already in use 0.0.0.0:5050
2026-06-10 14:30:23:     at Server.setupListenHandle [as _listen2] (node:net:2008:16)
2026-06-10 14:30:23:     at listenInCluster (node:net:2065:12)
2026-06-10 14:30:23:     at node:net:2274:7
2026-06-10 14:30:23:     at process.processTicksAndRejections (node:internal/process/task_queues:90:21) {
2026-06-10 14:30:23:   code: 'EADDRINUSE',
2026-06-10 14:30:23:   errno: -4091,
2026-06-10 14:30:23:   syscall: 'listen',
2026-06-10 14:30:23:   address: '0.0.0.0',
2026-06-10 14:30:23:   port: 5050
2026-06-10 14:30:23: }
2026-06-10 14:30:27: Error: listen EADDRINUSE: address already in use 0.0.0.0:5050
2026-06-10 14:30:27:     at Server.setupListenHandle [as _listen2] (node:net:2008:16)
2026-06-10 14:30:27:     at listenInCluster (node:net:2065:12)
2026-06-10 14:30:27:     at node:net:2274:7
2026-06-10 14:30:27:     at process.processTicksAndRejections (node:internal/process/task_queues:90:21) {
2026-06-10 14:30:27:   code: 'EADDRINUSE',
2026-06-10 14:30:27:   errno: -4091,
2026-06-10 14:30:27:   syscall: 'listen',
2026-06-10 14:30:27:   address: '0.0.0.0',
2026-06-10 14:30:27:   port: 5050
2026-06-10 14:30:27: }
2026-06-10 14:30:30: Error: listen EADDRINUSE: address already in use 0.0.0.0:5050
2026-06-10 14:30:30:     at Server.setupListenHandle [as _listen2] (node:net:2008:16)
2026-06-10 14:30:30:     at listenInCluster (node:net:2065:12)
2026-06-10 14:30:30:     at node:net:2274:7
2026-06-10 14:30:30:     at process.processTicksAndRejections (node:internal/process/task_queues:90:21) {
2026-06-10 14:30:30:   code: 'EADDRINUSE',
2026-06-10 14:30:30:   errno: -4091,
2026-06-10 14:30:30:   syscall: 'listen',
2026-06-10 14:30:30:   address: '0.0.0.0',
2026-06-10 14:30:30:   port: 5050
2026-06-10 14:30:30: }
2026-06-10 14:30:32: Error: listen EADDRINUSE: address already in use 0.0.0.0:5050
2026-06-10 14:30:32:     at Server.setupListenHandle [as _listen2] (node:net:2008:16)
2026-06-10 14:30:32:     at listenInCluster (node:net:2065:12)
2026-06-10 14:30:32:     at node:net:2274:7
2026-06-10 14:30:32:     at process.processTicksAndRejections (node:internal/process/task_queues:90:21) {
2026-06-10 14:30:32:   code: 'EADDRINUSE',
2026-06-10 14:30:32:   errno: -4091,
2026-06-10 14:30:32:   syscall: 'listen',
2026-06-10 14:30:32:   address: '0.0.0.0',
2026-06-10 14:30:32:   port: 5050
2026-06-10 14:30:32: }
2026-06-10 14:30:35: Error: listen EADDRINUSE: address already in use 0.0.0.0:5050
2026-06-10 14:30:35:     at Server.setupListenHandle [as _listen2] (node:net:2008:16)
2026-06-10 14:30:35:     at listenInCluster (node:net:2065:12)
2026-06-10 14:30:35:     at node:net:2274:7
2026-06-10 14:30:35:     at process.processTicksAndRejections (node:internal/process/task_queues:90:21) {
2026-06-10 14:30:35:   code: 'EADDRINUSE',
2026-06-10 14:30:35:   errno: -4091,
2026-06-10 14:30:35:   syscall: 'listen',
2026-06-10 14:30:35:   address: '0.0.0.0',
2026-06-10 14:30:35:   port: 5050
2026-06-10 14:30:35: }
2026-06-10 14:30:38: Error: listen EADDRINUSE: address already in use 0.0.0.0:5050
2026-06-10 14:30:38:     at Server.setupListenHandle [as _listen2] (node:net:2008:16)
2026-06-10 14:30:38:     at listenInCluster (node:net:2065:12)
2026-06-10 14:30:38:     at node:net:2274:7
2026-06-10 14:30:38:     at process.processTicksAndRejections (node:internal/process/task_queues:90:21) {
2026-06-10 14:30:38:   code: 'EADDRINUSE',
2026-06-10 14:30:38:   errno: -4091,
2026-06-10 14:30:38:   syscall: 'listen',
2026-06-10 14:30:38:   address: '0.0.0.0',
2026-06-10 14:30:38:   port: 5050
2026-06-10 14:30:38: }
2026-06-10 14:30:42: Error: listen EADDRINUSE: address already in use 0.0.0.0:5050
2026-06-10 14:30:42:     at Server.setupListenHandle [as _listen2] (node:net:2008:16)
2026-06-10 14:30:42:     at listenInCluster (node:net:2065:12)
2026-06-10 14:30:42:     at node:net:2274:7
2026-06-10 14:30:42:     at process.processTicksAndRejections (node:internal/process/task_queues:90:21) {
2026-06-10 14:30:42:   code: 'EADDRINUSE',
2026-06-10 14:30:42:   errno: -4091,
2026-06-10 14:30:42:   syscall: 'listen',
2026-06-10 14:30:42:   address: '0.0.0.0',
2026-06-10 14:30:42:   port: 5050
2026-06-10 14:30:42: }
2026-06-10 14:30:45: Error: listen EADDRINUSE: address already in use 0.0.0.0:5050
2026-06-10 14:30:45:     at Server.setupListenHandle [as _listen2] (node:net:2008:16)
2026-06-10 14:30:45:     at listenInCluster (node:net:2065:12)
2026-06-10 14:30:45:     at node:net:2274:7
2026-06-10 14:30:45:     at process.processTicksAndRejections (node:internal/process/task_queues:90:21) {
2026-06-10 14:30:45:   code: 'EADDRINUSE',
2026-06-10 14:30:45:   errno: -4091,
2026-06-10 14:30:45:   syscall: 'listen',
2026-06-10 14:30:45:   address: '0.0.0.0',
2026-06-10 14:30:45:   port: 5050
2026-06-10 14:30:45: }
2026-06-10 14:30:48: Error: listen EADDRINUSE: address already in use 0.0.0.0:5050
2026-06-10 14:30:48:     at Server.setupListenHandle [as _listen2] (node:net:2008:16)
2026-06-10 14:30:48:     at listenInCluster (node:net:2065:12)
2026-06-10 14:30:48:     at node:net:2274:7
2026-06-10 14:30:48:     at process.processTicksAndRejections (node:internal/process/task_queues:90:21) {
2026-06-10 14:30:48:   code: 'EADDRINUSE',
2026-06-10 14:30:48:   errno: -4091,
2026-06-10 14:30:48:   syscall: 'listen',
2026-06-10 14:30:48:   address: '0.0.0.0',
2026-06-10 14:30:48:   port: 5050
2026-06-10 14:30:48: }
2026-06-10 14:30:50: Error: listen EADDRINUSE: address already in use 0.0.0.0:5050
2026-06-10 14:30:50:     at Server.setupListenHandle [as _listen2] (node:net:2008:16)
2026-06-10 14:30:50:     at listenInCluster (node:net:2065:12)
2026-06-10 14:30:50:     at node:net:2274:7
2026-06-10 14:30:50:     at process.processTicksAndRejections (node:internal/process/task_queues:90:21) {
2026-06-10 14:30:50:   code: 'EADDRINUSE',
2026-06-10 14:30:50:   errno: -4091,
2026-06-10 14:30:50:   syscall: 'listen',
2026-06-10 14:30:50:   address: '0.0.0.0',
2026-06-10 14:30:50:   port: 5050
2026-06-10 14:30:50: }
2026-06-10 14:30:53: Error: listen EADDRINUSE: address already in use 0.0.0.0:5050
2026-06-10 14:30:53:     at Server.setupListenHandle [as _listen2] (node:net:2008:16)
2026-06-10 14:30:53:     at listenInCluster (node:net:2065:12)
2026-06-10 14:30:53:     at node:net:2274:7
2026-06-10 14:30:53:     at process.processTicksAndRejections (node:internal/process/task_queues:90:21) {
2026-06-10 14:30:53:   code: 'EADDRINUSE',
2026-06-10 14:30:53:   errno: -4091,
2026-06-10 14:30:53:   syscall: 'listen',
2026-06-10 14:30:53:   address: '0.0.0.0',
2026-06-10 14:30:53:   port: 5050
2026-06-10 14:30:53: }
2026-06-10 14:30:56: Error: listen EADDRINUSE: address already in use 0.0.0.0:5050
2026-06-10 14:30:56:     at Server.setupListenHandle [as _listen2] (node:net:2008:16)
2026-06-10 14:30:56:     at listenInCluster (node:net:2065:12)
2026-06-10 14:30:56:     at node:net:2274:7
2026-06-10 14:30:56:     at process.processTicksAndRejections (node:internal/process/task_queues:90:21) {
2026-06-10 14:30:56:   code: 'EADDRINUSE',
2026-06-10 14:30:56:   errno: -4091,
2026-06-10 14:30:56:   syscall: 'listen',
2026-06-10 14:30:56:   address: '0.0.0.0',
2026-06-10 14:30:56:   port: 5050
2026-06-10 14:30:56: }
2026-06-10 14:30:59: Error: listen EADDRINUSE: address already in use 0.0.0.0:5050
2026-06-10 14:30:59:     at Server.setupListenHandle [as _listen2] (node:net:2008:16)
2026-06-10 14:30:59:     at listenInCluster (node:net:2065:12)
2026-06-10 14:30:59:     at node:net:2274:7
2026-06-10 14:30:59:     at process.processTicksAndRejections (node:internal/process/task_queues:90:21) {
2026-06-10 14:30:59:   code: 'EADDRINUSE',
2026-06-10 14:30:59:   errno: -4091,
2026-06-10 14:30:59:   syscall: 'listen',
2026-06-10 14:30:59:   address: '0.0.0.0',
2026-06-10 14:30:59:   port: 5050
2026-06-10 14:30:59: }
2026-06-10 14:31:03: Error: listen EADDRINUSE: address already in use 0.0.0.0:5050
2026-06-10 14:31:03:     at Server.setupListenHandle [as _listen2] (node:net:2008:16)
2026-06-10 14:31:03:     at listenInCluster (node:net:2065:12)
2026-06-10 14:31:03:     at node:net:2274:7
2026-06-10 14:31:03:     at process.processTicksAndRejections (node:internal/process/task_queues:90:21) {
2026-06-10 14:31:03:   code: 'EADDRINUSE',
2026-06-10 14:31:03:   errno: -4091,
2026-06-10 14:31:03:   syscall: 'listen',
2026-06-10 14:31:03:   address: '0.0.0.0',
2026-06-10 14:31:03:   port: 5050
2026-06-10 14:31:03: }
2026-06-10 14:31:06: Error: listen EADDRINUSE: address already in use 0.0.0.0:5050
2026-06-10 14:31:06:     at Server.setupListenHandle [as _listen2] (node:net:2008:16)
2026-06-10 14:31:06:     at listenInCluster (node:net:2065:12)
2026-06-10 14:31:06:     at node:net:2274:7
2026-06-10 14:31:06:     at process.processTicksAndRejections (node:internal/process/task_queues:90:21) {
2026-06-10 14:31:06:   code: 'EADDRINUSE',
2026-06-10 14:31:06:   errno: -4091,
2026-06-10 14:31:06:   syscall: 'listen',
2026-06-10 14:31:06:   address: '0.0.0.0',
2026-06-10 14:31:06:   port: 5050
2026-06-10 14:31:06: }
2026-06-10 14:31:08: Error: listen EADDRINUSE: address already in use 0.0.0.0:5050
2026-06-10 14:31:08:     at Server.setupListenHandle [as _listen2] (node:net:2008:16)
2026-06-10 14:31:08:     at listenInCluster (node:net:2065:12)
2026-06-10 14:31:08:     at node:net:2274:7
2026-06-10 14:31:08:     at process.processTicksAndRejections (node:internal/process/task_queues:90:21) {
2026-06-10 14:31:08:   code: 'EADDRINUSE',
2026-06-10 14:31:08:   errno: -4091,
2026-06-10 14:31:08:   syscall: 'listen',
2026-06-10 14:31:08:   address: '0.0.0.0',
2026-06-10 14:31:08:   port: 5050
2026-06-10 14:31:08: }
2026-06-10 14:31:11: Error: listen EADDRINUSE: address already in use 0.0.0.0:5050
2026-06-10 14:31:11:     at Server.setupListenHandle [as _listen2] (node:net:2008:16)
2026-06-10 14:31:11:     at listenInCluster (node:net:2065:12)
2026-06-10 14:31:11:     at node:net:2274:7
2026-06-10 14:31:11:     at process.processTicksAndRejections (node:internal/process/task_queues:90:21) {
2026-06-10 14:31:11:   code: 'EADDRINUSE',
2026-06-10 14:31:11:   errno: -4091,
2026-06-10 14:31:11:   syscall: 'listen',
2026-06-10 14:31:11:   address: '0.0.0.0',
2026-06-10 14:31:11:   port: 5050
2026-06-10 14:31:11: }
2026-06-10 14:31:14: Error: listen EADDRINUSE: address already in use 0.0.0.0:5050
2026-06-10 14:31:14:     at Server.setupListenHandle [as _listen2] (node:net:2008:16)
2026-06-10 14:31:14:     at listenInCluster (node:net:2065:12)
2026-06-10 14:31:14:     at node:net:2274:7
2026-06-10 14:31:14:     at process.processTicksAndRejections (node:internal/process/task_queues:90:21) {
2026-06-10 14:31:14:   code: 'EADDRINUSE',
2026-06-10 14:31:14:   errno: -4091,
2026-06-10 14:31:14:   syscall: 'listen',
2026-06-10 14:31:14:   address: '0.0.0.0',
2026-06-10 14:31:14:   port: 5050
2026-06-10 14:31:14: }
2026-06-10 14:31:17: Error: listen EADDRINUSE: address already in use 0.0.0.0:5050
2026-06-10 14:31:17:     at Server.setupListenHandle [as _listen2] (node:net:2008:16)
2026-06-10 14:31:17:     at listenInCluster (node:net:2065:12)
2026-06-10 14:31:17:     at node:net:2274:7
2026-06-10 14:31:17:     at process.processTicksAndRejections (node:internal/process/task_queues:90:21) {
2026-06-10 14:31:17:   code: 'EADDRINUSE',
2026-06-10 14:31:17:   errno: -4091,
2026-06-10 14:31:17:   syscall: 'listen',
2026-06-10 14:31:17:   address: '0.0.0.0',
2026-06-10 14:31:17:   port: 5050
2026-06-10 14:31:17: }
2026-06-10 14:31:19: Error: listen EADDRINUSE: address already in use 0.0.0.0:5050
2026-06-10 14:31:19:     at Server.setupListenHandle [as _listen2] (node:net:2008:16)
2026-06-10 14:31:19:     at listenInCluster (node:net:2065:12)
2026-06-10 14:31:19:     at node:net:2274:7
2026-06-10 14:31:19:     at process.processTicksAndRejections (node:internal/process/task_queues:90:21) {
2026-06-10 14:31:19:   code: 'EADDRINUSE',
2026-06-10 14:31:19:   errno: -4091,
2026-06-10 14:31:19:   syscall: 'listen',
2026-06-10 14:31:19:   address: '0.0.0.0',
2026-06-10 14:31:19:   port: 5050
2026-06-10 14:31:19: }
2026-06-10 14:31:22: Error: listen EADDRINUSE: address already in use 0.0.0.0:5050
2026-06-10 14:31:22:     at Server.setupListenHandle [as _listen2] (node:net:2008:16)
2026-06-10 14:31:22:     at listenInCluster (node:net:2065:12)
2026-06-10 14:31:22:     at node:net:2274:7
2026-06-10 14:31:22:     at process.processTicksAndRejections (node:internal/process/task_queues:90:21) {
2026-06-10 14:31:22:   code: 'EADDRINUSE',
2026-06-10 14:31:22:   errno: -4091,
2026-06-10 14:31:22:   syscall: 'listen',
2026-06-10 14:31:22:   address: '0.0.0.0',
2026-06-10 14:31:22:   port: 5050
2026-06-10 14:31:22: }
2026-06-10 14:31:26: Error: listen EADDRINUSE: address already in use 0.0.0.0:5050
2026-06-10 14:31:26:     at Server.setupListenHandle [as _listen2] (node:net:2008:16)
2026-06-10 14:31:26:     at listenInCluster (node:net:2065:12)
2026-06-10 14:31:26:     at node:net:2274:7
2026-06-10 14:31:26:     at process.processTicksAndRejections (node:internal/process/task_queues:90:21) {
2026-06-10 14:31:26:   code: 'EADDRINUSE',
2026-06-10 14:31:26:   errno: -4091,
2026-06-10 14:31:26:   syscall: 'listen',
2026-06-10 14:31:26:   address: '0.0.0.0',
2026-06-10 14:31:26:   port: 5050
2026-06-10 14:31:26: }
2026-06-10 14:31:29: Error: listen EADDRINUSE: address already in use 0.0.0.0:5050
2026-06-10 14:31:29:     at Server.setupListenHandle [as _listen2] (node:net:2008:16)
2026-06-10 14:31:29:     at listenInCluster (node:net:2065:12)
2026-06-10 14:31:29:     at node:net:2274:7
2026-06-10 14:31:29:     at process.processTicksAndRejections (node:internal/process/task_queues:90:21) {
2026-06-10 14:31:29:   code: 'EADDRINUSE',
2026-06-10 14:31:29:   errno: -4091,
2026-06-10 14:31:29:   syscall: 'listen',
2026-06-10 14:31:29:   address: '0.0.0.0',
2026-06-10 14:31:29:   port: 5050
2026-06-10 14:31:29: }
2026-06-10 14:31:32: Error: listen EADDRINUSE: address already in use 0.0.0.0:5050
2026-06-10 14:31:32:     at Server.setupListenHandle [as _listen2] (node:net:2008:16)
2026-06-10 14:31:32:     at listenInCluster (node:net:2065:12)
2026-06-10 14:31:32:     at node:net:2274:7
2026-06-10 14:31:32:     at process.processTicksAndRejections (node:internal/process/task_queues:90:21) {
2026-06-10 14:31:32:   code: 'EADDRINUSE',
2026-06-10 14:31:32:   errno: -4091,
2026-06-10 14:31:32:   syscall: 'listen',
2026-06-10 14:31:32:   address: '0.0.0.0',
2026-06-10 14:31:32:   port: 5050
2026-06-10 14:31:32: }
2026-06-10 14:31:36: Error: listen EADDRINUSE: address already in use 0.0.0.0:5050
2026-06-10 14:31:36:     at Server.setupListenHandle [as _listen2] (node:net:2008:16)
2026-06-10 14:31:36:     at listenInCluster (node:net:2065:12)
2026-06-10 14:31:36:     at node:net:2274:7
2026-06-10 14:31:36:     at process.processTicksAndRejections (node:internal/process/task_queues:90:21) {
2026-06-10 14:31:36:   code: 'EADDRINUSE',
2026-06-10 14:31:36:   errno: -4091,
2026-06-10 14:31:36:   syscall: 'listen',
2026-06-10 14:31:36:   address: '0.0.0.0',
2026-06-10 14:31:36:   port: 5050
2026-06-10 14:31:36: }
2026-06-10 14:31:41: Error: listen EADDRINUSE: address already in use 0.0.0.0:5050
2026-06-10 14:31:41:     at Server.setupListenHandle [as _listen2] (node:net:2008:16)
2026-06-10 14:31:41:     at listenInCluster (node:net:2065:12)
2026-06-10 14:31:41:     at node:net:2274:7
2026-06-10 14:31:41:     at process.processTicksAndRejections (node:internal/process/task_queues:90:21) {
2026-06-10 14:31:41:   code: 'EADDRINUSE',
2026-06-10 14:31:41:   errno: -4091,
2026-06-10 14:31:41:   syscall: 'listen',
2026-06-10 14:31:41:   address: '0.0.0.0',
2026-06-10 14:31:41:   port: 5050
2026-06-10 14:31:41: }
2026-06-10 14:31:45: Error: listen EADDRINUSE: address already in use 0.0.0.0:5050
2026-06-10 14:31:45:     at Server.setupListenHandle [as _listen2] (node:net:2008:16)
2026-06-10 14:31:45:     at listenInCluster (node:net:2065:12)
2026-06-10 14:31:45:     at node:net:2274:7
2026-06-10 14:31:45:     at process.processTicksAndRejections (node:internal/process/task_queues:90:21) {
2026-06-10 14:31:45:   code: 'EADDRINUSE',
2026-06-10 14:31:45:   errno: -4091,
2026-06-10 14:31:45:   syscall: 'listen',
2026-06-10 14:31:45:   address: '0.0.0.0',
2026-06-10 14:31:45:   port: 5050
2026-06-10 14:31:45: }
2026-06-10 14:31:49: Error: listen EADDRINUSE: address already in use 0.0.0.0:5050
2026-06-10 14:31:49:     at Server.setupListenHandle [as _listen2] (node:net:2008:16)
2026-06-10 14:31:49:     at listenInCluster (node:net:2065:12)
2026-06-10 14:31:49:     at node:net:2274:7
2026-06-10 14:31:49:     at process.processTicksAndRejections (node:internal/process/task_queues:90:21) {
2026-06-10 14:31:49:   code: 'EADDRINUSE',
2026-06-10 14:31:49:   errno: -4091,
2026-06-10 14:31:49:   syscall: 'listen',
2026-06-10 14:31:49:   address: '0.0.0.0',
2026-06-10 14:31:49:   port: 5050
2026-06-10 14:31:49: }
2026-06-10 14:31:53: Error: listen EADDRINUSE: address already in use 0.0.0.0:5050
2026-06-10 14:31:53:     at Server.setupListenHandle [as _listen2] (node:net:2008:16)
2026-06-10 14:31:53:     at listenInCluster (node:net:2065:12)
2026-06-10 14:31:53:     at node:net:2274:7
2026-06-10 14:31:53:     at process.processTicksAndRejections (node:internal/process/task_queues:90:21) {
2026-06-10 14:31:53:   code: 'EADDRINUSE',
2026-06-10 14:31:53:   errno: -4091,
2026-06-10 14:31:53:   syscall: 'listen',
2026-06-10 14:31:53:   address: '0.0.0.0',
2026-06-10 14:31:53:   port: 5050
2026-06-10 14:31:53: }
2026-06-10 14:31:57: Error: listen EADDRINUSE: address already in use 0.0.0.0:5050
2026-06-10 14:31:57:     at Server.setupListenHandle [as _listen2] (node:net:2008:16)
2026-06-10 14:31:57:     at listenInCluster (node:net:2065:12)
2026-06-10 14:31:57:     at node:net:2274:7
2026-06-10 14:31:57:     at process.processTicksAndRejections (node:internal/process/task_queues:90:21) {
2026-06-10 14:31:57:   code: 'EADDRINUSE',
2026-06-10 14:31:57:   errno: -4091,
2026-06-10 14:31:57:   syscall: 'listen',
2026-06-10 14:31:57:   address: '0.0.0.0',
2026-06-10 14:31:57:   port: 5050
2026-06-10 14:31:57: }
2026-06-10 14:32:00: Error: listen EADDRINUSE: address already in use 0.0.0.0:5050
2026-06-10 14:32:00:     at Server.setupListenHandle [as _listen2] (node:net:2008:16)
2026-06-10 14:32:00:     at listenInCluster (node:net:2065:12)
2026-06-10 14:32:00:     at node:net:2274:7
2026-06-10 14:32:00:     at process.processTicksAndRejections (node:internal/process/task_queues:90:21) {
2026-06-10 14:32:00:   code: 'EADDRINUSE',
2026-06-10 14:32:00:   errno: -4091,
2026-06-10 14:32:00:   syscall: 'listen',
2026-06-10 14:32:00:   address: '0.0.0.0',
2026-06-10 14:32:00:   port: 5050
2026-06-10 14:32:00: }
2026-06-10 14:32:05: Error: listen EADDRINUSE: address already in use 0.0.0.0:5050
2026-06-10 14:32:05:     at Server.setupListenHandle [as _listen2] (node:net:2008:16)
2026-06-10 14:32:05:     at listenInCluster (node:net:2065:12)
2026-06-10 14:32:05:     at node:net:2274:7
2026-06-10 14:32:05:     at process.processTicksAndRejections (node:internal/process/task_queues:90:21) {
2026-06-10 14:32:05:   code: 'EADDRINUSE',
2026-06-10 14:32:05:   errno: -4091,
2026-06-10 14:32:05:   syscall: 'listen',
2026-06-10 14:32:05:   address: '0.0.0.0',
2026-06-10 14:32:05:   port: 5050
2026-06-10 14:32:05: }
2026-06-10 14:32:09: Error: listen EADDRINUSE: address already in use 0.0.0.0:5050
2026-06-10 14:32:09:     at Server.setupListenHandle [as _listen2] (node:net:2008:16)
2026-06-10 14:32:09:     at listenInCluster (node:net:2065:12)
2026-06-10 14:32:09:     at node:net:2274:7
2026-06-10 14:32:09:     at process.processTicksAndRejections (node:internal/process/task_queues:90:21) {
2026-06-10 14:32:09:   code: 'EADDRINUSE',
2026-06-10 14:32:09:   errno: -4091,
2026-06-10 14:32:09:   syscall: 'listen',
2026-06-10 14:32:09:   address: '0.0.0.0',
2026-06-10 14:32:09:   port: 5050
2026-06-10 14:32:09: }
2026-06-10 14:32:13: Error: listen EADDRINUSE: address already in use 0.0.0.0:5050
2026-06-10 14:32:13:     at Server.setupListenHandle [as _listen2] (node:net:2008:16)
2026-06-10 14:32:13:     at listenInCluster (node:net:2065:12)
2026-06-10 14:32:13:     at node:net:2274:7
2026-06-10 14:32:13:     at process.processTicksAndRejections (node:internal/process/task_queues:90:21) {
2026-06-10 14:32:13:   code: 'EADDRINUSE',
2026-06-10 14:32:13:   errno: -4091,
2026-06-10 14:32:13:   syscall: 'listen',
2026-06-10 14:32:13:   address: '0.0.0.0',
2026-06-10 14:32:13:   port: 5050
2026-06-10 14:32:13: }
2026-06-10 14:32:16: Error: listen EADDRINUSE: address already in use 0.0.0.0:5050
2026-06-10 14:32:16:     at Server.setupListenHandle [as _listen2] (node:net:2008:16)
2026-06-10 14:32:16:     at listenInCluster (node:net:2065:12)
2026-06-10 14:32:16:     at node:net:2274:7
2026-06-10 14:32:16:     at process.processTicksAndRejections (node:internal/process/task_queues:90:21) {
2026-06-10 14:32:16:   code: 'EADDRINUSE',
2026-06-10 14:32:16:   errno: -4091,
2026-06-10 14:32:16:   syscall: 'listen',
2026-06-10 14:32:16:   address: '0.0.0.0',
2026-06-10 14:32:16:   port: 5050
2026-06-10 14:32:16: }
2026-06-10 14:32:20: Error: listen EADDRINUSE: address already in use 0.0.0.0:5050
2026-06-10 14:32:20:     at Server.setupListenHandle [as _listen2] (node:net:2008:16)
2026-06-10 14:32:20:     at listenInCluster (node:net:2065:12)
2026-06-10 14:32:20:     at node:net:2274:7
2026-06-10 14:32:20:     at process.processTicksAndRejections (node:internal/process/task_queues:90:21) {
2026-06-10 14:32:20:   code: 'EADDRINUSE',
2026-06-10 14:32:20:   errno: -4091,
2026-06-10 14:32:20:   syscall: 'listen',
2026-06-10 14:32:20:   address: '0.0.0.0',
2026-06-10 14:32:20:   port: 5050
2026-06-10 14:32:20: }
2026-06-10 14:32:23: Error: listen EADDRINUSE: address already in use 0.0.0.0:5050
2026-06-10 14:32:23:     at Server.setupListenHandle [as _listen2] (node:net:2008:16)
2026-06-10 14:32:23:     at listenInCluster (node:net:2065:12)
2026-06-10 14:32:23:     at node:net:2274:7
2026-06-10 14:32:23:     at process.processTicksAndRejections (node:internal/process/task_queues:90:21) {
2026-06-10 14:32:23:   code: 'EADDRINUSE',
2026-06-10 14:32:23:   errno: -4091,
2026-06-10 14:32:23:   syscall: 'listen',
2026-06-10 14:32:23:   address: '0.0.0.0',
2026-06-10 14:32:23:   port: 5050
2026-06-10 14:32:23: }
2026-06-10 14:32:26: Error: listen EADDRINUSE: address already in use 0.0.0.0:5050
2026-06-10 14:32:26:     at Server.setupListenHandle [as _listen2] (node:net:2008:16)
2026-06-10 14:32:26:     at listenInCluster (node:net:2065:12)
2026-06-10 14:32:26:     at node:net:2274:7
2026-06-10 14:32:26:     at process.processTicksAndRejections (node:internal/process/task_queues:90:21) {
2026-06-10 14:32:26:   code: 'EADDRINUSE',
2026-06-10 14:32:26:   errno: -4091,
2026-06-10 14:32:26:   syscall: 'listen',
2026-06-10 14:32:26:   address: '0.0.0.0',
2026-06-10 14:32:26:   port: 5050
2026-06-10 14:32:26: }
2026-06-10 14:32:30: Error: listen EADDRINUSE: address already in use 0.0.0.0:5050
2026-06-10 14:32:30:     at Server.setupListenHandle [as _listen2] (node:net:2008:16)
2026-06-10 14:32:30:     at listenInCluster (node:net:2065:12)
2026-06-10 14:32:30:     at node:net:2274:7
2026-06-10 14:32:30:     at process.processTicksAndRejections (node:internal/process/task_queues:90:21) {
2026-06-10 14:32:30:   code: 'EADDRINUSE',
2026-06-10 14:32:30:   errno: -4091,
2026-06-10 14:32:30:   syscall: 'listen',
2026-06-10 14:32:30:   address: '0.0.0.0',
2026-06-10 14:32:30:   port: 5050
2026-06-10 14:32:30: }
2026-06-10 14:32:33: Error: listen EADDRINUSE: address already in use 0.0.0.0:5050
2026-06-10 14:32:33:     at Server.setupListenHandle [as _listen2] (node:net:2008:16)
2026-06-10 14:32:33:     at listenInCluster (node:net:2065:12)
2026-06-10 14:32:33:     at node:net:2274:7
2026-06-10 14:32:33:     at process.processTicksAndRejections (node:internal/process/task_queues:90:21) {
2026-06-10 14:32:33:   code: 'EADDRINUSE',
2026-06-10 14:32:33:   errno: -4091,
2026-06-10 14:32:33:   syscall: 'listen',
2026-06-10 14:32:33:   address: '0.0.0.0',
2026-06-10 14:32:33:   port: 5050
2026-06-10 14:32:33: }
2026-06-10 14:32:36: Error: listen EADDRINUSE: address already in use 0.0.0.0:5050
2026-06-10 14:32:36:     at Server.setupListenHandle [as _listen2] (node:net:2008:16)
2026-06-10 14:32:36:     at listenInCluster (node:net:2065:12)
2026-06-10 14:32:36:     at node:net:2274:7
2026-06-10 14:32:36:     at process.processTicksAndRejections (node:internal/process/task_queues:90:21) {
2026-06-10 14:32:36:   code: 'EADDRINUSE',
2026-06-10 14:32:36:   errno: -4091,
2026-06-10 14:32:36:   syscall: 'listen',
2026-06-10 14:32:36:   address: '0.0.0.0',
2026-06-10 14:32:36:   port: 5050
2026-06-10 14:32:36: }
2026-06-10 14:32:38: Error: listen EADDRINUSE: address already in use 0.0.0.0:5050
2026-06-10 14:32:38:     at Server.setupListenHandle [as _listen2] (node:net:2008:16)
2026-06-10 14:32:38:     at listenInCluster (node:net:2065:12)
2026-06-10 14:32:38:     at node:net:2274:7
2026-06-10 14:32:38:     at process.processTicksAndRejections (node:internal/process/task_queues:90:21) {
2026-06-10 14:32:38:   code: 'EADDRINUSE',
2026-06-10 14:32:38:   errno: -4091,
2026-06-10 14:32:38:   syscall: 'listen',
2026-06-10 14:32:38:   address: '0.0.0.0',
2026-06-10 14:32:38:   port: 5050
2026-06-10 14:32:38: }
2026-06-10 14:32:42: Error: listen EADDRINUSE: address already in use 0.0.0.0:5050
2026-06-10 14:32:42:     at Server.setupListenHandle [as _listen2] (node:net:2008:16)
2026-06-10 14:32:42:     at listenInCluster (node:net:2065:12)
2026-06-10 14:32:42:     at node:net:2274:7
2026-06-10 14:32:42:     at process.processTicksAndRejections (node:internal/process/task_queues:90:21) {
2026-06-10 14:32:42:   code: 'EADDRINUSE',
2026-06-10 14:32:42:   errno: -4091,
2026-06-10 14:32:42:   syscall: 'listen',
2026-06-10 14:32:42:   address: '0.0.0.0',
2026-06-10 14:32:42:   port: 5050
2026-06-10 14:32:42: }
2026-06-10 14:32:44: Error: listen EADDRINUSE: address already in use 0.0.0.0:5050
2026-06-10 14:32:44:     at Server.setupListenHandle [as _listen2] (node:net:2008:16)
2026-06-10 14:32:44:     at listenInCluster (node:net:2065:12)
2026-06-10 14:32:44:     at node:net:2274:7
2026-06-10 14:32:44:     at process.processTicksAndRejections (node:internal/process/task_queues:90:21) {
2026-06-10 14:32:44:   code: 'EADDRINUSE',
2026-06-10 14:32:44:   errno: -4091,
2026-06-10 14:32:44:   syscall: 'listen',
2026-06-10 14:32:44:   address: '0.0.0.0',
2026-06-10 14:32:44:   port: 5050
2026-06-10 14:32:44: }
2026-06-10 14:32:47: Error: listen EADDRINUSE: address already in use 0.0.0.0:5050
2026-06-10 14:32:47:     at Server.setupListenHandle [as _listen2] (node:net:2008:16)
2026-06-10 14:32:47:     at listenInCluster (node:net:2065:12)
2026-06-10 14:32:47:     at node:net:2274:7
2026-06-10 14:32:47:     at process.processTicksAndRejections (node:internal/process/task_queues:90:21) {
2026-06-10 14:32:47:   code: 'EADDRINUSE',
2026-06-10 14:32:47:   errno: -4091,
2026-06-10 14:32:47:   syscall: 'listen',
2026-06-10 14:32:47:   address: '0.0.0.0',
2026-06-10 14:32:47:   port: 5050
2026-06-10 14:32:47: }
2026-06-10 14:32:50: Error: listen EADDRINUSE: address already in use 0.0.0.0:5050
2026-06-10 14:32:50:     at Server.setupListenHandle [as _listen2] (node:net:2008:16)
2026-06-10 14:32:50:     at listenInCluster (node:net:2065:12)
2026-06-10 14:32:50:     at node:net:2274:7
2026-06-10 14:32:50:     at process.processTicksAndRejections (node:internal/process/task_queues:90:21) {
2026-06-10 14:32:50:   code: 'EADDRINUSE',
2026-06-10 14:32:50:   errno: -4091,
2026-06-10 14:32:50:   syscall: 'listen',
2026-06-10 14:32:50:   address: '0.0.0.0',
2026-06-10 14:32:50:   port: 5050
2026-06-10 14:32:50: }
2026-06-10 14:32:53: Error: listen EADDRINUSE: address already in use 0.0.0.0:5050
2026-06-10 14:32:53:     at Server.setupListenHandle [as _listen2] (node:net:2008:16)
2026-06-10 14:32:53:     at listenInCluster (node:net:2065:12)
2026-06-10 14:32:53:     at node:net:2274:7
2026-06-10 14:32:53:     at process.processTicksAndRejections (node:internal/process/task_queues:90:21) {
2026-06-10 14:32:53:   code: 'EADDRINUSE',
2026-06-10 14:32:53:   errno: -4091,
2026-06-10 14:32:53:   syscall: 'listen',
2026-06-10 14:32:53:   address: '0.0.0.0',
2026-06-10 14:32:53:   port: 5050
2026-06-10 14:32:53: }
2026-06-10 14:32:56: Error: listen EADDRINUSE: address already in use 0.0.0.0:5050
2026-06-10 14:32:56:     at Server.setupListenHandle [as _listen2] (node:net:2008:16)
2026-06-10 14:32:56:     at listenInCluster (node:net:2065:12)
2026-06-10 14:32:56:     at node:net:2274:7
2026-06-10 14:32:56:     at process.processTicksAndRejections (node:internal/process/task_queues:90:21) {
2026-06-10 14:32:56:   code: 'EADDRINUSE',
2026-06-10 14:32:56:   errno: -4091,
2026-06-10 14:32:56:   syscall: 'listen',
2026-06-10 14:32:56:   address: '0.0.0.0',
2026-06-10 14:32:56:   port: 5050
2026-06-10 14:32:56: }
2026-06-10 14:32:59: Error: listen EADDRINUSE: address already in use 0.0.0.0:5050
2026-06-10 14:32:59:     at Server.setupListenHandle [as _listen2] (node:net:2008:16)
2026-06-10 14:32:59:     at listenInCluster (node:net:2065:12)
2026-06-10 14:32:59:     at node:net:2274:7
2026-06-10 14:32:59:     at process.processTicksAndRejections (node:internal/process/task_queues:90:21) {
2026-06-10 14:32:59:   code: 'EADDRINUSE',
2026-06-10 14:32:59:   errno: -4091,
2026-06-10 14:32:59:   syscall: 'listen',
2026-06-10 14:32:59:   address: '0.0.0.0',
2026-06-10 14:32:59:   port: 5050
2026-06-10 14:32:59: }
2026-06-10 14:33:02: Error: listen EADDRINUSE: address already in use 0.0.0.0:5050
2026-06-10 14:33:02:     at Server.setupListenHandle [as _listen2] (node:net:2008:16)
2026-06-10 14:33:02:     at listenInCluster (node:net:2065:12)
2026-06-10 14:33:02:     at node:net:2274:7
2026-06-10 14:33:02:     at process.processTicksAndRejections (node:internal/process/task_queues:90:21) {
2026-06-10 14:33:02:   code: 'EADDRINUSE',
2026-06-10 14:33:02:   errno: -4091,
2026-06-10 14:33:02:   syscall: 'listen',
2026-06-10 14:33:02:   address: '0.0.0.0',
2026-06-10 14:33:02:   port: 5050
2026-06-10 14:33:02: }
2026-06-10 14:33:04: Error: listen EADDRINUSE: address already in use 0.0.0.0:5050
2026-06-10 14:33:04:     at Server.setupListenHandle [as _listen2] (node:net:2008:16)
2026-06-10 14:33:04:     at listenInCluster (node:net:2065:12)
2026-06-10 14:33:04:     at node:net:2274:7
2026-06-10 14:33:04:     at process.processTicksAndRejections (node:internal/process/task_queues:90:21) {
2026-06-10 14:33:04:   code: 'EADDRINUSE',
2026-06-10 14:33:04:   errno: -4091,
2026-06-10 14:33:04:   syscall: 'listen',
2026-06-10 14:33:04:   address: '0.0.0.0',
2026-06-10 14:33:04:   port: 5050
2026-06-10 14:33:04: }
2026-06-10 14:33:07: Error: listen EADDRINUSE: address already in use 0.0.0.0:5050
2026-06-10 14:33:07:     at Server.setupListenHandle [as _listen2] (node:net:2008:16)
2026-06-10 14:33:07:     at listenInCluster (node:net:2065:12)
2026-06-10 14:33:07:     at node:net:2274:7
2026-06-10 14:33:07:     at process.processTicksAndRejections (node:internal/process/task_queues:90:21) {
2026-06-10 14:33:07:   code: 'EADDRINUSE',
2026-06-10 14:33:07:   errno: -4091,
2026-06-10 14:33:07:   syscall: 'listen',
2026-06-10 14:33:07:   address: '0.0.0.0',
2026-06-10 14:33:07:   port: 5050
2026-06-10 14:33:07: }
2026-06-10 14:33:10: Error: listen EADDRINUSE: address already in use 0.0.0.0:5050
2026-06-10 14:33:10:     at Server.setupListenHandle [as _listen2] (node:net:2008:16)
2026-06-10 14:33:10:     at listenInCluster (node:net:2065:12)
2026-06-10 14:33:10:     at node:net:2274:7
2026-06-10 14:33:10:     at process.processTicksAndRejections (node:internal/process/task_queues:90:21) {
2026-06-10 14:33:10:   code: 'EADDRINUSE',
2026-06-10 14:33:10:   errno: -4091,
2026-06-10 14:33:10:   syscall: 'listen',
2026-06-10 14:33:10:   address: '0.0.0.0',
2026-06-10 14:33:10:   port: 5050
2026-06-10 14:33:10: }
2026-06-10 14:33:12: Error: listen EADDRINUSE: address already in use 0.0.0.0:5050
2026-06-10 14:33:12:     at Server.setupListenHandle [as _listen2] (node:net:2008:16)
2026-06-10 14:33:12:     at listenInCluster (node:net:2065:12)
2026-06-10 14:33:12:     at node:net:2274:7
2026-06-10 14:33:12:     at process.processTicksAndRejections (node:internal/process/task_queues:90:21) {
2026-06-10 14:33:12:   code: 'EADDRINUSE',
2026-06-10 14:33:12:   errno: -4091,
2026-06-10 14:33:12:   syscall: 'listen',
2026-06-10 14:33:12:   address: '0.0.0.0',
2026-06-10 14:33:12:   port: 5050
2026-06-10 14:33:12: }
2026-06-10 14:33:16: Error: listen EADDRINUSE: address already in use 0.0.0.0:5050
2026-06-10 14:33:16:     at Server.setupListenHandle [as _listen2] (node:net:2008:16)
2026-06-10 14:33:16:     at listenInCluster (node:net:2065:12)
2026-06-10 14:33:16:     at node:net:2274:7
2026-06-10 14:33:16:     at process.processTicksAndRejections (node:internal/process/task_queues:90:21) {
2026-06-10 14:33:16:   code: 'EADDRINUSE',
2026-06-10 14:33:16:   errno: -4091,
2026-06-10 14:33:16:   syscall: 'listen',
2026-06-10 14:33:16:   address: '0.0.0.0',
2026-06-10 14:33:16:   port: 5050
2026-06-10 14:33:16: }
2026-06-10 14:33:19: Error: listen EADDRINUSE: address already in use 0.0.0.0:5050
2026-06-10 14:33:19:     at Server.setupListenHandle [as _listen2] (node:net:2008:16)
2026-06-10 14:33:19:     at listenInCluster (node:net:2065:12)
2026-06-10 14:33:19:     at node:net:2274:7
2026-06-10 14:33:19:     at process.processTicksAndRejections (node:internal/process/task_queues:90:21) {
2026-06-10 14:33:19:   code: 'EADDRINUSE',
2026-06-10 14:33:19:   errno: -4091,
2026-06-10 14:33:19:   syscall: 'listen',
2026-06-10 14:33:19:   address: '0.0.0.0',
2026-06-10 14:33:19:   port: 5050
2026-06-10 14:33:19: }
2026-06-10 14:33:23: Error: listen EADDRINUSE: address already in use 0.0.0.0:5050
2026-06-10 14:33:23:     at Server.setupListenHandle [as _listen2] (node:net:2008:16)
2026-06-10 14:33:23:     at listenInCluster (node:net:2065:12)
2026-06-10 14:33:23:     at node:net:2274:7
2026-06-10 14:33:23:     at process.processTicksAndRejections (node:internal/process/task_queues:90:21) {
2026-06-10 14:33:23:   code: 'EADDRINUSE',
2026-06-10 14:33:23:   errno: -4091,
2026-06-10 14:33:23:   syscall: 'listen',
2026-06-10 14:33:23:   address: '0.0.0.0',
2026-06-10 14:33:23:   port: 5050
2026-06-10 14:33:23: }
2026-06-10 14:33:26: Error: listen EADDRINUSE: address already in use 0.0.0.0:5050
2026-06-10 14:33:26:     at Server.setupListenHandle [as _listen2] (node:net:2008:16)
2026-06-10 14:33:26:     at listenInCluster (node:net:2065:12)
2026-06-10 14:33:26:     at node:net:2274:7
2026-06-10 14:33:26:     at process.processTicksAndRejections (node:internal/process/task_queues:90:21) {
2026-06-10 14:33:26:   code: 'EADDRINUSE',
2026-06-10 14:33:26:   errno: -4091,
2026-06-10 14:33:26:   syscall: 'listen',
2026-06-10 14:33:26:   address: '0.0.0.0',
2026-06-10 14:33:26:   port: 5050
2026-06-10 14:33:26: }
2026-06-10 14:33:30: Error: listen EADDRINUSE: address already in use 0.0.0.0:5050
2026-06-10 14:33:30:     at Server.setupListenHandle [as _listen2] (node:net:2008:16)
2026-06-10 14:33:30:     at listenInCluster (node:net:2065:12)
2026-06-10 14:33:30:     at node:net:2274:7
2026-06-10 14:33:30:     at process.processTicksAndRejections (node:internal/process/task_queues:90:21) {
2026-06-10 14:33:30:   code: 'EADDRINUSE',
2026-06-10 14:33:30:   errno: -4091,
2026-06-10 14:33:30:   syscall: 'listen',
2026-06-10 14:33:30:   address: '0.0.0.0',
2026-06-10 14:33:30:   port: 5050
2026-06-10 14:33:30: }
2026-06-10 14:33:33: Error: listen EADDRINUSE: address already in use 0.0.0.0:5050
2026-06-10 14:33:33:     at Server.setupListenHandle [as _listen2] (node:net:2008:16)
2026-06-10 14:33:33:     at listenInCluster (node:net:2065:12)
2026-06-10 14:33:33:     at node:net:2274:7
2026-06-10 14:33:33:     at process.processTicksAndRejections (node:internal/process/task_queues:90:21) {
2026-06-10 14:33:33:   code: 'EADDRINUSE',
2026-06-10 14:33:33:   errno: -4091,
2026-06-10 14:33:33:   syscall: 'listen',
2026-06-10 14:33:33:   address: '0.0.0.0',
2026-06-10 14:33:33:   port: 5050
2026-06-10 14:33:33: }
2026-06-10 14:33:37: Error: listen EADDRINUSE: address already in use 0.0.0.0:5050
2026-06-10 14:33:37:     at Server.setupListenHandle [as _listen2] (node:net:2008:16)
2026-06-10 14:33:37:     at listenInCluster (node:net:2065:12)
2026-06-10 14:33:37:     at node:net:2274:7
2026-06-10 14:33:37:     at process.processTicksAndRejections (node:internal/process/task_queues:90:21) {
2026-06-10 14:33:37:   code: 'EADDRINUSE',
2026-06-10 14:33:37:   errno: -4091,
2026-06-10 14:33:37:   syscall: 'listen',
2026-06-10 14:33:37:   address: '0.0.0.0',
2026-06-10 14:33:37:   port: 5050
2026-06-10 14:33:37: }
2026-06-10 14:33:40: Error: listen EADDRINUSE: address already in use 0.0.0.0:5050
2026-06-10 14:33:40:     at Server.setupListenHandle [as _listen2] (node:net:2008:16)
2026-06-10 14:33:40:     at listenInCluster (node:net:2065:12)
2026-06-10 14:33:40:     at node:net:2274:7
2026-06-10 14:33:40:     at process.processTicksAndRejections (node:internal/process/task_queues:90:21) {
2026-06-10 14:33:40:   code: 'EADDRINUSE',
2026-06-10 14:33:40:   errno: -4091,
2026-06-10 14:33:40:   syscall: 'listen',
2026-06-10 14:33:40:   address: '0.0.0.0',
2026-06-10 14:33:40:   port: 5050
2026-06-10 14:33:40: }
2026-06-10 14:33:45: Error: listen EADDRINUSE: address already in use 0.0.0.0:5050
2026-06-10 14:33:45:     at Server.setupListenHandle [as _listen2] (node:net:2008:16)
2026-06-10 14:33:45:     at listenInCluster (node:net:2065:12)
2026-06-10 14:33:45:     at node:net:2274:7
2026-06-10 14:33:45:     at process.processTicksAndRejections (node:internal/process/task_queues:90:21) {
2026-06-10 14:33:45:   code: 'EADDRINUSE',
2026-06-10 14:33:45:   errno: -4091,
2026-06-10 14:33:45:   syscall: 'listen',
2026-06-10 14:33:45:   address: '0.0.0.0',
2026-06-10 14:33:45:   port: 5050
2026-06-10 14:33:45: }
2026-06-10 14:33:48: Error: listen EADDRINUSE: address already in use 0.0.0.0:5050
2026-06-10 14:33:48:     at Server.setupListenHandle [as _listen2] (node:net:2008:16)
2026-06-10 14:33:48:     at listenInCluster (node:net:2065:12)
2026-06-10 14:33:48:     at node:net:2274:7
2026-06-10 14:33:48:     at process.processTicksAndRejections (node:internal/process/task_queues:90:21) {
2026-06-10 14:33:48:   code: 'EADDRINUSE',
2026-06-10 14:33:48:   errno: -4091,
2026-06-10 14:33:48:   syscall: 'listen',
2026-06-10 14:33:48:   address: '0.0.0.0',
2026-06-10 14:33:48:   port: 5050
2026-06-10 14:33:48: }
2026-06-10 14:33:52: Error: listen EADDRINUSE: address already in use 0.0.0.0:5050
2026-06-10 14:33:52:     at Server.setupListenHandle [as _listen2] (node:net:2008:16)
2026-06-10 14:33:52:     at listenInCluster (node:net:2065:12)
2026-06-10 14:33:52:     at node:net:2274:7
2026-06-10 14:33:52:     at process.processTicksAndRejections (node:internal/process/task_queues:90:21) {
2026-06-10 14:33:52:   code: 'EADDRINUSE',
2026-06-10 14:33:52:   errno: -4091,
2026-06-10 14:33:52:   syscall: 'listen',
2026-06-10 14:33:52:   address: '0.0.0.0',
2026-06-10 14:33:52:   port: 5050
2026-06-10 14:33:52: }
2026-06-10 14:33:56: Error: listen EADDRINUSE: address already in use 0.0.0.0:5050
2026-06-10 14:33:56:     at Server.setupListenHandle [as _listen2] (node:net:2008:16)
2026-06-10 14:33:56:     at listenInCluster (node:net:2065:12)
2026-06-10 14:33:56:     at node:net:2274:7
2026-06-10 14:33:56:     at process.processTicksAndRejections (node:internal/process/task_queues:90:21) {
2026-06-10 14:33:56:   code: 'EADDRINUSE',
2026-06-10 14:33:56:   errno: -4091,
2026-06-10 14:33:56:   syscall: 'listen',
2026-06-10 14:33:56:   address: '0.0.0.0',
2026-06-10 14:33:56:   port: 5050
2026-06-10 14:33:56: }
2026-06-10 14:34:01: Error: listen EADDRINUSE: address already in use 0.0.0.0:5050
2026-06-10 14:34:01:     at Server.setupListenHandle [as _listen2] (node:net:2008:16)
2026-06-10 14:34:01:     at listenInCluster (node:net:2065:12)
2026-06-10 14:34:01:     at node:net:2274:7
2026-06-10 14:34:01:     at process.processTicksAndRejections (node:internal/process/task_queues:90:21) {
2026-06-10 14:34:01:   code: 'EADDRINUSE',
2026-06-10 14:34:01:   errno: -4091,
2026-06-10 14:34:01:   syscall: 'listen',
2026-06-10 14:34:01:   address: '0.0.0.0',
2026-06-10 14:34:01:   port: 5050
2026-06-10 14:34:01: }
2026-06-10 14:34:06: Error: listen EADDRINUSE: address already in use 0.0.0.0:5050
2026-06-10 14:34:06:     at Server.setupListenHandle [as _listen2] (node:net:2008:16)
2026-06-10 14:34:06:     at listenInCluster (node:net:2065:12)
2026-06-10 14:34:06:     at node:net:2274:7
2026-06-10 14:34:06:     at process.processTicksAndRejections (node:internal/process/task_queues:90:21) {
2026-06-10 14:34:06:   code: 'EADDRINUSE',
2026-06-10 14:34:06:   errno: -4091,
2026-06-10 14:34:06:   syscall: 'listen',
2026-06-10 14:34:06:   address: '0.0.0.0',
2026-06-10 14:34:06:   port: 5050
2026-06-10 14:34:06: }
2026-06-10 14:34:09: Error: listen EADDRINUSE: address already in use 0.0.0.0:5050
2026-06-10 14:34:09:     at Server.setupListenHandle [as _listen2] (node:net:2008:16)
2026-06-10 14:34:09:     at listenInCluster (node:net:2065:12)
2026-06-10 14:34:09:     at node:net:2274:7
2026-06-10 14:34:09:     at process.processTicksAndRejections (node:internal/process/task_queues:90:21) {
2026-06-10 14:34:09:   code: 'EADDRINUSE',
2026-06-10 14:34:09:   errno: -4091,
2026-06-10 14:34:09:   syscall: 'listen',
2026-06-10 14:34:09:   address: '0.0.0.0',
2026-06-10 14:34:09:   port: 5050
2026-06-10 14:34:09: }
2026-06-10 14:34:12: Error: listen EADDRINUSE: address already in use 0.0.0.0:5050
2026-06-10 14:34:12:     at Server.setupListenHandle [as _listen2] (node:net:2008:16)
2026-06-10 14:34:12:     at listenInCluster (node:net:2065:12)
2026-06-10 14:34:12:     at node:net:2274:7
2026-06-10 14:34:12:     at process.processTicksAndRejections (node:internal/process/task_queues:90:21) {
2026-06-10 14:34:12:   code: 'EADDRINUSE',
2026-06-10 14:34:12:   errno: -4091,
2026-06-10 14:34:12:   syscall: 'listen',
2026-06-10 14:34:12:   address: '0.0.0.0',
2026-06-10 14:34:12:   port: 5050
2026-06-10 14:34:12: }
2026-06-10 14:34:15: Error: listen EADDRINUSE: address already in use 0.0.0.0:5050
2026-06-10 14:34:15:     at Server.setupListenHandle [as _listen2] (node:net:2008:16)
2026-06-10 14:34:15:     at listenInCluster (node:net:2065:12)
2026-06-10 14:34:15:     at node:net:2274:7
2026-06-10 14:34:15:     at process.processTicksAndRejections (node:internal/process/task_queues:90:21) {
2026-06-10 14:34:15:   code: 'EADDRINUSE',
2026-06-10 14:34:15:   errno: -4091,
2026-06-10 14:34:15:   syscall: 'listen',
2026-06-10 14:34:15:   address: '0.0.0.0',
2026-06-10 14:34:15:   port: 5050
2026-06-10 14:34:15: }
2026-06-10 14:34:18: Error: listen EADDRINUSE: address already in use 0.0.0.0:5050
2026-06-10 14:34:18:     at Server.setupListenHandle [as _listen2] (node:net:2008:16)
2026-06-10 14:34:18:     at listenInCluster (node:net:2065:12)
2026-06-10 14:34:18:     at node:net:2274:7
2026-06-10 14:34:18:     at process.processTicksAndRejections (node:internal/process/task_queues:90:21) {
2026-06-10 14:34:18:   code: 'EADDRINUSE',
2026-06-10 14:34:18:   errno: -4091,
2026-06-10 14:34:18:   syscall: 'listen',
2026-06-10 14:34:18:   address: '0.0.0.0',
2026-06-10 14:34:18:   port: 5050
2026-06-10 14:34:18: }
2026-06-10 14:34:21: Error: listen EADDRINUSE: address already in use 0.0.0.0:5050
2026-06-10 14:34:21:     at Server.setupListenHandle [as _listen2] (node:net:2008:16)
2026-06-10 14:34:21:     at listenInCluster (node:net:2065:12)
2026-06-10 14:34:21:     at node:net:2274:7
2026-06-10 14:34:21:     at process.processTicksAndRejections (node:internal/process/task_queues:90:21) {
2026-06-10 14:34:21:   code: 'EADDRINUSE',
2026-06-10 14:34:21:   errno: -4091,
2026-06-10 14:34:21:   syscall: 'listen',
2026-06-10 14:34:21:   address: '0.0.0.0',
2026-06-10 14:34:21:   port: 5050
2026-06-10 14:34:21: }
2026-06-10 14:34:24: Error: listen EADDRINUSE: address already in use 0.0.0.0:5050
2026-06-10 14:34:24:     at Server.setupListenHandle [as _listen2] (node:net:2008:16)
2026-06-10 14:34:24:     at listenInCluster (node:net:2065:12)
2026-06-10 14:34:24:     at node:net:2274:7
2026-06-10 14:34:24:     at process.processTicksAndRejections (node:internal/process/task_queues:90:21) {
2026-06-10 14:34:24:   code: 'EADDRINUSE',
2026-06-10 14:34:24:   errno: -4091,
2026-06-10 14:34:24:   syscall: 'listen',
2026-06-10 14:34:24:   address: '0.0.0.0',
2026-06-10 14:34:24:   port: 5050
2026-06-10 14:34:24: }
2026-06-10 14:34:28: Error: listen EADDRINUSE: address already in use 0.0.0.0:5050
2026-06-10 14:34:28:     at Server.setupListenHandle [as _listen2] (node:net:2008:16)
2026-06-10 14:34:28:     at listenInCluster (node:net:2065:12)
2026-06-10 14:34:28:     at node:net:2274:7
2026-06-10 14:34:28:     at process.processTicksAndRejections (node:internal/process/task_queues:90:21) {
2026-06-10 14:34:28:   code: 'EADDRINUSE',
2026-06-10 14:34:28:   errno: -4091,
2026-06-10 14:34:28:   syscall: 'listen',
2026-06-10 14:34:28:   address: '0.0.0.0',
2026-06-10 14:34:28:   port: 5050
2026-06-10 14:34:28: }
2026-06-10 14:34:31: Error: listen EADDRINUSE: address already in use 0.0.0.0:5050
2026-06-10 14:34:31:     at Server.setupListenHandle [as _listen2] (node:net:2008:16)
2026-06-10 14:34:31:     at listenInCluster (node:net:2065:12)
2026-06-10 14:34:31:     at node:net:2274:7
2026-06-10 14:34:31:     at process.processTicksAndRejections (node:internal/process/task_queues:90:21) {
2026-06-10 14:34:31:   code: 'EADDRINUSE',
2026-06-10 14:34:31:   errno: -4091,
2026-06-10 14:34:31:   syscall: 'listen',
2026-06-10 14:34:31:   address: '0.0.0.0',
2026-06-10 14:34:31:   port: 5050
2026-06-10 14:34:31: }
2026-06-10 14:34:34: Error: listen EADDRINUSE: address already in use 0.0.0.0:5050
2026-06-10 14:34:34:     at Server.setupListenHandle [as _listen2] (node:net:2008:16)
2026-06-10 14:34:34:     at listenInCluster (node:net:2065:12)
2026-06-10 14:34:34:     at node:net:2274:7
2026-06-10 14:34:34:     at process.processTicksAndRejections (node:internal/process/task_queues:90:21) {
2026-06-10 14:34:34:   code: 'EADDRINUSE',
2026-06-10 14:34:34:   errno: -4091,
2026-06-10 14:34:34:   syscall: 'listen',
2026-06-10 14:34:34:   address: '0.0.0.0',
2026-06-10 14:34:34:   port: 5050
2026-06-10 14:34:34: }
2026-06-10 14:34:37: Error: listen EADDRINUSE: address already in use 0.0.0.0:5050
2026-06-10 14:34:37:     at Server.setupListenHandle [as _listen2] (node:net:2008:16)
2026-06-10 14:34:37:     at listenInCluster (node:net:2065:12)
2026-06-10 14:34:37:     at node:net:2274:7
2026-06-10 14:34:37:     at process.processTicksAndRejections (node:internal/process/task_queues:90:21) {
2026-06-10 14:34:37:   code: 'EADDRINUSE',
2026-06-10 14:34:37:   errno: -4091,
2026-06-10 14:34:37:   syscall: 'listen',
2026-06-10 14:34:37:   address: '0.0.0.0',
2026-06-10 14:34:37:   port: 5050
2026-06-10 14:34:37: }
2026-06-10 14:34:40: Error: listen EADDRINUSE: address already in use 0.0.0.0:5050
2026-06-10 14:34:40:     at Server.setupListenHandle [as _listen2] (node:net:2008:16)
2026-06-10 14:34:40:     at listenInCluster (node:net:2065:12)
2026-06-10 14:34:40:     at node:net:2274:7
2026-06-10 14:34:40:     at process.processTicksAndRejections (node:internal/process/task_queues:90:21) {
2026-06-10 14:34:40:   code: 'EADDRINUSE',
2026-06-10 14:34:40:   errno: -4091,
2026-06-10 14:34:40:   syscall: 'listen',
2026-06-10 14:34:40:   address: '0.0.0.0',
2026-06-10 14:34:40:   port: 5050
2026-06-10 14:34:40: }
2026-06-10 14:34:43: Error: listen EADDRINUSE: address already in use 0.0.0.0:5050
2026-06-10 14:34:43:     at Server.setupListenHandle [as _listen2] (node:net:2008:16)
2026-06-10 14:34:43:     at listenInCluster (node:net:2065:12)
2026-06-10 14:34:43:     at node:net:2274:7
2026-06-10 14:34:43:     at process.processTicksAndRejections (node:internal/process/task_queues:90:21) {
2026-06-10 14:34:43:   code: 'EADDRINUSE',
2026-06-10 14:34:43:   errno: -4091,
2026-06-10 14:34:43:   syscall: 'listen',
2026-06-10 14:34:43:   address: '0.0.0.0',
2026-06-10 14:34:43:   port: 5050
2026-06-10 14:34:43: }
2026-06-10 14:34:46: Error: listen EADDRINUSE: address already in use 0.0.0.0:5050
2026-06-10 14:34:46:     at Server.setupListenHandle [as _listen2] (node:net:2008:16)
2026-06-10 14:34:46:     at listenInCluster (node:net:2065:12)
2026-06-10 14:34:46:     at node:net:2274:7
2026-06-10 14:34:46:     at process.processTicksAndRejections (node:internal/process/task_queues:90:21) {
2026-06-10 14:34:46:   code: 'EADDRINUSE',
2026-06-10 14:34:46:   errno: -4091,
2026-06-10 14:34:46:   syscall: 'listen',
2026-06-10 14:34:46:   address: '0.0.0.0',
2026-06-10 14:34:46:   port: 5050
2026-06-10 14:34:46: }
2026-06-10 14:34:49: Error: listen EADDRINUSE: address already in use 0.0.0.0:5050
2026-06-10 14:34:49:     at Server.setupListenHandle [as _listen2] (node:net:2008:16)
2026-06-10 14:34:49:     at listenInCluster (node:net:2065:12)
2026-06-10 14:34:49:     at node:net:2274:7
2026-06-10 14:34:49:     at process.processTicksAndRejections (node:internal/process/task_queues:90:21) {
2026-06-10 14:34:49:   code: 'EADDRINUSE',
2026-06-10 14:34:49:   errno: -4091,
2026-06-10 14:34:49:   syscall: 'listen',
2026-06-10 14:34:49:   address: '0.0.0.0',
2026-06-10 14:34:49:   port: 5050
2026-06-10 14:34:49: }
2026-06-10 14:34:52: Error: listen EADDRINUSE: address already in use 0.0.0.0:5050
2026-06-10 14:34:52:     at Server.setupListenHandle [as _listen2] (node:net:2008:16)
2026-06-10 14:34:52:     at listenInCluster (node:net:2065:12)
2026-06-10 14:34:52:     at node:net:2274:7
2026-06-10 14:34:52:     at process.processTicksAndRejections (node:internal/process/task_queues:90:21) {
2026-06-10 14:34:52:   code: 'EADDRINUSE',
2026-06-10 14:34:52:   errno: -4091,
2026-06-10 14:34:52:   syscall: 'listen',
2026-06-10 14:34:52:   address: '0.0.0.0',
2026-06-10 14:34:52:   port: 5050
2026-06-10 14:34:52: }
2026-06-10 14:34:55: Error: listen EADDRINUSE: address already in use 0.0.0.0:5050
2026-06-10 14:34:55:     at Server.setupListenHandle [as _listen2] (node:net:2008:16)
2026-06-10 14:34:55:     at listenInCluster (node:net:2065:12)
2026-06-10 14:34:55:     at node:net:2274:7
2026-06-10 14:34:55:     at process.processTicksAndRejections (node:internal/process/task_queues:90:21) {
2026-06-10 14:34:55:   code: 'EADDRINUSE',
2026-06-10 14:34:55:   errno: -4091,
2026-06-10 14:34:55:   syscall: 'listen',
2026-06-10 14:34:55:   address: '0.0.0.0',
2026-06-10 14:34:55:   port: 5050
2026-06-10 14:34:55: }
2026-06-10 14:34:58: Error: listen EADDRINUSE: address already in use 0.0.0.0:5050
2026-06-10 14:34:58:     at Server.setupListenHandle [as _listen2] (node:net:2008:16)
2026-06-10 14:34:58:     at listenInCluster (node:net:2065:12)
2026-06-10 14:34:58:     at node:net:2274:7
2026-06-10 14:34:58:     at process.processTicksAndRejections (node:internal/process/task_queues:90:21) {
2026-06-10 14:34:58:   code: 'EADDRINUSE',
2026-06-10 14:34:58:   errno: -4091,
2026-06-10 14:34:58:   syscall: 'listen',
2026-06-10 14:34:58:   address: '0.0.0.0',
2026-06-10 14:34:58:   port: 5050
2026-06-10 14:34:58: }
2026-06-10 14:35:01: Error: listen EADDRINUSE: address already in use 0.0.0.0:5050
2026-06-10 14:35:01:     at Server.setupListenHandle [as _listen2] (node:net:2008:16)
2026-06-10 14:35:01:     at listenInCluster (node:net:2065:12)
2026-06-10 14:35:01:     at node:net:2274:7
2026-06-10 14:35:01:     at process.processTicksAndRejections (node:internal/process/task_queues:90:21) {
2026-06-10 14:35:01:   code: 'EADDRINUSE',
2026-06-10 14:35:01:   errno: -4091,
2026-06-10 14:35:01:   syscall: 'listen',
2026-06-10 14:35:01:   address: '0.0.0.0',
2026-06-10 14:35:01:   port: 5050
2026-06-10 14:35:01: }
2026-06-10 14:35:05: Error: listen EADDRINUSE: address already in use 0.0.0.0:5050
2026-06-10 14:35:05:     at Server.setupListenHandle [as _listen2] (node:net:2008:16)
2026-06-10 14:35:05:     at listenInCluster (node:net:2065:12)
2026-06-10 14:35:05:     at node:net:2274:7
2026-06-10 14:35:05:     at process.processTicksAndRejections (node:internal/process/task_queues:90:21) {
2026-06-10 14:35:05:   code: 'EADDRINUSE',
2026-06-10 14:35:05:   errno: -4091,
2026-06-10 14:35:05:   syscall: 'listen',
2026-06-10 14:35:05:   address: '0.0.0.0',
2026-06-10 14:35:05:   port: 5050
2026-06-10 14:35:05: }
2026-06-10 14:35:08: Error: listen EADDRINUSE: address already in use 0.0.0.0:5050
2026-06-10 14:35:08:     at Server.setupListenHandle [as _listen2] (node:net:2008:16)
2026-06-10 14:35:08:     at listenInCluster (node:net:2065:12)
2026-06-10 14:35:08:     at node:net:2274:7
2026-06-10 14:35:08:     at process.processTicksAndRejections (node:internal/process/task_queues:90:21) {
2026-06-10 14:35:08:   code: 'EADDRINUSE',
2026-06-10 14:35:08:   errno: -4091,
2026-06-10 14:35:08:   syscall: 'listen',
2026-06-10 14:35:08:   address: '0.0.0.0',
2026-06-10 14:35:08:   port: 5050
2026-06-10 14:35:08: }
2026-06-10 14:35:11: Error: listen EADDRINUSE: address already in use 0.0.0.0:5050
2026-06-10 14:35:11:     at Server.setupListenHandle [as _listen2] (node:net:2008:16)
2026-06-10 14:35:11:     at listenInCluster (node:net:2065:12)
2026-06-10 14:35:11:     at node:net:2274:7
2026-06-10 14:35:11:     at process.processTicksAndRejections (node:internal/process/task_queues:90:21) {
2026-06-10 14:35:11:   code: 'EADDRINUSE',
2026-06-10 14:35:11:   errno: -4091,
2026-06-10 14:35:11:   syscall: 'listen',
2026-06-10 14:35:11:   address: '0.0.0.0',
2026-06-10 14:35:11:   port: 5050
2026-06-10 14:35:11: }
2026-06-10 14:35:13: Error: listen EADDRINUSE: address already in use 0.0.0.0:5050
2026-06-10 14:35:13:     at Server.setupListenHandle [as _listen2] (node:net:2008:16)
2026-06-10 14:35:13:     at listenInCluster (node:net:2065:12)
2026-06-10 14:35:13:     at node:net:2274:7
2026-06-10 14:35:13:     at process.processTicksAndRejections (node:internal/process/task_queues:90:21) {
2026-06-10 14:35:13:   code: 'EADDRINUSE',
2026-06-10 14:35:13:   errno: -4091,
2026-06-10 14:35:13:   syscall: 'listen',
2026-06-10 14:35:13:   address: '0.0.0.0',
2026-06-10 14:35:13:   port: 5050
2026-06-10 14:35:13: }
2026-06-10 14:35:16: Error: listen EADDRINUSE: address already in use 0.0.0.0:5050
2026-06-10 14:35:16:     at Server.setupListenHandle [as _listen2] (node:net:2008:16)
2026-06-10 14:35:16:     at listenInCluster (node:net:2065:12)
2026-06-10 14:35:16:     at node:net:2274:7
2026-06-10 14:35:16:     at process.processTicksAndRejections (node:internal/process/task_queues:90:21) {
2026-06-10 14:35:16:   code: 'EADDRINUSE',
2026-06-10 14:35:16:   errno: -4091,
2026-06-10 14:35:16:   syscall: 'listen',
2026-06-10 14:35:16:   address: '0.0.0.0',
2026-06-10 14:35:16:   port: 5050
2026-06-10 14:35:16: }
2026-06-10 14:35:19: Error: listen EADDRINUSE: address already in use 0.0.0.0:5050
2026-06-10 14:35:19:     at Server.setupListenHandle [as _listen2] (node:net:2008:16)
2026-06-10 14:35:19:     at listenInCluster (node:net:2065:12)
2026-06-10 14:35:19:     at node:net:2274:7
2026-06-10 14:35:19:     at process.processTicksAndRejections (node:internal/process/task_queues:90:21) {
2026-06-10 14:35:19:   code: 'EADDRINUSE',
2026-06-10 14:35:19:   errno: -4091,
2026-06-10 14:35:19:   syscall: 'listen',
2026-06-10 14:35:19:   address: '0.0.0.0',
2026-06-10 14:35:19:   port: 5050
2026-06-10 14:35:19: }
2026-06-10 14:35:21: Error: listen EADDRINUSE: address already in use 0.0.0.0:5050
2026-06-10 14:35:21:     at Server.setupListenHandle [as _listen2] (node:net:2008:16)
2026-06-10 14:35:21:     at listenInCluster (node:net:2065:12)
2026-06-10 14:35:21:     at node:net:2274:7
2026-06-10 14:35:21:     at process.processTicksAndRejections (node:internal/process/task_queues:90:21) {
2026-06-10 14:35:21:   code: 'EADDRINUSE',
2026-06-10 14:35:21:   errno: -4091,
2026-06-10 14:35:21:   syscall: 'listen',
2026-06-10 14:35:21:   address: '0.0.0.0',
2026-06-10 14:35:21:   port: 5050
2026-06-10 14:35:21: }
2026-06-10 14:35:24: Error: listen EADDRINUSE: address already in use 0.0.0.0:5050
2026-06-10 14:35:24:     at Server.setupListenHandle [as _listen2] (node:net:2008:16)
2026-06-10 14:35:24:     at listenInCluster (node:net:2065:12)
2026-06-10 14:35:24:     at node:net:2274:7
2026-06-10 14:35:24:     at process.processTicksAndRejections (node:internal/process/task_queues:90:21) {
2026-06-10 14:35:24:   code: 'EADDRINUSE',
2026-06-10 14:35:24:   errno: -4091,
2026-06-10 14:35:24:   syscall: 'listen',
2026-06-10 14:35:24:   address: '0.0.0.0',
2026-06-10 14:35:24:   port: 5050
2026-06-10 14:35:24: }
2026-06-10 14:35:27: Error: listen EADDRINUSE: address already in use 0.0.0.0:5050
2026-06-10 14:35:27:     at Server.setupListenHandle [as _listen2] (node:net:2008:16)
2026-06-10 14:35:27:     at listenInCluster (node:net:2065:12)
2026-06-10 14:35:27:     at node:net:2274:7
2026-06-10 14:35:27:     at process.processTicksAndRejections (node:internal/process/task_queues:90:21) {
2026-06-10 14:35:27:   code: 'EADDRINUSE',
2026-06-10 14:35:27:   errno: -4091,
2026-06-10 14:35:27:   syscall: 'listen',
2026-06-10 14:35:27:   address: '0.0.0.0',
2026-06-10 14:35:27:   port: 5050
2026-06-10 14:35:27: }
2026-06-10 14:35:30: Error: listen EADDRINUSE: address already in use 0.0.0.0:5050
2026-06-10 14:35:30:     at Server.setupListenHandle [as _listen2] (node:net:2008:16)
2026-06-10 14:35:30:     at listenInCluster (node:net:2065:12)
2026-06-10 14:35:30:     at node:net:2274:7
2026-06-10 14:35:30:     at process.processTicksAndRejections (node:internal/process/task_queues:90:21) {
2026-06-10 14:35:30:   code: 'EADDRINUSE',
2026-06-10 14:35:30:   errno: -4091,
2026-06-10 14:35:30:   syscall: 'listen',
2026-06-10 14:35:30:   address: '0.0.0.0',
2026-06-10 14:35:30:   port: 5050
2026-06-10 14:35:30: }
2026-06-10 14:35:32: Error: listen EADDRINUSE: address already in use 0.0.0.0:5050
2026-06-10 14:35:32:     at Server.setupListenHandle [as _listen2] (node:net:2008:16)
2026-06-10 14:35:32:     at listenInCluster (node:net:2065:12)
2026-06-10 14:35:32:     at node:net:2274:7
2026-06-10 14:35:32:     at process.processTicksAndRejections (node:internal/process/task_queues:90:21) {
2026-06-10 14:35:32:   code: 'EADDRINUSE',
2026-06-10 14:35:32:   errno: -4091,
2026-06-10 14:35:32:   syscall: 'listen',
2026-06-10 14:35:32:   address: '0.0.0.0',
2026-06-10 14:35:32:   port: 5050
2026-06-10 14:35:32: }
2026-06-10 14:35:35: Error: listen EADDRINUSE: address already in use 0.0.0.0:5050
2026-06-10 14:35:35:     at Server.setupListenHandle [as _listen2] (node:net:2008:16)
2026-06-10 14:35:35:     at listenInCluster (node:net:2065:12)
2026-06-10 14:35:35:     at node:net:2274:7
2026-06-10 14:35:35:     at process.processTicksAndRejections (node:internal/process/task_queues:90:21) {
2026-06-10 14:35:35:   code: 'EADDRINUSE',
2026-06-10 14:35:35:   errno: -4091,
2026-06-10 14:35:35:   syscall: 'listen',
2026-06-10 14:35:35:   address: '0.0.0.0',
2026-06-10 14:35:35:   port: 5050
2026-06-10 14:35:35: }
2026-06-10 14:35:38: Error: listen EADDRINUSE: address already in use 0.0.0.0:5050
2026-06-10 14:35:38:     at Server.setupListenHandle [as _listen2] (node:net:2008:16)
2026-06-10 14:35:38:     at listenInCluster (node:net:2065:12)
2026-06-10 14:35:38:     at node:net:2274:7
2026-06-10 14:35:38:     at process.processTicksAndRejections (node:internal/process/task_queues:90:21) {
2026-06-10 14:35:38:   code: 'EADDRINUSE',
2026-06-10 14:35:38:   errno: -4091,
2026-06-10 14:35:38:   syscall: 'listen',
2026-06-10 14:35:38:   address: '0.0.0.0',
2026-06-10 14:35:38:   port: 5050
2026-06-10 14:35:38: }
2026-06-10 14:35:41: Error: listen EADDRINUSE: address already in use 0.0.0.0:5050
2026-06-10 14:35:41:     at Server.setupListenHandle [as _listen2] (node:net:2008:16)
2026-06-10 14:35:41:     at listenInCluster (node:net:2065:12)
2026-06-10 14:35:41:     at node:net:2274:7
2026-06-10 14:35:41:     at process.processTicksAndRejections (node:internal/process/task_queues:90:21) {
2026-06-10 14:35:41:   code: 'EADDRINUSE',
2026-06-10 14:35:41:   errno: -4091,
2026-06-10 14:35:41:   syscall: 'listen',
2026-06-10 14:35:41:   address: '0.0.0.0',
2026-06-10 14:35:41:   port: 5050
2026-06-10 14:35:41: }
2026-06-10 14:35:44: Error: listen EADDRINUSE: address already in use 0.0.0.0:5050
2026-06-10 14:35:44:     at Server.setupListenHandle [as _listen2] (node:net:2008:16)
2026-06-10 14:35:44:     at listenInCluster (node:net:2065:12)
2026-06-10 14:35:44:     at node:net:2274:7
2026-06-10 14:35:44:     at process.processTicksAndRejections (node:internal/process/task_queues:90:21) {
2026-06-10 14:35:44:   code: 'EADDRINUSE',
2026-06-10 14:35:44:   errno: -4091,
2026-06-10 14:35:44:   syscall: 'listen',
2026-06-10 14:35:44:   address: '0.0.0.0',
2026-06-10 14:35:44:   port: 5050
2026-06-10 14:35:44: }
2026-06-10 14:35:49: Error: listen EADDRINUSE: address already in use 0.0.0.0:5050
2026-06-10 14:35:49:     at Server.setupListenHandle [as _listen2] (node:net:2008:16)
2026-06-10 14:35:49:     at listenInCluster (node:net:2065:12)
2026-06-10 14:35:49:     at node:net:2274:7
2026-06-10 14:35:49:     at process.processTicksAndRejections (node:internal/process/task_queues:90:21) {
2026-06-10 14:35:49:   code: 'EADDRINUSE',
2026-06-10 14:35:49:   errno: -4091,
2026-06-10 14:35:49:   syscall: 'listen',
2026-06-10 14:35:49:   address: '0.0.0.0',
2026-06-10 14:35:49:   port: 5050
2026-06-10 14:35:49: }
2026-06-10 14:35:53: Error: listen EADDRINUSE: address already in use 0.0.0.0:5050
2026-06-10 14:35:53:     at Server.setupListenHandle [as _listen2] (node:net:2008:16)
2026-06-10 14:35:53:     at listenInCluster (node:net:2065:12)
2026-06-10 14:35:53:     at node:net:2274:7
2026-06-10 14:35:53:     at process.processTicksAndRejections (node:internal/process/task_queues:90:21) {
2026-06-10 14:35:53:   code: 'EADDRINUSE',
2026-06-10 14:35:53:   errno: -4091,
2026-06-10 14:35:53:   syscall: 'listen',
2026-06-10 14:35:53:   address: '0.0.0.0',
2026-06-10 14:35:53:   port: 5050
2026-06-10 14:35:53: }
2026-06-10 14:35:56: Error: listen EADDRINUSE: address already in use 0.0.0.0:5050
2026-06-10 14:35:56:     at Server.setupListenHandle [as _listen2] (node:net:2008:16)
2026-06-10 14:35:56:     at listenInCluster (node:net:2065:12)
2026-06-10 14:35:56:     at node:net:2274:7
2026-06-10 14:35:56:     at process.processTicksAndRejections (node:internal/process/task_queues:90:21) {
2026-06-10 14:35:56:   code: 'EADDRINUSE',
2026-06-10 14:35:56:   errno: -4091,
2026-06-10 14:35:56:   syscall: 'listen',
2026-06-10 14:35:56:   address: '0.0.0.0',
2026-06-10 14:35:56:   port: 5050
2026-06-10 14:35:56: }
2026-06-10 14:36:01: Error: listen EADDRINUSE: address already in use 0.0.0.0:5050
2026-06-10 14:36:01:     at Server.setupListenHandle [as _listen2] (node:net:2008:16)
2026-06-10 14:36:01:     at listenInCluster (node:net:2065:12)
2026-06-10 14:36:01:     at node:net:2274:7
2026-06-10 14:36:01:     at process.processTicksAndRejections (node:internal/process/task_queues:90:21) {
2026-06-10 14:36:01:   code: 'EADDRINUSE',
2026-06-10 14:36:01:   errno: -4091,
2026-06-10 14:36:01:   syscall: 'listen',
2026-06-10 14:36:01:   address: '0.0.0.0',
2026-06-10 14:36:01:   port: 5050
2026-06-10 14:36:01: }
2026-06-10 14:36:05: Error: listen EADDRINUSE: address already in use 0.0.0.0:5050
2026-06-10 14:36:05:     at Server.setupListenHandle [as _listen2] (node:net:2008:16)
2026-06-10 14:36:05:     at listenInCluster (node:net:2065:12)
2026-06-10 14:36:05:     at node:net:2274:7
2026-06-10 14:36:05:     at process.processTicksAndRejections (node:internal/process/task_queues:90:21) {
2026-06-10 14:36:05:   code: 'EADDRINUSE',
2026-06-10 14:36:05:   errno: -4091,
2026-06-10 14:36:05:   syscall: 'listen',
2026-06-10 14:36:05:   address: '0.0.0.0',
2026-06-10 14:36:05:   port: 5050
2026-06-10 14:36:05: }
2026-06-10 14:36:09: Error: listen EADDRINUSE: address already in use 0.0.0.0:5050
2026-06-10 14:36:09:     at Server.setupListenHandle [as _listen2] (node:net:2008:16)
2026-06-10 14:36:09:     at listenInCluster (node:net:2065:12)
2026-06-10 14:36:09:     at node:net:2274:7
2026-06-10 14:36:09:     at process.processTicksAndRejections (node:internal/process/task_queues:90:21) {
2026-06-10 14:36:09:   code: 'EADDRINUSE',
2026-06-10 14:36:09:   errno: -4091,
2026-06-10 14:36:09:   syscall: 'listen',
2026-06-10 14:36:09:   address: '0.0.0.0',
2026-06-10 14:36:09:   port: 5050
2026-06-10 14:36:09: }
2026-06-10 14:36:12: Error: listen EADDRINUSE: address already in use 0.0.0.0:5050
2026-06-10 14:36:12:     at Server.setupListenHandle [as _listen2] (node:net:2008:16)
2026-06-10 14:36:12:     at listenInCluster (node:net:2065:12)
2026-06-10 14:36:12:     at node:net:2274:7
2026-06-10 14:36:12:     at process.processTicksAndRejections (node:internal/process/task_queues:90:21) {
2026-06-10 14:36:12:   code: 'EADDRINUSE',
2026-06-10 14:36:12:   errno: -4091,
2026-06-10 14:36:12:   syscall: 'listen',
2026-06-10 14:36:12:   address: '0.0.0.0',
2026-06-10 14:36:12:   port: 5050
2026-06-10 14:36:12: }
2026-06-10 14:36:16: Error: listen EADDRINUSE: address already in use 0.0.0.0:5050
2026-06-10 14:36:16:     at Server.setupListenHandle [as _listen2] (node:net:2008:16)
2026-06-10 14:36:16:     at listenInCluster (node:net:2065:12)
2026-06-10 14:36:16:     at node:net:2274:7
2026-06-10 14:36:16:     at process.processTicksAndRejections (node:internal/process/task_queues:90:21) {
2026-06-10 14:36:16:   code: 'EADDRINUSE',
2026-06-10 14:36:16:   errno: -4091,
2026-06-10 14:36:16:   syscall: 'listen',
2026-06-10 14:36:16:   address: '0.0.0.0',
2026-06-10 14:36:16:   port: 5050
2026-06-10 14:36:16: }
2026-06-10 14:36:19: Error: listen EADDRINUSE: address already in use 0.0.0.0:5050
2026-06-10 14:36:19:     at Server.setupListenHandle [as _listen2] (node:net:2008:16)
2026-06-10 14:36:19:     at listenInCluster (node:net:2065:12)
2026-06-10 14:36:19:     at node:net:2274:7
2026-06-10 14:36:19:     at process.processTicksAndRejections (node:internal/process/task_queues:90:21) {
2026-06-10 14:36:19:   code: 'EADDRINUSE',
2026-06-10 14:36:19:   errno: -4091,
2026-06-10 14:36:19:   syscall: 'listen',
2026-06-10 14:36:19:   address: '0.0.0.0',
2026-06-10 14:36:19:   port: 5050
2026-06-10 14:36:19: }
2026-06-10 14:36:22: Error: listen EADDRINUSE: address already in use 0.0.0.0:5050
2026-06-10 14:36:22:     at Server.setupListenHandle [as _listen2] (node:net:2008:16)
2026-06-10 14:36:22:     at listenInCluster (node:net:2065:12)
2026-06-10 14:36:22:     at node:net:2274:7
2026-06-10 14:36:22:     at process.processTicksAndRejections (node:internal/process/task_queues:90:21) {
2026-06-10 14:36:22:   code: 'EADDRINUSE',
2026-06-10 14:36:22:   errno: -4091,
2026-06-10 14:36:22:   syscall: 'listen',
2026-06-10 14:36:22:   address: '0.0.0.0',
2026-06-10 14:36:22:   port: 5050
2026-06-10 14:36:22: }
2026-06-10 14:36:26: Error: listen EADDRINUSE: address already in use 0.0.0.0:5050
2026-06-10 14:36:26:     at Server.setupListenHandle [as _listen2] (node:net:2008:16)
2026-06-10 14:36:26:     at listenInCluster (node:net:2065:12)
2026-06-10 14:36:26:     at node:net:2274:7
2026-06-10 14:36:26:     at process.processTicksAndRejections (node:internal/process/task_queues:90:21) {
2026-06-10 14:36:26:   code: 'EADDRINUSE',
2026-06-10 14:36:26:   errno: -4091,
2026-06-10 14:36:26:   syscall: 'listen',
2026-06-10 14:36:26:   address: '0.0.0.0',
2026-06-10 14:36:26:   port: 5050
2026-06-10 14:36:26: }
2026-06-10 14:36:29: Error: listen EADDRINUSE: address already in use 0.0.0.0:5050
2026-06-10 14:36:29:     at Server.setupListenHandle [as _listen2] (node:net:2008:16)
2026-06-10 14:36:29:     at listenInCluster (node:net:2065:12)
2026-06-10 14:36:29:     at node:net:2274:7
2026-06-10 14:36:29:     at process.processTicksAndRejections (node:internal/process/task_queues:90:21) {
2026-06-10 14:36:29:   code: 'EADDRINUSE',
2026-06-10 14:36:29:   errno: -4091,
2026-06-10 14:36:29:   syscall: 'listen',
2026-06-10 14:36:29:   address: '0.0.0.0',
2026-06-10 14:36:29:   port: 5050
2026-06-10 14:36:29: }
2026-06-10 14:36:32: Error: listen EADDRINUSE: address already in use 0.0.0.0:5050
2026-06-10 14:36:32:     at Server.setupListenHandle [as _listen2] (node:net:2008:16)
2026-06-10 14:36:32:     at listenInCluster (node:net:2065:12)
2026-06-10 14:36:32:     at node:net:2274:7
2026-06-10 14:36:32:     at process.processTicksAndRejections (node:internal/process/task_queues:90:21) {
2026-06-10 14:36:32:   code: 'EADDRINUSE',
2026-06-10 14:36:32:   errno: -4091,
2026-06-10 14:36:32:   syscall: 'listen',
2026-06-10 14:36:32:   address: '0.0.0.0',
2026-06-10 14:36:32:   port: 5050
2026-06-10 14:36:32: }
2026-06-10 14:36:35: Error: listen EADDRINUSE: address already in use 0.0.0.0:5050
2026-06-10 14:36:35:     at Server.setupListenHandle [as _listen2] (node:net:2008:16)
2026-06-10 14:36:35:     at listenInCluster (node:net:2065:12)
2026-06-10 14:36:35:     at node:net:2274:7
2026-06-10 14:36:35:     at process.processTicksAndRejections (node:internal/process/task_queues:90:21) {
2026-06-10 14:36:35:   code: 'EADDRINUSE',
2026-06-10 14:36:35:   errno: -4091,
2026-06-10 14:36:35:   syscall: 'listen',
2026-06-10 14:36:35:   address: '0.0.0.0',
2026-06-10 14:36:35:   port: 5050
2026-06-10 14:36:35: }
2026-06-10 14:36:37: Error: listen EADDRINUSE: address already in use 0.0.0.0:5050
2026-06-10 14:36:37:     at Server.setupListenHandle [as _listen2] (node:net:2008:16)
2026-06-10 14:36:37:     at listenInCluster (node:net:2065:12)
2026-06-10 14:36:37:     at node:net:2274:7
2026-06-10 14:36:37:     at process.processTicksAndRejections (node:internal/process/task_queues:90:21) {
2026-06-10 14:36:37:   code: 'EADDRINUSE',
2026-06-10 14:36:37:   errno: -4091,
2026-06-10 14:36:37:   syscall: 'listen',
2026-06-10 14:36:37:   address: '0.0.0.0',
2026-06-10 14:36:37:   port: 5050
2026-06-10 14:36:37: }
2026-06-10 14:36:40: Error: listen EADDRINUSE: address already in use 0.0.0.0:5050
2026-06-10 14:36:40:     at Server.setupListenHandle [as _listen2] (node:net:2008:16)
2026-06-10 14:36:40:     at listenInCluster (node:net:2065:12)
2026-06-10 14:36:40:     at node:net:2274:7
2026-06-10 14:36:40:     at process.processTicksAndRejections (node:internal/process/task_queues:90:21) {
2026-06-10 14:36:40:   code: 'EADDRINUSE',
2026-06-10 14:36:40:   errno: -4091,
2026-06-10 14:36:40:   syscall: 'listen',
2026-06-10 14:36:40:   address: '0.0.0.0',
2026-06-10 14:36:40:   port: 5050
2026-06-10 14:36:40: }
2026-06-10 14:36:43: Error: listen EADDRINUSE: address already in use 0.0.0.0:5050
2026-06-10 14:36:43:     at Server.setupListenHandle [as _listen2] (node:net:2008:16)
2026-06-10 14:36:43:     at listenInCluster (node:net:2065:12)
2026-06-10 14:36:43:     at node:net:2274:7
2026-06-10 14:36:43:     at process.processTicksAndRejections (node:internal/process/task_queues:90:21) {
2026-06-10 14:36:43:   code: 'EADDRINUSE',
2026-06-10 14:36:43:   errno: -4091,
2026-06-10 14:36:43:   syscall: 'listen',
2026-06-10 14:36:43:   address: '0.0.0.0',
2026-06-10 14:36:43:   port: 5050
2026-06-10 14:36:43: }
2026-06-10 14:36:46: Error: listen EADDRINUSE: address already in use 0.0.0.0:5050
2026-06-10 14:36:46:     at Server.setupListenHandle [as _listen2] (node:net:2008:16)
2026-06-10 14:36:46:     at listenInCluster (node:net:2065:12)
2026-06-10 14:36:46:     at node:net:2274:7
2026-06-10 14:36:46:     at process.processTicksAndRejections (node:internal/process/task_queues:90:21) {
2026-06-10 14:36:46:   code: 'EADDRINUSE',
2026-06-10 14:36:46:   errno: -4091,
2026-06-10 14:36:46:   syscall: 'listen',
2026-06-10 14:36:46:   address: '0.0.0.0',
2026-06-10 14:36:46:   port: 5050
2026-06-10 14:36:46: }
2026-06-10 14:36:49: Error: listen EADDRINUSE: address already in use 0.0.0.0:5050
2026-06-10 14:36:49:     at Server.setupListenHandle [as _listen2] (node:net:2008:16)
2026-06-10 14:36:49:     at listenInCluster (node:net:2065:12)
2026-06-10 14:36:49:     at node:net:2274:7
2026-06-10 14:36:49:     at process.processTicksAndRejections (node:internal/process/task_queues:90:21) {
2026-06-10 14:36:49:   code: 'EADDRINUSE',
2026-06-10 14:36:49:   errno: -4091,
2026-06-10 14:36:49:   syscall: 'listen',
2026-06-10 14:36:49:   address: '0.0.0.0',
2026-06-10 14:36:49:   port: 5050
2026-06-10 14:36:49: }
2026-06-10 14:36:52: Error: listen EADDRINUSE: address already in use 0.0.0.0:5050
2026-06-10 14:36:52:     at Server.setupListenHandle [as _listen2] (node:net:2008:16)
2026-06-10 14:36:52:     at listenInCluster (node:net:2065:12)
2026-06-10 14:36:52:     at node:net:2274:7
2026-06-10 14:36:52:     at process.processTicksAndRejections (node:internal/process/task_queues:90:21) {
2026-06-10 14:36:52:   code: 'EADDRINUSE',
2026-06-10 14:36:52:   errno: -4091,
2026-06-10 14:36:52:   syscall: 'listen',
2026-06-10 14:36:52:   address: '0.0.0.0',
2026-06-10 14:36:52:   port: 5050
2026-06-10 14:36:52: }
2026-06-10 14:36:56: Error: listen EADDRINUSE: address already in use 0.0.0.0:5050
2026-06-10 14:36:56:     at Server.setupListenHandle [as _listen2] (node:net:2008:16)
2026-06-10 14:36:56:     at listenInCluster (node:net:2065:12)
2026-06-10 14:36:56:     at node:net:2274:7
2026-06-10 14:36:56:     at process.processTicksAndRejections (node:internal/process/task_queues:90:21) {
2026-06-10 14:36:56:   code: 'EADDRINUSE',
2026-06-10 14:36:56:   errno: -4091,
2026-06-10 14:36:56:   syscall: 'listen',
2026-06-10 14:36:56:   address: '0.0.0.0',
2026-06-10 14:36:56:   port: 5050
2026-06-10 14:36:56: }
2026-06-10 14:36:59: Error: listen EADDRINUSE: address already in use 0.0.0.0:5050
2026-06-10 14:36:59:     at Server.setupListenHandle [as _listen2] (node:net:2008:16)
2026-06-10 14:36:59:     at listenInCluster (node:net:2065:12)
2026-06-10 14:36:59:     at node:net:2274:7
2026-06-10 14:36:59:     at process.processTicksAndRejections (node:internal/process/task_queues:90:21) {
2026-06-10 14:36:59:   code: 'EADDRINUSE',
2026-06-10 14:36:59:   errno: -4091,
2026-06-10 14:36:59:   syscall: 'listen',
2026-06-10 14:36:59:   address: '0.0.0.0',
2026-06-10 14:36:59:   port: 5050
2026-06-10 14:36:59: }
2026-06-10 14:37:03: Error: listen EADDRINUSE: address already in use 0.0.0.0:5050
2026-06-10 14:37:03:     at Server.setupListenHandle [as _listen2] (node:net:2008:16)
2026-06-10 14:37:03:     at listenInCluster (node:net:2065:12)
2026-06-10 14:37:03:     at node:net:2274:7
2026-06-10 14:37:03:     at process.processTicksAndRejections (node:internal/process/task_queues:90:21) {
2026-06-10 14:37:03:   code: 'EADDRINUSE',
2026-06-10 14:37:03:   errno: -4091,
2026-06-10 14:37:03:   syscall: 'listen',
2026-06-10 14:37:03:   address: '0.0.0.0',
2026-06-10 14:37:03:   port: 5050
2026-06-10 14:37:03: }
2026-06-10 14:37:06: Error: listen EADDRINUSE: address already in use 0.0.0.0:5050
2026-06-10 14:37:06:     at Server.setupListenHandle [as _listen2] (node:net:2008:16)
2026-06-10 14:37:06:     at listenInCluster (node:net:2065:12)
2026-06-10 14:37:06:     at node:net:2274:7
2026-06-10 14:37:06:     at process.processTicksAndRejections (node:internal/process/task_queues:90:21) {
2026-06-10 14:37:06:   code: 'EADDRINUSE',
2026-06-10 14:37:06:   errno: -4091,
2026-06-10 14:37:06:   syscall: 'listen',
2026-06-10 14:37:06:   address: '0.0.0.0',
2026-06-10 14:37:06:   port: 5050
2026-06-10 14:37:06: }
2026-06-10 14:37:10: Error: listen EADDRINUSE: address already in use 0.0.0.0:5050
2026-06-10 14:37:10:     at Server.setupListenHandle [as _listen2] (node:net:2008:16)
2026-06-10 14:37:10:     at listenInCluster (node:net:2065:12)
2026-06-10 14:37:10:     at node:net:2274:7
2026-06-10 14:37:10:     at process.processTicksAndRejections (node:internal/process/task_queues:90:21) {
2026-06-10 14:37:10:   code: 'EADDRINUSE',
2026-06-10 14:37:10:   errno: -4091,
2026-06-10 14:37:10:   syscall: 'listen',
2026-06-10 14:37:10:   address: '0.0.0.0',
2026-06-10 14:37:10:   port: 5050
2026-06-10 14:37:10: }
2026-06-10 14:37:15: Error: listen EADDRINUSE: address already in use 0.0.0.0:5050
2026-06-10 14:37:15:     at Server.setupListenHandle [as _listen2] (node:net:2008:16)
2026-06-10 14:37:15:     at listenInCluster (node:net:2065:12)
2026-06-10 14:37:15:     at node:net:2274:7
2026-06-10 14:37:15:     at process.processTicksAndRejections (node:internal/process/task_queues:90:21) {
2026-06-10 14:37:15:   code: 'EADDRINUSE',
2026-06-10 14:37:15:   errno: -4091,
2026-06-10 14:37:15:   syscall: 'listen',
2026-06-10 14:37:15:   address: '0.0.0.0',
2026-06-10 14:37:15:   port: 5050
2026-06-10 14:37:15: }
2026-06-10 14:37:19: Error: listen EADDRINUSE: address already in use 0.0.0.0:5050
2026-06-10 14:37:19:     at Server.setupListenHandle [as _listen2] (node:net:2008:16)
2026-06-10 14:37:19:     at listenInCluster (node:net:2065:12)
2026-06-10 14:37:19:     at node:net:2274:7
2026-06-10 14:37:19:     at process.processTicksAndRejections (node:internal/process/task_queues:90:21) {
2026-06-10 14:37:19:   code: 'EADDRINUSE',
2026-06-10 14:37:19:   errno: -4091,
2026-06-10 14:37:19:   syscall: 'listen',
2026-06-10 14:37:19:   address: '0.0.0.0',
2026-06-10 14:37:19:   port: 5050
2026-06-10 14:37:19: }
2026-06-10 14:37:23: Error: listen EADDRINUSE: address already in use 0.0.0.0:5050
2026-06-10 14:37:23:     at Server.setupListenHandle [as _listen2] (node:net:2008:16)
2026-06-10 14:37:23:     at listenInCluster (node:net:2065:12)
2026-06-10 14:37:23:     at node:net:2274:7
2026-06-10 14:37:23:     at process.processTicksAndRejections (node:internal/process/task_queues:90:21) {
2026-06-10 14:37:23:   code: 'EADDRINUSE',
2026-06-10 14:37:23:   errno: -4091,
2026-06-10 14:37:23:   syscall: 'listen',
2026-06-10 14:37:23:   address: '0.0.0.0',
2026-06-10 14:37:23:   port: 5050
2026-06-10 14:37:23: }
2026-06-10 14:37:26: Error: listen EADDRINUSE: address already in use 0.0.0.0:5050
2026-06-10 14:37:26:     at Server.setupListenHandle [as _listen2] (node:net:2008:16)
2026-06-10 14:37:26:     at listenInCluster (node:net:2065:12)
2026-06-10 14:37:26:     at node:net:2274:7
2026-06-10 14:37:26:     at process.processTicksAndRejections (node:internal/process/task_queues:90:21) {
2026-06-10 14:37:26:   code: 'EADDRINUSE',
2026-06-10 14:37:26:   errno: -4091,
2026-06-10 14:37:26:   syscall: 'listen',
2026-06-10 14:37:26:   address: '0.0.0.0',
2026-06-10 14:37:26:   port: 5050
2026-06-10 14:37:26: }
2026-06-10 14:37:31: Error: listen EADDRINUSE: address already in use 0.0.0.0:5050
2026-06-10 14:37:31:     at Server.setupListenHandle [as _listen2] (node:net:2008:16)
2026-06-10 14:37:31:     at listenInCluster (node:net:2065:12)
2026-06-10 14:37:31:     at node:net:2274:7
2026-06-10 14:37:31:     at process.processTicksAndRejections (node:internal/process/task_queues:90:21) {
2026-06-10 14:37:31:   code: 'EADDRINUSE',
2026-06-10 14:37:31:   errno: -4091,
2026-06-10 14:37:31:   syscall: 'listen',
2026-06-10 14:37:31:   address: '0.0.0.0',
2026-06-10 14:37:31:   port: 5050
2026-06-10 14:37:31: }
2026-06-10 14:37:35: Error: listen EADDRINUSE: address already in use 0.0.0.0:5050
2026-06-10 14:37:35:     at Server.setupListenHandle [as _listen2] (node:net:2008:16)
2026-06-10 14:37:35:     at listenInCluster (node:net:2065:12)
2026-06-10 14:37:35:     at node:net:2274:7
2026-06-10 14:37:35:     at process.processTicksAndRejections (node:internal/process/task_queues:90:21) {
2026-06-10 14:37:35:   code: 'EADDRINUSE',
2026-06-10 14:37:35:   errno: -4091,
2026-06-10 14:37:35:   syscall: 'listen',
2026-06-10 14:37:35:   address: '0.0.0.0',
2026-06-10 14:37:35:   port: 5050
2026-06-10 14:37:35: }
2026-06-10 14:37:39: Error: listen EADDRINUSE: address already in use 0.0.0.0:5050
2026-06-10 14:37:39:     at Server.setupListenHandle [as _listen2] (node:net:2008:16)
2026-06-10 14:37:39:     at listenInCluster (node:net:2065:12)
2026-06-10 14:37:39:     at node:net:2274:7
2026-06-10 14:37:39:     at process.processTicksAndRejections (node:internal/process/task_queues:90:21) {
2026-06-10 14:37:39:   code: 'EADDRINUSE',
2026-06-10 14:37:39:   errno: -4091,
2026-06-10 14:37:39:   syscall: 'listen',
2026-06-10 14:37:39:   address: '0.0.0.0',
2026-06-10 14:37:39:   port: 5050
2026-06-10 14:37:39: }
2026-06-10 14:37:44: Error: listen EADDRINUSE: address already in use 0.0.0.0:5050
2026-06-10 14:37:44:     at Server.setupListenHandle [as _listen2] (node:net:2008:16)
2026-06-10 14:37:44:     at listenInCluster (node:net:2065:12)
2026-06-10 14:37:44:     at node:net:2274:7
2026-06-10 14:37:44:     at process.processTicksAndRejections (node:internal/process/task_queues:90:21) {
2026-06-10 14:37:44:   code: 'EADDRINUSE',
2026-06-10 14:37:44:   errno: -4091,
2026-06-10 14:37:44:   syscall: 'listen',
2026-06-10 14:37:44:   address: '0.0.0.0',
2026-06-10 14:37:44:   port: 5050
2026-06-10 14:37:44: }
2026-06-10 14:37:50: Error: listen EADDRINUSE: address already in use 0.0.0.0:5050
2026-06-10 14:37:50:     at Server.setupListenHandle [as _listen2] (node:net:2008:16)
2026-06-10 14:37:50:     at listenInCluster (node:net:2065:12)
2026-06-10 14:37:50:     at node:net:2274:7
2026-06-10 14:37:50:     at process.processTicksAndRejections (node:internal/process/task_queues:90:21) {
2026-06-10 14:37:50:   code: 'EADDRINUSE',
2026-06-10 14:37:50:   errno: -4091,
2026-06-10 14:37:50:   syscall: 'listen',
2026-06-10 14:37:50:   address: '0.0.0.0',
2026-06-10 14:37:50:   port: 5050
2026-06-10 14:37:50: }
2026-06-10 14:37:56: Error: listen EADDRINUSE: address already in use 0.0.0.0:5050
2026-06-10 14:37:56:     at Server.setupListenHandle [as _listen2] (node:net:2008:16)
2026-06-10 14:37:56:     at listenInCluster (node:net:2065:12)
2026-06-10 14:37:56:     at node:net:2274:7
2026-06-10 14:37:56:     at process.processTicksAndRejections (node:internal/process/task_queues:90:21) {
2026-06-10 14:37:56:   code: 'EADDRINUSE',
2026-06-10 14:37:56:   errno: -4091,
2026-06-10 14:37:56:   syscall: 'listen',
2026-06-10 14:37:56:   address: '0.0.0.0',
2026-06-10 14:37:56:   port: 5050
2026-06-10 14:37:56: }
2026-06-10 14:37:59: Error: listen EADDRINUSE: address already in use 0.0.0.0:5050
2026-06-10 14:37:59:     at Server.setupListenHandle [as _listen2] (node:net:2008:16)
2026-06-10 14:37:59:     at listenInCluster (node:net:2065:12)
2026-06-10 14:37:59:     at node:net:2274:7
2026-06-10 14:37:59:     at process.processTicksAndRejections (node:internal/process/task_queues:90:21) {
2026-06-10 14:37:59:   code: 'EADDRINUSE',
2026-06-10 14:37:59:   errno: -4091,
2026-06-10 14:37:59:   syscall: 'listen',
2026-06-10 14:37:59:   address: '0.0.0.0',
2026-06-10 14:37:59:   port: 5050
2026-06-10 14:37:59: }
2026-06-10 14:38:03: Error: listen EADDRINUSE: address already in use 0.0.0.0:5050
2026-06-10 14:38:03:     at Server.setupListenHandle [as _listen2] (node:net:2008:16)
2026-06-10 14:38:03:     at listenInCluster (node:net:2065:12)
2026-06-10 14:38:03:     at node:net:2274:7
2026-06-10 14:38:03:     at process.processTicksAndRejections (node:internal/process/task_queues:90:21) {
2026-06-10 14:38:03:   code: 'EADDRINUSE',
2026-06-10 14:38:03:   errno: -4091,
2026-06-10 14:38:03:   syscall: 'listen',
2026-06-10 14:38:03:   address: '0.0.0.0',
2026-06-10 14:38:03:   port: 5050
2026-06-10 14:38:03: }
2026-06-10 14:38:10: Error: listen EADDRINUSE: address already in use 0.0.0.0:5050
2026-06-10 14:38:10:     at Server.setupListenHandle [as _listen2] (node:net:2008:16)
2026-06-10 14:38:10:     at listenInCluster (node:net:2065:12)
2026-06-10 14:38:10:     at node:net:2274:7
2026-06-10 14:38:10:     at process.processTicksAndRejections (node:internal/process/task_queues:90:21) {
2026-06-10 14:38:10:   code: 'EADDRINUSE',
2026-06-10 14:38:10:   errno: -4091,
2026-06-10 14:38:10:   syscall: 'listen',
2026-06-10 14:38:10:   address: '0.0.0.0',
2026-06-10 14:38:10:   port: 5050
2026-06-10 14:38:10: }
2026-06-10 14:38:14: Error: listen EADDRINUSE: address already in use 0.0.0.0:5050
2026-06-10 14:38:14:     at Server.setupListenHandle [as _listen2] (node:net:2008:16)
2026-06-10 14:38:14:     at listenInCluster (node:net:2065:12)
2026-06-10 14:38:14:     at node:net:2274:7
2026-06-10 14:38:14:     at process.processTicksAndRejections (node:internal/process/task_queues:90:21) {
2026-06-10 14:38:14:   code: 'EADDRINUSE',
2026-06-10 14:38:14:   errno: -4091,
2026-06-10 14:38:14:   syscall: 'listen',
2026-06-10 14:38:14:   address: '0.0.0.0',
2026-06-10 14:38:14:   port: 5050
2026-06-10 14:38:14: }
2026-06-10 14:38:18: Error: listen EADDRINUSE: address already in use 0.0.0.0:5050
2026-06-10 14:38:18:     at Server.setupListenHandle [as _listen2] (node:net:2008:16)
2026-06-10 14:38:18:     at listenInCluster (node:net:2065:12)
2026-06-10 14:38:18:     at node:net:2274:7
2026-06-10 14:38:18:     at process.processTicksAndRejections (node:internal/process/task_queues:90:21) {
2026-06-10 14:38:18:   code: 'EADDRINUSE',
2026-06-10 14:38:18:   errno: -4091,
2026-06-10 14:38:18:   syscall: 'listen',
2026-06-10 14:38:18:   address: '0.0.0.0',
2026-06-10 14:38:18:   port: 5050
2026-06-10 14:38:18: }
2026-06-10 14:38:21: Error: listen EADDRINUSE: address already in use 0.0.0.0:5050
2026-06-10 14:38:21:     at Server.setupListenHandle [as _listen2] (node:net:2008:16)
2026-06-10 14:38:21:     at listenInCluster (node:net:2065:12)
2026-06-10 14:38:21:     at node:net:2274:7
2026-06-10 14:38:21:     at process.processTicksAndRejections (node:internal/process/task_queues:90:21) {
2026-06-10 14:38:21:   code: 'EADDRINUSE',
2026-06-10 14:38:21:   errno: -4091,
2026-06-10 14:38:21:   syscall: 'listen',
2026-06-10 14:38:21:   address: '0.0.0.0',
2026-06-10 14:38:21:   port: 5050
2026-06-10 14:38:21: }
2026-06-10 14:38:24: Error: listen EADDRINUSE: address already in use 0.0.0.0:5050
2026-06-10 14:38:24:     at Server.setupListenHandle [as _listen2] (node:net:2008:16)
2026-06-10 14:38:24:     at listenInCluster (node:net:2065:12)
2026-06-10 14:38:24:     at node:net:2274:7
2026-06-10 14:38:24:     at process.processTicksAndRejections (node:internal/process/task_queues:90:21) {
2026-06-10 14:38:24:   code: 'EADDRINUSE',
2026-06-10 14:38:24:   errno: -4091,
2026-06-10 14:38:24:   syscall: 'listen',
2026-06-10 14:38:24:   address: '0.0.0.0',
2026-06-10 14:38:24:   port: 5050
2026-06-10 14:38:24: }
2026-06-10 14:38:28: Error: listen EADDRINUSE: address already in use 0.0.0.0:5050
2026-06-10 14:38:28:     at Server.setupListenHandle [as _listen2] (node:net:2008:16)
2026-06-10 14:38:28:     at listenInCluster (node:net:2065:12)
2026-06-10 14:38:28:     at node:net:2274:7
2026-06-10 14:38:28:     at process.processTicksAndRejections (node:internal/process/task_queues:90:21) {
2026-06-10 14:38:28:   code: 'EADDRINUSE',
2026-06-10 14:38:28:   errno: -4091,
2026-06-10 14:38:28:   syscall: 'listen',
2026-06-10 14:38:28:   address: '0.0.0.0',
2026-06-10 14:38:28:   port: 5050
2026-06-10 14:38:28: }
2026-06-10 14:38:32: Error: listen EADDRINUSE: address already in use 0.0.0.0:5050
2026-06-10 14:38:32:     at Server.setupListenHandle [as _listen2] (node:net:2008:16)
2026-06-10 14:38:32:     at listenInCluster (node:net:2065:12)
2026-06-10 14:38:32:     at node:net:2274:7
2026-06-10 14:38:32:     at process.processTicksAndRejections (node:internal/process/task_queues:90:21) {
2026-06-10 14:38:32:   code: 'EADDRINUSE',
2026-06-10 14:38:32:   errno: -4091,
2026-06-10 14:38:32:   syscall: 'listen',
2026-06-10 14:38:32:   address: '0.0.0.0',
2026-06-10 14:38:32:   port: 5050
2026-06-10 14:38:32: }
2026-06-10 14:38:35: Error: listen EADDRINUSE: address already in use 0.0.0.0:5050
2026-06-10 14:38:35:     at Server.setupListenHandle [as _listen2] (node:net:2008:16)
2026-06-10 14:38:35:     at listenInCluster (node:net:2065:12)
2026-06-10 14:38:35:     at node:net:2274:7
2026-06-10 14:38:35:     at process.processTicksAndRejections (node:internal/process/task_queues:90:21) {
2026-06-10 14:38:35:   code: 'EADDRINUSE',
2026-06-10 14:38:35:   errno: -4091,
2026-06-10 14:38:35:   syscall: 'listen',
2026-06-10 14:38:35:   address: '0.0.0.0',
2026-06-10 14:38:35:   port: 5050
2026-06-10 14:38:35: }
2026-06-10 14:38:39: Error: listen EADDRINUSE: address already in use 0.0.0.0:5050
2026-06-10 14:38:39:     at Server.setupListenHandle [as _listen2] (node:net:2008:16)
2026-06-10 14:38:39:     at listenInCluster (node:net:2065:12)
2026-06-10 14:38:39:     at node:net:2274:7
2026-06-10 14:38:39:     at process.processTicksAndRejections (node:internal/process/task_queues:90:21) {
2026-06-10 14:38:39:   code: 'EADDRINUSE',
2026-06-10 14:38:39:   errno: -4091,
2026-06-10 14:38:39:   syscall: 'listen',
2026-06-10 14:38:39:   address: '0.0.0.0',
2026-06-10 14:38:39:   port: 5050
2026-06-10 14:38:39: }
2026-06-10 14:38:43: Error: listen EADDRINUSE: address already in use 0.0.0.0:5050
2026-06-10 14:38:43:     at Server.setupListenHandle [as _listen2] (node:net:2008:16)
2026-06-10 14:38:43:     at listenInCluster (node:net:2065:12)
2026-06-10 14:38:43:     at node:net:2274:7
2026-06-10 14:38:43:     at process.processTicksAndRejections (node:internal/process/task_queues:90:21) {
2026-06-10 14:38:43:   code: 'EADDRINUSE',
2026-06-10 14:38:43:   errno: -4091,
2026-06-10 14:38:43:   syscall: 'listen',
2026-06-10 14:38:43:   address: '0.0.0.0',
2026-06-10 14:38:43:   port: 5050
2026-06-10 14:38:43: }
2026-06-10 14:38:47: Error: listen EADDRINUSE: address already in use 0.0.0.0:5050
2026-06-10 14:38:47:     at Server.setupListenHandle [as _listen2] (node:net:2008:16)
2026-06-10 14:38:47:     at listenInCluster (node:net:2065:12)
2026-06-10 14:38:47:     at node:net:2274:7
2026-06-10 14:38:47:     at process.processTicksAndRejections (node:internal/process/task_queues:90:21) {
2026-06-10 14:38:47:   code: 'EADDRINUSE',
2026-06-10 14:38:47:   errno: -4091,
2026-06-10 14:38:47:   syscall: 'listen',
2026-06-10 14:38:47:   address: '0.0.0.0',
2026-06-10 14:38:47:   port: 5050
2026-06-10 14:38:47: }
2026-06-10 14:38:51: Error: listen EADDRINUSE: address already in use 0.0.0.0:5050
2026-06-10 14:38:51:     at Server.setupListenHandle [as _listen2] (node:net:2008:16)
2026-06-10 14:38:51:     at listenInCluster (node:net:2065:12)
2026-06-10 14:38:51:     at node:net:2274:7
2026-06-10 14:38:51:     at process.processTicksAndRejections (node:internal/process/task_queues:90:21) {
2026-06-10 14:38:51:   code: 'EADDRINUSE',
2026-06-10 14:38:51:   errno: -4091,
2026-06-10 14:38:51:   syscall: 'listen',
2026-06-10 14:38:51:   address: '0.0.0.0',
2026-06-10 14:38:51:   port: 5050
2026-06-10 14:38:51: }
2026-06-10 14:39:58: Error: listen EADDRINUSE: address already in use 0.0.0.0:5050
2026-06-10 14:39:58:     at Server.setupListenHandle [as _listen2] (node:net:2008:16)
2026-06-10 14:39:58:     at listenInCluster (node:net:2065:12)
2026-06-10 14:39:58:     at node:net:2274:7
2026-06-10 14:39:58:     at process.processTicksAndRejections (node:internal/process/task_queues:90:21) {
2026-06-10 14:39:58:   code: 'EADDRINUSE',
2026-06-10 14:39:58:   errno: -4091,
2026-06-10 14:39:58:   syscall: 'listen',
2026-06-10 14:39:58:   address: '0.0.0.0',
2026-06-10 14:39:58:   port: 5050
2026-06-10 14:39:58: }
2026-06-10 14:40:03: Error: listen EADDRINUSE: address already in use 0.0.0.0:5050
2026-06-10 14:40:03:     at Server.setupListenHandle [as _listen2] (node:net:2008:16)
2026-06-10 14:40:03:     at listenInCluster (node:net:2065:12)
2026-06-10 14:40:03:     at node:net:2274:7
2026-06-10 14:40:03:     at process.processTicksAndRejections (node:internal/process/task_queues:90:21) {
2026-06-10 14:40:03:   code: 'EADDRINUSE',
2026-06-10 14:40:03:   errno: -4091,
2026-06-10 14:40:03:   syscall: 'listen',
2026-06-10 14:40:03:   address: '0.0.0.0',
2026-06-10 14:40:03:   port: 5050
2026-06-10 14:40:03: }
2026-06-10 14:40:07: Error: listen EADDRINUSE: address already in use 0.0.0.0:5050
2026-06-10 14:40:07:     at Server.setupListenHandle [as _listen2] (node:net:2008:16)
2026-06-10 14:40:07:     at listenInCluster (node:net:2065:12)
2026-06-10 14:40:07:     at node:net:2274:7
2026-06-10 14:40:07:     at process.processTicksAndRejections (node:internal/process/task_queues:90:21) {
2026-06-10 14:40:07:   code: 'EADDRINUSE',
2026-06-10 14:40:07:   errno: -4091,
2026-06-10 14:40:07:   syscall: 'listen',
2026-06-10 14:40:07:   address: '0.0.0.0',
2026-06-10 14:40:07:   port: 5050
2026-06-10 14:40:07: }
2026-06-10 14:40:14: Error: listen EADDRINUSE: address already in use 0.0.0.0:5050
2026-06-10 14:40:14:     at Server.setupListenHandle [as _listen2] (node:net:2008:16)
2026-06-10 14:40:14:     at listenInCluster (node:net:2065:12)
2026-06-10 14:40:14:     at node:net:2274:7
2026-06-10 14:40:14:     at process.processTicksAndRejections (node:internal/process/task_queues:90:21) {
2026-06-10 14:40:14:   code: 'EADDRINUSE',
2026-06-10 14:40:14:   errno: -4091,
2026-06-10 14:40:14:   syscall: 'listen',
2026-06-10 14:40:14:   address: '0.0.0.0',
2026-06-10 14:40:14:   port: 5050
2026-06-10 14:40:14: }
2026-06-10 14:40:19: Error: listen EADDRINUSE: address already in use 0.0.0.0:5050
2026-06-10 14:40:19:     at Server.setupListenHandle [as _listen2] (node:net:2008:16)
2026-06-10 14:40:19:     at listenInCluster (node:net:2065:12)
2026-06-10 14:40:19:     at node:net:2274:7
2026-06-10 14:40:19:     at process.processTicksAndRejections (node:internal/process/task_queues:90:21) {
2026-06-10 14:40:19:   code: 'EADDRINUSE',
2026-06-10 14:40:19:   errno: -4091,
2026-06-10 14:40:19:   syscall: 'listen',
2026-06-10 14:40:19:   address: '0.0.0.0',
2026-06-10 14:40:19:   port: 5050
2026-06-10 14:40:19: }
2026-06-10 14:40:26: Error: listen EADDRINUSE: address already in use 0.0.0.0:5050
2026-06-10 14:40:26:     at Server.setupListenHandle [as _listen2] (node:net:2008:16)
2026-06-10 14:40:26:     at listenInCluster (node:net:2065:12)
2026-06-10 14:40:26:     at node:net:2274:7
2026-06-10 14:40:26:     at process.processTicksAndRejections (node:internal/process/task_queues:90:21) {
2026-06-10 14:40:26:   code: 'EADDRINUSE',
2026-06-10 14:40:26:   errno: -4091,
2026-06-10 14:40:26:   syscall: 'listen',
2026-06-10 14:40:26:   address: '0.0.0.0',
2026-06-10 14:40:26:   port: 5050
2026-06-10 14:40:26: }
2026-06-10 14:40:32: Error: listen EADDRINUSE: address already in use 0.0.0.0:5050
2026-06-10 14:40:32:     at Server.setupListenHandle [as _listen2] (node:net:2008:16)
2026-06-10 14:40:32:     at listenInCluster (node:net:2065:12)
2026-06-10 14:40:32:     at node:net:2274:7
2026-06-10 14:40:32:     at process.processTicksAndRejections (node:internal/process/task_queues:90:21) {
2026-06-10 14:40:32:   code: 'EADDRINUSE',
2026-06-10 14:40:32:   errno: -4091,
2026-06-10 14:40:32:   syscall: 'listen',
2026-06-10 14:40:32:   address: '0.0.0.0',
2026-06-10 14:40:32:   port: 5050
2026-06-10 14:40:32: }
2026-06-10 14:40:36: Error: listen EADDRINUSE: address already in use 0.0.0.0:5050
2026-06-10 14:40:36:     at Server.setupListenHandle [as _listen2] (node:net:2008:16)
2026-06-10 14:40:36:     at listenInCluster (node:net:2065:12)
2026-06-10 14:40:36:     at node:net:2274:7
2026-06-10 14:40:36:     at process.processTicksAndRejections (node:internal/process/task_queues:90:21) {
2026-06-10 14:40:36:   code: 'EADDRINUSE',
2026-06-10 14:40:36:   errno: -4091,
2026-06-10 14:40:36:   syscall: 'listen',
2026-06-10 14:40:36:   address: '0.0.0.0',
2026-06-10 14:40:36:   port: 5050
2026-06-10 14:40:36: }
2026-06-10 14:40:42: Error: listen EADDRINUSE: address already in use 0.0.0.0:5050
2026-06-10 14:40:42:     at Server.setupListenHandle [as _listen2] (node:net:2008:16)
2026-06-10 14:40:42:     at listenInCluster (node:net:2065:12)
2026-06-10 14:40:42:     at node:net:2274:7
2026-06-10 14:40:42:     at process.processTicksAndRejections (node:internal/process/task_queues:90:21) {
2026-06-10 14:40:42:   code: 'EADDRINUSE',
2026-06-10 14:40:42:   errno: -4091,
2026-06-10 14:40:42:   syscall: 'listen',
2026-06-10 14:40:42:   address: '0.0.0.0',
2026-06-10 14:40:42:   port: 5050
2026-06-10 14:40:42: }
2026-06-10 14:40:47: Error: listen EADDRINUSE: address already in use 0.0.0.0:5050
2026-06-10 14:40:47:     at Server.setupListenHandle [as _listen2] (node:net:2008:16)
2026-06-10 14:40:47:     at listenInCluster (node:net:2065:12)
2026-06-10 14:40:47:     at node:net:2274:7
2026-06-10 14:40:47:     at process.processTicksAndRejections (node:internal/process/task_queues:90:21) {
2026-06-10 14:40:47:   code: 'EADDRINUSE',
2026-06-10 14:40:47:   errno: -4091,
2026-06-10 14:40:47:   syscall: 'listen',
2026-06-10 14:40:47:   address: '0.0.0.0',
2026-06-10 14:40:47:   port: 5050
2026-06-10 14:40:47: }
2026-06-10 14:40:51: Error: listen EADDRINUSE: address already in use 0.0.0.0:5050
2026-06-10 14:40:51:     at Server.setupListenHandle [as _listen2] (node:net:2008:16)
2026-06-10 14:40:51:     at listenInCluster (node:net:2065:12)
2026-06-10 14:40:51:     at node:net:2274:7
2026-06-10 14:40:51:     at process.processTicksAndRejections (node:internal/process/task_queues:90:21) {
2026-06-10 14:40:51:   code: 'EADDRINUSE',
2026-06-10 14:40:51:   errno: -4091,
2026-06-10 14:40:51:   syscall: 'listen',
2026-06-10 14:40:51:   address: '0.0.0.0',
2026-06-10 14:40:51:   port: 5050
2026-06-10 14:40:51: }
2026-06-10 14:40:56: Error: listen EADDRINUSE: address already in use 0.0.0.0:5050
2026-06-10 14:40:56:     at Server.setupListenHandle [as _listen2] (node:net:2008:16)
2026-06-10 14:40:56:     at listenInCluster (node:net:2065:12)
2026-06-10 14:40:56:     at node:net:2274:7
2026-06-10 14:40:56:     at process.processTicksAndRejections (node:internal/process/task_queues:90:21) {
2026-06-10 14:40:56:   code: 'EADDRINUSE',
2026-06-10 14:40:56:   errno: -4091,
2026-06-10 14:40:56:   syscall: 'listen',
2026-06-10 14:40:56:   address: '0.0.0.0',
2026-06-10 14:40:56:   port: 5050
2026-06-10 14:40:56: }
2026-06-10 14:41:01: Error: listen EADDRINUSE: address already in use 0.0.0.0:5050
2026-06-10 14:41:01:     at Server.setupListenHandle [as _listen2] (node:net:2008:16)
2026-06-10 14:41:01:     at listenInCluster (node:net:2065:12)
2026-06-10 14:41:01:     at node:net:2274:7
2026-06-10 14:41:01:     at process.processTicksAndRejections (node:internal/process/task_queues:90:21) {
2026-06-10 14:41:01:   code: 'EADDRINUSE',
2026-06-10 14:41:01:   errno: -4091,
2026-06-10 14:41:01:   syscall: 'listen',
2026-06-10 14:41:01:   address: '0.0.0.0',
2026-06-10 14:41:01:   port: 5050
2026-06-10 14:41:01: }
2026-06-10 14:41:05: Error: listen EADDRINUSE: address already in use 0.0.0.0:5050
2026-06-10 14:41:05:     at Server.setupListenHandle [as _listen2] (node:net:2008:16)
2026-06-10 14:41:05:     at listenInCluster (node:net:2065:12)
2026-06-10 14:41:05:     at node:net:2274:7
2026-06-10 14:41:05:     at process.processTicksAndRejections (node:internal/process/task_queues:90:21) {
2026-06-10 14:41:05:   code: 'EADDRINUSE',
2026-06-10 14:41:05:   errno: -4091,
2026-06-10 14:41:05:   syscall: 'listen',
2026-06-10 14:41:05:   address: '0.0.0.0',
2026-06-10 14:41:05:   port: 5050
2026-06-10 14:41:05: }
2026-06-10 14:41:10: Error: listen EADDRINUSE: address already in use 0.0.0.0:5050
2026-06-10 14:41:10:     at Server.setupListenHandle [as _listen2] (node:net:2008:16)
2026-06-10 14:41:10:     at listenInCluster (node:net:2065:12)
2026-06-10 14:41:10:     at node:net:2274:7
2026-06-10 14:41:10:     at process.processTicksAndRejections (node:internal/process/task_queues:90:21) {
2026-06-10 14:41:10:   code: 'EADDRINUSE',
2026-06-10 14:41:10:   errno: -4091,
2026-06-10 14:41:10:   syscall: 'listen',
2026-06-10 14:41:10:   address: '0.0.0.0',
2026-06-10 14:41:10:   port: 5050
2026-06-10 14:41:10: }
2026-06-10 14:41:15: Error: listen EADDRINUSE: address already in use 0.0.0.0:5050
2026-06-10 14:41:15:     at Server.setupListenHandle [as _listen2] (node:net:2008:16)
2026-06-10 14:41:15:     at listenInCluster (node:net:2065:12)
2026-06-10 14:41:15:     at node:net:2274:7
2026-06-10 14:41:15:     at process.processTicksAndRejections (node:internal/process/task_queues:90:21) {
2026-06-10 14:41:15:   code: 'EADDRINUSE',
2026-06-10 14:41:15:   errno: -4091,
2026-06-10 14:41:15:   syscall: 'listen',
2026-06-10 14:41:15:   address: '0.0.0.0',
2026-06-10 14:41:15:   port: 5050
2026-06-10 14:41:15: }
2026-06-10 14:41:21: Error: listen EADDRINUSE: address already in use 0.0.0.0:5050
2026-06-10 14:41:21:     at Server.setupListenHandle [as _listen2] (node:net:2008:16)
2026-06-10 14:41:21:     at listenInCluster (node:net:2065:12)
2026-06-10 14:41:21:     at node:net:2274:7
2026-06-10 14:41:21:     at process.processTicksAndRejections (node:internal/process/task_queues:90:21) {
2026-06-10 14:41:21:   code: 'EADDRINUSE',
2026-06-10 14:41:21:   errno: -4091,
2026-06-10 14:41:21:   syscall: 'listen',
2026-06-10 14:41:21:   address: '0.0.0.0',
2026-06-10 14:41:21:   port: 5050
2026-06-10 14:41:21: }
2026-06-10 14:41:25: Error: listen EADDRINUSE: address already in use 0.0.0.0:5050
2026-06-10 14:41:25:     at Server.setupListenHandle [as _listen2] (node:net:2008:16)
2026-06-10 14:41:25:     at listenInCluster (node:net:2065:12)
2026-06-10 14:41:25:     at node:net:2274:7
2026-06-10 14:41:25:     at process.processTicksAndRejections (node:internal/process/task_queues:90:21) {
2026-06-10 14:41:25:   code: 'EADDRINUSE',
2026-06-10 14:41:25:   errno: -4091,
2026-06-10 14:41:25:   syscall: 'listen',
2026-06-10 14:41:25:   address: '0.0.0.0',
2026-06-10 14:41:25:   port: 5050
2026-06-10 14:41:25: }
2026-06-10 14:41:28: Error: listen EADDRINUSE: address already in use 0.0.0.0:5050
2026-06-10 14:41:28:     at Server.setupListenHandle [as _listen2] (node:net:2008:16)
2026-06-10 14:41:28:     at listenInCluster (node:net:2065:12)
2026-06-10 14:41:28:     at node:net:2274:7
2026-06-10 14:41:28:     at process.processTicksAndRejections (node:internal/process/task_queues:90:21) {
2026-06-10 14:41:28:   code: 'EADDRINUSE',
2026-06-10 14:41:28:   errno: -4091,
2026-06-10 14:41:28:   syscall: 'listen',
2026-06-10 14:41:28:   address: '0.0.0.0',
2026-06-10 14:41:28:   port: 5050
2026-06-10 14:41:28: }
2026-06-10 14:41:32: Error: listen EADDRINUSE: address already in use 0.0.0.0:5050
2026-06-10 14:41:32:     at Server.setupListenHandle [as _listen2] (node:net:2008:16)
2026-06-10 14:41:32:     at listenInCluster (node:net:2065:12)
2026-06-10 14:41:32:     at node:net:2274:7
2026-06-10 14:41:32:     at process.processTicksAndRejections (node:internal/process/task_queues:90:21) {
2026-06-10 14:41:32:   code: 'EADDRINUSE',
2026-06-10 14:41:32:   errno: -4091,
2026-06-10 14:41:32:   syscall: 'listen',
2026-06-10 14:41:32:   address: '0.0.0.0',
2026-06-10 14:41:32:   port: 5050
2026-06-10 14:41:32: }
2026-06-10 14:41:36: Error: listen EADDRINUSE: address already in use 0.0.0.0:5050
2026-06-10 14:41:36:     at Server.setupListenHandle [as _listen2] (node:net:2008:16)
2026-06-10 14:41:36:     at listenInCluster (node:net:2065:12)
2026-06-10 14:41:36:     at node:net:2274:7
2026-06-10 14:41:36:     at process.processTicksAndRejections (node:internal/process/task_queues:90:21) {
2026-06-10 14:41:36:   code: 'EADDRINUSE',
2026-06-10 14:41:36:   errno: -4091,
2026-06-10 14:41:36:   syscall: 'listen',
2026-06-10 14:41:36:   address: '0.0.0.0',
2026-06-10 14:41:36:   port: 5050
2026-06-10 14:41:36: }
2026-06-10 14:41:40: Error: listen EADDRINUSE: address already in use 0.0.0.0:5050
2026-06-10 14:41:40:     at Server.setupListenHandle [as _listen2] (node:net:2008:16)
2026-06-10 14:41:40:     at listenInCluster (node:net:2065:12)
2026-06-10 14:41:40:     at node:net:2274:7
2026-06-10 14:41:40:     at process.processTicksAndRejections (node:internal/process/task_queues:90:21) {
2026-06-10 14:41:40:   code: 'EADDRINUSE',
2026-06-10 14:41:40:   errno: -4091,
2026-06-10 14:41:40:   syscall: 'listen',
2026-06-10 14:41:40:   address: '0.0.0.0',
2026-06-10 14:41:40:   port: 5050
2026-06-10 14:41:40: }
2026-06-10 14:41:45: Error: listen EADDRINUSE: address already in use 0.0.0.0:5050
2026-06-10 14:41:45:     at Server.setupListenHandle [as _listen2] (node:net:2008:16)
2026-06-10 14:41:45:     at listenInCluster (node:net:2065:12)
2026-06-10 14:41:45:     at node:net:2274:7
2026-06-10 14:41:45:     at process.processTicksAndRejections (node:internal/process/task_queues:90:21) {
2026-06-10 14:41:45:   code: 'EADDRINUSE',
2026-06-10 14:41:45:   errno: -4091,
2026-06-10 14:41:45:   syscall: 'listen',
2026-06-10 14:41:45:   address: '0.0.0.0',
2026-06-10 14:41:45:   port: 5050
2026-06-10 14:41:45: }
2026-06-10 14:41:48: Error: listen EADDRINUSE: address already in use 0.0.0.0:5050
2026-06-10 14:41:48:     at Server.setupListenHandle [as _listen2] (node:net:2008:16)
2026-06-10 14:41:48:     at listenInCluster (node:net:2065:12)
2026-06-10 14:41:48:     at node:net:2274:7
2026-06-10 14:41:48:     at process.processTicksAndRejections (node:internal/process/task_queues:90:21) {
2026-06-10 14:41:48:   code: 'EADDRINUSE',
2026-06-10 14:41:48:   errno: -4091,
2026-06-10 14:41:48:   syscall: 'listen',
2026-06-10 14:41:48:   address: '0.0.0.0',
2026-06-10 14:41:48:   port: 5050
2026-06-10 14:41:48: }
2026-06-10 14:41:52: Error: listen EADDRINUSE: address already in use 0.0.0.0:5050
2026-06-10 14:41:52:     at Server.setupListenHandle [as _listen2] (node:net:2008:16)
2026-06-10 14:41:52:     at listenInCluster (node:net:2065:12)
2026-06-10 14:41:52:     at node:net:2274:7
2026-06-10 14:41:52:     at process.processTicksAndRejections (node:internal/process/task_queues:90:21) {
2026-06-10 14:41:52:   code: 'EADDRINUSE',
2026-06-10 14:41:52:   errno: -4091,
2026-06-10 14:41:52:   syscall: 'listen',
2026-06-10 14:41:52:   address: '0.0.0.0',
2026-06-10 14:41:52:   port: 5050
2026-06-10 14:41:52: }
2026-06-10 14:41:55: Error: listen EADDRINUSE: address already in use 0.0.0.0:5050
2026-06-10 14:41:55:     at Server.setupListenHandle [as _listen2] (node:net:2008:16)
2026-06-10 14:41:55:     at listenInCluster (node:net:2065:12)
2026-06-10 14:41:55:     at node:net:2274:7
2026-06-10 14:41:55:     at process.processTicksAndRejections (node:internal/process/task_queues:90:21) {
2026-06-10 14:41:55:   code: 'EADDRINUSE',
2026-06-10 14:41:55:   errno: -4091,
2026-06-10 14:41:55:   syscall: 'listen',
2026-06-10 14:41:55:   address: '0.0.0.0',
2026-06-10 14:41:55:   port: 5050
2026-06-10 14:41:55: }
2026-06-10 14:41:59: Error: listen EADDRINUSE: address already in use 0.0.0.0:5050
2026-06-10 14:41:59:     at Server.setupListenHandle [as _listen2] (node:net:2008:16)
2026-06-10 14:41:59:     at listenInCluster (node:net:2065:12)
2026-06-10 14:41:59:     at node:net:2274:7
2026-06-10 14:41:59:     at process.processTicksAndRejections (node:internal/process/task_queues:90:21) {
2026-06-10 14:41:59:   code: 'EADDRINUSE',
2026-06-10 14:41:59:   errno: -4091,
2026-06-10 14:41:59:   syscall: 'listen',
2026-06-10 14:41:59:   address: '0.0.0.0',
2026-06-10 14:41:59:   port: 5050
2026-06-10 14:41:59: }
2026-06-10 14:42:03: Error: listen EADDRINUSE: address already in use 0.0.0.0:5050
2026-06-10 14:42:03:     at Server.setupListenHandle [as _listen2] (node:net:2008:16)
2026-06-10 14:42:03:     at listenInCluster (node:net:2065:12)
2026-06-10 14:42:03:     at node:net:2274:7
2026-06-10 14:42:03:     at process.processTicksAndRejections (node:internal/process/task_queues:90:21) {
2026-06-10 14:42:03:   code: 'EADDRINUSE',
2026-06-10 14:42:03:   errno: -4091,
2026-06-10 14:42:03:   syscall: 'listen',
2026-06-10 14:42:03:   address: '0.0.0.0',
2026-06-10 14:42:03:   port: 5050
2026-06-10 14:42:03: }
2026-06-10 14:42:08: Error: listen EADDRINUSE: address already in use 0.0.0.0:5050
2026-06-10 14:42:08:     at Server.setupListenHandle [as _listen2] (node:net:2008:16)
2026-06-10 14:42:08:     at listenInCluster (node:net:2065:12)
2026-06-10 14:42:08:     at node:net:2274:7
2026-06-10 14:42:08:     at process.processTicksAndRejections (node:internal/process/task_queues:90:21) {
2026-06-10 14:42:08:   code: 'EADDRINUSE',
2026-06-10 14:42:08:   errno: -4091,
2026-06-10 14:42:08:   syscall: 'listen',
2026-06-10 14:42:08:   address: '0.0.0.0',
2026-06-10 14:42:08:   port: 5050
2026-06-10 14:42:08: }
2026-06-10 14:42:12: Error: listen EADDRINUSE: address already in use 0.0.0.0:5050
2026-06-10 14:42:12:     at Server.setupListenHandle [as _listen2] (node:net:2008:16)
2026-06-10 14:42:12:     at listenInCluster (node:net:2065:12)
2026-06-10 14:42:12:     at node:net:2274:7
2026-06-10 14:42:12:     at process.processTicksAndRejections (node:internal/process/task_queues:90:21) {
2026-06-10 14:42:12:   code: 'EADDRINUSE',
2026-06-10 14:42:12:   errno: -4091,
2026-06-10 14:42:12:   syscall: 'listen',
2026-06-10 14:42:12:   address: '0.0.0.0',
2026-06-10 14:42:12:   port: 5050
2026-06-10 14:42:12: }
2026-06-10 14:42:17: Error: listen EADDRINUSE: address already in use 0.0.0.0:5050
2026-06-10 14:42:17:     at Server.setupListenHandle [as _listen2] (node:net:2008:16)
2026-06-10 14:42:17:     at listenInCluster (node:net:2065:12)
2026-06-10 14:42:17:     at node:net:2274:7
2026-06-10 14:42:17:     at process.processTicksAndRejections (node:internal/process/task_queues:90:21) {
2026-06-10 14:42:17:   code: 'EADDRINUSE',
2026-06-10 14:42:17:   errno: -4091,
2026-06-10 14:42:17:   syscall: 'listen',
2026-06-10 14:42:17:   address: '0.0.0.0',
2026-06-10 14:42:17:   port: 5050
2026-06-10 14:42:17: }
2026-06-10 14:42:22: Error: listen EADDRINUSE: address already in use 0.0.0.0:5050
2026-06-10 14:42:22:     at Server.setupListenHandle [as _listen2] (node:net:2008:16)
2026-06-10 14:42:22:     at listenInCluster (node:net:2065:12)
2026-06-10 14:42:22:     at node:net:2274:7
2026-06-10 14:42:22:     at process.processTicksAndRejections (node:internal/process/task_queues:90:21) {
2026-06-10 14:42:22:   code: 'EADDRINUSE',
2026-06-10 14:42:22:   errno: -4091,
2026-06-10 14:42:22:   syscall: 'listen',
2026-06-10 14:42:22:   address: '0.0.0.0',
2026-06-10 14:42:22:   port: 5050
2026-06-10 14:42:22: }
2026-06-10 14:42:26: Error: listen EADDRINUSE: address already in use 0.0.0.0:5050
2026-06-10 14:42:26:     at Server.setupListenHandle [as _listen2] (node:net:2008:16)
2026-06-10 14:42:26:     at listenInCluster (node:net:2065:12)
2026-06-10 14:42:26:     at node:net:2274:7
2026-06-10 14:42:26:     at process.processTicksAndRejections (node:internal/process/task_queues:90:21) {
2026-06-10 14:42:26:   code: 'EADDRINUSE',
2026-06-10 14:42:26:   errno: -4091,
2026-06-10 14:42:26:   syscall: 'listen',
2026-06-10 14:42:26:   address: '0.0.0.0',
2026-06-10 14:42:26:   port: 5050
2026-06-10 14:42:26: }
2026-06-10 14:42:30: Error: listen EADDRINUSE: address already in use 0.0.0.0:5050
2026-06-10 14:42:30:     at Server.setupListenHandle [as _listen2] (node:net:2008:16)
2026-06-10 14:42:30:     at listenInCluster (node:net:2065:12)
2026-06-10 14:42:30:     at node:net:2274:7
2026-06-10 14:42:30:     at process.processTicksAndRejections (node:internal/process/task_queues:90:21) {
2026-06-10 14:42:30:   code: 'EADDRINUSE',
2026-06-10 14:42:30:   errno: -4091,
2026-06-10 14:42:30:   syscall: 'listen',
2026-06-10 14:42:30:   address: '0.0.0.0',
2026-06-10 14:42:30:   port: 5050
2026-06-10 14:42:30: }
2026-06-10 14:42:35: Error: listen EADDRINUSE: address already in use 0.0.0.0:5050
2026-06-10 14:42:35:     at Server.setupListenHandle [as _listen2] (node:net:2008:16)
2026-06-10 14:42:35:     at listenInCluster (node:net:2065:12)
2026-06-10 14:42:35:     at node:net:2274:7
2026-06-10 14:42:35:     at process.processTicksAndRejections (node:internal/process/task_queues:90:21) {
2026-06-10 14:42:35:   code: 'EADDRINUSE',
2026-06-10 14:42:35:   errno: -4091,
2026-06-10 14:42:35:   syscall: 'listen',
2026-06-10 14:42:35:   address: '0.0.0.0',
2026-06-10 14:42:35:   port: 5050
2026-06-10 14:42:35: }
2026-06-10 14:42:39: Error: listen EADDRINUSE: address already in use 0.0.0.0:5050
2026-06-10 14:42:39:     at Server.setupListenHandle [as _listen2] (node:net:2008:16)
2026-06-10 14:42:39:     at listenInCluster (node:net:2065:12)
2026-06-10 14:42:39:     at node:net:2274:7
2026-06-10 14:42:39:     at process.processTicksAndRejections (node:internal/process/task_queues:90:21) {
2026-06-10 14:42:39:   code: 'EADDRINUSE',
2026-06-10 14:42:39:   errno: -4091,
2026-06-10 14:42:39:   syscall: 'listen',
2026-06-10 14:42:39:   address: '0.0.0.0',
2026-06-10 14:42:39:   port: 5050
2026-06-10 14:42:39: }
2026-06-10 14:42:42: Error: listen EADDRINUSE: address already in use 0.0.0.0:5050
2026-06-10 14:42:42:     at Server.setupListenHandle [as _listen2] (node:net:2008:16)
2026-06-10 14:42:42:     at listenInCluster (node:net:2065:12)
2026-06-10 14:42:42:     at node:net:2274:7
2026-06-10 14:42:42:     at process.processTicksAndRejections (node:internal/process/task_queues:90:21) {
2026-06-10 14:42:42:   code: 'EADDRINUSE',
2026-06-10 14:42:42:   errno: -4091,
2026-06-10 14:42:42:   syscall: 'listen',
2026-06-10 14:42:42:   address: '0.0.0.0',
2026-06-10 14:42:42:   port: 5050
2026-06-10 14:42:42: }
2026-06-10 14:42:48: Error: listen EADDRINUSE: address already in use 0.0.0.0:5050
2026-06-10 14:42:48:     at Server.setupListenHandle [as _listen2] (node:net:2008:16)
2026-06-10 14:42:48:     at listenInCluster (node:net:2065:12)
2026-06-10 14:42:48:     at node:net:2274:7
2026-06-10 14:42:48:     at process.processTicksAndRejections (node:internal/process/task_queues:90:21) {
2026-06-10 14:42:48:   code: 'EADDRINUSE',
2026-06-10 14:42:48:   errno: -4091,
2026-06-10 14:42:48:   syscall: 'listen',
2026-06-10 14:42:48:   address: '0.0.0.0',
2026-06-10 14:42:48:   port: 5050
2026-06-10 14:42:48: }
2026-06-10 14:42:52: Error: listen EADDRINUSE: address already in use 0.0.0.0:5050
2026-06-10 14:42:52:     at Server.setupListenHandle [as _listen2] (node:net:2008:16)
2026-06-10 14:42:52:     at listenInCluster (node:net:2065:12)
2026-06-10 14:42:52:     at node:net:2274:7
2026-06-10 14:42:52:     at process.processTicksAndRejections (node:internal/process/task_queues:90:21) {
2026-06-10 14:42:52:   code: 'EADDRINUSE',
2026-06-10 14:42:52:   errno: -4091,
2026-06-10 14:42:52:   syscall: 'listen',
2026-06-10 14:42:52:   address: '0.0.0.0',
2026-06-10 14:42:52:   port: 5050
2026-06-10 14:42:52: }
2026-06-10 14:42:55: Error: listen EADDRINUSE: address already in use 0.0.0.0:5050
2026-06-10 14:42:55:     at Server.setupListenHandle [as _listen2] (node:net:2008:16)
2026-06-10 14:42:55:     at listenInCluster (node:net:2065:12)
2026-06-10 14:42:55:     at node:net:2274:7
2026-06-10 14:42:55:     at process.processTicksAndRejections (node:internal/process/task_queues:90:21) {
2026-06-10 14:42:55:   code: 'EADDRINUSE',
2026-06-10 14:42:55:   errno: -4091,
2026-06-10 14:42:55:   syscall: 'listen',
2026-06-10 14:42:55:   address: '0.0.0.0',
2026-06-10 14:42:55:   port: 5050
2026-06-10 14:42:55: }
2026-06-10 14:42:59: Error: listen EADDRINUSE: address already in use 0.0.0.0:5050
2026-06-10 14:42:59:     at Server.setupListenHandle [as _listen2] (node:net:2008:16)
2026-06-10 14:42:59:     at listenInCluster (node:net:2065:12)
2026-06-10 14:42:59:     at node:net:2274:7
2026-06-10 14:42:59:     at process.processTicksAndRejections (node:internal/process/task_queues:90:21) {
2026-06-10 14:42:59:   code: 'EADDRINUSE',
2026-06-10 14:42:59:   errno: -4091,
2026-06-10 14:42:59:   syscall: 'listen',
2026-06-10 14:42:59:   address: '0.0.0.0',
2026-06-10 14:42:59:   port: 5050
2026-06-10 14:42:59: }
2026-06-11 00:27:17: C:\Users\joshu\OneDrive\Documents\dnd\00 - Campaigns\Northwatch Wardens - (HomeBrew)\web\node_modules\node-pty\lib\conpty_console_list_agent.js:13
2026-06-11 00:27:17: var consoleProcessList = getConsoleProcessList(shellPid);
2026-06-11 00:27:17:                          ^
2026-06-11 00:27:17: 
2026-06-11 00:27:17: Error: AttachConsole failed
2026-06-11 00:27:17:     at Object.<anonymous> (C:\Users\joshu\OneDrive\Documents\dnd\00 - Campaigns\Northwatch Wardens - (HomeBrew)\web\node_modules\node-pty\lib\conpty_console_list_agent.js:13:26)
2026-06-11 00:27:17:     at Module._compile (node:internal/modules/cjs/loader:1830:14)
2026-06-11 00:27:17:     at Object..js (node:internal/modules/cjs/loader:1961:10)
2026-06-11 00:27:17:     at Module.load (node:internal/modules/cjs/loader:1553:32)
2026-06-11 00:27:17:     at Module._load (node:internal/modules/cjs/loader:1355:12)
2026-06-11 00:27:17:     at wrapModuleLoad (node:internal/modules/cjs/loader:255:19)
2026-06-11 00:27:17:     at Module.executeUserEntryPoint [as runMain] (node:internal/modules/run_main:154:5)
2026-06-11 00:27:17:     at node:internal/main/run_main_module:33:47
2026-06-11 00:27:17: 
2026-06-11 00:27:17: Node.js v24.15.0
2026-06-11 10:46:14: C:\Users\joshu\OneDrive\Documents\dnd\00 - Campaigns\Northwatch Wardens - (HomeBrew)\web\node_modules\node-pty\lib\conpty_console_list_agent.js:13
2026-06-11 10:46:14: var consoleProcessList = getConsoleProcessList(shellPid);
2026-06-11 10:46:14:                          ^
2026-06-11 10:46:14: 
2026-06-11 10:46:14: Error: AttachConsole failed
2026-06-11 10:46:14:     at Object.<anonymous> (C:\Users\joshu\OneDrive\Documents\dnd\00 - Campaigns\Northwatch Wardens - (HomeBrew)\web\node_modules\node-pty\lib\conpty_console_list_agent.js:13:26)
2026-06-11 10:46:14:     at Module._compile (node:internal/modules/cjs/loader:1830:14)
2026-06-11 10:46:14:     at Object..js (node:internal/modules/cjs/loader:1961:10)
2026-06-11 10:46:14:     at Module.load (node:internal/modules/cjs/loader:1553:32)
2026-06-11 10:46:14:     at Module._load (node:internal/modules/cjs/loader:1355:12)
2026-06-11 10:46:14:     at wrapModuleLoad (node:internal/modules/cjs/loader:255:19)
2026-06-11 10:46:14:     at Module.executeUserEntryPoint [as runMain] (node:internal/modules/run_main:154:5)
2026-06-11 10:46:14:     at node:internal/main/run_main_module:33:47
2026-06-11 10:46:14: 
2026-06-11 10:46:14: Node.js v24.15.0
2026-06-11 18:54:25: C:\Users\joshu\OneDrive\Documents\dnd\00 - Campaigns\Northwatch Wardens - (HomeBrew)\web\node_modules\node-pty\lib\conpty_console_list_agent.js:13
2026-06-11 18:54:25: var consoleProcessList = getConsoleProcessList(shellPid);
2026-06-11 18:54:25:                          ^
2026-06-11 18:54:25: 
2026-06-11 18:54:25: Error: AttachConsole failed
2026-06-11 18:54:25:     at Object.<anonymous> (C:\Users\joshu\OneDrive\Documents\dnd\00 - Campaigns\Northwatch Wardens - (HomeBrew)\web\node_modules\node-pty\lib\conpty_console_list_agent.js:13:26)
2026-06-11 18:54:25:     at Module._compile (node:internal/modules/cjs/loader:1830:14)
2026-06-11 18:54:25:     at Object..js (node:internal/modules/cjs/loader:1961:10)
2026-06-11 18:54:25:     at Module.load (node:internal/modules/cjs/loader:1553:32)
2026-06-11 18:54:25:     at Module._load (node:internal/modules/cjs/loader:1355:12)
2026-06-11 18:54:25:     at wrapModuleLoad (node:internal/modules/cjs/loader:255:19)
2026-06-11 18:54:25:     at Module.executeUserEntryPoint [as runMain] (node:internal/modules/run_main:154:5)
2026-06-11 18:54:25:     at node:internal/main/run_main_module:33:47
2026-06-11 18:54:25: 
2026-06-11 18:54:25: Node.js v24.15.0
2026-06-13 00:14:35: C:\Users\joshu\OneDrive\Documents\dnd\00 - Campaigns\Northwatch Wardens - (HomeBrew)\web\node_modules\node-pty\lib\conpty_console_list_agent.js:13
2026-06-13 00:14:35: var consoleProcessList = getConsoleProcessList(shellPid);
2026-06-13 00:14:35:                          ^
2026-06-13 00:14:35: 
2026-06-13 00:14:35: Error: AttachConsole failed
2026-06-13 00:14:35:     at Object.<anonymous> (C:\Users\joshu\OneDrive\Documents\dnd\00 - Campaigns\Northwatch Wardens - (HomeBrew)\web\node_modules\node-pty\lib\conpty_console_list_agent.js:13:26)
2026-06-13 00:14:35:     at Module._compile (node:internal/modules/cjs/loader:1830:14)
2026-06-13 00:14:35:     at Object..js (node:internal/modules/cjs/loader:1961:10)
2026-06-13 00:14:35:     at Module.load (node:internal/modules/cjs/loader:1553:32)
2026-06-13 00:14:35:     at Module._load (node:internal/modules/cjs/loader:1355:12)
2026-06-13 00:14:35:     at wrapModuleLoad (node:internal/modules/cjs/loader:255:19)
2026-06-13 00:14:35:     at Module.executeUserEntryPoint [as runMain] (node:internal/modules/run_main:154:5)
2026-06-13 00:14:35:     at node:internal/main/run_main_module:33:47
2026-06-13 00:14:35: 
2026-06-13 00:14:35: Node.js v24.15.0
2026-06-13 18:40:04: C:\Users\joshu\OneDrive\Documents\dnd\00 - Campaigns\Northwatch Wardens - (HomeBrew)\web\node_modules\node-pty\lib\conpty_console_list_agent.js:13
2026-06-13 18:40:04: var consoleProcessList = getConsoleProcessList(shellPid);
2026-06-13 18:40:04:                          ^
2026-06-13 18:40:04: 
2026-06-13 18:40:04: Error: AttachConsole failed
2026-06-13 18:40:04:     at Object.<anonymous> (C:\Users\joshu\OneDrive\Documents\dnd\00 - Campaigns\Northwatch Wardens - (HomeBrew)\web\node_modules\node-pty\lib\conpty_console_list_agent.js:13:26)
2026-06-13 18:40:04:     at Module._compile (node:internal/modules/cjs/loader:1830:14)
2026-06-13 18:40:04:     at Object..js (node:internal/modules/cjs/loader:1961:10)
2026-06-13 18:40:04:     at Module.load (node:internal/modules/cjs/loader:1553:32)
2026-06-13 18:40:04:     at Module._load (node:internal/modules/cjs/loader:1355:12)
2026-06-13 18:40:04:     at wrapModuleLoad (node:internal/modules/cjs/loader:255:19)
2026-06-13 18:40:04:     at Module.executeUserEntryPoint [as runMain] (node:internal/modules/run_main:154:5)
2026-06-13 18:40:04:     at node:internal/main/run_main_module:33:47
2026-06-13 18:40:04: 
2026-06-13 18:40:04: Node.js v24.15.0
