2026-06-10 13:56:40: Warning: Cannot polyfill `DOMMatrix`, rendering may be broken: "Error: Cannot find module 'canvas'
2026-06-10 13:56:40: Require stack:
2026-06-10 13:56:40: - C:\Users\joshu\OneDrive\Documents\dnd\00 - Campaigns\Northwatch Wardens - (HomeBrew)\web\node_modules\pdfjs-dist\legacy\build\pdf.js
2026-06-10 13:56:40: - C:\Users\joshu\OneDrive\Documents\dnd\00 - Campaigns\Northwatch Wardens - (HomeBrew)\web\lib\pdf-indexer.js
2026-06-10 13:56:40: - C:\Users\joshu\OneDrive\Documents\dnd\00 - Campaigns\Northwatch Wardens - (HomeBrew)\web\server.js".
2026-06-10 13:56:40: Warning: Cannot polyfill `Path2D`, rendering may be broken: "Error: Cannot find module 'canvas'
2026-06-10 13:56:40: Require stack:
2026-06-10 13:56:40: - C:\Users\joshu\OneDrive\Documents\dnd\00 - Campaigns\Northwatch Wardens - (HomeBrew)\web\node_modules\pdfjs-dist\legacy\build\pdf.js
2026-06-10 13:56:40: - C:\Users\joshu\OneDrive\Documents\dnd\00 - Campaigns\Northwatch Wardens - (HomeBrew)\web\lib\pdf-indexer.js
2026-06-10 13:56:40: - C:\Users\joshu\OneDrive\Documents\dnd\00 - Campaigns\Northwatch Wardens - (HomeBrew)\web\server.js".
2026-06-10 13:56:45: Warning: Cannot polyfill `DOMMatrix`, rendering may be broken: "Error: Cannot find module 'canvas'
2026-06-10 13:56:45: Require stack:
2026-06-10 13:56:45: - C:\Users\joshu\OneDrive\Documents\dnd\00 - Campaigns\Northwatch Wardens - (HomeBrew)\web\node_modules\pdfjs-dist\legacy\build\pdf.js
2026-06-10 13:56:45: - C:\Users\joshu\OneDrive\Documents\dnd\00 - Campaigns\Northwatch Wardens - (HomeBrew)\web\lib\pdf-indexer.js
2026-06-10 13:56:45: - C:\Users\joshu\OneDrive\Documents\dnd\00 - Campaigns\Northwatch Wardens - (HomeBrew)\web\server.js".
2026-06-10 13:56:45: Warning: Cannot polyfill `Path2D`, rendering may be broken: "Error: Cannot find module 'canvas'
2026-06-10 13:56:45: Require stack:
2026-06-10 13:56:45: - C:\Users\joshu\OneDrive\Documents\dnd\00 - Campaigns\Northwatch Wardens - (HomeBrew)\web\node_modules\pdfjs-dist\legacy\build\pdf.js
2026-06-10 13:56:45: - C:\Users\joshu\OneDrive\Documents\dnd\00 - Campaigns\Northwatch Wardens - (HomeBrew)\web\lib\pdf-indexer.js
2026-06-10 13:56:45: - C:\Users\joshu\OneDrive\Documents\dnd\00 - Campaigns\Northwatch Wardens - (HomeBrew)\web\server.js".
2026-06-10 13:56:48: Warning: Cannot polyfill `DOMMatrix`, rendering may be broken: "Error: Cannot find module 'canvas'
2026-06-10 13:56:48: Require stack:
2026-06-10 13:56:48: - C:\Users\joshu\OneDrive\Documents\dnd\00 - Campaigns\Northwatch Wardens - (HomeBrew)\web\node_modules\pdfjs-dist\legacy\build\pdf.js
2026-06-10 13:56:48: - C:\Users\joshu\OneDrive\Documents\dnd\00 - Campaigns\Northwatch Wardens - (HomeBrew)\web\lib\pdf-indexer.js
2026-06-10 13:56:48: - C:\Users\joshu\OneDrive\Documents\dnd\00 - Campaigns\Northwatch Wardens - (HomeBrew)\web\server.js".
2026-06-10 13:56:48: Warning: Cannot polyfill `Path2D`, rendering may be broken: "Error: Cannot find module 'canvas'
2026-06-10 13:56:48: Require stack:
2026-06-10 13:56:48: - C:\Users\joshu\OneDrive\Documents\dnd\00 - Campaigns\Northwatch Wardens - (HomeBrew)\web\node_modules\pdfjs-dist\legacy\build\pdf.js
2026-06-10 13:56:48: - C:\Users\joshu\OneDrive\Documents\dnd\00 - Campaigns\Northwatch Wardens - (HomeBrew)\web\lib\pdf-indexer.js
2026-06-10 13:56:48: - C:\Users\joshu\OneDrive\Documents\dnd\00 - Campaigns\Northwatch Wardens - (HomeBrew)\web\server.js".
2026-06-10 13:56:52: Warning: Cannot polyfill `DOMMatrix`, rendering may be broken: "Error: Cannot find module 'canvas'
2026-06-10 13:56:52: Require stack:
2026-06-10 13:56:52: - C:\Users\joshu\OneDrive\Documents\dnd\00 - Campaigns\Northwatch Wardens - (HomeBrew)\web\node_modules\pdfjs-dist\legacy\build\pdf.js
2026-06-10 13:56:52: - C:\Users\joshu\OneDrive\Documents\dnd\00 - Campaigns\Northwatch Wardens - (HomeBrew)\web\lib\pdf-indexer.js
2026-06-10 13:56:52: - C:\Users\joshu\OneDrive\Documents\dnd\00 - Campaigns\Northwatch Wardens - (HomeBrew)\web\server.js".
2026-06-10 13:56:52: Warning: Cannot polyfill `Path2D`, rendering may be broken: "Error: Cannot find module 'canvas'
2026-06-10 13:56:52: Require stack:
2026-06-10 13:56:52: - C:\Users\joshu\OneDrive\Documents\dnd\00 - Campaigns\Northwatch Wardens - (HomeBrew)\web\node_modules\pdfjs-dist\legacy\build\pdf.js
2026-06-10 13:56:52: - C:\Users\joshu\OneDrive\Documents\dnd\00 - Campaigns\Northwatch Wardens - (HomeBrew)\web\lib\pdf-indexer.js
2026-06-10 13:56:52: - C:\Users\joshu\OneDrive\Documents\dnd\00 - Campaigns\Northwatch Wardens - (HomeBrew)\web\server.js".
2026-06-10 13:56:55: Warning: Cannot polyfill `DOMMatrix`, rendering may be broken: "Error: Cannot find module 'canvas'
2026-06-10 13:56:55: Require stack:
2026-06-10 13:56:55: - C:\Users\joshu\OneDrive\Documents\dnd\00 - Campaigns\Northwatch Wardens - (HomeBrew)\web\node_modules\pdfjs-dist\legacy\build\pdf.js
2026-06-10 13:56:55: - C:\Users\joshu\OneDrive\Documents\dnd\00 - Campaigns\Northwatch Wardens - (HomeBrew)\web\lib\pdf-indexer.js
2026-06-10 13:56:55: - C:\Users\joshu\OneDrive\Documents\dnd\00 - Campaigns\Northwatch Wardens - (HomeBrew)\web\server.js".
2026-06-10 13:56:55: Warning: Cannot polyfill `Path2D`, rendering may be broken: "Error: Cannot find module 'canvas'
2026-06-10 13:56:55: Require stack:
2026-06-10 13:56:55: - C:\Users\joshu\OneDrive\Documents\dnd\00 - Campaigns\Northwatch Wardens - (HomeBrew)\web\node_modules\pdfjs-dist\legacy\build\pdf.js
2026-06-10 13:56:55: - C:\Users\joshu\OneDrive\Documents\dnd\00 - Campaigns\Northwatch Wardens - (HomeBrew)\web\lib\pdf-indexer.js
2026-06-10 13:56:55: - C:\Users\joshu\OneDrive\Documents\dnd\00 - Campaigns\Northwatch Wardens - (HomeBrew)\web\server.js".
2026-06-10 13:56:58: Warning: Cannot polyfill `DOMMatrix`, rendering may be broken: "Error: Cannot find module 'canvas'
2026-06-10 13:56:58: Require stack:
2026-06-10 13:56:58: - C:\Users\joshu\OneDrive\Documents\dnd\00 - Campaigns\Northwatch Wardens - (HomeBrew)\web\node_modules\pdfjs-dist\legacy\build\pdf.js
2026-06-10 13:56:58: - C:\Users\joshu\OneDrive\Documents\dnd\00 - Campaigns\Northwatch Wardens - (HomeBrew)\web\lib\pdf-indexer.js
2026-06-10 13:56:58: - C:\Users\joshu\OneDrive\Documents\dnd\00 - Campaigns\Northwatch Wardens - (HomeBrew)\web\server.js".
2026-06-10 13:56:58: Warning: Cannot polyfill `Path2D`, rendering may be broken: "Error: Cannot find module 'canvas'
2026-06-10 13:56:58: Require stack:
2026-06-10 13:56:58: - C:\Users\joshu\OneDrive\Documents\dnd\00 - Campaigns\Northwatch Wardens - (HomeBrew)\web\node_modules\pdfjs-dist\legacy\build\pdf.js
2026-06-10 13:56:58: - C:\Users\joshu\OneDrive\Documents\dnd\00 - Campaigns\Northwatch Wardens - (HomeBrew)\web\lib\pdf-indexer.js
2026-06-10 13:56:58: - C:\Users\joshu\OneDrive\Documents\dnd\00 - Campaigns\Northwatch Wardens - (HomeBrew)\web\server.js".
2026-06-10 13:57:02: Warning: Cannot polyfill `DOMMatrix`, rendering may be broken: "Error: Cannot find module 'canvas'
2026-06-10 13:57:02: Require stack:
2026-06-10 13:57:02: - C:\Users\joshu\OneDrive\Documents\dnd\00 - Campaigns\Northwatch Wardens - (HomeBrew)\web\node_modules\pdfjs-dist\legacy\build\pdf.js
2026-06-10 13:57:02: - C:\Users\joshu\OneDrive\Documents\dnd\00 - Campaigns\Northwatch Wardens - (HomeBrew)\web\lib\pdf-indexer.js
2026-06-10 13:57:02: - C:\Users\joshu\OneDrive\Documents\dnd\00 - Campaigns\Northwatch Wardens - (HomeBrew)\web\server.js".
2026-06-10 13:57:02: Warning: Cannot polyfill `Path2D`, rendering may be broken: "Error: Cannot find module 'canvas'
2026-06-10 13:57:02: Require stack:
2026-06-10 13:57:02: - C:\Users\joshu\OneDrive\Documents\dnd\00 - Campaigns\Northwatch Wardens - (HomeBrew)\web\node_modules\pdfjs-dist\legacy\build\pdf.js
2026-06-10 13:57:02: - C:\Users\joshu\OneDrive\Documents\dnd\00 - Campaigns\Northwatch Wardens - (HomeBrew)\web\lib\pdf-indexer.js
2026-06-10 13:57:02: - C:\Users\joshu\OneDrive\Documents\dnd\00 - Campaigns\Northwatch Wardens - (HomeBrew)\web\server.js".
2026-06-10 13:57:05: Warning: Cannot polyfill `DOMMatrix`, rendering may be broken: "Error: Cannot find module 'canvas'
2026-06-10 13:57:05: Require stack:
2026-06-10 13:57:05: - C:\Users\joshu\OneDrive\Documents\dnd\00 - Campaigns\Northwatch Wardens - (HomeBrew)\web\node_modules\pdfjs-dist\legacy\build\pdf.js
2026-06-10 13:57:05: - C:\Users\joshu\OneDrive\Documents\dnd\00 - Campaigns\Northwatch Wardens - (HomeBrew)\web\lib\pdf-indexer.js
2026-06-10 13:57:05: - C:\Users\joshu\OneDrive\Documents\dnd\00 - Campaigns\Northwatch Wardens - (HomeBrew)\web\server.js".
2026-06-10 13:57:05: Warning: Cannot polyfill `Path2D`, rendering may be broken: "Error: Cannot find module 'canvas'
2026-06-10 13:57:05: Require stack:
2026-06-10 13:57:05: - C:\Users\joshu\OneDrive\Documents\dnd\00 - Campaigns\Northwatch Wardens - (HomeBrew)\web\node_modules\pdfjs-dist\legacy\build\pdf.js
2026-06-10 13:57:05: - C:\Users\joshu\OneDrive\Documents\dnd\00 - Campaigns\Northwatch Wardens - (HomeBrew)\web\lib\pdf-indexer.js
2026-06-10 13:57:05: - C:\Users\joshu\OneDrive\Documents\dnd\00 - Campaigns\Northwatch Wardens - (HomeBrew)\web\server.js".
2026-06-10 13:57:08: Warning: Cannot polyfill `DOMMatrix`, rendering may be broken: "Error: Cannot find module 'canvas'
2026-06-10 13:57:08: Require stack:
2026-06-10 13:57:08: - C:\Users\joshu\OneDrive\Documents\dnd\00 - Campaigns\Northwatch Wardens - (HomeBrew)\web\node_modules\pdfjs-dist\legacy\build\pdf.js
2026-06-10 13:57:08: - C:\Users\joshu\OneDrive\Documents\dnd\00 - Campaigns\Northwatch Wardens - (HomeBrew)\web\lib\pdf-indexer.js
2026-06-10 13:57:08: - C:\Users\joshu\OneDrive\Documents\dnd\00 - Campaigns\Northwatch Wardens - (HomeBrew)\web\server.js".
2026-06-10 13:57:08: Warning: Cannot polyfill `Path2D`, rendering may be broken: "Error: Cannot find module 'canvas'
2026-06-10 13:57:08: Require stack:
2026-06-10 13:57:08: - C:\Users\joshu\OneDrive\Documents\dnd\00 - Campaigns\Northwatch Wardens - (HomeBrew)\web\node_modules\pdfjs-dist\legacy\build\pdf.js
2026-06-10 13:57:08: - C:\Users\joshu\OneDrive\Documents\dnd\00 - Campaigns\Northwatch Wardens - (HomeBrew)\web\lib\pdf-indexer.js
2026-06-10 13:57:08: - C:\Users\joshu\OneDrive\Documents\dnd\00 - Campaigns\Northwatch Wardens - (HomeBrew)\web\server.js".
2026-06-10 13:57:12: Warning: Cannot polyfill `DOMMatrix`, rendering may be broken: "Error: Cannot find module 'canvas'
2026-06-10 13:57:12: Require stack:
2026-06-10 13:57:12: - C:\Users\joshu\OneDrive\Documents\dnd\00 - Campaigns\Northwatch Wardens - (HomeBrew)\web\node_modules\pdfjs-dist\legacy\build\pdf.js
2026-06-10 13:57:12: - C:\Users\joshu\OneDrive\Documents\dnd\00 - Campaigns\Northwatch Wardens - (HomeBrew)\web\lib\pdf-indexer.js
2026-06-10 13:57:12: - C:\Users\joshu\OneDrive\Documents\dnd\00 - Campaigns\Northwatch Wardens - (HomeBrew)\web\server.js".
2026-06-10 13:57:12: Warning: Cannot polyfill `Path2D`, rendering may be broken: "Error: Cannot find module 'canvas'
2026-06-10 13:57:12: Require stack:
2026-06-10 13:57:12: - C:\Users\joshu\OneDrive\Documents\dnd\00 - Campaigns\Northwatch Wardens - (HomeBrew)\web\node_modules\pdfjs-dist\legacy\build\pdf.js
2026-06-10 13:57:12: - C:\Users\joshu\OneDrive\Documents\dnd\00 - Campaigns\Northwatch Wardens - (HomeBrew)\web\lib\pdf-indexer.js
2026-06-10 13:57:12: - C:\Users\joshu\OneDrive\Documents\dnd\00 - Campaigns\Northwatch Wardens - (HomeBrew)\web\server.js".
2026-06-10 13:57:17: Warning: Cannot polyfill `DOMMatrix`, rendering may be broken: "Error: Cannot find module 'canvas'
2026-06-10 13:57:17: Require stack:
2026-06-10 13:57:17: - C:\Users\joshu\OneDrive\Documents\dnd\00 - Campaigns\Northwatch Wardens - (HomeBrew)\web\node_modules\pdfjs-dist\legacy\build\pdf.js
2026-06-10 13:57:17: - C:\Users\joshu\OneDrive\Documents\dnd\00 - Campaigns\Northwatch Wardens - (HomeBrew)\web\lib\pdf-indexer.js
2026-06-10 13:57:17: - C:\Users\joshu\OneDrive\Documents\dnd\00 - Campaigns\Northwatch Wardens - (HomeBrew)\web\server.js".
2026-06-10 13:57:17: Warning: Cannot polyfill `Path2D`, rendering may be broken: "Error: Cannot find module 'canvas'
2026-06-10 13:57:17: Require stack:
2026-06-10 13:57:17: - C:\Users\joshu\OneDrive\Documents\dnd\00 - Campaigns\Northwatch Wardens - (HomeBrew)\web\node_modules\pdfjs-dist\legacy\build\pdf.js
2026-06-10 13:57:17: - C:\Users\joshu\OneDrive\Documents\dnd\00 - Campaigns\Northwatch Wardens - (HomeBrew)\web\lib\pdf-indexer.js
2026-06-10 13:57:17: - C:\Users\joshu\OneDrive\Documents\dnd\00 - Campaigns\Northwatch Wardens - (HomeBrew)\web\server.js".
2026-06-10 13:57:21: Warning: Cannot polyfill `DOMMatrix`, rendering may be broken: "Error: Cannot find module 'canvas'
2026-06-10 13:57:21: Require stack:
2026-06-10 13:57:21: - C:\Users\joshu\OneDrive\Documents\dnd\00 - Campaigns\Northwatch Wardens - (HomeBrew)\web\node_modules\pdfjs-dist\legacy\build\pdf.js
2026-06-10 13:57:21: - C:\Users\joshu\OneDrive\Documents\dnd\00 - Campaigns\Northwatch Wardens - (HomeBrew)\web\lib\pdf-indexer.js
2026-06-10 13:57:21: - C:\Users\joshu\OneDrive\Documents\dnd\00 - Campaigns\Northwatch Wardens - (HomeBrew)\web\server.js".
2026-06-10 13:57:21: Warning: Cannot polyfill `Path2D`, rendering may be broken: "Error: Cannot find module 'canvas'
2026-06-10 13:57:21: Require stack:
2026-06-10 13:57:21: - C:\Users\joshu\OneDrive\Documents\dnd\00 - Campaigns\Northwatch Wardens - (HomeBrew)\web\node_modules\pdfjs-dist\legacy\build\pdf.js
2026-06-10 13:57:21: - C:\Users\joshu\OneDrive\Documents\dnd\00 - Campaigns\Northwatch Wardens - (HomeBrew)\web\lib\pdf-indexer.js
2026-06-10 13:57:21: - C:\Users\joshu\OneDrive\Documents\dnd\00 - Campaigns\Northwatch Wardens - (HomeBrew)\web\server.js".
2026-06-10 13:57:25: Warning: Cannot polyfill `DOMMatrix`, rendering may be broken: "Error: Cannot find module 'canvas'
2026-06-10 13:57:25: Require stack:
2026-06-10 13:57:25: - C:\Users\joshu\OneDrive\Documents\dnd\00 - Campaigns\Northwatch Wardens - (HomeBrew)\web\node_modules\pdfjs-dist\legacy\build\pdf.js
2026-06-10 13:57:25: - C:\Users\joshu\OneDrive\Documents\dnd\00 - Campaigns\Northwatch Wardens - (HomeBrew)\web\lib\pdf-indexer.js
2026-06-10 13:57:25: - C:\Users\joshu\OneDrive\Documents\dnd\00 - Campaigns\Northwatch Wardens - (HomeBrew)\web\server.js".
2026-06-10 13:57:25: Warning: Cannot polyfill `Path2D`, rendering may be broken: "Error: Cannot find module 'canvas'
2026-06-10 13:57:25: Require stack:
2026-06-10 13:57:25: - C:\Users\joshu\OneDrive\Documents\dnd\00 - Campaigns\Northwatch Wardens - (HomeBrew)\web\node_modules\pdfjs-dist\legacy\build\pdf.js
2026-06-10 13:57:25: - C:\Users\joshu\OneDrive\Documents\dnd\00 - Campaigns\Northwatch Wardens - (HomeBrew)\web\lib\pdf-indexer.js
2026-06-10 13:57:25: - C:\Users\joshu\OneDrive\Documents\dnd\00 - Campaigns\Northwatch Wardens - (HomeBrew)\web\server.js".
2026-06-10 13:57:29: Warning: Cannot polyfill `DOMMatrix`, rendering may be broken: "Error: Cannot find module 'canvas'
2026-06-10 13:57:29: Require stack:
2026-06-10 13:57:29: - C:\Users\joshu\OneDrive\Documents\dnd\00 - Campaigns\Northwatch Wardens - (HomeBrew)\web\node_modules\pdfjs-dist\legacy\build\pdf.js
2026-06-10 13:57:29: - C:\Users\joshu\OneDrive\Documents\dnd\00 - Campaigns\Northwatch Wardens - (HomeBrew)\web\lib\pdf-indexer.js
2026-06-10 13:57:29: - C:\Users\joshu\OneDrive\Documents\dnd\00 - Campaigns\Northwatch Wardens - (HomeBrew)\web\server.js".
2026-06-10 13:57:29: Warning: Cannot polyfill `Path2D`, rendering may be broken: "Error: Cannot find module 'canvas'
2026-06-10 13:57:29: Require stack:
2026-06-10 13:57:29: - C:\Users\joshu\OneDrive\Documents\dnd\00 - Campaigns\Northwatch Wardens - (HomeBrew)\web\node_modules\pdfjs-dist\legacy\build\pdf.js
2026-06-10 13:57:29: - C:\Users\joshu\OneDrive\Documents\dnd\00 - Campaigns\Northwatch Wardens - (HomeBrew)\web\lib\pdf-indexer.js
2026-06-10 13:57:29: - C:\Users\joshu\OneDrive\Documents\dnd\00 - Campaigns\Northwatch Wardens - (HomeBrew)\web\server.js".
2026-06-10 13:57:33: Warning: Cannot polyfill `DOMMatrix`, rendering may be broken: "Error: Cannot find module 'canvas'
2026-06-10 13:57:33: Require stack:
2026-06-10 13:57:33: - C:\Users\joshu\OneDrive\Documents\dnd\00 - Campaigns\Northwatch Wardens - (HomeBrew)\web\node_modules\pdfjs-dist\legacy\build\pdf.js
2026-06-10 13:57:33: - C:\Users\joshu\OneDrive\Documents\dnd\00 - Campaigns\Northwatch Wardens - (HomeBrew)\web\lib\pdf-indexer.js
2026-06-10 13:57:33: - C:\Users\joshu\OneDrive\Documents\dnd\00 - Campaigns\Northwatch Wardens - (HomeBrew)\web\server.js".
2026-06-10 13:57:33: Warning: Cannot polyfill `Path2D`, rendering may be broken: "Error: Cannot find module 'canvas'
2026-06-10 13:57:33: Require stack:
2026-06-10 13:57:33: - C:\Users\joshu\OneDrive\Documents\dnd\00 - Campaigns\Northwatch Wardens - (HomeBrew)\web\node_modules\pdfjs-dist\legacy\build\pdf.js
2026-06-10 13:57:33: - C:\Users\joshu\OneDrive\Documents\dnd\00 - Campaigns\Northwatch Wardens - (HomeBrew)\web\lib\pdf-indexer.js
2026-06-10 13:57:33: - C:\Users\joshu\OneDrive\Documents\dnd\00 - Campaigns\Northwatch Wardens - (HomeBrew)\web\server.js".
2026-06-10 13:57:38: Warning: Cannot polyfill `DOMMatrix`, rendering may be broken: "Error: Cannot find module 'canvas'
2026-06-10 13:57:38: Require stack:
2026-06-10 13:57:38: - C:\Users\joshu\OneDrive\Documents\dnd\00 - Campaigns\Northwatch Wardens - (HomeBrew)\web\node_modules\pdfjs-dist\legacy\build\pdf.js
2026-06-10 13:57:38: - C:\Users\joshu\OneDrive\Documents\dnd\00 - Campaigns\Northwatch Wardens - (HomeBrew)\web\lib\pdf-indexer.js
2026-06-10 13:57:38: - C:\Users\joshu\OneDrive\Documents\dnd\00 - Campaigns\Northwatch Wardens - (HomeBrew)\web\server.js".
2026-06-10 13:57:38: Warning: Cannot polyfill `Path2D`, rendering may be broken: "Error: Cannot find module 'canvas'
2026-06-10 13:57:38: Require stack:
2026-06-10 13:57:38: - C:\Users\joshu\OneDrive\Documents\dnd\00 - Campaigns\Northwatch Wardens - (HomeBrew)\web\node_modules\pdfjs-dist\legacy\build\pdf.js
2026-06-10 13:57:38: - C:\Users\joshu\OneDrive\Documents\dnd\00 - Campaigns\Northwatch Wardens - (HomeBrew)\web\lib\pdf-indexer.js
2026-06-10 13:57:38: - C:\Users\joshu\OneDrive\Documents\dnd\00 - Campaigns\Northwatch Wardens - (HomeBrew)\web\server.js".
2026-06-10 13:57:42: Warning: Cannot polyfill `DOMMatrix`, rendering may be broken: "Error: Cannot find module 'canvas'
2026-06-10 13:57:42: Require stack:
2026-06-10 13:57:42: - C:\Users\joshu\OneDrive\Documents\dnd\00 - Campaigns\Northwatch Wardens - (HomeBrew)\web\node_modules\pdfjs-dist\legacy\build\pdf.js
2026-06-10 13:57:42: - C:\Users\joshu\OneDrive\Documents\dnd\00 - Campaigns\Northwatch Wardens - (HomeBrew)\web\lib\pdf-indexer.js
2026-06-10 13:57:42: - C:\Users\joshu\OneDrive\Documents\dnd\00 - Campaigns\Northwatch Wardens - (HomeBrew)\web\server.js".
2026-06-10 13:57:42: Warning: Cannot polyfill `Path2D`, rendering may be broken: "Error: Cannot find module 'canvas'
2026-06-10 13:57:42: Require stack:
2026-06-10 13:57:42: - C:\Users\joshu\OneDrive\Documents\dnd\00 - Campaigns\Northwatch Wardens - (HomeBrew)\web\node_modules\pdfjs-dist\legacy\build\pdf.js
2026-06-10 13:57:42: - C:\Users\joshu\OneDrive\Documents\dnd\00 - Campaigns\Northwatch Wardens - (HomeBrew)\web\lib\pdf-indexer.js
2026-06-10 13:57:42: - C:\Users\joshu\OneDrive\Documents\dnd\00 - Campaigns\Northwatch Wardens - (HomeBrew)\web\server.js".
2026-06-10 13:57:46: Warning: Cannot polyfill `DOMMatrix`, rendering may be broken: "Error: Cannot find module 'canvas'
2026-06-10 13:57:46: Require stack:
2026-06-10 13:57:46: - C:\Users\joshu\OneDrive\Documents\dnd\00 - Campaigns\Northwatch Wardens - (HomeBrew)\web\node_modules\pdfjs-dist\legacy\build\pdf.js
2026-06-10 13:57:46: - C:\Users\joshu\OneDrive\Documents\dnd\00 - Campaigns\Northwatch Wardens - (HomeBrew)\web\lib\pdf-indexer.js
2026-06-10 13:57:46: - C:\Users\joshu\OneDrive\Documents\dnd\00 - Campaigns\Northwatch Wardens - (HomeBrew)\web\server.js".
2026-06-10 13:57:46: Warning: Cannot polyfill `Path2D`, rendering may be broken: "Error: Cannot find module 'canvas'
2026-06-10 13:57:46: Require stack:
2026-06-10 13:57:46: - C:\Users\joshu\OneDrive\Documents\dnd\00 - Campaigns\Northwatch Wardens - (HomeBrew)\web\node_modules\pdfjs-dist\legacy\build\pdf.js
2026-06-10 13:57:46: - C:\Users\joshu\OneDrive\Documents\dnd\00 - Campaigns\Northwatch Wardens - (HomeBrew)\web\lib\pdf-indexer.js
2026-06-10 13:57:46: - C:\Users\joshu\OneDrive\Documents\dnd\00 - Campaigns\Northwatch Wardens - (HomeBrew)\web\server.js".
2026-06-10 13:57:50: Warning: Cannot polyfill `DOMMatrix`, rendering may be broken: "Error: Cannot find module 'canvas'
2026-06-10 13:57:50: Require stack:
2026-06-10 13:57:50: - C:\Users\joshu\OneDrive\Documents\dnd\00 - Campaigns\Northwatch Wardens - (HomeBrew)\web\node_modules\pdfjs-dist\legacy\build\pdf.js
2026-06-10 13:57:50: - C:\Users\joshu\OneDrive\Documents\dnd\00 - Campaigns\Northwatch Wardens - (HomeBrew)\web\lib\pdf-indexer.js
2026-06-10 13:57:50: - C:\Users\joshu\OneDrive\Documents\dnd\00 - Campaigns\Northwatch Wardens - (HomeBrew)\web\server.js".
2026-06-10 13:57:50: Warning: Cannot polyfill `Path2D`, rendering may be broken: "Error: Cannot find module 'canvas'
2026-06-10 13:57:50: Require stack:
2026-06-10 13:57:50: - C:\Users\joshu\OneDrive\Documents\dnd\00 - Campaigns\Northwatch Wardens - (HomeBrew)\web\node_modules\pdfjs-dist\legacy\build\pdf.js
2026-06-10 13:57:50: - C:\Users\joshu\OneDrive\Documents\dnd\00 - Campaigns\Northwatch Wardens - (HomeBrew)\web\lib\pdf-indexer.js
2026-06-10 13:57:50: - C:\Users\joshu\OneDrive\Documents\dnd\00 - Campaigns\Northwatch Wardens - (HomeBrew)\web\server.js".
2026-06-10 13:57:54: Warning: Cannot polyfill `DOMMatrix`, rendering may be broken: "Error: Cannot find module 'canvas'
2026-06-10 13:57:54: Require stack:
2026-06-10 13:57:54: - C:\Users\joshu\OneDrive\Documents\dnd\00 - Campaigns\Northwatch Wardens - (HomeBrew)\web\node_modules\pdfjs-dist\legacy\build\pdf.js
2026-06-10 13:57:54: - C:\Users\joshu\OneDrive\Documents\dnd\00 - Campaigns\Northwatch Wardens - (HomeBrew)\web\lib\pdf-indexer.js
2026-06-10 13:57:54: - C:\Users\joshu\OneDrive\Documents\dnd\00 - Campaigns\Northwatch Wardens - (HomeBrew)\web\server.js".
2026-06-10 13:57:54: Warning: Cannot polyfill `Path2D`, rendering may be broken: "Error: Cannot find module 'canvas'
2026-06-10 13:57:54: Require stack:
2026-06-10 13:57:54: - C:\Users\joshu\OneDrive\Documents\dnd\00 - Campaigns\Northwatch Wardens - (HomeBrew)\web\node_modules\pdfjs-dist\legacy\build\pdf.js
2026-06-10 13:57:54: - C:\Users\joshu\OneDrive\Documents\dnd\00 - Campaigns\Northwatch Wardens - (HomeBrew)\web\lib\pdf-indexer.js
2026-06-10 13:57:54: - C:\Users\joshu\OneDrive\Documents\dnd\00 - Campaigns\Northwatch Wardens - (HomeBrew)\web\server.js".
2026-06-10 13:57:57: Warning: Cannot polyfill `DOMMatrix`, rendering may be broken: "Error: Cannot find module 'canvas'
2026-06-10 13:57:57: Require stack:
2026-06-10 13:57:57: - C:\Users\joshu\OneDrive\Documents\dnd\00 - Campaigns\Northwatch Wardens - (HomeBrew)\web\node_modules\pdfjs-dist\legacy\build\pdf.js
2026-06-10 13:57:57: - C:\Users\joshu\OneDrive\Documents\dnd\00 - Campaigns\Northwatch Wardens - (HomeBrew)\web\lib\pdf-indexer.js
2026-06-10 13:57:57: - C:\Users\joshu\OneDrive\Documents\dnd\00 - Campaigns\Northwatch Wardens - (HomeBrew)\web\server.js".
2026-06-10 13:57:57: Warning: Cannot polyfill `Path2D`, rendering may be broken: "Error: Cannot find module 'canvas'
2026-06-10 13:57:57: Require stack:
2026-06-10 13:57:57: - C:\Users\joshu\OneDrive\Documents\dnd\00 - Campaigns\Northwatch Wardens - (HomeBrew)\web\node_modules\pdfjs-dist\legacy\build\pdf.js
2026-06-10 13:57:57: - C:\Users\joshu\OneDrive\Documents\dnd\00 - Campaigns\Northwatch Wardens - (HomeBrew)\web\lib\pdf-indexer.js
2026-06-10 13:57:57: - C:\Users\joshu\OneDrive\Documents\dnd\00 - Campaigns\Northwatch Wardens - (HomeBrew)\web\server.js".
2026-06-10 13:58:02: Warning: Cannot polyfill `DOMMatrix`, rendering may be broken: "Error: Cannot find module 'canvas'
2026-06-10 13:58:02: Require stack:
2026-06-10 13:58:02: - C:\Users\joshu\OneDrive\Documents\dnd\00 - Campaigns\Northwatch Wardens - (HomeBrew)\web\node_modules\pdfjs-dist\legacy\build\pdf.js
2026-06-10 13:58:02: - C:\Users\joshu\OneDrive\Documents\dnd\00 - Campaigns\Northwatch Wardens - (HomeBrew)\web\lib\pdf-indexer.js
2026-06-10 13:58:02: - C:\Users\joshu\OneDrive\Documents\dnd\00 - Campaigns\Northwatch Wardens - (HomeBrew)\web\server.js".
2026-06-10 13:58:02: Warning: Cannot polyfill `Path2D`, rendering may be broken: "Error: Cannot find module 'canvas'
2026-06-10 13:58:02: Require stack:
2026-06-10 13:58:02: - C:\Users\joshu\OneDrive\Documents\dnd\00 - Campaigns\Northwatch Wardens - (HomeBrew)\web\node_modules\pdfjs-dist\legacy\build\pdf.js
2026-06-10 13:58:02: - C:\Users\joshu\OneDrive\Documents\dnd\00 - Campaigns\Northwatch Wardens - (HomeBrew)\web\lib\pdf-indexer.js
2026-06-10 13:58:02: - C:\Users\joshu\OneDrive\Documents\dnd\00 - Campaigns\Northwatch Wardens - (HomeBrew)\web\server.js".
2026-06-10 13:58:05: Warning: Cannot polyfill `DOMMatrix`, rendering may be broken: "Error: Cannot find module 'canvas'
2026-06-10 13:58:05: Require stack:
2026-06-10 13:58:05: - C:\Users\joshu\OneDrive\Documents\dnd\00 - Campaigns\Northwatch Wardens - (HomeBrew)\web\node_modules\pdfjs-dist\legacy\build\pdf.js
2026-06-10 13:58:05: - C:\Users\joshu\OneDrive\Documents\dnd\00 - Campaigns\Northwatch Wardens - (HomeBrew)\web\lib\pdf-indexer.js
2026-06-10 13:58:05: - C:\Users\joshu\OneDrive\Documents\dnd\00 - Campaigns\Northwatch Wardens - (HomeBrew)\web\server.js".
2026-06-10 13:58:05: Warning: Cannot polyfill `Path2D`, rendering may be broken: "Error: Cannot find module 'canvas'
2026-06-10 13:58:05: Require stack:
2026-06-10 13:58:05: - C:\Users\joshu\OneDrive\Documents\dnd\00 - Campaigns\Northwatch Wardens - (HomeBrew)\web\node_modules\pdfjs-dist\legacy\build\pdf.js
2026-06-10 13:58:05: - C:\Users\joshu\OneDrive\Documents\dnd\00 - Campaigns\Northwatch Wardens - (HomeBrew)\web\lib\pdf-indexer.js
2026-06-10 13:58:05: - C:\Users\joshu\OneDrive\Documents\dnd\00 - Campaigns\Northwatch Wardens - (HomeBrew)\web\server.js".
2026-06-10 13:58:10: Warning: Cannot polyfill `DOMMatrix`, rendering may be broken: "Error: Cannot find module 'canvas'
2026-06-10 13:58:10: Require stack:
2026-06-10 13:58:10: - C:\Users\joshu\OneDrive\Documents\dnd\00 - Campaigns\Northwatch Wardens - (HomeBrew)\web\node_modules\pdfjs-dist\legacy\build\pdf.js
2026-06-10 13:58:10: - C:\Users\joshu\OneDrive\Documents\dnd\00 - Campaigns\Northwatch Wardens - (HomeBrew)\web\lib\pdf-indexer.js
2026-06-10 13:58:10: - C:\Users\joshu\OneDrive\Documents\dnd\00 - Campaigns\Northwatch Wardens - (HomeBrew)\web\server.js".
2026-06-10 13:58:10: Warning: Cannot polyfill `Path2D`, rendering may be broken: "Error: Cannot find module 'canvas'
2026-06-10 13:58:10: Require stack:
2026-06-10 13:58:10: - C:\Users\joshu\OneDrive\Documents\dnd\00 - Campaigns\Northwatch Wardens - (HomeBrew)\web\node_modules\pdfjs-dist\legacy\build\pdf.js
2026-06-10 13:58:10: - C:\Users\joshu\OneDrive\Documents\dnd\00 - Campaigns\Northwatch Wardens - (HomeBrew)\web\lib\pdf-indexer.js
2026-06-10 13:58:10: - C:\Users\joshu\OneDrive\Documents\dnd\00 - Campaigns\Northwatch Wardens - (HomeBrew)\web\server.js".
2026-06-10 13:58:14: Warning: Cannot polyfill `DOMMatrix`, rendering may be broken: "Error: Cannot find module 'canvas'
2026-06-10 13:58:14: Require stack:
2026-06-10 13:58:14: - C:\Users\joshu\OneDrive\Documents\dnd\00 - Campaigns\Northwatch Wardens - (HomeBrew)\web\node_modules\pdfjs-dist\legacy\build\pdf.js
2026-06-10 13:58:14: - C:\Users\joshu\OneDrive\Documents\dnd\00 - Campaigns\Northwatch Wardens - (HomeBrew)\web\lib\pdf-indexer.js
2026-06-10 13:58:14: - C:\Users\joshu\OneDrive\Documents\dnd\00 - Campaigns\Northwatch Wardens - (HomeBrew)\web\server.js".
2026-06-10 13:58:14: Warning: Cannot polyfill `Path2D`, rendering may be broken: "Error: Cannot find module 'canvas'
2026-06-10 13:58:14: Require stack:
2026-06-10 13:58:14: - C:\Users\joshu\OneDrive\Documents\dnd\00 - Campaigns\Northwatch Wardens - (HomeBrew)\web\node_modules\pdfjs-dist\legacy\build\pdf.js
2026-06-10 13:58:14: - C:\Users\joshu\OneDrive\Documents\dnd\00 - Campaigns\Northwatch Wardens - (HomeBrew)\web\lib\pdf-indexer.js
2026-06-10 13:58:14: - C:\Users\joshu\OneDrive\Documents\dnd\00 - Campaigns\Northwatch Wardens - (HomeBrew)\web\server.js".
2026-06-10 13:58:17: Warning: Cannot polyfill `DOMMatrix`, rendering may be broken: "Error: Cannot find module 'canvas'
2026-06-10 13:58:17: Require stack:
2026-06-10 13:58:17: - C:\Users\joshu\OneDrive\Documents\dnd\00 - Campaigns\Northwatch Wardens - (HomeBrew)\web\node_modules\pdfjs-dist\legacy\build\pdf.js
2026-06-10 13:58:17: - C:\Users\joshu\OneDrive\Documents\dnd\00 - Campaigns\Northwatch Wardens - (HomeBrew)\web\lib\pdf-indexer.js
2026-06-10 13:58:17: - C:\Users\joshu\OneDrive\Documents\dnd\00 - Campaigns\Northwatch Wardens - (HomeBrew)\web\server.js".
2026-06-10 13:58:17: Warning: Cannot polyfill `Path2D`, rendering may be broken: "Error: Cannot find module 'canvas'
2026-06-10 13:58:17: Require stack:
2026-06-10 13:58:17: - C:\Users\joshu\OneDrive\Documents\dnd\00 - Campaigns\Northwatch Wardens - (HomeBrew)\web\node_modules\pdfjs-dist\legacy\build\pdf.js
2026-06-10 13:58:17: - C:\Users\joshu\OneDrive\Documents\dnd\00 - Campaigns\Northwatch Wardens - (HomeBrew)\web\lib\pdf-indexer.js
2026-06-10 13:58:17: - C:\Users\joshu\OneDrive\Documents\dnd\00 - Campaigns\Northwatch Wardens - (HomeBrew)\web\server.js".
2026-06-10 13:58:20: Warning: Cannot polyfill `DOMMatrix`, rendering may be broken: "Error: Cannot find module 'canvas'
2026-06-10 13:58:20: Require stack:
2026-06-10 13:58:20: - C:\Users\joshu\OneDrive\Documents\dnd\00 - Campaigns\Northwatch Wardens - (HomeBrew)\web\node_modules\pdfjs-dist\legacy\build\pdf.js
2026-06-10 13:58:20: - C:\Users\joshu\OneDrive\Documents\dnd\00 - Campaigns\Northwatch Wardens - (HomeBrew)\web\lib\pdf-indexer.js
2026-06-10 13:58:20: - C:\Users\joshu\OneDrive\Documents\dnd\00 - Campaigns\Northwatch Wardens - (HomeBrew)\web\server.js".
2026-06-10 13:58:20: Warning: Cannot polyfill `Path2D`, rendering may be broken: "Error: Cannot find module 'canvas'
2026-06-10 13:58:20: Require stack:
2026-06-10 13:58:20: - C:\Users\joshu\OneDrive\Documents\dnd\00 - Campaigns\Northwatch Wardens - (HomeBrew)\web\node_modules\pdfjs-dist\legacy\build\pdf.js
2026-06-10 13:58:20: - C:\Users\joshu\OneDrive\Documents\dnd\00 - Campaigns\Northwatch Wardens - (HomeBrew)\web\lib\pdf-indexer.js
2026-06-10 13:58:20: - C:\Users\joshu\OneDrive\Documents\dnd\00 - Campaigns\Northwatch Wardens - (HomeBrew)\web\server.js".
2026-06-10 13:58:24: Warning: Cannot polyfill `DOMMatrix`, rendering may be broken: "Error: Cannot find module 'canvas'
2026-06-10 13:58:24: Require stack:
2026-06-10 13:58:24: - C:\Users\joshu\OneDrive\Documents\dnd\00 - Campaigns\Northwatch Wardens - (HomeBrew)\web\node_modules\pdfjs-dist\legacy\build\pdf.js
2026-06-10 13:58:24: - C:\Users\joshu\OneDrive\Documents\dnd\00 - Campaigns\Northwatch Wardens - (HomeBrew)\web\lib\pdf-indexer.js
2026-06-10 13:58:24: - C:\Users\joshu\OneDrive\Documents\dnd\00 - Campaigns\Northwatch Wardens - (HomeBrew)\web\server.js".
2026-06-10 13:58:24: Warning: Cannot polyfill `Path2D`, rendering may be broken: "Error: Cannot find module 'canvas'
2026-06-10 13:58:24: Require stack:
2026-06-10 13:58:24: - C:\Users\joshu\OneDrive\Documents\dnd\00 - Campaigns\Northwatch Wardens - (HomeBrew)\web\node_modules\pdfjs-dist\legacy\build\pdf.js
2026-06-10 13:58:24: - C:\Users\joshu\OneDrive\Documents\dnd\00 - Campaigns\Northwatch Wardens - (HomeBrew)\web\lib\pdf-indexer.js
2026-06-10 13:58:24: - C:\Users\joshu\OneDrive\Documents\dnd\00 - Campaigns\Northwatch Wardens - (HomeBrew)\web\server.js".
2026-06-10 13:58:27: Warning: Cannot polyfill `DOMMatrix`, rendering may be broken: "Error: Cannot find module 'canvas'
2026-06-10 13:58:27: Require stack:
2026-06-10 13:58:27: - C:\Users\joshu\OneDrive\Documents\dnd\00 - Campaigns\Northwatch Wardens - (HomeBrew)\web\node_modules\pdfjs-dist\legacy\build\pdf.js
2026-06-10 13:58:27: - C:\Users\joshu\OneDrive\Documents\dnd\00 - Campaigns\Northwatch Wardens - (HomeBrew)\web\lib\pdf-indexer.js
2026-06-10 13:58:27: - C:\Users\joshu\OneDrive\Documents\dnd\00 - Campaigns\Northwatch Wardens - (HomeBrew)\web\server.js".
2026-06-10 13:58:27: Warning: Cannot polyfill `Path2D`, rendering may be broken: "Error: Cannot find module 'canvas'
2026-06-10 13:58:27: Require stack:
2026-06-10 13:58:27: - C:\Users\joshu\OneDrive\Documents\dnd\00 - Campaigns\Northwatch Wardens - (HomeBrew)\web\node_modules\pdfjs-dist\legacy\build\pdf.js
2026-06-10 13:58:27: - C:\Users\joshu\OneDrive\Documents\dnd\00 - Campaigns\Northwatch Wardens - (HomeBrew)\web\lib\pdf-indexer.js
2026-06-10 13:58:27: - C:\Users\joshu\OneDrive\Documents\dnd\00 - Campaigns\Northwatch Wardens - (HomeBrew)\web\server.js".
2026-06-10 13:58:30: Warning: Cannot polyfill `DOMMatrix`, rendering may be broken: "Error: Cannot find module 'canvas'
2026-06-10 13:58:30: Require stack:
2026-06-10 13:58:30: - C:\Users\joshu\OneDrive\Documents\dnd\00 - Campaigns\Northwatch Wardens - (HomeBrew)\web\node_modules\pdfjs-dist\legacy\build\pdf.js
2026-06-10 13:58:30: - C:\Users\joshu\OneDrive\Documents\dnd\00 - Campaigns\Northwatch Wardens - (HomeBrew)\web\lib\pdf-indexer.js
2026-06-10 13:58:30: - C:\Users\joshu\OneDrive\Documents\dnd\00 - Campaigns\Northwatch Wardens - (HomeBrew)\web\server.js".
2026-06-10 13:58:30: Warning: Cannot polyfill `Path2D`, rendering may be broken: "Error: Cannot find module 'canvas'
2026-06-10 13:58:30: Require stack:
2026-06-10 13:58:30: - C:\Users\joshu\OneDrive\Documents\dnd\00 - Campaigns\Northwatch Wardens - (HomeBrew)\web\node_modules\pdfjs-dist\legacy\build\pdf.js
2026-06-10 13:58:30: - C:\Users\joshu\OneDrive\Documents\dnd\00 - Campaigns\Northwatch Wardens - (HomeBrew)\web\lib\pdf-indexer.js
2026-06-10 13:58:30: - C:\Users\joshu\OneDrive\Documents\dnd\00 - Campaigns\Northwatch Wardens - (HomeBrew)\web\server.js".
2026-06-10 13:58:33: Warning: Cannot polyfill `DOMMatrix`, rendering may be broken: "Error: Cannot find module 'canvas'
2026-06-10 13:58:33: Require stack:
2026-06-10 13:58:33: - C:\Users\joshu\OneDrive\Documents\dnd\00 - Campaigns\Northwatch Wardens - (HomeBrew)\web\node_modules\pdfjs-dist\legacy\build\pdf.js
2026-06-10 13:58:33: - C:\Users\joshu\OneDrive\Documents\dnd\00 - Campaigns\Northwatch Wardens - (HomeBrew)\web\lib\pdf-indexer.js
2026-06-10 13:58:33: - C:\Users\joshu\OneDrive\Documents\dnd\00 - Campaigns\Northwatch Wardens - (HomeBrew)\web\server.js".
2026-06-10 13:58:33: Warning: Cannot polyfill `Path2D`, rendering may be broken: "Error: Cannot find module 'canvas'
2026-06-10 13:58:33: Require stack:
2026-06-10 13:58:33: - C:\Users\joshu\OneDrive\Documents\dnd\00 - Campaigns\Northwatch Wardens - (HomeBrew)\web\node_modules\pdfjs-dist\legacy\build\pdf.js
2026-06-10 13:58:33: - C:\Users\joshu\OneDrive\Documents\dnd\00 - Campaigns\Northwatch Wardens - (HomeBrew)\web\lib\pdf-indexer.js
2026-06-10 13:58:33: - C:\Users\joshu\OneDrive\Documents\dnd\00 - Campaigns\Northwatch Wardens - (HomeBrew)\web\server.js".
2026-06-10 13:58:36: Warning: Cannot polyfill `DOMMatrix`, rendering may be broken: "Error: Cannot find module 'canvas'
2026-06-10 13:58:36: Require stack:
2026-06-10 13:58:36: - C:\Users\joshu\OneDrive\Documents\dnd\00 - Campaigns\Northwatch Wardens - (HomeBrew)\web\node_modules\pdfjs-dist\legacy\build\pdf.js
2026-06-10 13:58:36: - C:\Users\joshu\OneDrive\Documents\dnd\00 - Campaigns\Northwatch Wardens - (HomeBrew)\web\lib\pdf-indexer.js
2026-06-10 13:58:36: - C:\Users\joshu\OneDrive\Documents\dnd\00 - Campaigns\Northwatch Wardens - (HomeBrew)\web\server.js".
2026-06-10 13:58:36: Warning: Cannot polyfill `Path2D`, rendering may be broken: "Error: Cannot find module 'canvas'
2026-06-10 13:58:36: Require stack:
2026-06-10 13:58:36: - C:\Users\joshu\OneDrive\Documents\dnd\00 - Campaigns\Northwatch Wardens - (HomeBrew)\web\node_modules\pdfjs-dist\legacy\build\pdf.js
2026-06-10 13:58:36: - C:\Users\joshu\OneDrive\Documents\dnd\00 - Campaigns\Northwatch Wardens - (HomeBrew)\web\lib\pdf-indexer.js
2026-06-10 13:58:36: - C:\Users\joshu\OneDrive\Documents\dnd\00 - Campaigns\Northwatch Wardens - (HomeBrew)\web\server.js".
2026-06-10 13:58:39: Warning: Cannot polyfill `DOMMatrix`, rendering may be broken: "Error: Cannot find module 'canvas'
2026-06-10 13:58:39: Require stack:
2026-06-10 13:58:39: - C:\Users\joshu\OneDrive\Documents\dnd\00 - Campaigns\Northwatch Wardens - (HomeBrew)\web\node_modules\pdfjs-dist\legacy\build\pdf.js
2026-06-10 13:58:39: - C:\Users\joshu\OneDrive\Documents\dnd\00 - Campaigns\Northwatch Wardens - (HomeBrew)\web\lib\pdf-indexer.js
2026-06-10 13:58:39: - C:\Users\joshu\OneDrive\Documents\dnd\00 - Campaigns\Northwatch Wardens - (HomeBrew)\web\server.js".
2026-06-10 13:58:39: Warning: Cannot polyfill `Path2D`, rendering may be broken: "Error: Cannot find module 'canvas'
2026-06-10 13:58:39: Require stack:
2026-06-10 13:58:39: - C:\Users\joshu\OneDrive\Documents\dnd\00 - Campaigns\Northwatch Wardens - (HomeBrew)\web\node_modules\pdfjs-dist\legacy\build\pdf.js
2026-06-10 13:58:39: - C:\Users\joshu\OneDrive\Documents\dnd\00 - Campaigns\Northwatch Wardens - (HomeBrew)\web\lib\pdf-indexer.js
2026-06-10 13:58:39: - C:\Users\joshu\OneDrive\Documents\dnd\00 - Campaigns\Northwatch Wardens - (HomeBrew)\web\server.js".
2026-06-10 13:58:43: Warning: Cannot polyfill `DOMMatrix`, rendering may be broken: "Error: Cannot find module 'canvas'
2026-06-10 13:58:43: Require stack:
2026-06-10 13:58:43: - C:\Users\joshu\OneDrive\Documents\dnd\00 - Campaigns\Northwatch Wardens - (HomeBrew)\web\node_modules\pdfjs-dist\legacy\build\pdf.js
2026-06-10 13:58:43: - C:\Users\joshu\OneDrive\Documents\dnd\00 - Campaigns\Northwatch Wardens - (HomeBrew)\web\lib\pdf-indexer.js
2026-06-10 13:58:43: - C:\Users\joshu\OneDrive\Documents\dnd\00 - Campaigns\Northwatch Wardens - (HomeBrew)\web\server.js".
2026-06-10 13:58:43: Warning: Cannot polyfill `Path2D`, rendering may be broken: "Error: Cannot find module 'canvas'
2026-06-10 13:58:43: Require stack:
2026-06-10 13:58:43: - C:\Users\joshu\OneDrive\Documents\dnd\00 - Campaigns\Northwatch Wardens - (HomeBrew)\web\node_modules\pdfjs-dist\legacy\build\pdf.js
2026-06-10 13:58:43: - C:\Users\joshu\OneDrive\Documents\dnd\00 - Campaigns\Northwatch Wardens - (HomeBrew)\web\lib\pdf-indexer.js
2026-06-10 13:58:43: - C:\Users\joshu\OneDrive\Documents\dnd\00 - Campaigns\Northwatch Wardens - (HomeBrew)\web\server.js".
2026-06-10 13:58:45: Warning: Cannot polyfill `DOMMatrix`, rendering may be broken: "Error: Cannot find module 'canvas'
2026-06-10 13:58:45: Require stack:
2026-06-10 13:58:45: - C:\Users\joshu\OneDrive\Documents\dnd\00 - Campaigns\Northwatch Wardens - (HomeBrew)\web\node_modules\pdfjs-dist\legacy\build\pdf.js
2026-06-10 13:58:45: - C:\Users\joshu\OneDrive\Documents\dnd\00 - Campaigns\Northwatch Wardens - (HomeBrew)\web\lib\pdf-indexer.js
2026-06-10 13:58:45: - C:\Users\joshu\OneDrive\Documents\dnd\00 - Campaigns\Northwatch Wardens - (HomeBrew)\web\server.js".
2026-06-10 13:58:45: Warning: Cannot polyfill `Path2D`, rendering may be broken: "Error: Cannot find module 'canvas'
2026-06-10 13:58:45: Require stack:
2026-06-10 13:58:45: - C:\Users\joshu\OneDrive\Documents\dnd\00 - Campaigns\Northwatch Wardens - (HomeBrew)\web\node_modules\pdfjs-dist\legacy\build\pdf.js
2026-06-10 13:58:45: - C:\Users\joshu\OneDrive\Documents\dnd\00 - Campaigns\Northwatch Wardens - (HomeBrew)\web\lib\pdf-indexer.js
2026-06-10 13:58:45: - C:\Users\joshu\OneDrive\Documents\dnd\00 - Campaigns\Northwatch Wardens - (HomeBrew)\web\server.js".
2026-06-10 13:58:48: Warning: Cannot polyfill `DOMMatrix`, rendering may be broken: "Error: Cannot find module 'canvas'
2026-06-10 13:58:48: Require stack:
2026-06-10 13:58:48: - C:\Users\joshu\OneDrive\Documents\dnd\00 - Campaigns\Northwatch Wardens - (HomeBrew)\web\node_modules\pdfjs-dist\legacy\build\pdf.js
2026-06-10 13:58:48: - C:\Users\joshu\OneDrive\Documents\dnd\00 - Campaigns\Northwatch Wardens - (HomeBrew)\web\lib\pdf-indexer.js
2026-06-10 13:58:48: - C:\Users\joshu\OneDrive\Documents\dnd\00 - Campaigns\Northwatch Wardens - (HomeBrew)\web\server.js".
2026-06-10 13:58:48: Warning: Cannot polyfill `Path2D`, rendering may be broken: "Error: Cannot find module 'canvas'
2026-06-10 13:58:48: Require stack:
2026-06-10 13:58:48: - C:\Users\joshu\OneDrive\Documents\dnd\00 - Campaigns\Northwatch Wardens - (HomeBrew)\web\node_modules\pdfjs-dist\legacy\build\pdf.js
2026-06-10 13:58:48: - C:\Users\joshu\OneDrive\Documents\dnd\00 - Campaigns\Northwatch Wardens - (HomeBrew)\web\lib\pdf-indexer.js
2026-06-10 13:58:48: - C:\Users\joshu\OneDrive\Documents\dnd\00 - Campaigns\Northwatch Wardens - (HomeBrew)\web\server.js".
2026-06-10 13:58:52: Warning: Cannot polyfill `DOMMatrix`, rendering may be broken: "Error: Cannot find module 'canvas'
2026-06-10 13:58:52: Require stack:
2026-06-10 13:58:52: - C:\Users\joshu\OneDrive\Documents\dnd\00 - Campaigns\Northwatch Wardens - (HomeBrew)\web\node_modules\pdfjs-dist\legacy\build\pdf.js
2026-06-10 13:58:52: - C:\Users\joshu\OneDrive\Documents\dnd\00 - Campaigns\Northwatch Wardens - (HomeBrew)\web\lib\pdf-indexer.js
2026-06-10 13:58:52: - C:\Users\joshu\OneDrive\Documents\dnd\00 - Campaigns\Northwatch Wardens - (HomeBrew)\web\server.js".
2026-06-10 13:58:52: Warning: Cannot polyfill `Path2D`, rendering may be broken: "Error: Cannot find module 'canvas'
2026-06-10 13:58:52: Require stack:
2026-06-10 13:58:52: - C:\Users\joshu\OneDrive\Documents\dnd\00 - Campaigns\Northwatch Wardens - (HomeBrew)\web\node_modules\pdfjs-dist\legacy\build\pdf.js
2026-06-10 13:58:52: - C:\Users\joshu\OneDrive\Documents\dnd\00 - Campaigns\Northwatch Wardens - (HomeBrew)\web\lib\pdf-indexer.js
2026-06-10 13:58:52: - C:\Users\joshu\OneDrive\Documents\dnd\00 - Campaigns\Northwatch Wardens - (HomeBrew)\web\server.js".
2026-06-10 13:58:55: Warning: Cannot polyfill `DOMMatrix`, rendering may be broken: "Error: Cannot find module 'canvas'
2026-06-10 13:58:55: Require stack:
2026-06-10 13:58:55: - C:\Users\joshu\OneDrive\Documents\dnd\00 - Campaigns\Northwatch Wardens - (HomeBrew)\web\node_modules\pdfjs-dist\legacy\build\pdf.js
2026-06-10 13:58:55: - C:\Users\joshu\OneDrive\Documents\dnd\00 - Campaigns\Northwatch Wardens - (HomeBrew)\web\lib\pdf-indexer.js
2026-06-10 13:58:55: - C:\Users\joshu\OneDrive\Documents\dnd\00 - Campaigns\Northwatch Wardens - (HomeBrew)\web\server.js".
2026-06-10 13:58:55: Warning: Cannot polyfill `Path2D`, rendering may be broken: "Error: Cannot find module 'canvas'
2026-06-10 13:58:55: Require stack:
2026-06-10 13:58:55: - C:\Users\joshu\OneDrive\Documents\dnd\00 - Campaigns\Northwatch Wardens - (HomeBrew)\web\node_modules\pdfjs-dist\legacy\build\pdf.js
2026-06-10 13:58:55: - C:\Users\joshu\OneDrive\Documents\dnd\00 - Campaigns\Northwatch Wardens - (HomeBrew)\web\lib\pdf-indexer.js
2026-06-10 13:58:55: - C:\Users\joshu\OneDrive\Documents\dnd\00 - Campaigns\Northwatch Wardens - (HomeBrew)\web\server.js".
2026-06-10 13:58:58: Warning: Cannot polyfill `DOMMatrix`, rendering may be broken: "Error: Cannot find module 'canvas'
2026-06-10 13:58:58: Require stack:
2026-06-10 13:58:58: - C:\Users\joshu\OneDrive\Documents\dnd\00 - Campaigns\Northwatch Wardens - (HomeBrew)\web\node_modules\pdfjs-dist\legacy\build\pdf.js
2026-06-10 13:58:58: - C:\Users\joshu\OneDrive\Documents\dnd\00 - Campaigns\Northwatch Wardens - (HomeBrew)\web\lib\pdf-indexer.js
2026-06-10 13:58:58: - C:\Users\joshu\OneDrive\Documents\dnd\00 - Campaigns\Northwatch Wardens - (HomeBrew)\web\server.js".
2026-06-10 13:58:59: Warning: Cannot polyfill `Path2D`, rendering may be broken: "Error: Cannot find module 'canvas'
2026-06-10 13:58:59: Require stack:
2026-06-10 13:58:59: - C:\Users\joshu\OneDrive\Documents\dnd\00 - Campaigns\Northwatch Wardens - (HomeBrew)\web\node_modules\pdfjs-dist\legacy\build\pdf.js
2026-06-10 13:58:59: - C:\Users\joshu\OneDrive\Documents\dnd\00 - Campaigns\Northwatch Wardens - (HomeBrew)\web\lib\pdf-indexer.js
2026-06-10 13:58:59: - C:\Users\joshu\OneDrive\Documents\dnd\00 - Campaigns\Northwatch Wardens - (HomeBrew)\web\server.js".
2026-06-10 13:59:03: Warning: Cannot polyfill `DOMMatrix`, rendering may be broken: "Error: Cannot find module 'canvas'
2026-06-10 13:59:03: Require stack:
2026-06-10 13:59:03: - C:\Users\joshu\OneDrive\Documents\dnd\00 - Campaigns\Northwatch Wardens - (HomeBrew)\web\node_modules\pdfjs-dist\legacy\build\pdf.js
2026-06-10 13:59:03: - C:\Users\joshu\OneDrive\Documents\dnd\00 - Campaigns\Northwatch Wardens - (HomeBrew)\web\lib\pdf-indexer.js
2026-06-10 13:59:03: - C:\Users\joshu\OneDrive\Documents\dnd\00 - Campaigns\Northwatch Wardens - (HomeBrew)\web\server.js".
2026-06-10 13:59:03: Warning: Cannot polyfill `Path2D`, rendering may be broken: "Error: Cannot find module 'canvas'
2026-06-10 13:59:03: Require stack:
2026-06-10 13:59:03: - C:\Users\joshu\OneDrive\Documents\dnd\00 - Campaigns\Northwatch Wardens - (HomeBrew)\web\node_modules\pdfjs-dist\legacy\build\pdf.js
2026-06-10 13:59:03: - C:\Users\joshu\OneDrive\Documents\dnd\00 - Campaigns\Northwatch Wardens - (HomeBrew)\web\lib\pdf-indexer.js
2026-06-10 13:59:03: - C:\Users\joshu\OneDrive\Documents\dnd\00 - Campaigns\Northwatch Wardens - (HomeBrew)\web\server.js".
2026-06-10 13:59:06: Warning: Cannot polyfill `DOMMatrix`, rendering may be broken: "Error: Cannot find module 'canvas'
2026-06-10 13:59:06: Require stack:
2026-06-10 13:59:06: - C:\Users\joshu\OneDrive\Documents\dnd\00 - Campaigns\Northwatch Wardens - (HomeBrew)\web\node_modules\pdfjs-dist\legacy\build\pdf.js
2026-06-10 13:59:06: - C:\Users\joshu\OneDrive\Documents\dnd\00 - Campaigns\Northwatch Wardens - (HomeBrew)\web\lib\pdf-indexer.js
2026-06-10 13:59:06: - C:\Users\joshu\OneDrive\Documents\dnd\00 - Campaigns\Northwatch Wardens - (HomeBrew)\web\server.js".
2026-06-10 13:59:06: Warning: Cannot polyfill `Path2D`, rendering may be broken: "Error: Cannot find module 'canvas'
2026-06-10 13:59:06: Require stack:
2026-06-10 13:59:06: - C:\Users\joshu\OneDrive\Documents\dnd\00 - Campaigns\Northwatch Wardens - (HomeBrew)\web\node_modules\pdfjs-dist\legacy\build\pdf.js
2026-06-10 13:59:06: - C:\Users\joshu\OneDrive\Documents\dnd\00 - Campaigns\Northwatch Wardens - (HomeBrew)\web\lib\pdf-indexer.js
2026-06-10 13:59:06: - C:\Users\joshu\OneDrive\Documents\dnd\00 - Campaigns\Northwatch Wardens - (HomeBrew)\web\server.js".
2026-06-10 13:59:09: Warning: Cannot polyfill `DOMMatrix`, rendering may be broken: "Error: Cannot find module 'canvas'
2026-06-10 13:59:09: Require stack:
2026-06-10 13:59:09: - C:\Users\joshu\OneDrive\Documents\dnd\00 - Campaigns\Northwatch Wardens - (HomeBrew)\web\node_modules\pdfjs-dist\legacy\build\pdf.js
2026-06-10 13:59:09: - C:\Users\joshu\OneDrive\Documents\dnd\00 - Campaigns\Northwatch Wardens - (HomeBrew)\web\lib\pdf-indexer.js
2026-06-10 13:59:09: - C:\Users\joshu\OneDrive\Documents\dnd\00 - Campaigns\Northwatch Wardens - (HomeBrew)\web\server.js".
2026-06-10 13:59:09: Warning: Cannot polyfill `Path2D`, rendering may be broken: "Error: Cannot find module 'canvas'
2026-06-10 13:59:09: Require stack:
2026-06-10 13:59:09: - C:\Users\joshu\OneDrive\Documents\dnd\00 - Campaigns\Northwatch Wardens - (HomeBrew)\web\node_modules\pdfjs-dist\legacy\build\pdf.js
2026-06-10 13:59:09: - C:\Users\joshu\OneDrive\Documents\dnd\00 - Campaigns\Northwatch Wardens - (HomeBrew)\web\lib\pdf-indexer.js
2026-06-10 13:59:09: - C:\Users\joshu\OneDrive\Documents\dnd\00 - Campaigns\Northwatch Wardens - (HomeBrew)\web\server.js".
2026-06-10 13:59:13: Warning: Cannot polyfill `DOMMatrix`, rendering may be broken: "Error: Cannot find module 'canvas'
2026-06-10 13:59:13: Require stack:
2026-06-10 13:59:13: - C:\Users\joshu\OneDrive\Documents\dnd\00 - Campaigns\Northwatch Wardens - (HomeBrew)\web\node_modules\pdfjs-dist\legacy\build\pdf.js
2026-06-10 13:59:13: - C:\Users\joshu\OneDrive\Documents\dnd\00 - Campaigns\Northwatch Wardens - (HomeBrew)\web\lib\pdf-indexer.js
2026-06-10 13:59:13: - C:\Users\joshu\OneDrive\Documents\dnd\00 - Campaigns\Northwatch Wardens - (HomeBrew)\web\server.js".
2026-06-10 13:59:13: Warning: Cannot polyfill `Path2D`, rendering may be broken: "Error: Cannot find module 'canvas'
2026-06-10 13:59:13: Require stack:
2026-06-10 13:59:13: - C:\Users\joshu\OneDrive\Documents\dnd\00 - Campaigns\Northwatch Wardens - (HomeBrew)\web\node_modules\pdfjs-dist\legacy\build\pdf.js
2026-06-10 13:59:13: - C:\Users\joshu\OneDrive\Documents\dnd\00 - Campaigns\Northwatch Wardens - (HomeBrew)\web\lib\pdf-indexer.js
2026-06-10 13:59:13: - C:\Users\joshu\OneDrive\Documents\dnd\00 - Campaigns\Northwatch Wardens - (HomeBrew)\web\server.js".
2026-06-10 13:59:16: Warning: Cannot polyfill `DOMMatrix`, rendering may be broken: "Error: Cannot find module 'canvas'
2026-06-10 13:59:16: Require stack:
2026-06-10 13:59:16: - C:\Users\joshu\OneDrive\Documents\dnd\00 - Campaigns\Northwatch Wardens - (HomeBrew)\web\node_modules\pdfjs-dist\legacy\build\pdf.js
2026-06-10 13:59:16: - C:\Users\joshu\OneDrive\Documents\dnd\00 - Campaigns\Northwatch Wardens - (HomeBrew)\web\lib\pdf-indexer.js
2026-06-10 13:59:16: - C:\Users\joshu\OneDrive\Documents\dnd\00 - Campaigns\Northwatch Wardens - (HomeBrew)\web\server.js".
2026-06-10 13:59:16: Warning: Cannot polyfill `Path2D`, rendering may be broken: "Error: Cannot find module 'canvas'
2026-06-10 13:59:16: Require stack:
2026-06-10 13:59:16: - C:\Users\joshu\OneDrive\Documents\dnd\00 - Campaigns\Northwatch Wardens - (HomeBrew)\web\node_modules\pdfjs-dist\legacy\build\pdf.js
2026-06-10 13:59:16: - C:\Users\joshu\OneDrive\Documents\dnd\00 - Campaigns\Northwatch Wardens - (HomeBrew)\web\lib\pdf-indexer.js
2026-06-10 13:59:16: - C:\Users\joshu\OneDrive\Documents\dnd\00 - Campaigns\Northwatch Wardens - (HomeBrew)\web\server.js".
2026-06-10 13:59:19: Warning: Cannot polyfill `DOMMatrix`, rendering may be broken: "Error: Cannot find module 'canvas'
2026-06-10 13:59:19: Require stack:
2026-06-10 13:59:19: - C:\Users\joshu\OneDrive\Documents\dnd\00 - Campaigns\Northwatch Wardens - (HomeBrew)\web\node_modules\pdfjs-dist\legacy\build\pdf.js
2026-06-10 13:59:19: - C:\Users\joshu\OneDrive\Documents\dnd\00 - Campaigns\Northwatch Wardens - (HomeBrew)\web\lib\pdf-indexer.js
2026-06-10 13:59:19: - C:\Users\joshu\OneDrive\Documents\dnd\00 - Campaigns\Northwatch Wardens - (HomeBrew)\web\server.js".
2026-06-10 13:59:19: Warning: Cannot polyfill `Path2D`, rendering may be broken: "Error: Cannot find module 'canvas'
2026-06-10 13:59:19: Require stack:
2026-06-10 13:59:19: - C:\Users\joshu\OneDrive\Documents\dnd\00 - Campaigns\Northwatch Wardens - (HomeBrew)\web\node_modules\pdfjs-dist\legacy\build\pdf.js
2026-06-10 13:59:19: - C:\Users\joshu\OneDrive\Documents\dnd\00 - Campaigns\Northwatch Wardens - (HomeBrew)\web\lib\pdf-indexer.js
2026-06-10 13:59:19: - C:\Users\joshu\OneDrive\Documents\dnd\00 - Campaigns\Northwatch Wardens - (HomeBrew)\web\server.js".
2026-06-10 13:59:23: Warning: Cannot polyfill `DOMMatrix`, rendering may be broken: "Error: Cannot find module 'canvas'
2026-06-10 13:59:23: Require stack:
2026-06-10 13:59:23: - C:\Users\joshu\OneDrive\Documents\dnd\00 - Campaigns\Northwatch Wardens - (HomeBrew)\web\node_modules\pdfjs-dist\legacy\build\pdf.js
2026-06-10 13:59:23: - C:\Users\joshu\OneDrive\Documents\dnd\00 - Campaigns\Northwatch Wardens - (HomeBrew)\web\lib\pdf-indexer.js
2026-06-10 13:59:23: - C:\Users\joshu\OneDrive\Documents\dnd\00 - Campaigns\Northwatch Wardens - (HomeBrew)\web\server.js".
2026-06-10 13:59:23: Warning: Cannot polyfill `Path2D`, rendering may be broken: "Error: Cannot find module 'canvas'
2026-06-10 13:59:23: Require stack:
2026-06-10 13:59:23: - C:\Users\joshu\OneDrive\Documents\dnd\00 - Campaigns\Northwatch Wardens - (HomeBrew)\web\node_modules\pdfjs-dist\legacy\build\pdf.js
2026-06-10 13:59:23: - C:\Users\joshu\OneDrive\Documents\dnd\00 - Campaigns\Northwatch Wardens - (HomeBrew)\web\lib\pdf-indexer.js
2026-06-10 13:59:23: - C:\Users\joshu\OneDrive\Documents\dnd\00 - Campaigns\Northwatch Wardens - (HomeBrew)\web\server.js".
2026-06-10 13:59:27: Warning: Cannot polyfill `DOMMatrix`, rendering may be broken: "Error: Cannot find module 'canvas'
2026-06-10 13:59:27: Require stack:
2026-06-10 13:59:27: - C:\Users\joshu\OneDrive\Documents\dnd\00 - Campaigns\Northwatch Wardens - (HomeBrew)\web\node_modules\pdfjs-dist\legacy\build\pdf.js
2026-06-10 13:59:27: - C:\Users\joshu\OneDrive\Documents\dnd\00 - Campaigns\Northwatch Wardens - (HomeBrew)\web\lib\pdf-indexer.js
2026-06-10 13:59:27: - C:\Users\joshu\OneDrive\Documents\dnd\00 - Campaigns\Northwatch Wardens - (HomeBrew)\web\server.js".
2026-06-10 13:59:27: Warning: Cannot polyfill `Path2D`, rendering may be broken: "Error: Cannot find module 'canvas'
2026-06-10 13:59:27: Require stack:
2026-06-10 13:59:27: - C:\Users\joshu\OneDrive\Documents\dnd\00 - Campaigns\Northwatch Wardens - (HomeBrew)\web\node_modules\pdfjs-dist\legacy\build\pdf.js
2026-06-10 13:59:27: - C:\Users\joshu\OneDrive\Documents\dnd\00 - Campaigns\Northwatch Wardens - (HomeBrew)\web\lib\pdf-indexer.js
2026-06-10 13:59:27: - C:\Users\joshu\OneDrive\Documents\dnd\00 - Campaigns\Northwatch Wardens - (HomeBrew)\web\server.js".
2026-06-10 13:59:30: Warning: Cannot polyfill `DOMMatrix`, rendering may be broken: "Error: Cannot find module 'canvas'
2026-06-10 13:59:30: Require stack:
2026-06-10 13:59:30: - C:\Users\joshu\OneDrive\Documents\dnd\00 - Campaigns\Northwatch Wardens - (HomeBrew)\web\node_modules\pdfjs-dist\legacy\build\pdf.js
2026-06-10 13:59:30: - C:\Users\joshu\OneDrive\Documents\dnd\00 - Campaigns\Northwatch Wardens - (HomeBrew)\web\lib\pdf-indexer.js
2026-06-10 13:59:30: - C:\Users\joshu\OneDrive\Documents\dnd\00 - Campaigns\Northwatch Wardens - (HomeBrew)\web\server.js".
2026-06-10 13:59:30: Warning: Cannot polyfill `Path2D`, rendering may be broken: "Error: Cannot find module 'canvas'
2026-06-10 13:59:30: Require stack:
2026-06-10 13:59:30: - C:\Users\joshu\OneDrive\Documents\dnd\00 - Campaigns\Northwatch Wardens - (HomeBrew)\web\node_modules\pdfjs-dist\legacy\build\pdf.js
2026-06-10 13:59:30: - C:\Users\joshu\OneDrive\Documents\dnd\00 - Campaigns\Northwatch Wardens - (HomeBrew)\web\lib\pdf-indexer.js
2026-06-10 13:59:30: - C:\Users\joshu\OneDrive\Documents\dnd\00 - Campaigns\Northwatch Wardens - (HomeBrew)\web\server.js".
2026-06-10 13:59:33: Warning: Cannot polyfill `DOMMatrix`, rendering may be broken: "Error: Cannot find module 'canvas'
2026-06-10 13:59:33: Require stack:
2026-06-10 13:59:33: - C:\Users\joshu\OneDrive\Documents\dnd\00 - Campaigns\Northwatch Wardens - (HomeBrew)\web\node_modules\pdfjs-dist\legacy\build\pdf.js
2026-06-10 13:59:33: - C:\Users\joshu\OneDrive\Documents\dnd\00 - Campaigns\Northwatch Wardens - (HomeBrew)\web\lib\pdf-indexer.js
2026-06-10 13:59:33: - C:\Users\joshu\OneDrive\Documents\dnd\00 - Campaigns\Northwatch Wardens - (HomeBrew)\web\server.js".
2026-06-10 13:59:33: Warning: Cannot polyfill `Path2D`, rendering may be broken: "Error: Cannot find module 'canvas'
2026-06-10 13:59:33: Require stack:
2026-06-10 13:59:33: - C:\Users\joshu\OneDrive\Documents\dnd\00 - Campaigns\Northwatch Wardens - (HomeBrew)\web\node_modules\pdfjs-dist\legacy\build\pdf.js
2026-06-10 13:59:33: - C:\Users\joshu\OneDrive\Documents\dnd\00 - Campaigns\Northwatch Wardens - (HomeBrew)\web\lib\pdf-indexer.js
2026-06-10 13:59:33: - C:\Users\joshu\OneDrive\Documents\dnd\00 - Campaigns\Northwatch Wardens - (HomeBrew)\web\server.js".
2026-06-10 13:59:35: Warning: Cannot polyfill `DOMMatrix`, rendering may be broken: "Error: Cannot find module 'canvas'
2026-06-10 13:59:35: Require stack:
2026-06-10 13:59:35: - C:\Users\joshu\OneDrive\Documents\dnd\00 - Campaigns\Northwatch Wardens - (HomeBrew)\web\node_modules\pdfjs-dist\legacy\build\pdf.js
2026-06-10 13:59:35: - C:\Users\joshu\OneDrive\Documents\dnd\00 - Campaigns\Northwatch Wardens - (HomeBrew)\web\lib\pdf-indexer.js
2026-06-10 13:59:35: - C:\Users\joshu\OneDrive\Documents\dnd\00 - Campaigns\Northwatch Wardens - (HomeBrew)\web\server.js".
2026-06-10 13:59:35: Warning: Cannot polyfill `Path2D`, rendering may be broken: "Error: Cannot find module 'canvas'
2026-06-10 13:59:35: Require stack:
2026-06-10 13:59:35: - C:\Users\joshu\OneDrive\Documents\dnd\00 - Campaigns\Northwatch Wardens - (HomeBrew)\web\node_modules\pdfjs-dist\legacy\build\pdf.js
2026-06-10 13:59:35: - C:\Users\joshu\OneDrive\Documents\dnd\00 - Campaigns\Northwatch Wardens - (HomeBrew)\web\lib\pdf-indexer.js
2026-06-10 13:59:35: - C:\Users\joshu\OneDrive\Documents\dnd\00 - Campaigns\Northwatch Wardens - (HomeBrew)\web\server.js".
2026-06-10 13:59:38: Warning: Cannot polyfill `DOMMatrix`, rendering may be broken: "Error: Cannot find module 'canvas'
2026-06-10 13:59:38: Require stack:
2026-06-10 13:59:38: - C:\Users\joshu\OneDrive\Documents\dnd\00 - Campaigns\Northwatch Wardens - (HomeBrew)\web\node_modules\pdfjs-dist\legacy\build\pdf.js
2026-06-10 13:59:38: - C:\Users\joshu\OneDrive\Documents\dnd\00 - Campaigns\Northwatch Wardens - (HomeBrew)\web\lib\pdf-indexer.js
2026-06-10 13:59:38: - C:\Users\joshu\OneDrive\Documents\dnd\00 - Campaigns\Northwatch Wardens - (HomeBrew)\web\server.js".
2026-06-10 13:59:38: Warning: Cannot polyfill `Path2D`, rendering may be broken: "Error: Cannot find module 'canvas'
2026-06-10 13:59:38: Require stack:
2026-06-10 13:59:38: - C:\Users\joshu\OneDrive\Documents\dnd\00 - Campaigns\Northwatch Wardens - (HomeBrew)\web\node_modules\pdfjs-dist\legacy\build\pdf.js
2026-06-10 13:59:38: - C:\Users\joshu\OneDrive\Documents\dnd\00 - Campaigns\Northwatch Wardens - (HomeBrew)\web\lib\pdf-indexer.js
2026-06-10 13:59:38: - C:\Users\joshu\OneDrive\Documents\dnd\00 - Campaigns\Northwatch Wardens - (HomeBrew)\web\server.js".
2026-06-10 13:59:42: Warning: Cannot polyfill `DOMMatrix`, rendering may be broken: "Error: Cannot find module 'canvas'
2026-06-10 13:59:42: Require stack:
2026-06-10 13:59:42: - C:\Users\joshu\OneDrive\Documents\dnd\00 - Campaigns\Northwatch Wardens - (HomeBrew)\web\node_modules\pdfjs-dist\legacy\build\pdf.js
2026-06-10 13:59:42: - C:\Users\joshu\OneDrive\Documents\dnd\00 - Campaigns\Northwatch Wardens - (HomeBrew)\web\lib\pdf-indexer.js
2026-06-10 13:59:42: - C:\Users\joshu\OneDrive\Documents\dnd\00 - Campaigns\Northwatch Wardens - (HomeBrew)\web\server.js".
2026-06-10 13:59:42: Warning: Cannot polyfill `Path2D`, rendering may be broken: "Error: Cannot find module 'canvas'
2026-06-10 13:59:42: Require stack:
2026-06-10 13:59:42: - C:\Users\joshu\OneDrive\Documents\dnd\00 - Campaigns\Northwatch Wardens - (HomeBrew)\web\node_modules\pdfjs-dist\legacy\build\pdf.js
2026-06-10 13:59:42: - C:\Users\joshu\OneDrive\Documents\dnd\00 - Campaigns\Northwatch Wardens - (HomeBrew)\web\lib\pdf-indexer.js
2026-06-10 13:59:42: - C:\Users\joshu\OneDrive\Documents\dnd\00 - Campaigns\Northwatch Wardens - (HomeBrew)\web\server.js".
2026-06-10 13:59:45: Warning: Cannot polyfill `DOMMatrix`, rendering may be broken: "Error: Cannot find module 'canvas'
2026-06-10 13:59:45: Require stack:
2026-06-10 13:59:45: - C:\Users\joshu\OneDrive\Documents\dnd\00 - Campaigns\Northwatch Wardens - (HomeBrew)\web\node_modules\pdfjs-dist\legacy\build\pdf.js
2026-06-10 13:59:45: - C:\Users\joshu\OneDrive\Documents\dnd\00 - Campaigns\Northwatch Wardens - (HomeBrew)\web\lib\pdf-indexer.js
2026-06-10 13:59:45: - C:\Users\joshu\OneDrive\Documents\dnd\00 - Campaigns\Northwatch Wardens - (HomeBrew)\web\server.js".
2026-06-10 13:59:45: Warning: Cannot polyfill `Path2D`, rendering may be broken: "Error: Cannot find module 'canvas'
2026-06-10 13:59:45: Require stack:
2026-06-10 13:59:45: - C:\Users\joshu\OneDrive\Documents\dnd\00 - Campaigns\Northwatch Wardens - (HomeBrew)\web\node_modules\pdfjs-dist\legacy\build\pdf.js
2026-06-10 13:59:45: - C:\Users\joshu\OneDrive\Documents\dnd\00 - Campaigns\Northwatch Wardens - (HomeBrew)\web\lib\pdf-indexer.js
2026-06-10 13:59:45: - C:\Users\joshu\OneDrive\Documents\dnd\00 - Campaigns\Northwatch Wardens - (HomeBrew)\web\server.js".
2026-06-10 13:59:48: Warning: Cannot polyfill `DOMMatrix`, rendering may be broken: "Error: Cannot find module 'canvas'
2026-06-10 13:59:48: Require stack:
2026-06-10 13:59:48: - C:\Users\joshu\OneDrive\Documents\dnd\00 - Campaigns\Northwatch Wardens - (HomeBrew)\web\node_modules\pdfjs-dist\legacy\build\pdf.js
2026-06-10 13:59:48: - C:\Users\joshu\OneDrive\Documents\dnd\00 - Campaigns\Northwatch Wardens - (HomeBrew)\web\lib\pdf-indexer.js
2026-06-10 13:59:48: - C:\Users\joshu\OneDrive\Documents\dnd\00 - Campaigns\Northwatch Wardens - (HomeBrew)\web\server.js".
2026-06-10 13:59:48: Warning: Cannot polyfill `Path2D`, rendering may be broken: "Error: Cannot find module 'canvas'
2026-06-10 13:59:48: Require stack:
2026-06-10 13:59:48: - C:\Users\joshu\OneDrive\Documents\dnd\00 - Campaigns\Northwatch Wardens - (HomeBrew)\web\node_modules\pdfjs-dist\legacy\build\pdf.js
2026-06-10 13:59:48: - C:\Users\joshu\OneDrive\Documents\dnd\00 - Campaigns\Northwatch Wardens - (HomeBrew)\web\lib\pdf-indexer.js
2026-06-10 13:59:48: - C:\Users\joshu\OneDrive\Documents\dnd\00 - Campaigns\Northwatch Wardens - (HomeBrew)\web\server.js".
2026-06-10 13:59:50: Warning: Cannot polyfill `DOMMatrix`, rendering may be broken: "Error: Cannot find module 'canvas'
2026-06-10 13:59:50: Require stack:
2026-06-10 13:59:50: - C:\Users\joshu\OneDrive\Documents\dnd\00 - Campaigns\Northwatch Wardens - (HomeBrew)\web\node_modules\pdfjs-dist\legacy\build\pdf.js
2026-06-10 13:59:50: - C:\Users\joshu\OneDrive\Documents\dnd\00 - Campaigns\Northwatch Wardens - (HomeBrew)\web\lib\pdf-indexer.js
2026-06-10 13:59:50: - C:\Users\joshu\OneDrive\Documents\dnd\00 - Campaigns\Northwatch Wardens - (HomeBrew)\web\server.js".
2026-06-10 13:59:50: Warning: Cannot polyfill `Path2D`, rendering may be broken: "Error: Cannot find module 'canvas'
2026-06-10 13:59:50: Require stack:
2026-06-10 13:59:50: - C:\Users\joshu\OneDrive\Documents\dnd\00 - Campaigns\Northwatch Wardens - (HomeBrew)\web\node_modules\pdfjs-dist\legacy\build\pdf.js
2026-06-10 13:59:50: - C:\Users\joshu\OneDrive\Documents\dnd\00 - Campaigns\Northwatch Wardens - (HomeBrew)\web\lib\pdf-indexer.js
2026-06-10 13:59:50: - C:\Users\joshu\OneDrive\Documents\dnd\00 - Campaigns\Northwatch Wardens - (HomeBrew)\web\server.js".
2026-06-10 13:59:53: Warning: Cannot polyfill `DOMMatrix`, rendering may be broken: "Error: Cannot find module 'canvas'
2026-06-10 13:59:53: Require stack:
2026-06-10 13:59:53: - C:\Users\joshu\OneDrive\Documents\dnd\00 - Campaigns\Northwatch Wardens - (HomeBrew)\web\node_modules\pdfjs-dist\legacy\build\pdf.js
2026-06-10 13:59:53: - C:\Users\joshu\OneDrive\Documents\dnd\00 - Campaigns\Northwatch Wardens - (HomeBrew)\web\lib\pdf-indexer.js
2026-06-10 13:59:53: - C:\Users\joshu\OneDrive\Documents\dnd\00 - Campaigns\Northwatch Wardens - (HomeBrew)\web\server.js".
2026-06-10 13:59:53: Warning: Cannot polyfill `Path2D`, rendering may be broken: "Error: Cannot find module 'canvas'
2026-06-10 13:59:53: Require stack:
2026-06-10 13:59:53: - C:\Users\joshu\OneDrive\Documents\dnd\00 - Campaigns\Northwatch Wardens - (HomeBrew)\web\node_modules\pdfjs-dist\legacy\build\pdf.js
2026-06-10 13:59:53: - C:\Users\joshu\OneDrive\Documents\dnd\00 - Campaigns\Northwatch Wardens - (HomeBrew)\web\lib\pdf-indexer.js
2026-06-10 13:59:53: - C:\Users\joshu\OneDrive\Documents\dnd\00 - Campaigns\Northwatch Wardens - (HomeBrew)\web\server.js".
2026-06-10 13:59:56: Warning: Cannot polyfill `DOMMatrix`, rendering may be broken: "Error: Cannot find module 'canvas'
2026-06-10 13:59:56: Require stack:
2026-06-10 13:59:56: - C:\Users\joshu\OneDrive\Documents\dnd\00 - Campaigns\Northwatch Wardens - (HomeBrew)\web\node_modules\pdfjs-dist\legacy\build\pdf.js
2026-06-10 13:59:56: - C:\Users\joshu\OneDrive\Documents\dnd\00 - Campaigns\Northwatch Wardens - (HomeBrew)\web\lib\pdf-indexer.js
2026-06-10 13:59:56: - C:\Users\joshu\OneDrive\Documents\dnd\00 - Campaigns\Northwatch Wardens - (HomeBrew)\web\server.js".
2026-06-10 13:59:56: Warning: Cannot polyfill `Path2D`, rendering may be broken: "Error: Cannot find module 'canvas'
2026-06-10 13:59:56: Require stack:
2026-06-10 13:59:56: - C:\Users\joshu\OneDrive\Documents\dnd\00 - Campaigns\Northwatch Wardens - (HomeBrew)\web\node_modules\pdfjs-dist\legacy\build\pdf.js
2026-06-10 13:59:56: - C:\Users\joshu\OneDrive\Documents\dnd\00 - Campaigns\Northwatch Wardens - (HomeBrew)\web\lib\pdf-indexer.js
2026-06-10 13:59:56: - C:\Users\joshu\OneDrive\Documents\dnd\00 - Campaigns\Northwatch Wardens - (HomeBrew)\web\server.js".
2026-06-10 13:59:58: Warning: Cannot polyfill `DOMMatrix`, rendering may be broken: "Error: Cannot find module 'canvas'
2026-06-10 13:59:58: Require stack:
2026-06-10 13:59:58: - C:\Users\joshu\OneDrive\Documents\dnd\00 - Campaigns\Northwatch Wardens - (HomeBrew)\web\node_modules\pdfjs-dist\legacy\build\pdf.js
2026-06-10 13:59:58: - C:\Users\joshu\OneDrive\Documents\dnd\00 - Campaigns\Northwatch Wardens - (HomeBrew)\web\lib\pdf-indexer.js
2026-06-10 13:59:58: - C:\Users\joshu\OneDrive\Documents\dnd\00 - Campaigns\Northwatch Wardens - (HomeBrew)\web\server.js".
2026-06-10 13:59:58: Warning: Cannot polyfill `Path2D`, rendering may be broken: "Error: Cannot find module 'canvas'
2026-06-10 13:59:58: Require stack:
2026-06-10 13:59:58: - C:\Users\joshu\OneDrive\Documents\dnd\00 - Campaigns\Northwatch Wardens - (HomeBrew)\web\node_modules\pdfjs-dist\legacy\build\pdf.js
2026-06-10 13:59:58: - C:\Users\joshu\OneDrive\Documents\dnd\00 - Campaigns\Northwatch Wardens - (HomeBrew)\web\lib\pdf-indexer.js
2026-06-10 13:59:58: - C:\Users\joshu\OneDrive\Documents\dnd\00 - Campaigns\Northwatch Wardens - (HomeBrew)\web\server.js".
2026-06-10 14:00:02: Warning: Cannot polyfill `DOMMatrix`, rendering may be broken: "Error: Cannot find module 'canvas'
2026-06-10 14:00:02: Require stack:
2026-06-10 14:00:02: - C:\Users\joshu\OneDrive\Documents\dnd\00 - Campaigns\Northwatch Wardens - (HomeBrew)\web\node_modules\pdfjs-dist\legacy\build\pdf.js
2026-06-10 14:00:02: - C:\Users\joshu\OneDrive\Documents\dnd\00 - Campaigns\Northwatch Wardens - (HomeBrew)\web\lib\pdf-indexer.js
2026-06-10 14:00:02: - C:\Users\joshu\OneDrive\Documents\dnd\00 - Campaigns\Northwatch Wardens - (HomeBrew)\web\server.js".
2026-06-10 14:00:02: Warning: Cannot polyfill `Path2D`, rendering may be broken: "Error: Cannot find module 'canvas'
2026-06-10 14:00:02: Require stack:
2026-06-10 14:00:02: - C:\Users\joshu\OneDrive\Documents\dnd\00 - Campaigns\Northwatch Wardens - (HomeBrew)\web\node_modules\pdfjs-dist\legacy\build\pdf.js
2026-06-10 14:00:02: - C:\Users\joshu\OneDrive\Documents\dnd\00 - Campaigns\Northwatch Wardens - (HomeBrew)\web\lib\pdf-indexer.js
2026-06-10 14:00:02: - C:\Users\joshu\OneDrive\Documents\dnd\00 - Campaigns\Northwatch Wardens - (HomeBrew)\web\server.js".
2026-06-10 14:00:05: Warning: Cannot polyfill `DOMMatrix`, rendering may be broken: "Error: Cannot find module 'canvas'
2026-06-10 14:00:05: Require stack:
2026-06-10 14:00:05: - C:\Users\joshu\OneDrive\Documents\dnd\00 - Campaigns\Northwatch Wardens - (HomeBrew)\web\node_modules\pdfjs-dist\legacy\build\pdf.js
2026-06-10 14:00:05: - C:\Users\joshu\OneDrive\Documents\dnd\00 - Campaigns\Northwatch Wardens - (HomeBrew)\web\lib\pdf-indexer.js
2026-06-10 14:00:05: - C:\Users\joshu\OneDrive\Documents\dnd\00 - Campaigns\Northwatch Wardens - (HomeBrew)\web\server.js".
2026-06-10 14:00:05: Warning: Cannot polyfill `Path2D`, rendering may be broken: "Error: Cannot find module 'canvas'
2026-06-10 14:00:05: Require stack:
2026-06-10 14:00:05: - C:\Users\joshu\OneDrive\Documents\dnd\00 - Campaigns\Northwatch Wardens - (HomeBrew)\web\node_modules\pdfjs-dist\legacy\build\pdf.js
2026-06-10 14:00:05: - C:\Users\joshu\OneDrive\Documents\dnd\00 - Campaigns\Northwatch Wardens - (HomeBrew)\web\lib\pdf-indexer.js
2026-06-10 14:00:05: - C:\Users\joshu\OneDrive\Documents\dnd\00 - Campaigns\Northwatch Wardens - (HomeBrew)\web\server.js".
2026-06-10 14:00:07: Warning: Cannot polyfill `DOMMatrix`, rendering may be broken: "Error: Cannot find module 'canvas'
2026-06-10 14:00:07: Require stack:
2026-06-10 14:00:07: - C:\Users\joshu\OneDrive\Documents\dnd\00 - Campaigns\Northwatch Wardens - (HomeBrew)\web\node_modules\pdfjs-dist\legacy\build\pdf.js
2026-06-10 14:00:07: - C:\Users\joshu\OneDrive\Documents\dnd\00 - Campaigns\Northwatch Wardens - (HomeBrew)\web\lib\pdf-indexer.js
2026-06-10 14:00:07: - C:\Users\joshu\OneDrive\Documents\dnd\00 - Campaigns\Northwatch Wardens - (HomeBrew)\web\server.js".
2026-06-10 14:00:07: Warning: Cannot polyfill `Path2D`, rendering may be broken: "Error: Cannot find module 'canvas'
2026-06-10 14:00:07: Require stack:
2026-06-10 14:00:07: - C:\Users\joshu\OneDrive\Documents\dnd\00 - Campaigns\Northwatch Wardens - (HomeBrew)\web\node_modules\pdfjs-dist\legacy\build\pdf.js
2026-06-10 14:00:07: - C:\Users\joshu\OneDrive\Documents\dnd\00 - Campaigns\Northwatch Wardens - (HomeBrew)\web\lib\pdf-indexer.js
2026-06-10 14:00:07: - C:\Users\joshu\OneDrive\Documents\dnd\00 - Campaigns\Northwatch Wardens - (HomeBrew)\web\server.js".
2026-06-10 14:00:10: Warning: Cannot polyfill `DOMMatrix`, rendering may be broken: "Error: Cannot find module 'canvas'
2026-06-10 14:00:10: Require stack:
2026-06-10 14:00:10: - C:\Users\joshu\OneDrive\Documents\dnd\00 - Campaigns\Northwatch Wardens - (HomeBrew)\web\node_modules\pdfjs-dist\legacy\build\pdf.js
2026-06-10 14:00:10: - C:\Users\joshu\OneDrive\Documents\dnd\00 - Campaigns\Northwatch Wardens - (HomeBrew)\web\lib\pdf-indexer.js
2026-06-10 14:00:10: - C:\Users\joshu\OneDrive\Documents\dnd\00 - Campaigns\Northwatch Wardens - (HomeBrew)\web\server.js".
2026-06-10 14:00:10: Warning: Cannot polyfill `Path2D`, rendering may be broken: "Error: Cannot find module 'canvas'
2026-06-10 14:00:10: Require stack:
2026-06-10 14:00:10: - C:\Users\joshu\OneDrive\Documents\dnd\00 - Campaigns\Northwatch Wardens - (HomeBrew)\web\node_modules\pdfjs-dist\legacy\build\pdf.js
2026-06-10 14:00:10: - C:\Users\joshu\OneDrive\Documents\dnd\00 - Campaigns\Northwatch Wardens - (HomeBrew)\web\lib\pdf-indexer.js
2026-06-10 14:00:10: - C:\Users\joshu\OneDrive\Documents\dnd\00 - Campaigns\Northwatch Wardens - (HomeBrew)\web\server.js".
2026-06-10 14:00:13: Warning: Cannot polyfill `DOMMatrix`, rendering may be broken: "Error: Cannot find module 'canvas'
2026-06-10 14:00:13: Require stack:
2026-06-10 14:00:13: - C:\Users\joshu\OneDrive\Documents\dnd\00 - Campaigns\Northwatch Wardens - (HomeBrew)\web\node_modules\pdfjs-dist\legacy\build\pdf.js
2026-06-10 14:00:13: - C:\Users\joshu\OneDrive\Documents\dnd\00 - Campaigns\Northwatch Wardens - (HomeBrew)\web\lib\pdf-indexer.js
2026-06-10 14:00:13: - C:\Users\joshu\OneDrive\Documents\dnd\00 - Campaigns\Northwatch Wardens - (HomeBrew)\web\server.js".
2026-06-10 14:00:13: Warning: Cannot polyfill `Path2D`, rendering may be broken: "Error: Cannot find module 'canvas'
2026-06-10 14:00:13: Require stack:
2026-06-10 14:00:13: - C:\Users\joshu\OneDrive\Documents\dnd\00 - Campaigns\Northwatch Wardens - (HomeBrew)\web\node_modules\pdfjs-dist\legacy\build\pdf.js
2026-06-10 14:00:13: - C:\Users\joshu\OneDrive\Documents\dnd\00 - Campaigns\Northwatch Wardens - (HomeBrew)\web\lib\pdf-indexer.js
2026-06-10 14:00:13: - C:\Users\joshu\OneDrive\Documents\dnd\00 - Campaigns\Northwatch Wardens - (HomeBrew)\web\server.js".
2026-06-10 14:00:16: Warning: Cannot polyfill `DOMMatrix`, rendering may be broken: "Error: Cannot find module 'canvas'
2026-06-10 14:00:16: Require stack:
2026-06-10 14:00:16: - C:\Users\joshu\OneDrive\Documents\dnd\00 - Campaigns\Northwatch Wardens - (HomeBrew)\web\node_modules\pdfjs-dist\legacy\build\pdf.js
2026-06-10 14:00:16: - C:\Users\joshu\OneDrive\Documents\dnd\00 - Campaigns\Northwatch Wardens - (HomeBrew)\web\lib\pdf-indexer.js
2026-06-10 14:00:16: - C:\Users\joshu\OneDrive\Documents\dnd\00 - Campaigns\Northwatch Wardens - (HomeBrew)\web\server.js".
2026-06-10 14:00:16: Warning: Cannot polyfill `Path2D`, rendering may be broken: "Error: Cannot find module 'canvas'
2026-06-10 14:00:16: Require stack:
2026-06-10 14:00:16: - C:\Users\joshu\OneDrive\Documents\dnd\00 - Campaigns\Northwatch Wardens - (HomeBrew)\web\node_modules\pdfjs-dist\legacy\build\pdf.js
2026-06-10 14:00:16: - C:\Users\joshu\OneDrive\Documents\dnd\00 - Campaigns\Northwatch Wardens - (HomeBrew)\web\lib\pdf-indexer.js
2026-06-10 14:00:16: - C:\Users\joshu\OneDrive\Documents\dnd\00 - Campaigns\Northwatch Wardens - (HomeBrew)\web\server.js".
2026-06-10 14:00:19: Warning: Cannot polyfill `DOMMatrix`, rendering may be broken: "Error: Cannot find module 'canvas'
2026-06-10 14:00:19: Require stack:
2026-06-10 14:00:19: - C:\Users\joshu\OneDrive\Documents\dnd\00 - Campaigns\Northwatch Wardens - (HomeBrew)\web\node_modules\pdfjs-dist\legacy\build\pdf.js
2026-06-10 14:00:19: - C:\Users\joshu\OneDrive\Documents\dnd\00 - Campaigns\Northwatch Wardens - (HomeBrew)\web\lib\pdf-indexer.js
2026-06-10 14:00:19: - C:\Users\joshu\OneDrive\Documents\dnd\00 - Campaigns\Northwatch Wardens - (HomeBrew)\web\server.js".
2026-06-10 14:00:19: Warning: Cannot polyfill `Path2D`, rendering may be broken: "Error: Cannot find module 'canvas'
2026-06-10 14:00:19: Require stack:
2026-06-10 14:00:19: - C:\Users\joshu\OneDrive\Documents\dnd\00 - Campaigns\Northwatch Wardens - (HomeBrew)\web\node_modules\pdfjs-dist\legacy\build\pdf.js
2026-06-10 14:00:19: - C:\Users\joshu\OneDrive\Documents\dnd\00 - Campaigns\Northwatch Wardens - (HomeBrew)\web\lib\pdf-indexer.js
2026-06-10 14:00:19: - C:\Users\joshu\OneDrive\Documents\dnd\00 - Campaigns\Northwatch Wardens - (HomeBrew)\web\server.js".
2026-06-10 14:00:22: Warning: Cannot polyfill `DOMMatrix`, rendering may be broken: "Error: Cannot find module 'canvas'
2026-06-10 14:00:22: Require stack:
2026-06-10 14:00:22: - C:\Users\joshu\OneDrive\Documents\dnd\00 - Campaigns\Northwatch Wardens - (HomeBrew)\web\node_modules\pdfjs-dist\legacy\build\pdf.js
2026-06-10 14:00:22: - C:\Users\joshu\OneDrive\Documents\dnd\00 - Campaigns\Northwatch Wardens - (HomeBrew)\web\lib\pdf-indexer.js
2026-06-10 14:00:22: - C:\Users\joshu\OneDrive\Documents\dnd\00 - Campaigns\Northwatch Wardens - (HomeBrew)\web\server.js".
2026-06-10 14:00:22: Warning: Cannot polyfill `Path2D`, rendering may be broken: "Error: Cannot find module 'canvas'
2026-06-10 14:00:22: Require stack:
2026-06-10 14:00:22: - C:\Users\joshu\OneDrive\Documents\dnd\00 - Campaigns\Northwatch Wardens - (HomeBrew)\web\node_modules\pdfjs-dist\legacy\build\pdf.js
2026-06-10 14:00:22: - C:\Users\joshu\OneDrive\Documents\dnd\00 - Campaigns\Northwatch Wardens - (HomeBrew)\web\lib\pdf-indexer.js
2026-06-10 14:00:22: - C:\Users\joshu\OneDrive\Documents\dnd\00 - Campaigns\Northwatch Wardens - (HomeBrew)\web\server.js".
2026-06-10 14:00:25: Warning: Cannot polyfill `DOMMatrix`, rendering may be broken: "Error: Cannot find module 'canvas'
2026-06-10 14:00:25: Require stack:
2026-06-10 14:00:25: - C:\Users\joshu\OneDrive\Documents\dnd\00 - Campaigns\Northwatch Wardens - (HomeBrew)\web\node_modules\pdfjs-dist\legacy\build\pdf.js
2026-06-10 14:00:25: - C:\Users\joshu\OneDrive\Documents\dnd\00 - Campaigns\Northwatch Wardens - (HomeBrew)\web\lib\pdf-indexer.js
2026-06-10 14:00:25: - C:\Users\joshu\OneDrive\Documents\dnd\00 - Campaigns\Northwatch Wardens - (HomeBrew)\web\server.js".
2026-06-10 14:00:25: Warning: Cannot polyfill `Path2D`, rendering may be broken: "Error: Cannot find module 'canvas'
2026-06-10 14:00:25: Require stack:
2026-06-10 14:00:25: - C:\Users\joshu\OneDrive\Documents\dnd\00 - Campaigns\Northwatch Wardens - (HomeBrew)\web\node_modules\pdfjs-dist\legacy\build\pdf.js
2026-06-10 14:00:25: - C:\Users\joshu\OneDrive\Documents\dnd\00 - Campaigns\Northwatch Wardens - (HomeBrew)\web\lib\pdf-indexer.js
2026-06-10 14:00:25: - C:\Users\joshu\OneDrive\Documents\dnd\00 - Campaigns\Northwatch Wardens - (HomeBrew)\web\server.js".
2026-06-10 14:00:32: Warning: Cannot polyfill `DOMMatrix`, rendering may be broken: "Error: Cannot find module 'canvas'
2026-06-10 14:00:32: Require stack:
2026-06-10 14:00:32: - C:\Users\joshu\OneDrive\Documents\dnd\00 - Campaigns\Northwatch Wardens - (HomeBrew)\web\node_modules\pdfjs-dist\legacy\build\pdf.js
2026-06-10 14:00:32: - C:\Users\joshu\OneDrive\Documents\dnd\00 - Campaigns\Northwatch Wardens - (HomeBrew)\web\lib\pdf-indexer.js
2026-06-10 14:00:32: - C:\Users\joshu\OneDrive\Documents\dnd\00 - Campaigns\Northwatch Wardens - (HomeBrew)\web\server.js".
2026-06-10 14:00:32: Warning: Cannot polyfill `Path2D`, rendering may be broken: "Error: Cannot find module 'canvas'
2026-06-10 14:00:32: Require stack:
2026-06-10 14:00:32: - C:\Users\joshu\OneDrive\Documents\dnd\00 - Campaigns\Northwatch Wardens - (HomeBrew)\web\node_modules\pdfjs-dist\legacy\build\pdf.js
2026-06-10 14:00:32: - C:\Users\joshu\OneDrive\Documents\dnd\00 - Campaigns\Northwatch Wardens - (HomeBrew)\web\lib\pdf-indexer.js
2026-06-10 14:00:32: - C:\Users\joshu\OneDrive\Documents\dnd\00 - Campaigns\Northwatch Wardens - (HomeBrew)\web\server.js".
2026-06-10 14:00:35: Warning: Cannot polyfill `DOMMatrix`, rendering may be broken: "Error: Cannot find module 'canvas'
2026-06-10 14:00:35: Require stack:
2026-06-10 14:00:35: - C:\Users\joshu\OneDrive\Documents\dnd\00 - Campaigns\Northwatch Wardens - (HomeBrew)\web\node_modules\pdfjs-dist\legacy\build\pdf.js
2026-06-10 14:00:35: - C:\Users\joshu\OneDrive\Documents\dnd\00 - Campaigns\Northwatch Wardens - (HomeBrew)\web\lib\pdf-indexer.js
2026-06-10 14:00:35: - C:\Users\joshu\OneDrive\Documents\dnd\00 - Campaigns\Northwatch Wardens - (HomeBrew)\web\server.js".
2026-06-10 14:00:36: Warning: Cannot polyfill `Path2D`, rendering may be broken: "Error: Cannot find module 'canvas'
2026-06-10 14:00:36: Require stack:
2026-06-10 14:00:36: - C:\Users\joshu\OneDrive\Documents\dnd\00 - Campaigns\Northwatch Wardens - (HomeBrew)\web\node_modules\pdfjs-dist\legacy\build\pdf.js
2026-06-10 14:00:36: - C:\Users\joshu\OneDrive\Documents\dnd\00 - Campaigns\Northwatch Wardens - (HomeBrew)\web\lib\pdf-indexer.js
2026-06-10 14:00:36: - C:\Users\joshu\OneDrive\Documents\dnd\00 - Campaigns\Northwatch Wardens - (HomeBrew)\web\server.js".
2026-06-10 14:00:40: Warning: Cannot polyfill `DOMMatrix`, rendering may be broken: "Error: Cannot find module 'canvas'
2026-06-10 14:00:40: Require stack:
2026-06-10 14:00:40: - C:\Users\joshu\OneDrive\Documents\dnd\00 - Campaigns\Northwatch Wardens - (HomeBrew)\web\node_modules\pdfjs-dist\legacy\build\pdf.js
2026-06-10 14:00:40: - C:\Users\joshu\OneDrive\Documents\dnd\00 - Campaigns\Northwatch Wardens - (HomeBrew)\web\lib\pdf-indexer.js
2026-06-10 14:00:40: - C:\Users\joshu\OneDrive\Documents\dnd\00 - Campaigns\Northwatch Wardens - (HomeBrew)\web\server.js".
2026-06-10 14:00:40: Warning: Cannot polyfill `Path2D`, rendering may be broken: "Error: Cannot find module 'canvas'
2026-06-10 14:00:40: Require stack:
2026-06-10 14:00:40: - C:\Users\joshu\OneDrive\Documents\dnd\00 - Campaigns\Northwatch Wardens - (HomeBrew)\web\node_modules\pdfjs-dist\legacy\build\pdf.js
2026-06-10 14:00:40: - C:\Users\joshu\OneDrive\Documents\dnd\00 - Campaigns\Northwatch Wardens - (HomeBrew)\web\lib\pdf-indexer.js
2026-06-10 14:00:40: - C:\Users\joshu\OneDrive\Documents\dnd\00 - Campaigns\Northwatch Wardens - (HomeBrew)\web\server.js".
2026-06-10 14:00:43: Warning: Cannot polyfill `DOMMatrix`, rendering may be broken: "Error: Cannot find module 'canvas'
2026-06-10 14:00:43: Require stack:
2026-06-10 14:00:43: - C:\Users\joshu\OneDrive\Documents\dnd\00 - Campaigns\Northwatch Wardens - (HomeBrew)\web\node_modules\pdfjs-dist\legacy\build\pdf.js
2026-06-10 14:00:43: - C:\Users\joshu\OneDrive\Documents\dnd\00 - Campaigns\Northwatch Wardens - (HomeBrew)\web\lib\pdf-indexer.js
2026-06-10 14:00:43: - C:\Users\joshu\OneDrive\Documents\dnd\00 - Campaigns\Northwatch Wardens - (HomeBrew)\web\server.js".
2026-06-10 14:00:43: Warning: Cannot polyfill `Path2D`, rendering may be broken: "Error: Cannot find module 'canvas'
2026-06-10 14:00:43: Require stack:
2026-06-10 14:00:43: - C:\Users\joshu\OneDrive\Documents\dnd\00 - Campaigns\Northwatch Wardens - (HomeBrew)\web\node_modules\pdfjs-dist\legacy\build\pdf.js
2026-06-10 14:00:43: - C:\Users\joshu\OneDrive\Documents\dnd\00 - Campaigns\Northwatch Wardens - (HomeBrew)\web\lib\pdf-indexer.js
2026-06-10 14:00:43: - C:\Users\joshu\OneDrive\Documents\dnd\00 - Campaigns\Northwatch Wardens - (HomeBrew)\web\server.js".
2026-06-10 14:00:49: Warning: Cannot polyfill `DOMMatrix`, rendering may be broken: "Error: Cannot find module 'canvas'
2026-06-10 14:00:49: Require stack:
2026-06-10 14:00:49: - C:\Users\joshu\OneDrive\Documents\dnd\00 - Campaigns\Northwatch Wardens - (HomeBrew)\web\node_modules\pdfjs-dist\legacy\build\pdf.js
2026-06-10 14:00:49: - C:\Users\joshu\OneDrive\Documents\dnd\00 - Campaigns\Northwatch Wardens - (HomeBrew)\web\lib\pdf-indexer.js
2026-06-10 14:00:49: - C:\Users\joshu\OneDrive\Documents\dnd\00 - Campaigns\Northwatch Wardens - (HomeBrew)\web\server.js".
2026-06-10 14:00:49: Warning: Cannot polyfill `Path2D`, rendering may be broken: "Error: Cannot find module 'canvas'
2026-06-10 14:00:49: Require stack:
2026-06-10 14:00:49: - C:\Users\joshu\OneDrive\Documents\dnd\00 - Campaigns\Northwatch Wardens - (HomeBrew)\web\node_modules\pdfjs-dist\legacy\build\pdf.js
2026-06-10 14:00:49: - C:\Users\joshu\OneDrive\Documents\dnd\00 - Campaigns\Northwatch Wardens - (HomeBrew)\web\lib\pdf-indexer.js
2026-06-10 14:00:49: - C:\Users\joshu\OneDrive\Documents\dnd\00 - Campaigns\Northwatch Wardens - (HomeBrew)\web\server.js".
2026-06-10 14:00:54: Warning: Cannot polyfill `DOMMatrix`, rendering may be broken: "Error: Cannot find module 'canvas'
2026-06-10 14:00:54: Require stack:
2026-06-10 14:00:54: - C:\Users\joshu\OneDrive\Documents\dnd\00 - Campaigns\Northwatch Wardens - (HomeBrew)\web\node_modules\pdfjs-dist\legacy\build\pdf.js
2026-06-10 14:00:54: - C:\Users\joshu\OneDrive\Documents\dnd\00 - Campaigns\Northwatch Wardens - (HomeBrew)\web\lib\pdf-indexer.js
2026-06-10 14:00:54: - C:\Users\joshu\OneDrive\Documents\dnd\00 - Campaigns\Northwatch Wardens - (HomeBrew)\web\server.js".
2026-06-10 14:00:54: Warning: Cannot polyfill `Path2D`, rendering may be broken: "Error: Cannot find module 'canvas'
2026-06-10 14:00:54: Require stack:
2026-06-10 14:00:54: - C:\Users\joshu\OneDrive\Documents\dnd\00 - Campaigns\Northwatch Wardens - (HomeBrew)\web\node_modules\pdfjs-dist\legacy\build\pdf.js
2026-06-10 14:00:54: - C:\Users\joshu\OneDrive\Documents\dnd\00 - Campaigns\Northwatch Wardens - (HomeBrew)\web\lib\pdf-indexer.js
2026-06-10 14:00:54: - C:\Users\joshu\OneDrive\Documents\dnd\00 - Campaigns\Northwatch Wardens - (HomeBrew)\web\server.js".
2026-06-10 14:00:58: Warning: Cannot polyfill `DOMMatrix`, rendering may be broken: "Error: Cannot find module 'canvas'
2026-06-10 14:00:58: Require stack:
2026-06-10 14:00:58: - C:\Users\joshu\OneDrive\Documents\dnd\00 - Campaigns\Northwatch Wardens - (HomeBrew)\web\node_modules\pdfjs-dist\legacy\build\pdf.js
2026-06-10 14:00:58: - C:\Users\joshu\OneDrive\Documents\dnd\00 - Campaigns\Northwatch Wardens - (HomeBrew)\web\lib\pdf-indexer.js
2026-06-10 14:00:58: - C:\Users\joshu\OneDrive\Documents\dnd\00 - Campaigns\Northwatch Wardens - (HomeBrew)\web\server.js".
2026-06-10 14:00:58: Warning: Cannot polyfill `Path2D`, rendering may be broken: "Error: Cannot find module 'canvas'
2026-06-10 14:00:58: Require stack:
2026-06-10 14:00:58: - C:\Users\joshu\OneDrive\Documents\dnd\00 - Campaigns\Northwatch Wardens - (HomeBrew)\web\node_modules\pdfjs-dist\legacy\build\pdf.js
2026-06-10 14:00:58: - C:\Users\joshu\OneDrive\Documents\dnd\00 - Campaigns\Northwatch Wardens - (HomeBrew)\web\lib\pdf-indexer.js
2026-06-10 14:00:58: - C:\Users\joshu\OneDrive\Documents\dnd\00 - Campaigns\Northwatch Wardens - (HomeBrew)\web\server.js".
2026-06-10 14:01:02: Warning: Cannot polyfill `DOMMatrix`, rendering may be broken: "Error: Cannot find module 'canvas'
2026-06-10 14:01:02: Require stack:
2026-06-10 14:01:02: - C:\Users\joshu\OneDrive\Documents\dnd\00 - Campaigns\Northwatch Wardens - (HomeBrew)\web\node_modules\pdfjs-dist\legacy\build\pdf.js
2026-06-10 14:01:02: - C:\Users\joshu\OneDrive\Documents\dnd\00 - Campaigns\Northwatch Wardens - (HomeBrew)\web\lib\pdf-indexer.js
2026-06-10 14:01:02: - C:\Users\joshu\OneDrive\Documents\dnd\00 - Campaigns\Northwatch Wardens - (HomeBrew)\web\server.js".
2026-06-10 14:01:02: Warning: Cannot polyfill `Path2D`, rendering may be broken: "Error: Cannot find module 'canvas'
2026-06-10 14:01:02: Require stack:
2026-06-10 14:01:02: - C:\Users\joshu\OneDrive\Documents\dnd\00 - Campaigns\Northwatch Wardens - (HomeBrew)\web\node_modules\pdfjs-dist\legacy\build\pdf.js
2026-06-10 14:01:02: - C:\Users\joshu\OneDrive\Documents\dnd\00 - Campaigns\Northwatch Wardens - (HomeBrew)\web\lib\pdf-indexer.js
2026-06-10 14:01:02: - C:\Users\joshu\OneDrive\Documents\dnd\00 - Campaigns\Northwatch Wardens - (HomeBrew)\web\server.js".
2026-06-10 14:01:05: Warning: Cannot polyfill `DOMMatrix`, rendering may be broken: "Error: Cannot find module 'canvas'
2026-06-10 14:01:05: Require stack:
2026-06-10 14:01:05: - C:\Users\joshu\OneDrive\Documents\dnd\00 - Campaigns\Northwatch Wardens - (HomeBrew)\web\node_modules\pdfjs-dist\legacy\build\pdf.js
2026-06-10 14:01:05: - C:\Users\joshu\OneDrive\Documents\dnd\00 - Campaigns\Northwatch Wardens - (HomeBrew)\web\lib\pdf-indexer.js
2026-06-10 14:01:05: - C:\Users\joshu\OneDrive\Documents\dnd\00 - Campaigns\Northwatch Wardens - (HomeBrew)\web\server.js".
2026-06-10 14:01:05: Warning: Cannot polyfill `Path2D`, rendering may be broken: "Error: Cannot find module 'canvas'
2026-06-10 14:01:05: Require stack:
2026-06-10 14:01:05: - C:\Users\joshu\OneDrive\Documents\dnd\00 - Campaigns\Northwatch Wardens - (HomeBrew)\web\node_modules\pdfjs-dist\legacy\build\pdf.js
2026-06-10 14:01:05: - C:\Users\joshu\OneDrive\Documents\dnd\00 - Campaigns\Northwatch Wardens - (HomeBrew)\web\lib\pdf-indexer.js
2026-06-10 14:01:05: - C:\Users\joshu\OneDrive\Documents\dnd\00 - Campaigns\Northwatch Wardens - (HomeBrew)\web\server.js".
2026-06-10 14:01:09: Warning: Cannot polyfill `DOMMatrix`, rendering may be broken: "Error: Cannot find module 'canvas'
2026-06-10 14:01:09: Require stack:
2026-06-10 14:01:09: - C:\Users\joshu\OneDrive\Documents\dnd\00 - Campaigns\Northwatch Wardens - (HomeBrew)\web\node_modules\pdfjs-dist\legacy\build\pdf.js
2026-06-10 14:01:09: - C:\Users\joshu\OneDrive\Documents\dnd\00 - Campaigns\Northwatch Wardens - (HomeBrew)\web\lib\pdf-indexer.js
2026-06-10 14:01:09: - C:\Users\joshu\OneDrive\Documents\dnd\00 - Campaigns\Northwatch Wardens - (HomeBrew)\web\server.js".
2026-06-10 14:01:09: Warning: Cannot polyfill `Path2D`, rendering may be broken: "Error: Cannot find module 'canvas'
2026-06-10 14:01:09: Require stack:
2026-06-10 14:01:09: - C:\Users\joshu\OneDrive\Documents\dnd\00 - Campaigns\Northwatch Wardens - (HomeBrew)\web\node_modules\pdfjs-dist\legacy\build\pdf.js
2026-06-10 14:01:09: - C:\Users\joshu\OneDrive\Documents\dnd\00 - Campaigns\Northwatch Wardens - (HomeBrew)\web\lib\pdf-indexer.js
2026-06-10 14:01:09: - C:\Users\joshu\OneDrive\Documents\dnd\00 - Campaigns\Northwatch Wardens - (HomeBrew)\web\server.js".
2026-06-10 14:01:13: Warning: Cannot polyfill `DOMMatrix`, rendering may be broken: "Error: Cannot find module 'canvas'
2026-06-10 14:01:13: Require stack:
2026-06-10 14:01:13: - C:\Users\joshu\OneDrive\Documents\dnd\00 - Campaigns\Northwatch Wardens - (HomeBrew)\web\node_modules\pdfjs-dist\legacy\build\pdf.js
2026-06-10 14:01:13: - C:\Users\joshu\OneDrive\Documents\dnd\00 - Campaigns\Northwatch Wardens - (HomeBrew)\web\lib\pdf-indexer.js
2026-06-10 14:01:13: - C:\Users\joshu\OneDrive\Documents\dnd\00 - Campaigns\Northwatch Wardens - (HomeBrew)\web\server.js".
2026-06-10 14:01:13: Warning: Cannot polyfill `Path2D`, rendering may be broken: "Error: Cannot find module 'canvas'
2026-06-10 14:01:13: Require stack:
2026-06-10 14:01:13: - C:\Users\joshu\OneDrive\Documents\dnd\00 - Campaigns\Northwatch Wardens - (HomeBrew)\web\node_modules\pdfjs-dist\legacy\build\pdf.js
2026-06-10 14:01:13: - C:\Users\joshu\OneDrive\Documents\dnd\00 - Campaigns\Northwatch Wardens - (HomeBrew)\web\lib\pdf-indexer.js
2026-06-10 14:01:13: - C:\Users\joshu\OneDrive\Documents\dnd\00 - Campaigns\Northwatch Wardens - (HomeBrew)\web\server.js".
2026-06-10 14:01:17: Warning: Cannot polyfill `DOMMatrix`, rendering may be broken: "Error: Cannot find module 'canvas'
2026-06-10 14:01:17: Require stack:
2026-06-10 14:01:17: - C:\Users\joshu\OneDrive\Documents\dnd\00 - Campaigns\Northwatch Wardens - (HomeBrew)\web\node_modules\pdfjs-dist\legacy\build\pdf.js
2026-06-10 14:01:17: - C:\Users\joshu\OneDrive\Documents\dnd\00 - Campaigns\Northwatch Wardens - (HomeBrew)\web\lib\pdf-indexer.js
2026-06-10 14:01:17: - C:\Users\joshu\OneDrive\Documents\dnd\00 - Campaigns\Northwatch Wardens - (HomeBrew)\web\server.js".
2026-06-10 14:01:17: Warning: Cannot polyfill `Path2D`, rendering may be broken: "Error: Cannot find module 'canvas'
2026-06-10 14:01:17: Require stack:
2026-06-10 14:01:17: - C:\Users\joshu\OneDrive\Documents\dnd\00 - Campaigns\Northwatch Wardens - (HomeBrew)\web\node_modules\pdfjs-dist\legacy\build\pdf.js
2026-06-10 14:01:17: - C:\Users\joshu\OneDrive\Documents\dnd\00 - Campaigns\Northwatch Wardens - (HomeBrew)\web\lib\pdf-indexer.js
2026-06-10 14:01:17: - C:\Users\joshu\OneDrive\Documents\dnd\00 - Campaigns\Northwatch Wardens - (HomeBrew)\web\server.js".
2026-06-10 14:01:20: Warning: Cannot polyfill `DOMMatrix`, rendering may be broken: "Error: Cannot find module 'canvas'
2026-06-10 14:01:20: Require stack:
2026-06-10 14:01:20: - C:\Users\joshu\OneDrive\Documents\dnd\00 - Campaigns\Northwatch Wardens - (HomeBrew)\web\node_modules\pdfjs-dist\legacy\build\pdf.js
2026-06-10 14:01:20: - C:\Users\joshu\OneDrive\Documents\dnd\00 - Campaigns\Northwatch Wardens - (HomeBrew)\web\lib\pdf-indexer.js
2026-06-10 14:01:20: - C:\Users\joshu\OneDrive\Documents\dnd\00 - Campaigns\Northwatch Wardens - (HomeBrew)\web\server.js".
2026-06-10 14:01:20: Warning: Cannot polyfill `Path2D`, rendering may be broken: "Error: Cannot find module 'canvas'
2026-06-10 14:01:20: Require stack:
2026-06-10 14:01:20: - C:\Users\joshu\OneDrive\Documents\dnd\00 - Campaigns\Northwatch Wardens - (HomeBrew)\web\node_modules\pdfjs-dist\legacy\build\pdf.js
2026-06-10 14:01:20: - C:\Users\joshu\OneDrive\Documents\dnd\00 - Campaigns\Northwatch Wardens - (HomeBrew)\web\lib\pdf-indexer.js
2026-06-10 14:01:20: - C:\Users\joshu\OneDrive\Documents\dnd\00 - Campaigns\Northwatch Wardens - (HomeBrew)\web\server.js".
2026-06-10 14:01:23: Warning: Cannot polyfill `DOMMatrix`, rendering may be broken: "Error: Cannot find module 'canvas'
2026-06-10 14:01:23: Require stack:
2026-06-10 14:01:23: - C:\Users\joshu\OneDrive\Documents\dnd\00 - Campaigns\Northwatch Wardens - (HomeBrew)\web\node_modules\pdfjs-dist\legacy\build\pdf.js
2026-06-10 14:01:23: - C:\Users\joshu\OneDrive\Documents\dnd\00 - Campaigns\Northwatch Wardens - (HomeBrew)\web\lib\pdf-indexer.js
2026-06-10 14:01:23: - C:\Users\joshu\OneDrive\Documents\dnd\00 - Campaigns\Northwatch Wardens - (HomeBrew)\web\server.js".
2026-06-10 14:01:23: Warning: Cannot polyfill `Path2D`, rendering may be broken: "Error: Cannot find module 'canvas'
2026-06-10 14:01:23: Require stack:
2026-06-10 14:01:23: - C:\Users\joshu\OneDrive\Documents\dnd\00 - Campaigns\Northwatch Wardens - (HomeBrew)\web\node_modules\pdfjs-dist\legacy\build\pdf.js
2026-06-10 14:01:23: - C:\Users\joshu\OneDrive\Documents\dnd\00 - Campaigns\Northwatch Wardens - (HomeBrew)\web\lib\pdf-indexer.js
2026-06-10 14:01:23: - C:\Users\joshu\OneDrive\Documents\dnd\00 - Campaigns\Northwatch Wardens - (HomeBrew)\web\server.js".
2026-06-10 14:01:26: Warning: Cannot polyfill `DOMMatrix`, rendering may be broken: "Error: Cannot find module 'canvas'
2026-06-10 14:01:26: Require stack:
2026-06-10 14:01:26: - C:\Users\joshu\OneDrive\Documents\dnd\00 - Campaigns\Northwatch Wardens - (HomeBrew)\web\node_modules\pdfjs-dist\legacy\build\pdf.js
2026-06-10 14:01:26: - C:\Users\joshu\OneDrive\Documents\dnd\00 - Campaigns\Northwatch Wardens - (HomeBrew)\web\lib\pdf-indexer.js
2026-06-10 14:01:26: - C:\Users\joshu\OneDrive\Documents\dnd\00 - Campaigns\Northwatch Wardens - (HomeBrew)\web\server.js".
2026-06-10 14:01:26: Warning: Cannot polyfill `Path2D`, rendering may be broken: "Error: Cannot find module 'canvas'
2026-06-10 14:01:26: Require stack:
2026-06-10 14:01:26: - C:\Users\joshu\OneDrive\Documents\dnd\00 - Campaigns\Northwatch Wardens - (HomeBrew)\web\node_modules\pdfjs-dist\legacy\build\pdf.js
2026-06-10 14:01:26: - C:\Users\joshu\OneDrive\Documents\dnd\00 - Campaigns\Northwatch Wardens - (HomeBrew)\web\lib\pdf-indexer.js
2026-06-10 14:01:26: - C:\Users\joshu\OneDrive\Documents\dnd\00 - Campaigns\Northwatch Wardens - (HomeBrew)\web\server.js".
2026-06-10 14:01:29: Warning: Cannot polyfill `DOMMatrix`, rendering may be broken: "Error: Cannot find module 'canvas'
2026-06-10 14:01:29: Require stack:
2026-06-10 14:01:29: - C:\Users\joshu\OneDrive\Documents\dnd\00 - Campaigns\Northwatch Wardens - (HomeBrew)\web\node_modules\pdfjs-dist\legacy\build\pdf.js
2026-06-10 14:01:29: - C:\Users\joshu\OneDrive\Documents\dnd\00 - Campaigns\Northwatch Wardens - (HomeBrew)\web\lib\pdf-indexer.js
2026-06-10 14:01:29: - C:\Users\joshu\OneDrive\Documents\dnd\00 - Campaigns\Northwatch Wardens - (HomeBrew)\web\server.js".
2026-06-10 14:01:29: Warning: Cannot polyfill `Path2D`, rendering may be broken: "Error: Cannot find module 'canvas'
2026-06-10 14:01:29: Require stack:
2026-06-10 14:01:29: - C:\Users\joshu\OneDrive\Documents\dnd\00 - Campaigns\Northwatch Wardens - (HomeBrew)\web\node_modules\pdfjs-dist\legacy\build\pdf.js
2026-06-10 14:01:29: - C:\Users\joshu\OneDrive\Documents\dnd\00 - Campaigns\Northwatch Wardens - (HomeBrew)\web\lib\pdf-indexer.js
2026-06-10 14:01:29: - C:\Users\joshu\OneDrive\Documents\dnd\00 - Campaigns\Northwatch Wardens - (HomeBrew)\web\server.js".
2026-06-10 14:01:32: Warning: Cannot polyfill `DOMMatrix`, rendering may be broken: "Error: Cannot find module 'canvas'
2026-06-10 14:01:32: Require stack:
2026-06-10 14:01:32: - C:\Users\joshu\OneDrive\Documents\dnd\00 - Campaigns\Northwatch Wardens - (HomeBrew)\web\node_modules\pdfjs-dist\legacy\build\pdf.js
2026-06-10 14:01:32: - C:\Users\joshu\OneDrive\Documents\dnd\00 - Campaigns\Northwatch Wardens - (HomeBrew)\web\lib\pdf-indexer.js
2026-06-10 14:01:32: - C:\Users\joshu\OneDrive\Documents\dnd\00 - Campaigns\Northwatch Wardens - (HomeBrew)\web\server.js".
2026-06-10 14:01:32: Warning: Cannot polyfill `Path2D`, rendering may be broken: "Error: Cannot find module 'canvas'
2026-06-10 14:01:32: Require stack:
2026-06-10 14:01:32: - C:\Users\joshu\OneDrive\Documents\dnd\00 - Campaigns\Northwatch Wardens - (HomeBrew)\web\node_modules\pdfjs-dist\legacy\build\pdf.js
2026-06-10 14:01:32: - C:\Users\joshu\OneDrive\Documents\dnd\00 - Campaigns\Northwatch Wardens - (HomeBrew)\web\lib\pdf-indexer.js
2026-06-10 14:01:32: - C:\Users\joshu\OneDrive\Documents\dnd\00 - Campaigns\Northwatch Wardens - (HomeBrew)\web\server.js".
2026-06-10 14:01:36: Warning: Cannot polyfill `DOMMatrix`, rendering may be broken: "Error: Cannot find module 'canvas'
2026-06-10 14:01:36: Require stack:
2026-06-10 14:01:36: - C:\Users\joshu\OneDrive\Documents\dnd\00 - Campaigns\Northwatch Wardens - (HomeBrew)\web\node_modules\pdfjs-dist\legacy\build\pdf.js
2026-06-10 14:01:36: - C:\Users\joshu\OneDrive\Documents\dnd\00 - Campaigns\Northwatch Wardens - (HomeBrew)\web\lib\pdf-indexer.js
2026-06-10 14:01:36: - C:\Users\joshu\OneDrive\Documents\dnd\00 - Campaigns\Northwatch Wardens - (HomeBrew)\web\server.js".
2026-06-10 14:01:36: Warning: Cannot polyfill `Path2D`, rendering may be broken: "Error: Cannot find module 'canvas'
2026-06-10 14:01:36: Require stack:
2026-06-10 14:01:36: - C:\Users\joshu\OneDrive\Documents\dnd\00 - Campaigns\Northwatch Wardens - (HomeBrew)\web\node_modules\pdfjs-dist\legacy\build\pdf.js
2026-06-10 14:01:36: - C:\Users\joshu\OneDrive\Documents\dnd\00 - Campaigns\Northwatch Wardens - (HomeBrew)\web\lib\pdf-indexer.js
2026-06-10 14:01:36: - C:\Users\joshu\OneDrive\Documents\dnd\00 - Campaigns\Northwatch Wardens - (HomeBrew)\web\server.js".
2026-06-10 14:01:39: Warning: Cannot polyfill `DOMMatrix`, rendering may be broken: "Error: Cannot find module 'canvas'
2026-06-10 14:01:39: Require stack:
2026-06-10 14:01:39: - C:\Users\joshu\OneDrive\Documents\dnd\00 - Campaigns\Northwatch Wardens - (HomeBrew)\web\node_modules\pdfjs-dist\legacy\build\pdf.js
2026-06-10 14:01:39: - C:\Users\joshu\OneDrive\Documents\dnd\00 - Campaigns\Northwatch Wardens - (HomeBrew)\web\lib\pdf-indexer.js
2026-06-10 14:01:39: - C:\Users\joshu\OneDrive\Documents\dnd\00 - Campaigns\Northwatch Wardens - (HomeBrew)\web\server.js".
2026-06-10 14:01:39: Warning: Cannot polyfill `Path2D`, rendering may be broken: "Error: Cannot find module 'canvas'
2026-06-10 14:01:39: Require stack:
2026-06-10 14:01:39: - C:\Users\joshu\OneDrive\Documents\dnd\00 - Campaigns\Northwatch Wardens - (HomeBrew)\web\node_modules\pdfjs-dist\legacy\build\pdf.js
2026-06-10 14:01:39: - C:\Users\joshu\OneDrive\Documents\dnd\00 - Campaigns\Northwatch Wardens - (HomeBrew)\web\lib\pdf-indexer.js
2026-06-10 14:01:39: - C:\Users\joshu\OneDrive\Documents\dnd\00 - Campaigns\Northwatch Wardens - (HomeBrew)\web\server.js".
2026-06-10 14:01:42: Warning: Cannot polyfill `DOMMatrix`, rendering may be broken: "Error: Cannot find module 'canvas'
2026-06-10 14:01:42: Require stack:
2026-06-10 14:01:42: - C:\Users\joshu\OneDrive\Documents\dnd\00 - Campaigns\Northwatch Wardens - (HomeBrew)\web\node_modules\pdfjs-dist\legacy\build\pdf.js
2026-06-10 14:01:42: - C:\Users\joshu\OneDrive\Documents\dnd\00 - Campaigns\Northwatch Wardens - (HomeBrew)\web\lib\pdf-indexer.js
2026-06-10 14:01:42: - C:\Users\joshu\OneDrive\Documents\dnd\00 - Campaigns\Northwatch Wardens - (HomeBrew)\web\server.js".
2026-06-10 14:01:42: Warning: Cannot polyfill `Path2D`, rendering may be broken: "Error: Cannot find module 'canvas'
2026-06-10 14:01:42: Require stack:
2026-06-10 14:01:42: - C:\Users\joshu\OneDrive\Documents\dnd\00 - Campaigns\Northwatch Wardens - (HomeBrew)\web\node_modules\pdfjs-dist\legacy\build\pdf.js
2026-06-10 14:01:42: - C:\Users\joshu\OneDrive\Documents\dnd\00 - Campaigns\Northwatch Wardens - (HomeBrew)\web\lib\pdf-indexer.js
2026-06-10 14:01:42: - C:\Users\joshu\OneDrive\Documents\dnd\00 - Campaigns\Northwatch Wardens - (HomeBrew)\web\server.js".
2026-06-10 14:01:45: Warning: Cannot polyfill `DOMMatrix`, rendering may be broken: "Error: Cannot find module 'canvas'
2026-06-10 14:01:45: Require stack:
2026-06-10 14:01:45: - C:\Users\joshu\OneDrive\Documents\dnd\00 - Campaigns\Northwatch Wardens - (HomeBrew)\web\node_modules\pdfjs-dist\legacy\build\pdf.js
2026-06-10 14:01:45: - C:\Users\joshu\OneDrive\Documents\dnd\00 - Campaigns\Northwatch Wardens - (HomeBrew)\web\lib\pdf-indexer.js
2026-06-10 14:01:45: - C:\Users\joshu\OneDrive\Documents\dnd\00 - Campaigns\Northwatch Wardens - (HomeBrew)\web\server.js".
2026-06-10 14:01:45: Warning: Cannot polyfill `Path2D`, rendering may be broken: "Error: Cannot find module 'canvas'
2026-06-10 14:01:45: Require stack:
2026-06-10 14:01:45: - C:\Users\joshu\OneDrive\Documents\dnd\00 - Campaigns\Northwatch Wardens - (HomeBrew)\web\node_modules\pdfjs-dist\legacy\build\pdf.js
2026-06-10 14:01:45: - C:\Users\joshu\OneDrive\Documents\dnd\00 - Campaigns\Northwatch Wardens - (HomeBrew)\web\lib\pdf-indexer.js
2026-06-10 14:01:45: - C:\Users\joshu\OneDrive\Documents\dnd\00 - Campaigns\Northwatch Wardens - (HomeBrew)\web\server.js".
2026-06-10 14:01:48: Warning: Cannot polyfill `DOMMatrix`, rendering may be broken: "Error: Cannot find module 'canvas'
2026-06-10 14:01:48: Require stack:
2026-06-10 14:01:48: - C:\Users\joshu\OneDrive\Documents\dnd\00 - Campaigns\Northwatch Wardens - (HomeBrew)\web\node_modules\pdfjs-dist\legacy\build\pdf.js
2026-06-10 14:01:48: - C:\Users\joshu\OneDrive\Documents\dnd\00 - Campaigns\Northwatch Wardens - (HomeBrew)\web\lib\pdf-indexer.js
2026-06-10 14:01:48: - C:\Users\joshu\OneDrive\Documents\dnd\00 - Campaigns\Northwatch Wardens - (HomeBrew)\web\server.js".
2026-06-10 14:01:48: Warning: Cannot polyfill `Path2D`, rendering may be broken: "Error: Cannot find module 'canvas'
2026-06-10 14:01:48: Require stack:
2026-06-10 14:01:48: - C:\Users\joshu\OneDrive\Documents\dnd\00 - Campaigns\Northwatch Wardens - (HomeBrew)\web\node_modules\pdfjs-dist\legacy\build\pdf.js
2026-06-10 14:01:48: - C:\Users\joshu\OneDrive\Documents\dnd\00 - Campaigns\Northwatch Wardens - (HomeBrew)\web\lib\pdf-indexer.js
2026-06-10 14:01:48: - C:\Users\joshu\OneDrive\Documents\dnd\00 - Campaigns\Northwatch Wardens - (HomeBrew)\web\server.js".
2026-06-10 14:01:52: Warning: Cannot polyfill `DOMMatrix`, rendering may be broken: "Error: Cannot find module 'canvas'
2026-06-10 14:01:52: Require stack:
2026-06-10 14:01:52: - C:\Users\joshu\OneDrive\Documents\dnd\00 - Campaigns\Northwatch Wardens - (HomeBrew)\web\node_modules\pdfjs-dist\legacy\build\pdf.js
2026-06-10 14:01:52: - C:\Users\joshu\OneDrive\Documents\dnd\00 - Campaigns\Northwatch Wardens - (HomeBrew)\web\lib\pdf-indexer.js
2026-06-10 14:01:52: - C:\Users\joshu\OneDrive\Documents\dnd\00 - Campaigns\Northwatch Wardens - (HomeBrew)\web\server.js".
2026-06-10 14:01:52: Warning: Cannot polyfill `Path2D`, rendering may be broken: "Error: Cannot find module 'canvas'
2026-06-10 14:01:52: Require stack:
2026-06-10 14:01:52: - C:\Users\joshu\OneDrive\Documents\dnd\00 - Campaigns\Northwatch Wardens - (HomeBrew)\web\node_modules\pdfjs-dist\legacy\build\pdf.js
2026-06-10 14:01:52: - C:\Users\joshu\OneDrive\Documents\dnd\00 - Campaigns\Northwatch Wardens - (HomeBrew)\web\lib\pdf-indexer.js
2026-06-10 14:01:52: - C:\Users\joshu\OneDrive\Documents\dnd\00 - Campaigns\Northwatch Wardens - (HomeBrew)\web\server.js".
2026-06-10 14:01:55: Warning: Cannot polyfill `DOMMatrix`, rendering may be broken: "Error: Cannot find module 'canvas'
2026-06-10 14:01:55: Require stack:
2026-06-10 14:01:55: - C:\Users\joshu\OneDrive\Documents\dnd\00 - Campaigns\Northwatch Wardens - (HomeBrew)\web\node_modules\pdfjs-dist\legacy\build\pdf.js
2026-06-10 14:01:55: - C:\Users\joshu\OneDrive\Documents\dnd\00 - Campaigns\Northwatch Wardens - (HomeBrew)\web\lib\pdf-indexer.js
2026-06-10 14:01:55: - C:\Users\joshu\OneDrive\Documents\dnd\00 - Campaigns\Northwatch Wardens - (HomeBrew)\web\server.js".
2026-06-10 14:01:55: Warning: Cannot polyfill `Path2D`, rendering may be broken: "Error: Cannot find module 'canvas'
2026-06-10 14:01:55: Require stack:
2026-06-10 14:01:55: - C:\Users\joshu\OneDrive\Documents\dnd\00 - Campaigns\Northwatch Wardens - (HomeBrew)\web\node_modules\pdfjs-dist\legacy\build\pdf.js
2026-06-10 14:01:55: - C:\Users\joshu\OneDrive\Documents\dnd\00 - Campaigns\Northwatch Wardens - (HomeBrew)\web\lib\pdf-indexer.js
2026-06-10 14:01:55: - C:\Users\joshu\OneDrive\Documents\dnd\00 - Campaigns\Northwatch Wardens - (HomeBrew)\web\server.js".
2026-06-10 14:01:58: Warning: Cannot polyfill `DOMMatrix`, rendering may be broken: "Error: Cannot find module 'canvas'
2026-06-10 14:01:58: Require stack:
2026-06-10 14:01:58: - C:\Users\joshu\OneDrive\Documents\dnd\00 - Campaigns\Northwatch Wardens - (HomeBrew)\web\node_modules\pdfjs-dist\legacy\build\pdf.js
2026-06-10 14:01:58: - C:\Users\joshu\OneDrive\Documents\dnd\00 - Campaigns\Northwatch Wardens - (HomeBrew)\web\lib\pdf-indexer.js
2026-06-10 14:01:58: - C:\Users\joshu\OneDrive\Documents\dnd\00 - Campaigns\Northwatch Wardens - (HomeBrew)\web\server.js".
2026-06-10 14:01:58: Warning: Cannot polyfill `Path2D`, rendering may be broken: "Error: Cannot find module 'canvas'
2026-06-10 14:01:58: Require stack:
2026-06-10 14:01:58: - C:\Users\joshu\OneDrive\Documents\dnd\00 - Campaigns\Northwatch Wardens - (HomeBrew)\web\node_modules\pdfjs-dist\legacy\build\pdf.js
2026-06-10 14:01:58: - C:\Users\joshu\OneDrive\Documents\dnd\00 - Campaigns\Northwatch Wardens - (HomeBrew)\web\lib\pdf-indexer.js
2026-06-10 14:01:58: - C:\Users\joshu\OneDrive\Documents\dnd\00 - Campaigns\Northwatch Wardens - (HomeBrew)\web\server.js".
2026-06-10 14:02:00: Warning: Cannot polyfill `DOMMatrix`, rendering may be broken: "Error: Cannot find module 'canvas'
2026-06-10 14:02:00: Require stack:
2026-06-10 14:02:00: - C:\Users\joshu\OneDrive\Documents\dnd\00 - Campaigns\Northwatch Wardens - (HomeBrew)\web\node_modules\pdfjs-dist\legacy\build\pdf.js
2026-06-10 14:02:00: - C:\Users\joshu\OneDrive\Documents\dnd\00 - Campaigns\Northwatch Wardens - (HomeBrew)\web\lib\pdf-indexer.js
2026-06-10 14:02:00: - C:\Users\joshu\OneDrive\Documents\dnd\00 - Campaigns\Northwatch Wardens - (HomeBrew)\web\server.js".
2026-06-10 14:02:00: Warning: Cannot polyfill `Path2D`, rendering may be broken: "Error: Cannot find module 'canvas'
2026-06-10 14:02:00: Require stack:
2026-06-10 14:02:00: - C:\Users\joshu\OneDrive\Documents\dnd\00 - Campaigns\Northwatch Wardens - (HomeBrew)\web\node_modules\pdfjs-dist\legacy\build\pdf.js
2026-06-10 14:02:00: - C:\Users\joshu\OneDrive\Documents\dnd\00 - Campaigns\Northwatch Wardens - (HomeBrew)\web\lib\pdf-indexer.js
2026-06-10 14:02:00: - C:\Users\joshu\OneDrive\Documents\dnd\00 - Campaigns\Northwatch Wardens - (HomeBrew)\web\server.js".
2026-06-10 14:02:03: Warning: Cannot polyfill `DOMMatrix`, rendering may be broken: "Error: Cannot find module 'canvas'
2026-06-10 14:02:03: Require stack:
2026-06-10 14:02:03: - C:\Users\joshu\OneDrive\Documents\dnd\00 - Campaigns\Northwatch Wardens - (HomeBrew)\web\node_modules\pdfjs-dist\legacy\build\pdf.js
2026-06-10 14:02:03: - C:\Users\joshu\OneDrive\Documents\dnd\00 - Campaigns\Northwatch Wardens - (HomeBrew)\web\lib\pdf-indexer.js
2026-06-10 14:02:03: - C:\Users\joshu\OneDrive\Documents\dnd\00 - Campaigns\Northwatch Wardens - (HomeBrew)\web\server.js".
2026-06-10 14:02:03: Warning: Cannot polyfill `Path2D`, rendering may be broken: "Error: Cannot find module 'canvas'
2026-06-10 14:02:03: Require stack:
2026-06-10 14:02:03: - C:\Users\joshu\OneDrive\Documents\dnd\00 - Campaigns\Northwatch Wardens - (HomeBrew)\web\node_modules\pdfjs-dist\legacy\build\pdf.js
2026-06-10 14:02:03: - C:\Users\joshu\OneDrive\Documents\dnd\00 - Campaigns\Northwatch Wardens - (HomeBrew)\web\lib\pdf-indexer.js
2026-06-10 14:02:03: - C:\Users\joshu\OneDrive\Documents\dnd\00 - Campaigns\Northwatch Wardens - (HomeBrew)\web\server.js".
2026-06-10 14:02:06: Warning: Cannot polyfill `DOMMatrix`, rendering may be broken: "Error: Cannot find module 'canvas'
2026-06-10 14:02:06: Require stack:
2026-06-10 14:02:06: - C:\Users\joshu\OneDrive\Documents\dnd\00 - Campaigns\Northwatch Wardens - (HomeBrew)\web\node_modules\pdfjs-dist\legacy\build\pdf.js
2026-06-10 14:02:06: - C:\Users\joshu\OneDrive\Documents\dnd\00 - Campaigns\Northwatch Wardens - (HomeBrew)\web\lib\pdf-indexer.js
2026-06-10 14:02:06: - C:\Users\joshu\OneDrive\Documents\dnd\00 - Campaigns\Northwatch Wardens - (HomeBrew)\web\server.js".
2026-06-10 14:02:06: Warning: Cannot polyfill `Path2D`, rendering may be broken: "Error: Cannot find module 'canvas'
2026-06-10 14:02:06: Require stack:
2026-06-10 14:02:06: - C:\Users\joshu\OneDrive\Documents\dnd\00 - Campaigns\Northwatch Wardens - (HomeBrew)\web\node_modules\pdfjs-dist\legacy\build\pdf.js
2026-06-10 14:02:06: - C:\Users\joshu\OneDrive\Documents\dnd\00 - Campaigns\Northwatch Wardens - (HomeBrew)\web\lib\pdf-indexer.js
2026-06-10 14:02:06: - C:\Users\joshu\OneDrive\Documents\dnd\00 - Campaigns\Northwatch Wardens - (HomeBrew)\web\server.js".
2026-06-10 14:02:10: Warning: Cannot polyfill `DOMMatrix`, rendering may be broken: "Error: Cannot find module 'canvas'
2026-06-10 14:02:10: Require stack:
2026-06-10 14:02:10: - C:\Users\joshu\OneDrive\Documents\dnd\00 - Campaigns\Northwatch Wardens - (HomeBrew)\web\node_modules\pdfjs-dist\legacy\build\pdf.js
2026-06-10 14:02:10: - C:\Users\joshu\OneDrive\Documents\dnd\00 - Campaigns\Northwatch Wardens - (HomeBrew)\web\lib\pdf-indexer.js
2026-06-10 14:02:10: - C:\Users\joshu\OneDrive\Documents\dnd\00 - Campaigns\Northwatch Wardens - (HomeBrew)\web\server.js".
2026-06-10 14:02:10: Warning: Cannot polyfill `Path2D`, rendering may be broken: "Error: Cannot find module 'canvas'
2026-06-10 14:02:10: Require stack:
2026-06-10 14:02:10: - C:\Users\joshu\OneDrive\Documents\dnd\00 - Campaigns\Northwatch Wardens - (HomeBrew)\web\node_modules\pdfjs-dist\legacy\build\pdf.js
2026-06-10 14:02:10: - C:\Users\joshu\OneDrive\Documents\dnd\00 - Campaigns\Northwatch Wardens - (HomeBrew)\web\lib\pdf-indexer.js
2026-06-10 14:02:10: - C:\Users\joshu\OneDrive\Documents\dnd\00 - Campaigns\Northwatch Wardens - (HomeBrew)\web\server.js".
2026-06-10 14:02:13: Warning: Cannot polyfill `DOMMatrix`, rendering may be broken: "Error: Cannot find module 'canvas'
2026-06-10 14:02:13: Require stack:
2026-06-10 14:02:13: - C:\Users\joshu\OneDrive\Documents\dnd\00 - Campaigns\Northwatch Wardens - (HomeBrew)\web\node_modules\pdfjs-dist\legacy\build\pdf.js
2026-06-10 14:02:13: - C:\Users\joshu\OneDrive\Documents\dnd\00 - Campaigns\Northwatch Wardens - (HomeBrew)\web\lib\pdf-indexer.js
2026-06-10 14:02:13: - C:\Users\joshu\OneDrive\Documents\dnd\00 - Campaigns\Northwatch Wardens - (HomeBrew)\web\server.js".
2026-06-10 14:02:13: Warning: Cannot polyfill `Path2D`, rendering may be broken: "Error: Cannot find module 'canvas'
2026-06-10 14:02:13: Require stack:
2026-06-10 14:02:13: - C:\Users\joshu\OneDrive\Documents\dnd\00 - Campaigns\Northwatch Wardens - (HomeBrew)\web\node_modules\pdfjs-dist\legacy\build\pdf.js
2026-06-10 14:02:13: - C:\Users\joshu\OneDrive\Documents\dnd\00 - Campaigns\Northwatch Wardens - (HomeBrew)\web\lib\pdf-indexer.js
2026-06-10 14:02:13: - C:\Users\joshu\OneDrive\Documents\dnd\00 - Campaigns\Northwatch Wardens - (HomeBrew)\web\server.js".
2026-06-10 14:02:16: Warning: Cannot polyfill `DOMMatrix`, rendering may be broken: "Error: Cannot find module 'canvas'
2026-06-10 14:02:16: Require stack:
2026-06-10 14:02:16: - C:\Users\joshu\OneDrive\Documents\dnd\00 - Campaigns\Northwatch Wardens - (HomeBrew)\web\node_modules\pdfjs-dist\legacy\build\pdf.js
2026-06-10 14:02:16: - C:\Users\joshu\OneDrive\Documents\dnd\00 - Campaigns\Northwatch Wardens - (HomeBrew)\web\lib\pdf-indexer.js
2026-06-10 14:02:16: - C:\Users\joshu\OneDrive\Documents\dnd\00 - Campaigns\Northwatch Wardens - (HomeBrew)\web\server.js".
2026-06-10 14:02:16: Warning: Cannot polyfill `Path2D`, rendering may be broken: "Error: Cannot find module 'canvas'
2026-06-10 14:02:16: Require stack:
2026-06-10 14:02:16: - C:\Users\joshu\OneDrive\Documents\dnd\00 - Campaigns\Northwatch Wardens - (HomeBrew)\web\node_modules\pdfjs-dist\legacy\build\pdf.js
2026-06-10 14:02:16: - C:\Users\joshu\OneDrive\Documents\dnd\00 - Campaigns\Northwatch Wardens - (HomeBrew)\web\lib\pdf-indexer.js
2026-06-10 14:02:16: - C:\Users\joshu\OneDrive\Documents\dnd\00 - Campaigns\Northwatch Wardens - (HomeBrew)\web\server.js".
2026-06-10 14:02:21: Warning: Cannot polyfill `DOMMatrix`, rendering may be broken: "Error: Cannot find module 'canvas'
2026-06-10 14:02:21: Require stack:
2026-06-10 14:02:21: - C:\Users\joshu\OneDrive\Documents\dnd\00 - Campaigns\Northwatch Wardens - (HomeBrew)\web\node_modules\pdfjs-dist\legacy\build\pdf.js
2026-06-10 14:02:21: - C:\Users\joshu\OneDrive\Documents\dnd\00 - Campaigns\Northwatch Wardens - (HomeBrew)\web\lib\pdf-indexer.js
2026-06-10 14:02:21: - C:\Users\joshu\OneDrive\Documents\dnd\00 - Campaigns\Northwatch Wardens - (HomeBrew)\web\server.js".
2026-06-10 14:02:21: Warning: Cannot polyfill `Path2D`, rendering may be broken: "Error: Cannot find module 'canvas'
2026-06-10 14:02:21: Require stack:
2026-06-10 14:02:21: - C:\Users\joshu\OneDrive\Documents\dnd\00 - Campaigns\Northwatch Wardens - (HomeBrew)\web\node_modules\pdfjs-dist\legacy\build\pdf.js
2026-06-10 14:02:21: - C:\Users\joshu\OneDrive\Documents\dnd\00 - Campaigns\Northwatch Wardens - (HomeBrew)\web\lib\pdf-indexer.js
2026-06-10 14:02:21: - C:\Users\joshu\OneDrive\Documents\dnd\00 - Campaigns\Northwatch Wardens - (HomeBrew)\web\server.js".
2026-06-10 14:02:24: Warning: Cannot polyfill `DOMMatrix`, rendering may be broken: "Error: Cannot find module 'canvas'
2026-06-10 14:02:24: Require stack:
2026-06-10 14:02:24: - C:\Users\joshu\OneDrive\Documents\dnd\00 - Campaigns\Northwatch Wardens - (HomeBrew)\web\node_modules\pdfjs-dist\legacy\build\pdf.js
2026-06-10 14:02:24: - C:\Users\joshu\OneDrive\Documents\dnd\00 - Campaigns\Northwatch Wardens - (HomeBrew)\web\lib\pdf-indexer.js
2026-06-10 14:02:24: - C:\Users\joshu\OneDrive\Documents\dnd\00 - Campaigns\Northwatch Wardens - (HomeBrew)\web\server.js".
2026-06-10 14:02:24: Warning: Cannot polyfill `Path2D`, rendering may be broken: "Error: Cannot find module 'canvas'
2026-06-10 14:02:24: Require stack:
2026-06-10 14:02:24: - C:\Users\joshu\OneDrive\Documents\dnd\00 - Campaigns\Northwatch Wardens - (HomeBrew)\web\node_modules\pdfjs-dist\legacy\build\pdf.js
2026-06-10 14:02:24: - C:\Users\joshu\OneDrive\Documents\dnd\00 - Campaigns\Northwatch Wardens - (HomeBrew)\web\lib\pdf-indexer.js
2026-06-10 14:02:24: - C:\Users\joshu\OneDrive\Documents\dnd\00 - Campaigns\Northwatch Wardens - (HomeBrew)\web\server.js".
2026-06-10 14:02:27: Warning: Cannot polyfill `DOMMatrix`, rendering may be broken: "Error: Cannot find module 'canvas'
2026-06-10 14:02:27: Require stack:
2026-06-10 14:02:27: - C:\Users\joshu\OneDrive\Documents\dnd\00 - Campaigns\Northwatch Wardens - (HomeBrew)\web\node_modules\pdfjs-dist\legacy\build\pdf.js
2026-06-10 14:02:27: - C:\Users\joshu\OneDrive\Documents\dnd\00 - Campaigns\Northwatch Wardens - (HomeBrew)\web\lib\pdf-indexer.js
2026-06-10 14:02:27: - C:\Users\joshu\OneDrive\Documents\dnd\00 - Campaigns\Northwatch Wardens - (HomeBrew)\web\server.js".
2026-06-10 14:02:27: Warning: Cannot polyfill `Path2D`, rendering may be broken: "Error: Cannot find module 'canvas'
2026-06-10 14:02:27: Require stack:
2026-06-10 14:02:27: - C:\Users\joshu\OneDrive\Documents\dnd\00 - Campaigns\Northwatch Wardens - (HomeBrew)\web\node_modules\pdfjs-dist\legacy\build\pdf.js
2026-06-10 14:02:27: - C:\Users\joshu\OneDrive\Documents\dnd\00 - Campaigns\Northwatch Wardens - (HomeBrew)\web\lib\pdf-indexer.js
2026-06-10 14:02:27: - C:\Users\joshu\OneDrive\Documents\dnd\00 - Campaigns\Northwatch Wardens - (HomeBrew)\web\server.js".
2026-06-10 14:02:31: Warning: Cannot polyfill `DOMMatrix`, rendering may be broken: "Error: Cannot find module 'canvas'
2026-06-10 14:02:31: Require stack:
2026-06-10 14:02:31: - C:\Users\joshu\OneDrive\Documents\dnd\00 - Campaigns\Northwatch Wardens - (HomeBrew)\web\node_modules\pdfjs-dist\legacy\build\pdf.js
2026-06-10 14:02:31: - C:\Users\joshu\OneDrive\Documents\dnd\00 - Campaigns\Northwatch Wardens - (HomeBrew)\web\lib\pdf-indexer.js
2026-06-10 14:02:31: - C:\Users\joshu\OneDrive\Documents\dnd\00 - Campaigns\Northwatch Wardens - (HomeBrew)\web\server.js".
2026-06-10 14:02:31: Warning: Cannot polyfill `Path2D`, rendering may be broken: "Error: Cannot find module 'canvas'
2026-06-10 14:02:31: Require stack:
2026-06-10 14:02:31: - C:\Users\joshu\OneDrive\Documents\dnd\00 - Campaigns\Northwatch Wardens - (HomeBrew)\web\node_modules\pdfjs-dist\legacy\build\pdf.js
2026-06-10 14:02:31: - C:\Users\joshu\OneDrive\Documents\dnd\00 - Campaigns\Northwatch Wardens - (HomeBrew)\web\lib\pdf-indexer.js
2026-06-10 14:02:31: - C:\Users\joshu\OneDrive\Documents\dnd\00 - Campaigns\Northwatch Wardens - (HomeBrew)\web\server.js".
2026-06-10 14:02:34: Warning: Cannot polyfill `DOMMatrix`, rendering may be broken: "Error: Cannot find module 'canvas'
2026-06-10 14:02:34: Require stack:
2026-06-10 14:02:34: - C:\Users\joshu\OneDrive\Documents\dnd\00 - Campaigns\Northwatch Wardens - (HomeBrew)\web\node_modules\pdfjs-dist\legacy\build\pdf.js
2026-06-10 14:02:34: - C:\Users\joshu\OneDrive\Documents\dnd\00 - Campaigns\Northwatch Wardens - (HomeBrew)\web\lib\pdf-indexer.js
2026-06-10 14:02:34: - C:\Users\joshu\OneDrive\Documents\dnd\00 - Campaigns\Northwatch Wardens - (HomeBrew)\web\server.js".
2026-06-10 14:02:35: Warning: Cannot polyfill `Path2D`, rendering may be broken: "Error: Cannot find module 'canvas'
2026-06-10 14:02:35: Require stack:
2026-06-10 14:02:35: - C:\Users\joshu\OneDrive\Documents\dnd\00 - Campaigns\Northwatch Wardens - (HomeBrew)\web\node_modules\pdfjs-dist\legacy\build\pdf.js
2026-06-10 14:02:35: - C:\Users\joshu\OneDrive\Documents\dnd\00 - Campaigns\Northwatch Wardens - (HomeBrew)\web\lib\pdf-indexer.js
2026-06-10 14:02:35: - C:\Users\joshu\OneDrive\Documents\dnd\00 - Campaigns\Northwatch Wardens - (HomeBrew)\web\server.js".
2026-06-10 14:02:38: Warning: Cannot polyfill `DOMMatrix`, rendering may be broken: "Error: Cannot find module 'canvas'
2026-06-10 14:02:38: Require stack:
2026-06-10 14:02:38: - C:\Users\joshu\OneDrive\Documents\dnd\00 - Campaigns\Northwatch Wardens - (HomeBrew)\web\node_modules\pdfjs-dist\legacy\build\pdf.js
2026-06-10 14:02:38: - C:\Users\joshu\OneDrive\Documents\dnd\00 - Campaigns\Northwatch Wardens - (HomeBrew)\web\lib\pdf-indexer.js
2026-06-10 14:02:38: - C:\Users\joshu\OneDrive\Documents\dnd\00 - Campaigns\Northwatch Wardens - (HomeBrew)\web\server.js".
2026-06-10 14:02:38: Warning: Cannot polyfill `Path2D`, rendering may be broken: "Error: Cannot find module 'canvas'
2026-06-10 14:02:38: Require stack:
2026-06-10 14:02:38: - C:\Users\joshu\OneDrive\Documents\dnd\00 - Campaigns\Northwatch Wardens - (HomeBrew)\web\node_modules\pdfjs-dist\legacy\build\pdf.js
2026-06-10 14:02:38: - C:\Users\joshu\OneDrive\Documents\dnd\00 - Campaigns\Northwatch Wardens - (HomeBrew)\web\lib\pdf-indexer.js
2026-06-10 14:02:38: - C:\Users\joshu\OneDrive\Documents\dnd\00 - Campaigns\Northwatch Wardens - (HomeBrew)\web\server.js".
2026-06-10 14:02:41: Warning: Cannot polyfill `DOMMatrix`, rendering may be broken: "Error: Cannot find module 'canvas'
2026-06-10 14:02:41: Require stack:
2026-06-10 14:02:41: - C:\Users\joshu\OneDrive\Documents\dnd\00 - Campaigns\Northwatch Wardens - (HomeBrew)\web\node_modules\pdfjs-dist\legacy\build\pdf.js
2026-06-10 14:02:41: - C:\Users\joshu\OneDrive\Documents\dnd\00 - Campaigns\Northwatch Wardens - (HomeBrew)\web\lib\pdf-indexer.js
2026-06-10 14:02:41: - C:\Users\joshu\OneDrive\Documents\dnd\00 - Campaigns\Northwatch Wardens - (HomeBrew)\web\server.js".
2026-06-10 14:02:41: Warning: Cannot polyfill `Path2D`, rendering may be broken: "Error: Cannot find module 'canvas'
2026-06-10 14:02:41: Require stack:
2026-06-10 14:02:41: - C:\Users\joshu\OneDrive\Documents\dnd\00 - Campaigns\Northwatch Wardens - (HomeBrew)\web\node_modules\pdfjs-dist\legacy\build\pdf.js
2026-06-10 14:02:41: - C:\Users\joshu\OneDrive\Documents\dnd\00 - Campaigns\Northwatch Wardens - (HomeBrew)\web\lib\pdf-indexer.js
2026-06-10 14:02:41: - C:\Users\joshu\OneDrive\Documents\dnd\00 - Campaigns\Northwatch Wardens - (HomeBrew)\web\server.js".
2026-06-10 14:02:44: Warning: Cannot polyfill `DOMMatrix`, rendering may be broken: "Error: Cannot find module 'canvas'
2026-06-10 14:02:44: Require stack:
2026-06-10 14:02:44: - C:\Users\joshu\OneDrive\Documents\dnd\00 - Campaigns\Northwatch Wardens - (HomeBrew)\web\node_modules\pdfjs-dist\legacy\build\pdf.js
2026-06-10 14:02:44: - C:\Users\joshu\OneDrive\Documents\dnd\00 - Campaigns\Northwatch Wardens - (HomeBrew)\web\lib\pdf-indexer.js
2026-06-10 14:02:44: - C:\Users\joshu\OneDrive\Documents\dnd\00 - Campaigns\Northwatch Wardens - (HomeBrew)\web\server.js".
2026-06-10 14:02:44: Warning: Cannot polyfill `Path2D`, rendering may be broken: "Error: Cannot find module 'canvas'
2026-06-10 14:02:44: Require stack:
2026-06-10 14:02:44: - C:\Users\joshu\OneDrive\Documents\dnd\00 - Campaigns\Northwatch Wardens - (HomeBrew)\web\node_modules\pdfjs-dist\legacy\build\pdf.js
2026-06-10 14:02:44: - C:\Users\joshu\OneDrive\Documents\dnd\00 - Campaigns\Northwatch Wardens - (HomeBrew)\web\lib\pdf-indexer.js
2026-06-10 14:02:44: - C:\Users\joshu\OneDrive\Documents\dnd\00 - Campaigns\Northwatch Wardens - (HomeBrew)\web\server.js".
2026-06-10 14:02:47: Warning: Cannot polyfill `DOMMatrix`, rendering may be broken: "Error: Cannot find module 'canvas'
2026-06-10 14:02:47: Require stack:
2026-06-10 14:02:47: - C:\Users\joshu\OneDrive\Documents\dnd\00 - Campaigns\Northwatch Wardens - (HomeBrew)\web\node_modules\pdfjs-dist\legacy\build\pdf.js
2026-06-10 14:02:47: - C:\Users\joshu\OneDrive\Documents\dnd\00 - Campaigns\Northwatch Wardens - (HomeBrew)\web\lib\pdf-indexer.js
2026-06-10 14:02:47: - C:\Users\joshu\OneDrive\Documents\dnd\00 - Campaigns\Northwatch Wardens - (HomeBrew)\web\server.js".
2026-06-10 14:02:47: Warning: Cannot polyfill `Path2D`, rendering may be broken: "Error: Cannot find module 'canvas'
2026-06-10 14:02:47: Require stack:
2026-06-10 14:02:47: - C:\Users\joshu\OneDrive\Documents\dnd\00 - Campaigns\Northwatch Wardens - (HomeBrew)\web\node_modules\pdfjs-dist\legacy\build\pdf.js
2026-06-10 14:02:47: - C:\Users\joshu\OneDrive\Documents\dnd\00 - Campaigns\Northwatch Wardens - (HomeBrew)\web\lib\pdf-indexer.js
2026-06-10 14:02:47: - C:\Users\joshu\OneDrive\Documents\dnd\00 - Campaigns\Northwatch Wardens - (HomeBrew)\web\server.js".
2026-06-10 14:02:50: Warning: Cannot polyfill `DOMMatrix`, rendering may be broken: "Error: Cannot find module 'canvas'
2026-06-10 14:02:50: Require stack:
2026-06-10 14:02:50: - C:\Users\joshu\OneDrive\Documents\dnd\00 - Campaigns\Northwatch Wardens - (HomeBrew)\web\node_modules\pdfjs-dist\legacy\build\pdf.js
2026-06-10 14:02:50: - C:\Users\joshu\OneDrive\Documents\dnd\00 - Campaigns\Northwatch Wardens - (HomeBrew)\web\lib\pdf-indexer.js
2026-06-10 14:02:50: - C:\Users\joshu\OneDrive\Documents\dnd\00 - Campaigns\Northwatch Wardens - (HomeBrew)\web\server.js".
2026-06-10 14:02:50: Warning: Cannot polyfill `Path2D`, rendering may be broken: "Error: Cannot find module 'canvas'
2026-06-10 14:02:50: Require stack:
2026-06-10 14:02:50: - C:\Users\joshu\OneDrive\Documents\dnd\00 - Campaigns\Northwatch Wardens - (HomeBrew)\web\node_modules\pdfjs-dist\legacy\build\pdf.js
2026-06-10 14:02:50: - C:\Users\joshu\OneDrive\Documents\dnd\00 - Campaigns\Northwatch Wardens - (HomeBrew)\web\lib\pdf-indexer.js
2026-06-10 14:02:50: - C:\Users\joshu\OneDrive\Documents\dnd\00 - Campaigns\Northwatch Wardens - (HomeBrew)\web\server.js".
2026-06-10 14:02:53: Warning: Cannot polyfill `DOMMatrix`, rendering may be broken: "Error: Cannot find module 'canvas'
2026-06-10 14:02:53: Require stack:
2026-06-10 14:02:53: - C:\Users\joshu\OneDrive\Documents\dnd\00 - Campaigns\Northwatch Wardens - (HomeBrew)\web\node_modules\pdfjs-dist\legacy\build\pdf.js
2026-06-10 14:02:53: - C:\Users\joshu\OneDrive\Documents\dnd\00 - Campaigns\Northwatch Wardens - (HomeBrew)\web\lib\pdf-indexer.js
2026-06-10 14:02:53: - C:\Users\joshu\OneDrive\Documents\dnd\00 - Campaigns\Northwatch Wardens - (HomeBrew)\web\server.js".
2026-06-10 14:02:53: Warning: Cannot polyfill `Path2D`, rendering may be broken: "Error: Cannot find module 'canvas'
2026-06-10 14:02:53: Require stack:
2026-06-10 14:02:53: - C:\Users\joshu\OneDrive\Documents\dnd\00 - Campaigns\Northwatch Wardens - (HomeBrew)\web\node_modules\pdfjs-dist\legacy\build\pdf.js
2026-06-10 14:02:53: - C:\Users\joshu\OneDrive\Documents\dnd\00 - Campaigns\Northwatch Wardens - (HomeBrew)\web\lib\pdf-indexer.js
2026-06-10 14:02:53: - C:\Users\joshu\OneDrive\Documents\dnd\00 - Campaigns\Northwatch Wardens - (HomeBrew)\web\server.js".
2026-06-10 14:02:56: Warning: Cannot polyfill `DOMMatrix`, rendering may be broken: "Error: Cannot find module 'canvas'
2026-06-10 14:02:56: Require stack:
2026-06-10 14:02:56: - C:\Users\joshu\OneDrive\Documents\dnd\00 - Campaigns\Northwatch Wardens - (HomeBrew)\web\node_modules\pdfjs-dist\legacy\build\pdf.js
2026-06-10 14:02:56: - C:\Users\joshu\OneDrive\Documents\dnd\00 - Campaigns\Northwatch Wardens - (HomeBrew)\web\lib\pdf-indexer.js
2026-06-10 14:02:56: - C:\Users\joshu\OneDrive\Documents\dnd\00 - Campaigns\Northwatch Wardens - (HomeBrew)\web\server.js".
2026-06-10 14:02:56: Warning: Cannot polyfill `Path2D`, rendering may be broken: "Error: Cannot find module 'canvas'
2026-06-10 14:02:56: Require stack:
2026-06-10 14:02:56: - C:\Users\joshu\OneDrive\Documents\dnd\00 - Campaigns\Northwatch Wardens - (HomeBrew)\web\node_modules\pdfjs-dist\legacy\build\pdf.js
2026-06-10 14:02:56: - C:\Users\joshu\OneDrive\Documents\dnd\00 - Campaigns\Northwatch Wardens - (HomeBrew)\web\lib\pdf-indexer.js
2026-06-10 14:02:56: - C:\Users\joshu\OneDrive\Documents\dnd\00 - Campaigns\Northwatch Wardens - (HomeBrew)\web\server.js".
2026-06-10 14:02:59: Warning: Cannot polyfill `DOMMatrix`, rendering may be broken: "Error: Cannot find module 'canvas'
2026-06-10 14:02:59: Require stack:
2026-06-10 14:02:59: - C:\Users\joshu\OneDrive\Documents\dnd\00 - Campaigns\Northwatch Wardens - (HomeBrew)\web\node_modules\pdfjs-dist\legacy\build\pdf.js
2026-06-10 14:02:59: - C:\Users\joshu\OneDrive\Documents\dnd\00 - Campaigns\Northwatch Wardens - (HomeBrew)\web\lib\pdf-indexer.js
2026-06-10 14:02:59: - C:\Users\joshu\OneDrive\Documents\dnd\00 - Campaigns\Northwatch Wardens - (HomeBrew)\web\server.js".
2026-06-10 14:02:59: Warning: Cannot polyfill `Path2D`, rendering may be broken: "Error: Cannot find module 'canvas'
2026-06-10 14:02:59: Require stack:
2026-06-10 14:02:59: - C:\Users\joshu\OneDrive\Documents\dnd\00 - Campaigns\Northwatch Wardens - (HomeBrew)\web\node_modules\pdfjs-dist\legacy\build\pdf.js
2026-06-10 14:02:59: - C:\Users\joshu\OneDrive\Documents\dnd\00 - Campaigns\Northwatch Wardens - (HomeBrew)\web\lib\pdf-indexer.js
2026-06-10 14:02:59: - C:\Users\joshu\OneDrive\Documents\dnd\00 - Campaigns\Northwatch Wardens - (HomeBrew)\web\server.js".
2026-06-10 14:03:02: Warning: Cannot polyfill `DOMMatrix`, rendering may be broken: "Error: Cannot find module 'canvas'
2026-06-10 14:03:02: Require stack:
2026-06-10 14:03:02: - C:\Users\joshu\OneDrive\Documents\dnd\00 - Campaigns\Northwatch Wardens - (HomeBrew)\web\node_modules\pdfjs-dist\legacy\build\pdf.js
2026-06-10 14:03:02: - C:\Users\joshu\OneDrive\Documents\dnd\00 - Campaigns\Northwatch Wardens - (HomeBrew)\web\lib\pdf-indexer.js
2026-06-10 14:03:02: - C:\Users\joshu\OneDrive\Documents\dnd\00 - Campaigns\Northwatch Wardens - (HomeBrew)\web\server.js".
2026-06-10 14:03:02: Warning: Cannot polyfill `Path2D`, rendering may be broken: "Error: Cannot find module 'canvas'
2026-06-10 14:03:02: Require stack:
2026-06-10 14:03:02: - C:\Users\joshu\OneDrive\Documents\dnd\00 - Campaigns\Northwatch Wardens - (HomeBrew)\web\node_modules\pdfjs-dist\legacy\build\pdf.js
2026-06-10 14:03:02: - C:\Users\joshu\OneDrive\Documents\dnd\00 - Campaigns\Northwatch Wardens - (HomeBrew)\web\lib\pdf-indexer.js
2026-06-10 14:03:02: - C:\Users\joshu\OneDrive\Documents\dnd\00 - Campaigns\Northwatch Wardens - (HomeBrew)\web\server.js".
2026-06-10 14:03:09: Warning: Cannot polyfill `DOMMatrix`, rendering may be broken: "Error: Cannot find module 'canvas'
2026-06-10 14:03:09: Require stack:
2026-06-10 14:03:09: - C:\Users\joshu\OneDrive\Documents\dnd\00 - Campaigns\Northwatch Wardens - (HomeBrew)\web\node_modules\pdfjs-dist\legacy\build\pdf.js
2026-06-10 14:03:09: - C:\Users\joshu\OneDrive\Documents\dnd\00 - Campaigns\Northwatch Wardens - (HomeBrew)\web\lib\pdf-indexer.js
2026-06-10 14:03:09: - C:\Users\joshu\OneDrive\Documents\dnd\00 - Campaigns\Northwatch Wardens - (HomeBrew)\web\server.js".
2026-06-10 14:03:09: Warning: Cannot polyfill `Path2D`, rendering may be broken: "Error: Cannot find module 'canvas'
2026-06-10 14:03:09: Require stack:
2026-06-10 14:03:09: - C:\Users\joshu\OneDrive\Documents\dnd\00 - Campaigns\Northwatch Wardens - (HomeBrew)\web\node_modules\pdfjs-dist\legacy\build\pdf.js
2026-06-10 14:03:09: - C:\Users\joshu\OneDrive\Documents\dnd\00 - Campaigns\Northwatch Wardens - (HomeBrew)\web\lib\pdf-indexer.js
2026-06-10 14:03:09: - C:\Users\joshu\OneDrive\Documents\dnd\00 - Campaigns\Northwatch Wardens - (HomeBrew)\web\server.js".
2026-06-10 14:03:12: Warning: Cannot polyfill `DOMMatrix`, rendering may be broken: "Error: Cannot find module 'canvas'
2026-06-10 14:03:12: Require stack:
2026-06-10 14:03:12: - C:\Users\joshu\OneDrive\Documents\dnd\00 - Campaigns\Northwatch Wardens - (HomeBrew)\web\node_modules\pdfjs-dist\legacy\build\pdf.js
2026-06-10 14:03:12: - C:\Users\joshu\OneDrive\Documents\dnd\00 - Campaigns\Northwatch Wardens - (HomeBrew)\web\lib\pdf-indexer.js
2026-06-10 14:03:12: - C:\Users\joshu\OneDrive\Documents\dnd\00 - Campaigns\Northwatch Wardens - (HomeBrew)\web\server.js".
2026-06-10 14:03:12: Warning: Cannot polyfill `Path2D`, rendering may be broken: "Error: Cannot find module 'canvas'
2026-06-10 14:03:12: Require stack:
2026-06-10 14:03:12: - C:\Users\joshu\OneDrive\Documents\dnd\00 - Campaigns\Northwatch Wardens - (HomeBrew)\web\node_modules\pdfjs-dist\legacy\build\pdf.js
2026-06-10 14:03:12: - C:\Users\joshu\OneDrive\Documents\dnd\00 - Campaigns\Northwatch Wardens - (HomeBrew)\web\lib\pdf-indexer.js
2026-06-10 14:03:12: - C:\Users\joshu\OneDrive\Documents\dnd\00 - Campaigns\Northwatch Wardens - (HomeBrew)\web\server.js".
2026-06-10 14:03:15: Warning: Cannot polyfill `DOMMatrix`, rendering may be broken: "Error: Cannot find module 'canvas'
2026-06-10 14:03:15: Require stack:
2026-06-10 14:03:15: - C:\Users\joshu\OneDrive\Documents\dnd\00 - Campaigns\Northwatch Wardens - (HomeBrew)\web\node_modules\pdfjs-dist\legacy\build\pdf.js
2026-06-10 14:03:15: - C:\Users\joshu\OneDrive\Documents\dnd\00 - Campaigns\Northwatch Wardens - (HomeBrew)\web\lib\pdf-indexer.js
2026-06-10 14:03:15: - C:\Users\joshu\OneDrive\Documents\dnd\00 - Campaigns\Northwatch Wardens - (HomeBrew)\web\server.js".
2026-06-10 14:03:15: Warning: Cannot polyfill `Path2D`, rendering may be broken: "Error: Cannot find module 'canvas'
2026-06-10 14:03:15: Require stack:
2026-06-10 14:03:15: - C:\Users\joshu\OneDrive\Documents\dnd\00 - Campaigns\Northwatch Wardens - (HomeBrew)\web\node_modules\pdfjs-dist\legacy\build\pdf.js
2026-06-10 14:03:15: - C:\Users\joshu\OneDrive\Documents\dnd\00 - Campaigns\Northwatch Wardens - (HomeBrew)\web\lib\pdf-indexer.js
2026-06-10 14:03:15: - C:\Users\joshu\OneDrive\Documents\dnd\00 - Campaigns\Northwatch Wardens - (HomeBrew)\web\server.js".
2026-06-10 14:03:18: Warning: Cannot polyfill `DOMMatrix`, rendering may be broken: "Error: Cannot find module 'canvas'
2026-06-10 14:03:18: Require stack:
2026-06-10 14:03:18: - C:\Users\joshu\OneDrive\Documents\dnd\00 - Campaigns\Northwatch Wardens - (HomeBrew)\web\node_modules\pdfjs-dist\legacy\build\pdf.js
2026-06-10 14:03:18: - C:\Users\joshu\OneDrive\Documents\dnd\00 - Campaigns\Northwatch Wardens - (HomeBrew)\web\lib\pdf-indexer.js
2026-06-10 14:03:18: - C:\Users\joshu\OneDrive\Documents\dnd\00 - Campaigns\Northwatch Wardens - (HomeBrew)\web\server.js".
2026-06-10 14:03:18: Warning: Cannot polyfill `Path2D`, rendering may be broken: "Error: Cannot find module 'canvas'
2026-06-10 14:03:18: Require stack:
2026-06-10 14:03:18: - C:\Users\joshu\OneDrive\Documents\dnd\00 - Campaigns\Northwatch Wardens - (HomeBrew)\web\node_modules\pdfjs-dist\legacy\build\pdf.js
2026-06-10 14:03:18: - C:\Users\joshu\OneDrive\Documents\dnd\00 - Campaigns\Northwatch Wardens - (HomeBrew)\web\lib\pdf-indexer.js
2026-06-10 14:03:18: - C:\Users\joshu\OneDrive\Documents\dnd\00 - Campaigns\Northwatch Wardens - (HomeBrew)\web\server.js".
2026-06-10 14:03:23: Warning: Cannot polyfill `DOMMatrix`, rendering may be broken: "Error: Cannot find module 'canvas'
2026-06-10 14:03:23: Require stack:
2026-06-10 14:03:23: - C:\Users\joshu\OneDrive\Documents\dnd\00 - Campaigns\Northwatch Wardens - (HomeBrew)\web\node_modules\pdfjs-dist\legacy\build\pdf.js
2026-06-10 14:03:23: - C:\Users\joshu\OneDrive\Documents\dnd\00 - Campaigns\Northwatch Wardens - (HomeBrew)\web\lib\pdf-indexer.js
2026-06-10 14:03:23: - C:\Users\joshu\OneDrive\Documents\dnd\00 - Campaigns\Northwatch Wardens - (HomeBrew)\web\server.js".
2026-06-10 14:03:23: Warning: Cannot polyfill `Path2D`, rendering may be broken: "Error: Cannot find module 'canvas'
2026-06-10 14:03:23: Require stack:
2026-06-10 14:03:23: - C:\Users\joshu\OneDrive\Documents\dnd\00 - Campaigns\Northwatch Wardens - (HomeBrew)\web\node_modules\pdfjs-dist\legacy\build\pdf.js
2026-06-10 14:03:23: - C:\Users\joshu\OneDrive\Documents\dnd\00 - Campaigns\Northwatch Wardens - (HomeBrew)\web\lib\pdf-indexer.js
2026-06-10 14:03:23: - C:\Users\joshu\OneDrive\Documents\dnd\00 - Campaigns\Northwatch Wardens - (HomeBrew)\web\server.js".
2026-06-10 14:03:26: Warning: Cannot polyfill `DOMMatrix`, rendering may be broken: "Error: Cannot find module 'canvas'
2026-06-10 14:03:26: Require stack:
2026-06-10 14:03:26: - C:\Users\joshu\OneDrive\Documents\dnd\00 - Campaigns\Northwatch Wardens - (HomeBrew)\web\node_modules\pdfjs-dist\legacy\build\pdf.js
2026-06-10 14:03:26: - C:\Users\joshu\OneDrive\Documents\dnd\00 - Campaigns\Northwatch Wardens - (HomeBrew)\web\lib\pdf-indexer.js
2026-06-10 14:03:26: - C:\Users\joshu\OneDrive\Documents\dnd\00 - Campaigns\Northwatch Wardens - (HomeBrew)\web\server.js".
2026-06-10 14:03:26: Warning: Cannot polyfill `Path2D`, rendering may be broken: "Error: Cannot find module 'canvas'
2026-06-10 14:03:26: Require stack:
2026-06-10 14:03:26: - C:\Users\joshu\OneDrive\Documents\dnd\00 - Campaigns\Northwatch Wardens - (HomeBrew)\web\node_modules\pdfjs-dist\legacy\build\pdf.js
2026-06-10 14:03:26: - C:\Users\joshu\OneDrive\Documents\dnd\00 - Campaigns\Northwatch Wardens - (HomeBrew)\web\lib\pdf-indexer.js
2026-06-10 14:03:26: - C:\Users\joshu\OneDrive\Documents\dnd\00 - Campaigns\Northwatch Wardens - (HomeBrew)\web\server.js".
2026-06-10 14:03:30: Warning: Cannot polyfill `DOMMatrix`, rendering may be broken: "Error: Cannot find module 'canvas'
2026-06-10 14:03:30: Require stack:
2026-06-10 14:03:30: - C:\Users\joshu\OneDrive\Documents\dnd\00 - Campaigns\Northwatch Wardens - (HomeBrew)\web\node_modules\pdfjs-dist\legacy\build\pdf.js
2026-06-10 14:03:30: - C:\Users\joshu\OneDrive\Documents\dnd\00 - Campaigns\Northwatch Wardens - (HomeBrew)\web\lib\pdf-indexer.js
2026-06-10 14:03:30: - C:\Users\joshu\OneDrive\Documents\dnd\00 - Campaigns\Northwatch Wardens - (HomeBrew)\web\server.js".
2026-06-10 14:03:30: Warning: Cannot polyfill `Path2D`, rendering may be broken: "Error: Cannot find module 'canvas'
2026-06-10 14:03:30: Require stack:
2026-06-10 14:03:30: - C:\Users\joshu\OneDrive\Documents\dnd\00 - Campaigns\Northwatch Wardens - (HomeBrew)\web\node_modules\pdfjs-dist\legacy\build\pdf.js
2026-06-10 14:03:30: - C:\Users\joshu\OneDrive\Documents\dnd\00 - Campaigns\Northwatch Wardens - (HomeBrew)\web\lib\pdf-indexer.js
2026-06-10 14:03:30: - C:\Users\joshu\OneDrive\Documents\dnd\00 - Campaigns\Northwatch Wardens - (HomeBrew)\web\server.js".
2026-06-10 14:03:35: Warning: Cannot polyfill `DOMMatrix`, rendering may be broken: "Error: Cannot find module 'canvas'
2026-06-10 14:03:35: Require stack:
2026-06-10 14:03:35: - C:\Users\joshu\OneDrive\Documents\dnd\00 - Campaigns\Northwatch Wardens - (HomeBrew)\web\node_modules\pdfjs-dist\legacy\build\pdf.js
2026-06-10 14:03:35: - C:\Users\joshu\OneDrive\Documents\dnd\00 - Campaigns\Northwatch Wardens - (HomeBrew)\web\lib\pdf-indexer.js
2026-06-10 14:03:35: - C:\Users\joshu\OneDrive\Documents\dnd\00 - Campaigns\Northwatch Wardens - (HomeBrew)\web\server.js".
2026-06-10 14:03:35: Warning: Cannot polyfill `Path2D`, rendering may be broken: "Error: Cannot find module 'canvas'
2026-06-10 14:03:35: Require stack:
2026-06-10 14:03:35: - C:\Users\joshu\OneDrive\Documents\dnd\00 - Campaigns\Northwatch Wardens - (HomeBrew)\web\node_modules\pdfjs-dist\legacy\build\pdf.js
2026-06-10 14:03:35: - C:\Users\joshu\OneDrive\Documents\dnd\00 - Campaigns\Northwatch Wardens - (HomeBrew)\web\lib\pdf-indexer.js
2026-06-10 14:03:35: - C:\Users\joshu\OneDrive\Documents\dnd\00 - Campaigns\Northwatch Wardens - (HomeBrew)\web\server.js".
2026-06-10 14:03:40: Warning: Cannot polyfill `DOMMatrix`, rendering may be broken: "Error: Cannot find module 'canvas'
2026-06-10 14:03:40: Require stack:
2026-06-10 14:03:40: - C:\Users\joshu\OneDrive\Documents\dnd\00 - Campaigns\Northwatch Wardens - (HomeBrew)\web\node_modules\pdfjs-dist\legacy\build\pdf.js
2026-06-10 14:03:40: - C:\Users\joshu\OneDrive\Documents\dnd\00 - Campaigns\Northwatch Wardens - (HomeBrew)\web\lib\pdf-indexer.js
2026-06-10 14:03:40: - C:\Users\joshu\OneDrive\Documents\dnd\00 - Campaigns\Northwatch Wardens - (HomeBrew)\web\server.js".
2026-06-10 14:03:40: Warning: Cannot polyfill `Path2D`, rendering may be broken: "Error: Cannot find module 'canvas'
2026-06-10 14:03:40: Require stack:
2026-06-10 14:03:40: - C:\Users\joshu\OneDrive\Documents\dnd\00 - Campaigns\Northwatch Wardens - (HomeBrew)\web\node_modules\pdfjs-dist\legacy\build\pdf.js
2026-06-10 14:03:40: - C:\Users\joshu\OneDrive\Documents\dnd\00 - Campaigns\Northwatch Wardens - (HomeBrew)\web\lib\pdf-indexer.js
2026-06-10 14:03:40: - C:\Users\joshu\OneDrive\Documents\dnd\00 - Campaigns\Northwatch Wardens - (HomeBrew)\web\server.js".
2026-06-10 14:03:43: Warning: Cannot polyfill `DOMMatrix`, rendering may be broken: "Error: Cannot find module 'canvas'
2026-06-10 14:03:43: Require stack:
2026-06-10 14:03:43: - C:\Users\joshu\OneDrive\Documents\dnd\00 - Campaigns\Northwatch Wardens - (HomeBrew)\web\node_modules\pdfjs-dist\legacy\build\pdf.js
2026-06-10 14:03:43: - C:\Users\joshu\OneDrive\Documents\dnd\00 - Campaigns\Northwatch Wardens - (HomeBrew)\web\lib\pdf-indexer.js
2026-06-10 14:03:43: - C:\Users\joshu\OneDrive\Documents\dnd\00 - Campaigns\Northwatch Wardens - (HomeBrew)\web\server.js".
2026-06-10 14:03:43: Warning: Cannot polyfill `Path2D`, rendering may be broken: "Error: Cannot find module 'canvas'
2026-06-10 14:03:43: Require stack:
2026-06-10 14:03:43: - C:\Users\joshu\OneDrive\Documents\dnd\00 - Campaigns\Northwatch Wardens - (HomeBrew)\web\node_modules\pdfjs-dist\legacy\build\pdf.js
2026-06-10 14:03:43: - C:\Users\joshu\OneDrive\Documents\dnd\00 - Campaigns\Northwatch Wardens - (HomeBrew)\web\lib\pdf-indexer.js
2026-06-10 14:03:43: - C:\Users\joshu\OneDrive\Documents\dnd\00 - Campaigns\Northwatch Wardens - (HomeBrew)\web\server.js".
2026-06-10 14:03:48: Warning: Cannot polyfill `DOMMatrix`, rendering may be broken: "Error: Cannot find module 'canvas'
2026-06-10 14:03:48: Require stack:
2026-06-10 14:03:48: - C:\Users\joshu\OneDrive\Documents\dnd\00 - Campaigns\Northwatch Wardens - (HomeBrew)\web\node_modules\pdfjs-dist\legacy\build\pdf.js
2026-06-10 14:03:48: - C:\Users\joshu\OneDrive\Documents\dnd\00 - Campaigns\Northwatch Wardens - (HomeBrew)\web\lib\pdf-indexer.js
2026-06-10 14:03:48: - C:\Users\joshu\OneDrive\Documents\dnd\00 - Campaigns\Northwatch Wardens - (HomeBrew)\web\server.js".
2026-06-10 14:03:48: Warning: Cannot polyfill `Path2D`, rendering may be broken: "Error: Cannot find module 'canvas'
2026-06-10 14:03:48: Require stack:
2026-06-10 14:03:48: - C:\Users\joshu\OneDrive\Documents\dnd\00 - Campaigns\Northwatch Wardens - (HomeBrew)\web\node_modules\pdfjs-dist\legacy\build\pdf.js
2026-06-10 14:03:48: - C:\Users\joshu\OneDrive\Documents\dnd\00 - Campaigns\Northwatch Wardens - (HomeBrew)\web\lib\pdf-indexer.js
2026-06-10 14:03:48: - C:\Users\joshu\OneDrive\Documents\dnd\00 - Campaigns\Northwatch Wardens - (HomeBrew)\web\server.js".
2026-06-10 14:03:52: Warning: Cannot polyfill `DOMMatrix`, rendering may be broken: "Error: Cannot find module 'canvas'
2026-06-10 14:03:52: Require stack:
2026-06-10 14:03:52: - C:\Users\joshu\OneDrive\Documents\dnd\00 - Campaigns\Northwatch Wardens - (HomeBrew)\web\node_modules\pdfjs-dist\legacy\build\pdf.js
2026-06-10 14:03:52: - C:\Users\joshu\OneDrive\Documents\dnd\00 - Campaigns\Northwatch Wardens - (HomeBrew)\web\lib\pdf-indexer.js
2026-06-10 14:03:52: - C:\Users\joshu\OneDrive\Documents\dnd\00 - Campaigns\Northwatch Wardens - (HomeBrew)\web\server.js".
2026-06-10 14:03:52: Warning: Cannot polyfill `Path2D`, rendering may be broken: "Error: Cannot find module 'canvas'
2026-06-10 14:03:52: Require stack:
2026-06-10 14:03:52: - C:\Users\joshu\OneDrive\Documents\dnd\00 - Campaigns\Northwatch Wardens - (HomeBrew)\web\node_modules\pdfjs-dist\legacy\build\pdf.js
2026-06-10 14:03:52: - C:\Users\joshu\OneDrive\Documents\dnd\00 - Campaigns\Northwatch Wardens - (HomeBrew)\web\lib\pdf-indexer.js
2026-06-10 14:03:52: - C:\Users\joshu\OneDrive\Documents\dnd\00 - Campaigns\Northwatch Wardens - (HomeBrew)\web\server.js".
2026-06-10 14:03:55: Warning: Cannot polyfill `DOMMatrix`, rendering may be broken: "Error: Cannot find module 'canvas'
2026-06-10 14:03:55: Require stack:
2026-06-10 14:03:55: - C:\Users\joshu\OneDrive\Documents\dnd\00 - Campaigns\Northwatch Wardens - (HomeBrew)\web\node_modules\pdfjs-dist\legacy\build\pdf.js
2026-06-10 14:03:55: - C:\Users\joshu\OneDrive\Documents\dnd\00 - Campaigns\Northwatch Wardens - (HomeBrew)\web\lib\pdf-indexer.js
2026-06-10 14:03:55: - C:\Users\joshu\OneDrive\Documents\dnd\00 - Campaigns\Northwatch Wardens - (HomeBrew)\web\server.js".
2026-06-10 14:03:55: Warning: Cannot polyfill `Path2D`, rendering may be broken: "Error: Cannot find module 'canvas'
2026-06-10 14:03:55: Require stack:
2026-06-10 14:03:55: - C:\Users\joshu\OneDrive\Documents\dnd\00 - Campaigns\Northwatch Wardens - (HomeBrew)\web\node_modules\pdfjs-dist\legacy\build\pdf.js
2026-06-10 14:03:55: - C:\Users\joshu\OneDrive\Documents\dnd\00 - Campaigns\Northwatch Wardens - (HomeBrew)\web\lib\pdf-indexer.js
2026-06-10 14:03:55: - C:\Users\joshu\OneDrive\Documents\dnd\00 - Campaigns\Northwatch Wardens - (HomeBrew)\web\server.js".
2026-06-10 14:03:59: Warning: Cannot polyfill `DOMMatrix`, rendering may be broken: "Error: Cannot find module 'canvas'
2026-06-10 14:03:59: Require stack:
2026-06-10 14:03:59: - C:\Users\joshu\OneDrive\Documents\dnd\00 - Campaigns\Northwatch Wardens - (HomeBrew)\web\node_modules\pdfjs-dist\legacy\build\pdf.js
2026-06-10 14:03:59: - C:\Users\joshu\OneDrive\Documents\dnd\00 - Campaigns\Northwatch Wardens - (HomeBrew)\web\lib\pdf-indexer.js
2026-06-10 14:03:59: - C:\Users\joshu\OneDrive\Documents\dnd\00 - Campaigns\Northwatch Wardens - (HomeBrew)\web\server.js".
2026-06-10 14:03:59: Warning: Cannot polyfill `Path2D`, rendering may be broken: "Error: Cannot find module 'canvas'
2026-06-10 14:03:59: Require stack:
2026-06-10 14:03:59: - C:\Users\joshu\OneDrive\Documents\dnd\00 - Campaigns\Northwatch Wardens - (HomeBrew)\web\node_modules\pdfjs-dist\legacy\build\pdf.js
2026-06-10 14:03:59: - C:\Users\joshu\OneDrive\Documents\dnd\00 - Campaigns\Northwatch Wardens - (HomeBrew)\web\lib\pdf-indexer.js
2026-06-10 14:03:59: - C:\Users\joshu\OneDrive\Documents\dnd\00 - Campaigns\Northwatch Wardens - (HomeBrew)\web\server.js".
2026-06-10 14:04:02: Warning: Cannot polyfill `DOMMatrix`, rendering may be broken: "Error: Cannot find module 'canvas'
2026-06-10 14:04:02: Require stack:
2026-06-10 14:04:02: - C:\Users\joshu\OneDrive\Documents\dnd\00 - Campaigns\Northwatch Wardens - (HomeBrew)\web\node_modules\pdfjs-dist\legacy\build\pdf.js
2026-06-10 14:04:02: - C:\Users\joshu\OneDrive\Documents\dnd\00 - Campaigns\Northwatch Wardens - (HomeBrew)\web\lib\pdf-indexer.js
2026-06-10 14:04:02: - C:\Users\joshu\OneDrive\Documents\dnd\00 - Campaigns\Northwatch Wardens - (HomeBrew)\web\server.js".
2026-06-10 14:04:02: Warning: Cannot polyfill `Path2D`, rendering may be broken: "Error: Cannot find module 'canvas'
2026-06-10 14:04:02: Require stack:
2026-06-10 14:04:02: - C:\Users\joshu\OneDrive\Documents\dnd\00 - Campaigns\Northwatch Wardens - (HomeBrew)\web\node_modules\pdfjs-dist\legacy\build\pdf.js
2026-06-10 14:04:02: - C:\Users\joshu\OneDrive\Documents\dnd\00 - Campaigns\Northwatch Wardens - (HomeBrew)\web\lib\pdf-indexer.js
2026-06-10 14:04:02: - C:\Users\joshu\OneDrive\Documents\dnd\00 - Campaigns\Northwatch Wardens - (HomeBrew)\web\server.js".
2026-06-10 14:04:05: Warning: Cannot polyfill `DOMMatrix`, rendering may be broken: "Error: Cannot find module 'canvas'
2026-06-10 14:04:05: Require stack:
2026-06-10 14:04:05: - C:\Users\joshu\OneDrive\Documents\dnd\00 - Campaigns\Northwatch Wardens - (HomeBrew)\web\node_modules\pdfjs-dist\legacy\build\pdf.js
2026-06-10 14:04:05: - C:\Users\joshu\OneDrive\Documents\dnd\00 - Campaigns\Northwatch Wardens - (HomeBrew)\web\lib\pdf-indexer.js
2026-06-10 14:04:05: - C:\Users\joshu\OneDrive\Documents\dnd\00 - Campaigns\Northwatch Wardens - (HomeBrew)\web\server.js".
2026-06-10 14:04:05: Warning: Cannot polyfill `Path2D`, rendering may be broken: "Error: Cannot find module 'canvas'
2026-06-10 14:04:05: Require stack:
2026-06-10 14:04:05: - C:\Users\joshu\OneDrive\Documents\dnd\00 - Campaigns\Northwatch Wardens - (HomeBrew)\web\node_modules\pdfjs-dist\legacy\build\pdf.js
2026-06-10 14:04:05: - C:\Users\joshu\OneDrive\Documents\dnd\00 - Campaigns\Northwatch Wardens - (HomeBrew)\web\lib\pdf-indexer.js
2026-06-10 14:04:05: - C:\Users\joshu\OneDrive\Documents\dnd\00 - Campaigns\Northwatch Wardens - (HomeBrew)\web\server.js".
2026-06-10 14:04:08: Warning: Cannot polyfill `DOMMatrix`, rendering may be broken: "Error: Cannot find module 'canvas'
2026-06-10 14:04:08: Require stack:
2026-06-10 14:04:08: - C:\Users\joshu\OneDrive\Documents\dnd\00 - Campaigns\Northwatch Wardens - (HomeBrew)\web\node_modules\pdfjs-dist\legacy\build\pdf.js
2026-06-10 14:04:08: - C:\Users\joshu\OneDrive\Documents\dnd\00 - Campaigns\Northwatch Wardens - (HomeBrew)\web\lib\pdf-indexer.js
2026-06-10 14:04:08: - C:\Users\joshu\OneDrive\Documents\dnd\00 - Campaigns\Northwatch Wardens - (HomeBrew)\web\server.js".
2026-06-10 14:04:08: Warning: Cannot polyfill `Path2D`, rendering may be broken: "Error: Cannot find module 'canvas'
2026-06-10 14:04:08: Require stack:
2026-06-10 14:04:08: - C:\Users\joshu\OneDrive\Documents\dnd\00 - Campaigns\Northwatch Wardens - (HomeBrew)\web\node_modules\pdfjs-dist\legacy\build\pdf.js
2026-06-10 14:04:08: - C:\Users\joshu\OneDrive\Documents\dnd\00 - Campaigns\Northwatch Wardens - (HomeBrew)\web\lib\pdf-indexer.js
2026-06-10 14:04:08: - C:\Users\joshu\OneDrive\Documents\dnd\00 - Campaigns\Northwatch Wardens - (HomeBrew)\web\server.js".
2026-06-10 14:04:10: Warning: Cannot polyfill `DOMMatrix`, rendering may be broken: "Error: Cannot find module 'canvas'
2026-06-10 14:04:10: Require stack:
2026-06-10 14:04:10: - C:\Users\joshu\OneDrive\Documents\dnd\00 - Campaigns\Northwatch Wardens - (HomeBrew)\web\node_modules\pdfjs-dist\legacy\build\pdf.js
2026-06-10 14:04:10: - C:\Users\joshu\OneDrive\Documents\dnd\00 - Campaigns\Northwatch Wardens - (HomeBrew)\web\lib\pdf-indexer.js
2026-06-10 14:04:10: - C:\Users\joshu\OneDrive\Documents\dnd\00 - Campaigns\Northwatch Wardens - (HomeBrew)\web\server.js".
2026-06-10 14:04:10: Warning: Cannot polyfill `Path2D`, rendering may be broken: "Error: Cannot find module 'canvas'
2026-06-10 14:04:10: Require stack:
2026-06-10 14:04:10: - C:\Users\joshu\OneDrive\Documents\dnd\00 - Campaigns\Northwatch Wardens - (HomeBrew)\web\node_modules\pdfjs-dist\legacy\build\pdf.js
2026-06-10 14:04:10: - C:\Users\joshu\OneDrive\Documents\dnd\00 - Campaigns\Northwatch Wardens - (HomeBrew)\web\lib\pdf-indexer.js
2026-06-10 14:04:10: - C:\Users\joshu\OneDrive\Documents\dnd\00 - Campaigns\Northwatch Wardens - (HomeBrew)\web\server.js".
2026-06-10 14:04:14: Warning: Cannot polyfill `DOMMatrix`, rendering may be broken: "Error: Cannot find module 'canvas'
2026-06-10 14:04:14: Require stack:
2026-06-10 14:04:14: - C:\Users\joshu\OneDrive\Documents\dnd\00 - Campaigns\Northwatch Wardens - (HomeBrew)\web\node_modules\pdfjs-dist\legacy\build\pdf.js
2026-06-10 14:04:14: - C:\Users\joshu\OneDrive\Documents\dnd\00 - Campaigns\Northwatch Wardens - (HomeBrew)\web\lib\pdf-indexer.js
2026-06-10 14:04:14: - C:\Users\joshu\OneDrive\Documents\dnd\00 - Campaigns\Northwatch Wardens - (HomeBrew)\web\server.js".
2026-06-10 14:04:14: Warning: Cannot polyfill `Path2D`, rendering may be broken: "Error: Cannot find module 'canvas'
2026-06-10 14:04:14: Require stack:
2026-06-10 14:04:14: - C:\Users\joshu\OneDrive\Documents\dnd\00 - Campaigns\Northwatch Wardens - (HomeBrew)\web\node_modules\pdfjs-dist\legacy\build\pdf.js
2026-06-10 14:04:14: - C:\Users\joshu\OneDrive\Documents\dnd\00 - Campaigns\Northwatch Wardens - (HomeBrew)\web\lib\pdf-indexer.js
2026-06-10 14:04:14: - C:\Users\joshu\OneDrive\Documents\dnd\00 - Campaigns\Northwatch Wardens - (HomeBrew)\web\server.js".
2026-06-10 14:04:17: Warning: Cannot polyfill `DOMMatrix`, rendering may be broken: "Error: Cannot find module 'canvas'
2026-06-10 14:04:17: Require stack:
2026-06-10 14:04:17: - C:\Users\joshu\OneDrive\Documents\dnd\00 - Campaigns\Northwatch Wardens - (HomeBrew)\web\node_modules\pdfjs-dist\legacy\build\pdf.js
2026-06-10 14:04:17: - C:\Users\joshu\OneDrive\Documents\dnd\00 - Campaigns\Northwatch Wardens - (HomeBrew)\web\lib\pdf-indexer.js
2026-06-10 14:04:17: - C:\Users\joshu\OneDrive\Documents\dnd\00 - Campaigns\Northwatch Wardens - (HomeBrew)\web\server.js".
2026-06-10 14:04:17: Warning: Cannot polyfill `Path2D`, rendering may be broken: "Error: Cannot find module 'canvas'
2026-06-10 14:04:17: Require stack:
2026-06-10 14:04:17: - C:\Users\joshu\OneDrive\Documents\dnd\00 - Campaigns\Northwatch Wardens - (HomeBrew)\web\node_modules\pdfjs-dist\legacy\build\pdf.js
2026-06-10 14:04:17: - C:\Users\joshu\OneDrive\Documents\dnd\00 - Campaigns\Northwatch Wardens - (HomeBrew)\web\lib\pdf-indexer.js
2026-06-10 14:04:17: - C:\Users\joshu\OneDrive\Documents\dnd\00 - Campaigns\Northwatch Wardens - (HomeBrew)\web\server.js".
2026-06-10 14:04:20: Warning: Cannot polyfill `DOMMatrix`, rendering may be broken: "Error: Cannot find module 'canvas'
2026-06-10 14:04:20: Require stack:
2026-06-10 14:04:20: - C:\Users\joshu\OneDrive\Documents\dnd\00 - Campaigns\Northwatch Wardens - (HomeBrew)\web\node_modules\pdfjs-dist\legacy\build\pdf.js
2026-06-10 14:04:20: - C:\Users\joshu\OneDrive\Documents\dnd\00 - Campaigns\Northwatch Wardens - (HomeBrew)\web\lib\pdf-indexer.js
2026-06-10 14:04:20: - C:\Users\joshu\OneDrive\Documents\dnd\00 - Campaigns\Northwatch Wardens - (HomeBrew)\web\server.js".
2026-06-10 14:04:20: Warning: Cannot polyfill `Path2D`, rendering may be broken: "Error: Cannot find module 'canvas'
2026-06-10 14:04:20: Require stack:
2026-06-10 14:04:20: - C:\Users\joshu\OneDrive\Documents\dnd\00 - Campaigns\Northwatch Wardens - (HomeBrew)\web\node_modules\pdfjs-dist\legacy\build\pdf.js
2026-06-10 14:04:20: - C:\Users\joshu\OneDrive\Documents\dnd\00 - Campaigns\Northwatch Wardens - (HomeBrew)\web\lib\pdf-indexer.js
2026-06-10 14:04:20: - C:\Users\joshu\OneDrive\Documents\dnd\00 - Campaigns\Northwatch Wardens - (HomeBrew)\web\server.js".
2026-06-10 14:04:22: Warning: Cannot polyfill `DOMMatrix`, rendering may be broken: "Error: Cannot find module 'canvas'
2026-06-10 14:04:22: Require stack:
2026-06-10 14:04:22: - C:\Users\joshu\OneDrive\Documents\dnd\00 - Campaigns\Northwatch Wardens - (HomeBrew)\web\node_modules\pdfjs-dist\legacy\build\pdf.js
2026-06-10 14:04:22: - C:\Users\joshu\OneDrive\Documents\dnd\00 - Campaigns\Northwatch Wardens - (HomeBrew)\web\lib\pdf-indexer.js
2026-06-10 14:04:22: - C:\Users\joshu\OneDrive\Documents\dnd\00 - Campaigns\Northwatch Wardens - (HomeBrew)\web\server.js".
2026-06-10 14:04:22: Warning: Cannot polyfill `Path2D`, rendering may be broken: "Error: Cannot find module 'canvas'
2026-06-10 14:04:22: Require stack:
2026-06-10 14:04:22: - C:\Users\joshu\OneDrive\Documents\dnd\00 - Campaigns\Northwatch Wardens - (HomeBrew)\web\node_modules\pdfjs-dist\legacy\build\pdf.js
2026-06-10 14:04:22: - C:\Users\joshu\OneDrive\Documents\dnd\00 - Campaigns\Northwatch Wardens - (HomeBrew)\web\lib\pdf-indexer.js
2026-06-10 14:04:22: - C:\Users\joshu\OneDrive\Documents\dnd\00 - Campaigns\Northwatch Wardens - (HomeBrew)\web\server.js".
2026-06-10 14:04:25: Warning: Cannot polyfill `DOMMatrix`, rendering may be broken: "Error: Cannot find module 'canvas'
2026-06-10 14:04:25: Require stack:
2026-06-10 14:04:25: - C:\Users\joshu\OneDrive\Documents\dnd\00 - Campaigns\Northwatch Wardens - (HomeBrew)\web\node_modules\pdfjs-dist\legacy\build\pdf.js
2026-06-10 14:04:25: - C:\Users\joshu\OneDrive\Documents\dnd\00 - Campaigns\Northwatch Wardens - (HomeBrew)\web\lib\pdf-indexer.js
2026-06-10 14:04:25: - C:\Users\joshu\OneDrive\Documents\dnd\00 - Campaigns\Northwatch Wardens - (HomeBrew)\web\server.js".
2026-06-10 14:04:25: Warning: Cannot polyfill `Path2D`, rendering may be broken: "Error: Cannot find module 'canvas'
2026-06-10 14:04:25: Require stack:
2026-06-10 14:04:25: - C:\Users\joshu\OneDrive\Documents\dnd\00 - Campaigns\Northwatch Wardens - (HomeBrew)\web\node_modules\pdfjs-dist\legacy\build\pdf.js
2026-06-10 14:04:25: - C:\Users\joshu\OneDrive\Documents\dnd\00 - Campaigns\Northwatch Wardens - (HomeBrew)\web\lib\pdf-indexer.js
2026-06-10 14:04:25: - C:\Users\joshu\OneDrive\Documents\dnd\00 - Campaigns\Northwatch Wardens - (HomeBrew)\web\server.js".
2026-06-10 14:04:29: Warning: Cannot polyfill `DOMMatrix`, rendering may be broken: "Error: Cannot find module 'canvas'
2026-06-10 14:04:29: Require stack:
2026-06-10 14:04:29: - C:\Users\joshu\OneDrive\Documents\dnd\00 - Campaigns\Northwatch Wardens - (HomeBrew)\web\node_modules\pdfjs-dist\legacy\build\pdf.js
2026-06-10 14:04:29: - C:\Users\joshu\OneDrive\Documents\dnd\00 - Campaigns\Northwatch Wardens - (HomeBrew)\web\lib\pdf-indexer.js
2026-06-10 14:04:29: - C:\Users\joshu\OneDrive\Documents\dnd\00 - Campaigns\Northwatch Wardens - (HomeBrew)\web\server.js".
2026-06-10 14:04:29: Warning: Cannot polyfill `Path2D`, rendering may be broken: "Error: Cannot find module 'canvas'
2026-06-10 14:04:29: Require stack:
2026-06-10 14:04:29: - C:\Users\joshu\OneDrive\Documents\dnd\00 - Campaigns\Northwatch Wardens - (HomeBrew)\web\node_modules\pdfjs-dist\legacy\build\pdf.js
2026-06-10 14:04:29: - C:\Users\joshu\OneDrive\Documents\dnd\00 - Campaigns\Northwatch Wardens - (HomeBrew)\web\lib\pdf-indexer.js
2026-06-10 14:04:29: - C:\Users\joshu\OneDrive\Documents\dnd\00 - Campaigns\Northwatch Wardens - (HomeBrew)\web\server.js".
2026-06-10 14:04:33: Warning: Cannot polyfill `DOMMatrix`, rendering may be broken: "Error: Cannot find module 'canvas'
2026-06-10 14:04:33: Require stack:
2026-06-10 14:04:33: - C:\Users\joshu\OneDrive\Documents\dnd\00 - Campaigns\Northwatch Wardens - (HomeBrew)\web\node_modules\pdfjs-dist\legacy\build\pdf.js
2026-06-10 14:04:33: - C:\Users\joshu\OneDrive\Documents\dnd\00 - Campaigns\Northwatch Wardens - (HomeBrew)\web\lib\pdf-indexer.js
2026-06-10 14:04:33: - C:\Users\joshu\OneDrive\Documents\dnd\00 - Campaigns\Northwatch Wardens - (HomeBrew)\web\server.js".
2026-06-10 14:04:33: Warning: Cannot polyfill `Path2D`, rendering may be broken: "Error: Cannot find module 'canvas'
2026-06-10 14:04:33: Require stack:
2026-06-10 14:04:33: - C:\Users\joshu\OneDrive\Documents\dnd\00 - Campaigns\Northwatch Wardens - (HomeBrew)\web\node_modules\pdfjs-dist\legacy\build\pdf.js
2026-06-10 14:04:33: - C:\Users\joshu\OneDrive\Documents\dnd\00 - Campaigns\Northwatch Wardens - (HomeBrew)\web\lib\pdf-indexer.js
2026-06-10 14:04:33: - C:\Users\joshu\OneDrive\Documents\dnd\00 - Campaigns\Northwatch Wardens - (HomeBrew)\web\server.js".
2026-06-10 14:04:37: Warning: Cannot polyfill `DOMMatrix`, rendering may be broken: "Error: Cannot find module 'canvas'
2026-06-10 14:04:37: Require stack:
2026-06-10 14:04:37: - C:\Users\joshu\OneDrive\Documents\dnd\00 - Campaigns\Northwatch Wardens - (HomeBrew)\web\node_modules\pdfjs-dist\legacy\build\pdf.js
2026-06-10 14:04:37: - C:\Users\joshu\OneDrive\Documents\dnd\00 - Campaigns\Northwatch Wardens - (HomeBrew)\web\lib\pdf-indexer.js
2026-06-10 14:04:37: - C:\Users\joshu\OneDrive\Documents\dnd\00 - Campaigns\Northwatch Wardens - (HomeBrew)\web\server.js".
2026-06-10 14:04:37: Warning: Cannot polyfill `Path2D`, rendering may be broken: "Error: Cannot find module 'canvas'
2026-06-10 14:04:37: Require stack:
2026-06-10 14:04:37: - C:\Users\joshu\OneDrive\Documents\dnd\00 - Campaigns\Northwatch Wardens - (HomeBrew)\web\node_modules\pdfjs-dist\legacy\build\pdf.js
2026-06-10 14:04:37: - C:\Users\joshu\OneDrive\Documents\dnd\00 - Campaigns\Northwatch Wardens - (HomeBrew)\web\lib\pdf-indexer.js
2026-06-10 14:04:37: - C:\Users\joshu\OneDrive\Documents\dnd\00 - Campaigns\Northwatch Wardens - (HomeBrew)\web\server.js".
2026-06-10 14:04:39: Warning: Cannot polyfill `DOMMatrix`, rendering may be broken: "Error: Cannot find module 'canvas'
2026-06-10 14:04:39: Require stack:
2026-06-10 14:04:39: - C:\Users\joshu\OneDrive\Documents\dnd\00 - Campaigns\Northwatch Wardens - (HomeBrew)\web\node_modules\pdfjs-dist\legacy\build\pdf.js
2026-06-10 14:04:39: - C:\Users\joshu\OneDrive\Documents\dnd\00 - Campaigns\Northwatch Wardens - (HomeBrew)\web\lib\pdf-indexer.js
2026-06-10 14:04:39: - C:\Users\joshu\OneDrive\Documents\dnd\00 - Campaigns\Northwatch Wardens - (HomeBrew)\web\server.js".
2026-06-10 14:04:39: Warning: Cannot polyfill `Path2D`, rendering may be broken: "Error: Cannot find module 'canvas'
2026-06-10 14:04:39: Require stack:
2026-06-10 14:04:39: - C:\Users\joshu\OneDrive\Documents\dnd\00 - Campaigns\Northwatch Wardens - (HomeBrew)\web\node_modules\pdfjs-dist\legacy\build\pdf.js
2026-06-10 14:04:39: - C:\Users\joshu\OneDrive\Documents\dnd\00 - Campaigns\Northwatch Wardens - (HomeBrew)\web\lib\pdf-indexer.js
2026-06-10 14:04:39: - C:\Users\joshu\OneDrive\Documents\dnd\00 - Campaigns\Northwatch Wardens - (HomeBrew)\web\server.js".
2026-06-10 14:04:42: Warning: Cannot polyfill `DOMMatrix`, rendering may be broken: "Error: Cannot find module 'canvas'
2026-06-10 14:04:42: Require stack:
2026-06-10 14:04:42: - C:\Users\joshu\OneDrive\Documents\dnd\00 - Campaigns\Northwatch Wardens - (HomeBrew)\web\node_modules\pdfjs-dist\legacy\build\pdf.js
2026-06-10 14:04:42: - C:\Users\joshu\OneDrive\Documents\dnd\00 - Campaigns\Northwatch Wardens - (HomeBrew)\web\lib\pdf-indexer.js
2026-06-10 14:04:42: - C:\Users\joshu\OneDrive\Documents\dnd\00 - Campaigns\Northwatch Wardens - (HomeBrew)\web\server.js".
2026-06-10 14:04:42: Warning: Cannot polyfill `Path2D`, rendering may be broken: "Error: Cannot find module 'canvas'
2026-06-10 14:04:42: Require stack:
2026-06-10 14:04:42: - C:\Users\joshu\OneDrive\Documents\dnd\00 - Campaigns\Northwatch Wardens - (HomeBrew)\web\node_modules\pdfjs-dist\legacy\build\pdf.js
2026-06-10 14:04:42: - C:\Users\joshu\OneDrive\Documents\dnd\00 - Campaigns\Northwatch Wardens - (HomeBrew)\web\lib\pdf-indexer.js
2026-06-10 14:04:42: - C:\Users\joshu\OneDrive\Documents\dnd\00 - Campaigns\Northwatch Wardens - (HomeBrew)\web\server.js".
2026-06-10 14:04:46: Warning: Cannot polyfill `DOMMatrix`, rendering may be broken: "Error: Cannot find module 'canvas'
2026-06-10 14:04:46: Require stack:
2026-06-10 14:04:46: - C:\Users\joshu\OneDrive\Documents\dnd\00 - Campaigns\Northwatch Wardens - (HomeBrew)\web\node_modules\pdfjs-dist\legacy\build\pdf.js
2026-06-10 14:04:46: - C:\Users\joshu\OneDrive\Documents\dnd\00 - Campaigns\Northwatch Wardens - (HomeBrew)\web\lib\pdf-indexer.js
2026-06-10 14:04:46: - C:\Users\joshu\OneDrive\Documents\dnd\00 - Campaigns\Northwatch Wardens - (HomeBrew)\web\server.js".
2026-06-10 14:04:46: Warning: Cannot polyfill `Path2D`, rendering may be broken: "Error: Cannot find module 'canvas'
2026-06-10 14:04:46: Require stack:
2026-06-10 14:04:46: - C:\Users\joshu\OneDrive\Documents\dnd\00 - Campaigns\Northwatch Wardens - (HomeBrew)\web\node_modules\pdfjs-dist\legacy\build\pdf.js
2026-06-10 14:04:46: - C:\Users\joshu\OneDrive\Documents\dnd\00 - Campaigns\Northwatch Wardens - (HomeBrew)\web\lib\pdf-indexer.js
2026-06-10 14:04:46: - C:\Users\joshu\OneDrive\Documents\dnd\00 - Campaigns\Northwatch Wardens - (HomeBrew)\web\server.js".
2026-06-10 14:04:51: Warning: Cannot polyfill `DOMMatrix`, rendering may be broken: "Error: Cannot find module 'canvas'
2026-06-10 14:04:51: Require stack:
2026-06-10 14:04:51: - C:\Users\joshu\OneDrive\Documents\dnd\00 - Campaigns\Northwatch Wardens - (HomeBrew)\web\node_modules\pdfjs-dist\legacy\build\pdf.js
2026-06-10 14:04:51: - C:\Users\joshu\OneDrive\Documents\dnd\00 - Campaigns\Northwatch Wardens - (HomeBrew)\web\lib\pdf-indexer.js
2026-06-10 14:04:51: - C:\Users\joshu\OneDrive\Documents\dnd\00 - Campaigns\Northwatch Wardens - (HomeBrew)\web\server.js".
2026-06-10 14:04:51: Warning: Cannot polyfill `Path2D`, rendering may be broken: "Error: Cannot find module 'canvas'
2026-06-10 14:04:51: Require stack:
2026-06-10 14:04:51: - C:\Users\joshu\OneDrive\Documents\dnd\00 - Campaigns\Northwatch Wardens - (HomeBrew)\web\node_modules\pdfjs-dist\legacy\build\pdf.js
2026-06-10 14:04:51: - C:\Users\joshu\OneDrive\Documents\dnd\00 - Campaigns\Northwatch Wardens - (HomeBrew)\web\lib\pdf-indexer.js
2026-06-10 14:04:51: - C:\Users\joshu\OneDrive\Documents\dnd\00 - Campaigns\Northwatch Wardens - (HomeBrew)\web\server.js".
2026-06-10 14:04:54: Warning: Cannot polyfill `DOMMatrix`, rendering may be broken: "Error: Cannot find module 'canvas'
2026-06-10 14:04:54: Require stack:
2026-06-10 14:04:54: - C:\Users\joshu\OneDrive\Documents\dnd\00 - Campaigns\Northwatch Wardens - (HomeBrew)\web\node_modules\pdfjs-dist\legacy\build\pdf.js
2026-06-10 14:04:54: - C:\Users\joshu\OneDrive\Documents\dnd\00 - Campaigns\Northwatch Wardens - (HomeBrew)\web\lib\pdf-indexer.js
2026-06-10 14:04:54: - C:\Users\joshu\OneDrive\Documents\dnd\00 - Campaigns\Northwatch Wardens - (HomeBrew)\web\server.js".
2026-06-10 14:04:54: Warning: Cannot polyfill `Path2D`, rendering may be broken: "Error: Cannot find module 'canvas'
2026-06-10 14:04:54: Require stack:
2026-06-10 14:04:54: - C:\Users\joshu\OneDrive\Documents\dnd\00 - Campaigns\Northwatch Wardens - (HomeBrew)\web\node_modules\pdfjs-dist\legacy\build\pdf.js
2026-06-10 14:04:54: - C:\Users\joshu\OneDrive\Documents\dnd\00 - Campaigns\Northwatch Wardens - (HomeBrew)\web\lib\pdf-indexer.js
2026-06-10 14:04:54: - C:\Users\joshu\OneDrive\Documents\dnd\00 - Campaigns\Northwatch Wardens - (HomeBrew)\web\server.js".
2026-06-10 14:04:57: Warning: Cannot polyfill `DOMMatrix`, rendering may be broken: "Error: Cannot find module 'canvas'
2026-06-10 14:04:57: Require stack:
2026-06-10 14:04:57: - C:\Users\joshu\OneDrive\Documents\dnd\00 - Campaigns\Northwatch Wardens - (HomeBrew)\web\node_modules\pdfjs-dist\legacy\build\pdf.js
2026-06-10 14:04:57: - C:\Users\joshu\OneDrive\Documents\dnd\00 - Campaigns\Northwatch Wardens - (HomeBrew)\web\lib\pdf-indexer.js
2026-06-10 14:04:57: - C:\Users\joshu\OneDrive\Documents\dnd\00 - Campaigns\Northwatch Wardens - (HomeBrew)\web\server.js".
2026-06-10 14:04:57: Warning: Cannot polyfill `Path2D`, rendering may be broken: "Error: Cannot find module 'canvas'
2026-06-10 14:04:57: Require stack:
2026-06-10 14:04:57: - C:\Users\joshu\OneDrive\Documents\dnd\00 - Campaigns\Northwatch Wardens - (HomeBrew)\web\node_modules\pdfjs-dist\legacy\build\pdf.js
2026-06-10 14:04:57: - C:\Users\joshu\OneDrive\Documents\dnd\00 - Campaigns\Northwatch Wardens - (HomeBrew)\web\lib\pdf-indexer.js
2026-06-10 14:04:57: - C:\Users\joshu\OneDrive\Documents\dnd\00 - Campaigns\Northwatch Wardens - (HomeBrew)\web\server.js".
2026-06-10 14:05:00: Warning: Cannot polyfill `DOMMatrix`, rendering may be broken: "Error: Cannot find module 'canvas'
2026-06-10 14:05:00: Require stack:
2026-06-10 14:05:00: - C:\Users\joshu\OneDrive\Documents\dnd\00 - Campaigns\Northwatch Wardens - (HomeBrew)\web\node_modules\pdfjs-dist\legacy\build\pdf.js
2026-06-10 14:05:00: - C:\Users\joshu\OneDrive\Documents\dnd\00 - Campaigns\Northwatch Wardens - (HomeBrew)\web\lib\pdf-indexer.js
2026-06-10 14:05:00: - C:\Users\joshu\OneDrive\Documents\dnd\00 - Campaigns\Northwatch Wardens - (HomeBrew)\web\server.js".
2026-06-10 14:05:00: Warning: Cannot polyfill `Path2D`, rendering may be broken: "Error: Cannot find module 'canvas'
2026-06-10 14:05:00: Require stack:
2026-06-10 14:05:00: - C:\Users\joshu\OneDrive\Documents\dnd\00 - Campaigns\Northwatch Wardens - (HomeBrew)\web\node_modules\pdfjs-dist\legacy\build\pdf.js
2026-06-10 14:05:00: - C:\Users\joshu\OneDrive\Documents\dnd\00 - Campaigns\Northwatch Wardens - (HomeBrew)\web\lib\pdf-indexer.js
2026-06-10 14:05:00: - C:\Users\joshu\OneDrive\Documents\dnd\00 - Campaigns\Northwatch Wardens - (HomeBrew)\web\server.js".
2026-06-10 14:05:06: Warning: Cannot polyfill `DOMMatrix`, rendering may be broken: "Error: Cannot find module 'canvas'
2026-06-10 14:05:06: Require stack:
2026-06-10 14:05:06: - C:\Users\joshu\OneDrive\Documents\dnd\00 - Campaigns\Northwatch Wardens - (HomeBrew)\web\node_modules\pdfjs-dist\legacy\build\pdf.js
2026-06-10 14:05:06: - C:\Users\joshu\OneDrive\Documents\dnd\00 - Campaigns\Northwatch Wardens - (HomeBrew)\web\lib\pdf-indexer.js
2026-06-10 14:05:06: - C:\Users\joshu\OneDrive\Documents\dnd\00 - Campaigns\Northwatch Wardens - (HomeBrew)\web\server.js".
2026-06-10 14:05:06: Warning: Cannot polyfill `Path2D`, rendering may be broken: "Error: Cannot find module 'canvas'
2026-06-10 14:05:06: Require stack:
2026-06-10 14:05:06: - C:\Users\joshu\OneDrive\Documents\dnd\00 - Campaigns\Northwatch Wardens - (HomeBrew)\web\node_modules\pdfjs-dist\legacy\build\pdf.js
2026-06-10 14:05:06: - C:\Users\joshu\OneDrive\Documents\dnd\00 - Campaigns\Northwatch Wardens - (HomeBrew)\web\lib\pdf-indexer.js
2026-06-10 14:05:06: - C:\Users\joshu\OneDrive\Documents\dnd\00 - Campaigns\Northwatch Wardens - (HomeBrew)\web\server.js".
2026-06-10 14:05:09: Warning: Cannot polyfill `DOMMatrix`, rendering may be broken: "Error: Cannot find module 'canvas'
2026-06-10 14:05:09: Require stack:
2026-06-10 14:05:09: - C:\Users\joshu\OneDrive\Documents\dnd\00 - Campaigns\Northwatch Wardens - (HomeBrew)\web\node_modules\pdfjs-dist\legacy\build\pdf.js
2026-06-10 14:05:09: - C:\Users\joshu\OneDrive\Documents\dnd\00 - Campaigns\Northwatch Wardens - (HomeBrew)\web\lib\pdf-indexer.js
2026-06-10 14:05:09: - C:\Users\joshu\OneDrive\Documents\dnd\00 - Campaigns\Northwatch Wardens - (HomeBrew)\web\server.js".
2026-06-10 14:05:09: Warning: Cannot polyfill `Path2D`, rendering may be broken: "Error: Cannot find module 'canvas'
2026-06-10 14:05:09: Require stack:
2026-06-10 14:05:09: - C:\Users\joshu\OneDrive\Documents\dnd\00 - Campaigns\Northwatch Wardens - (HomeBrew)\web\node_modules\pdfjs-dist\legacy\build\pdf.js
2026-06-10 14:05:09: - C:\Users\joshu\OneDrive\Documents\dnd\00 - Campaigns\Northwatch Wardens - (HomeBrew)\web\lib\pdf-indexer.js
2026-06-10 14:05:09: - C:\Users\joshu\OneDrive\Documents\dnd\00 - Campaigns\Northwatch Wardens - (HomeBrew)\web\server.js".
2026-06-10 14:05:13: Warning: Cannot polyfill `DOMMatrix`, rendering may be broken: "Error: Cannot find module 'canvas'
2026-06-10 14:05:13: Require stack:
2026-06-10 14:05:13: - C:\Users\joshu\OneDrive\Documents\dnd\00 - Campaigns\Northwatch Wardens - (HomeBrew)\web\node_modules\pdfjs-dist\legacy\build\pdf.js
2026-06-10 14:05:13: - C:\Users\joshu\OneDrive\Documents\dnd\00 - Campaigns\Northwatch Wardens - (HomeBrew)\web\lib\pdf-indexer.js
2026-06-10 14:05:13: - C:\Users\joshu\OneDrive\Documents\dnd\00 - Campaigns\Northwatch Wardens - (HomeBrew)\web\server.js".
2026-06-10 14:05:13: Warning: Cannot polyfill `Path2D`, rendering may be broken: "Error: Cannot find module 'canvas'
2026-06-10 14:05:13: Require stack:
2026-06-10 14:05:13: - C:\Users\joshu\OneDrive\Documents\dnd\00 - Campaigns\Northwatch Wardens - (HomeBrew)\web\node_modules\pdfjs-dist\legacy\build\pdf.js
2026-06-10 14:05:13: - C:\Users\joshu\OneDrive\Documents\dnd\00 - Campaigns\Northwatch Wardens - (HomeBrew)\web\lib\pdf-indexer.js
2026-06-10 14:05:13: - C:\Users\joshu\OneDrive\Documents\dnd\00 - Campaigns\Northwatch Wardens - (HomeBrew)\web\server.js".
2026-06-10 14:05:16: Warning: Cannot polyfill `DOMMatrix`, rendering may be broken: "Error: Cannot find module 'canvas'
2026-06-10 14:05:16: Require stack:
2026-06-10 14:05:16: - C:\Users\joshu\OneDrive\Documents\dnd\00 - Campaigns\Northwatch Wardens - (HomeBrew)\web\node_modules\pdfjs-dist\legacy\build\pdf.js
2026-06-10 14:05:16: - C:\Users\joshu\OneDrive\Documents\dnd\00 - Campaigns\Northwatch Wardens - (HomeBrew)\web\lib\pdf-indexer.js
2026-06-10 14:05:16: - C:\Users\joshu\OneDrive\Documents\dnd\00 - Campaigns\Northwatch Wardens - (HomeBrew)\web\server.js".
2026-06-10 14:05:16: Warning: Cannot polyfill `Path2D`, rendering may be broken: "Error: Cannot find module 'canvas'
2026-06-10 14:05:16: Require stack:
2026-06-10 14:05:16: - C:\Users\joshu\OneDrive\Documents\dnd\00 - Campaigns\Northwatch Wardens - (HomeBrew)\web\node_modules\pdfjs-dist\legacy\build\pdf.js
2026-06-10 14:05:16: - C:\Users\joshu\OneDrive\Documents\dnd\00 - Campaigns\Northwatch Wardens - (HomeBrew)\web\lib\pdf-indexer.js
2026-06-10 14:05:16: - C:\Users\joshu\OneDrive\Documents\dnd\00 - Campaigns\Northwatch Wardens - (HomeBrew)\web\server.js".
2026-06-10 14:05:20: Warning: Cannot polyfill `DOMMatrix`, rendering may be broken: "Error: Cannot find module 'canvas'
2026-06-10 14:05:20: Require stack:
2026-06-10 14:05:20: - C:\Users\joshu\OneDrive\Documents\dnd\00 - Campaigns\Northwatch Wardens - (HomeBrew)\web\node_modules\pdfjs-dist\legacy\build\pdf.js
2026-06-10 14:05:20: - C:\Users\joshu\OneDrive\Documents\dnd\00 - Campaigns\Northwatch Wardens - (HomeBrew)\web\lib\pdf-indexer.js
2026-06-10 14:05:20: - C:\Users\joshu\OneDrive\Documents\dnd\00 - Campaigns\Northwatch Wardens - (HomeBrew)\web\server.js".
2026-06-10 14:05:20: Warning: Cannot polyfill `Path2D`, rendering may be broken: "Error: Cannot find module 'canvas'
2026-06-10 14:05:20: Require stack:
2026-06-10 14:05:20: - C:\Users\joshu\OneDrive\Documents\dnd\00 - Campaigns\Northwatch Wardens - (HomeBrew)\web\node_modules\pdfjs-dist\legacy\build\pdf.js
2026-06-10 14:05:20: - C:\Users\joshu\OneDrive\Documents\dnd\00 - Campaigns\Northwatch Wardens - (HomeBrew)\web\lib\pdf-indexer.js
2026-06-10 14:05:20: - C:\Users\joshu\OneDrive\Documents\dnd\00 - Campaigns\Northwatch Wardens - (HomeBrew)\web\server.js".
2026-06-10 14:05:24: Warning: Cannot polyfill `DOMMatrix`, rendering may be broken: "Error: Cannot find module 'canvas'
2026-06-10 14:05:24: Require stack:
2026-06-10 14:05:24: - C:\Users\joshu\OneDrive\Documents\dnd\00 - Campaigns\Northwatch Wardens - (HomeBrew)\web\node_modules\pdfjs-dist\legacy\build\pdf.js
2026-06-10 14:05:24: - C:\Users\joshu\OneDrive\Documents\dnd\00 - Campaigns\Northwatch Wardens - (HomeBrew)\web\lib\pdf-indexer.js
2026-06-10 14:05:24: - C:\Users\joshu\OneDrive\Documents\dnd\00 - Campaigns\Northwatch Wardens - (HomeBrew)\web\server.js".
2026-06-10 14:05:24: Warning: Cannot polyfill `Path2D`, rendering may be broken: "Error: Cannot find module 'canvas'
2026-06-10 14:05:24: Require stack:
2026-06-10 14:05:24: - C:\Users\joshu\OneDrive\Documents\dnd\00 - Campaigns\Northwatch Wardens - (HomeBrew)\web\node_modules\pdfjs-dist\legacy\build\pdf.js
2026-06-10 14:05:24: - C:\Users\joshu\OneDrive\Documents\dnd\00 - Campaigns\Northwatch Wardens - (HomeBrew)\web\lib\pdf-indexer.js
2026-06-10 14:05:24: - C:\Users\joshu\OneDrive\Documents\dnd\00 - Campaigns\Northwatch Wardens - (HomeBrew)\web\server.js".
2026-06-10 14:05:27: Warning: Cannot polyfill `DOMMatrix`, rendering may be broken: "Error: Cannot find module 'canvas'
2026-06-10 14:05:27: Require stack:
2026-06-10 14:05:27: - C:\Users\joshu\OneDrive\Documents\dnd\00 - Campaigns\Northwatch Wardens - (HomeBrew)\web\node_modules\pdfjs-dist\legacy\build\pdf.js
2026-06-10 14:05:27: - C:\Users\joshu\OneDrive\Documents\dnd\00 - Campaigns\Northwatch Wardens - (HomeBrew)\web\lib\pdf-indexer.js
2026-06-10 14:05:27: - C:\Users\joshu\OneDrive\Documents\dnd\00 - Campaigns\Northwatch Wardens - (HomeBrew)\web\server.js".
2026-06-10 14:05:27: Warning: Cannot polyfill `Path2D`, rendering may be broken: "Error: Cannot find module 'canvas'
2026-06-10 14:05:27: Require stack:
2026-06-10 14:05:27: - C:\Users\joshu\OneDrive\Documents\dnd\00 - Campaigns\Northwatch Wardens - (HomeBrew)\web\node_modules\pdfjs-dist\legacy\build\pdf.js
2026-06-10 14:05:27: - C:\Users\joshu\OneDrive\Documents\dnd\00 - Campaigns\Northwatch Wardens - (HomeBrew)\web\lib\pdf-indexer.js
2026-06-10 14:05:27: - C:\Users\joshu\OneDrive\Documents\dnd\00 - Campaigns\Northwatch Wardens - (HomeBrew)\web\server.js".
2026-06-10 14:05:31: Warning: Cannot polyfill `DOMMatrix`, rendering may be broken: "Error: Cannot find module 'canvas'
2026-06-10 14:05:31: Require stack:
2026-06-10 14:05:31: - C:\Users\joshu\OneDrive\Documents\dnd\00 - Campaigns\Northwatch Wardens - (HomeBrew)\web\node_modules\pdfjs-dist\legacy\build\pdf.js
2026-06-10 14:05:31: - C:\Users\joshu\OneDrive\Documents\dnd\00 - Campaigns\Northwatch Wardens - (HomeBrew)\web\lib\pdf-indexer.js
2026-06-10 14:05:31: - C:\Users\joshu\OneDrive\Documents\dnd\00 - Campaigns\Northwatch Wardens - (HomeBrew)\web\server.js".
2026-06-10 14:05:31: Warning: Cannot polyfill `Path2D`, rendering may be broken: "Error: Cannot find module 'canvas'
2026-06-10 14:05:31: Require stack:
2026-06-10 14:05:31: - C:\Users\joshu\OneDrive\Documents\dnd\00 - Campaigns\Northwatch Wardens - (HomeBrew)\web\node_modules\pdfjs-dist\legacy\build\pdf.js
2026-06-10 14:05:31: - C:\Users\joshu\OneDrive\Documents\dnd\00 - Campaigns\Northwatch Wardens - (HomeBrew)\web\lib\pdf-indexer.js
2026-06-10 14:05:31: - C:\Users\joshu\OneDrive\Documents\dnd\00 - Campaigns\Northwatch Wardens - (HomeBrew)\web\server.js".
2026-06-10 14:05:34: Warning: Cannot polyfill `DOMMatrix`, rendering may be broken: "Error: Cannot find module 'canvas'
2026-06-10 14:05:34: Require stack:
2026-06-10 14:05:34: - C:\Users\joshu\OneDrive\Documents\dnd\00 - Campaigns\Northwatch Wardens - (HomeBrew)\web\node_modules\pdfjs-dist\legacy\build\pdf.js
2026-06-10 14:05:34: - C:\Users\joshu\OneDrive\Documents\dnd\00 - Campaigns\Northwatch Wardens - (HomeBrew)\web\lib\pdf-indexer.js
2026-06-10 14:05:34: - C:\Users\joshu\OneDrive\Documents\dnd\00 - Campaigns\Northwatch Wardens - (HomeBrew)\web\server.js".
2026-06-10 14:05:34: Warning: Cannot polyfill `Path2D`, rendering may be broken: "Error: Cannot find module 'canvas'
2026-06-10 14:05:34: Require stack:
2026-06-10 14:05:34: - C:\Users\joshu\OneDrive\Documents\dnd\00 - Campaigns\Northwatch Wardens - (HomeBrew)\web\node_modules\pdfjs-dist\legacy\build\pdf.js
2026-06-10 14:05:34: - C:\Users\joshu\OneDrive\Documents\dnd\00 - Campaigns\Northwatch Wardens - (HomeBrew)\web\lib\pdf-indexer.js
2026-06-10 14:05:34: - C:\Users\joshu\OneDrive\Documents\dnd\00 - Campaigns\Northwatch Wardens - (HomeBrew)\web\server.js".
2026-06-10 14:05:37: Warning: Cannot polyfill `DOMMatrix`, rendering may be broken: "Error: Cannot find module 'canvas'
2026-06-10 14:05:37: Require stack:
2026-06-10 14:05:37: - C:\Users\joshu\OneDrive\Documents\dnd\00 - Campaigns\Northwatch Wardens - (HomeBrew)\web\node_modules\pdfjs-dist\legacy\build\pdf.js
2026-06-10 14:05:37: - C:\Users\joshu\OneDrive\Documents\dnd\00 - Campaigns\Northwatch Wardens - (HomeBrew)\web\lib\pdf-indexer.js
2026-06-10 14:05:37: - C:\Users\joshu\OneDrive\Documents\dnd\00 - Campaigns\Northwatch Wardens - (HomeBrew)\web\server.js".
2026-06-10 14:05:37: Warning: Cannot polyfill `Path2D`, rendering may be broken: "Error: Cannot find module 'canvas'
2026-06-10 14:05:37: Require stack:
2026-06-10 14:05:37: - C:\Users\joshu\OneDrive\Documents\dnd\00 - Campaigns\Northwatch Wardens - (HomeBrew)\web\node_modules\pdfjs-dist\legacy\build\pdf.js
2026-06-10 14:05:37: - C:\Users\joshu\OneDrive\Documents\dnd\00 - Campaigns\Northwatch Wardens - (HomeBrew)\web\lib\pdf-indexer.js
2026-06-10 14:05:37: - C:\Users\joshu\OneDrive\Documents\dnd\00 - Campaigns\Northwatch Wardens - (HomeBrew)\web\server.js".
2026-06-10 14:05:41: Warning: Cannot polyfill `DOMMatrix`, rendering may be broken: "Error: Cannot find module 'canvas'
2026-06-10 14:05:41: Require stack:
2026-06-10 14:05:41: - C:\Users\joshu\OneDrive\Documents\dnd\00 - Campaigns\Northwatch Wardens - (HomeBrew)\web\node_modules\pdfjs-dist\legacy\build\pdf.js
2026-06-10 14:05:41: - C:\Users\joshu\OneDrive\Documents\dnd\00 - Campaigns\Northwatch Wardens - (HomeBrew)\web\lib\pdf-indexer.js
2026-06-10 14:05:41: - C:\Users\joshu\OneDrive\Documents\dnd\00 - Campaigns\Northwatch Wardens - (HomeBrew)\web\server.js".
2026-06-10 14:05:41: Warning: Cannot polyfill `Path2D`, rendering may be broken: "Error: Cannot find module 'canvas'
2026-06-10 14:05:41: Require stack:
2026-06-10 14:05:41: - C:\Users\joshu\OneDrive\Documents\dnd\00 - Campaigns\Northwatch Wardens - (HomeBrew)\web\node_modules\pdfjs-dist\legacy\build\pdf.js
2026-06-10 14:05:41: - C:\Users\joshu\OneDrive\Documents\dnd\00 - Campaigns\Northwatch Wardens - (HomeBrew)\web\lib\pdf-indexer.js
2026-06-10 14:05:41: - C:\Users\joshu\OneDrive\Documents\dnd\00 - Campaigns\Northwatch Wardens - (HomeBrew)\web\server.js".
2026-06-10 14:05:45: Warning: Cannot polyfill `DOMMatrix`, rendering may be broken: "Error: Cannot find module 'canvas'
2026-06-10 14:05:45: Require stack:
2026-06-10 14:05:45: - C:\Users\joshu\OneDrive\Documents\dnd\00 - Campaigns\Northwatch Wardens - (HomeBrew)\web\node_modules\pdfjs-dist\legacy\build\pdf.js
2026-06-10 14:05:45: - C:\Users\joshu\OneDrive\Documents\dnd\00 - Campaigns\Northwatch Wardens - (HomeBrew)\web\lib\pdf-indexer.js
2026-06-10 14:05:45: - C:\Users\joshu\OneDrive\Documents\dnd\00 - Campaigns\Northwatch Wardens - (HomeBrew)\web\server.js".
2026-06-10 14:05:45: Warning: Cannot polyfill `Path2D`, rendering may be broken: "Error: Cannot find module 'canvas'
2026-06-10 14:05:45: Require stack:
2026-06-10 14:05:45: - C:\Users\joshu\OneDrive\Documents\dnd\00 - Campaigns\Northwatch Wardens - (HomeBrew)\web\node_modules\pdfjs-dist\legacy\build\pdf.js
2026-06-10 14:05:45: - C:\Users\joshu\OneDrive\Documents\dnd\00 - Campaigns\Northwatch Wardens - (HomeBrew)\web\lib\pdf-indexer.js
2026-06-10 14:05:45: - C:\Users\joshu\OneDrive\Documents\dnd\00 - Campaigns\Northwatch Wardens - (HomeBrew)\web\server.js".
2026-06-10 14:05:47: Warning: Cannot polyfill `DOMMatrix`, rendering may be broken: "Error: Cannot find module 'canvas'
2026-06-10 14:05:47: Require stack:
2026-06-10 14:05:47: - C:\Users\joshu\OneDrive\Documents\dnd\00 - Campaigns\Northwatch Wardens - (HomeBrew)\web\node_modules\pdfjs-dist\legacy\build\pdf.js
2026-06-10 14:05:47: - C:\Users\joshu\OneDrive\Documents\dnd\00 - Campaigns\Northwatch Wardens - (HomeBrew)\web\lib\pdf-indexer.js
2026-06-10 14:05:47: - C:\Users\joshu\OneDrive\Documents\dnd\00 - Campaigns\Northwatch Wardens - (HomeBrew)\web\server.js".
2026-06-10 14:05:47: Warning: Cannot polyfill `Path2D`, rendering may be broken: "Error: Cannot find module 'canvas'
2026-06-10 14:05:47: Require stack:
2026-06-10 14:05:47: - C:\Users\joshu\OneDrive\Documents\dnd\00 - Campaigns\Northwatch Wardens - (HomeBrew)\web\node_modules\pdfjs-dist\legacy\build\pdf.js
2026-06-10 14:05:47: - C:\Users\joshu\OneDrive\Documents\dnd\00 - Campaigns\Northwatch Wardens - (HomeBrew)\web\lib\pdf-indexer.js
2026-06-10 14:05:47: - C:\Users\joshu\OneDrive\Documents\dnd\00 - Campaigns\Northwatch Wardens - (HomeBrew)\web\server.js".
2026-06-10 14:05:50: Warning: Cannot polyfill `DOMMatrix`, rendering may be broken: "Error: Cannot find module 'canvas'
2026-06-10 14:05:50: Require stack:
2026-06-10 14:05:50: - C:\Users\joshu\OneDrive\Documents\dnd\00 - Campaigns\Northwatch Wardens - (HomeBrew)\web\node_modules\pdfjs-dist\legacy\build\pdf.js
2026-06-10 14:05:50: - C:\Users\joshu\OneDrive\Documents\dnd\00 - Campaigns\Northwatch Wardens - (HomeBrew)\web\lib\pdf-indexer.js
2026-06-10 14:05:50: - C:\Users\joshu\OneDrive\Documents\dnd\00 - Campaigns\Northwatch Wardens - (HomeBrew)\web\server.js".
2026-06-10 14:05:50: Warning: Cannot polyfill `Path2D`, rendering may be broken: "Error: Cannot find module 'canvas'
2026-06-10 14:05:50: Require stack:
2026-06-10 14:05:50: - C:\Users\joshu\OneDrive\Documents\dnd\00 - Campaigns\Northwatch Wardens - (HomeBrew)\web\node_modules\pdfjs-dist\legacy\build\pdf.js
2026-06-10 14:05:50: - C:\Users\joshu\OneDrive\Documents\dnd\00 - Campaigns\Northwatch Wardens - (HomeBrew)\web\lib\pdf-indexer.js
2026-06-10 14:05:50: - C:\Users\joshu\OneDrive\Documents\dnd\00 - Campaigns\Northwatch Wardens - (HomeBrew)\web\server.js".
2026-06-10 14:05:53: Warning: Cannot polyfill `DOMMatrix`, rendering may be broken: "Error: Cannot find module 'canvas'
2026-06-10 14:05:53: Require stack:
2026-06-10 14:05:53: - C:\Users\joshu\OneDrive\Documents\dnd\00 - Campaigns\Northwatch Wardens - (HomeBrew)\web\node_modules\pdfjs-dist\legacy\build\pdf.js
2026-06-10 14:05:53: - C:\Users\joshu\OneDrive\Documents\dnd\00 - Campaigns\Northwatch Wardens - (HomeBrew)\web\lib\pdf-indexer.js
2026-06-10 14:05:53: - C:\Users\joshu\OneDrive\Documents\dnd\00 - Campaigns\Northwatch Wardens - (HomeBrew)\web\server.js".
2026-06-10 14:05:53: Warning: Cannot polyfill `Path2D`, rendering may be broken: "Error: Cannot find module 'canvas'
2026-06-10 14:05:53: Require stack:
2026-06-10 14:05:53: - C:\Users\joshu\OneDrive\Documents\dnd\00 - Campaigns\Northwatch Wardens - (HomeBrew)\web\node_modules\pdfjs-dist\legacy\build\pdf.js
2026-06-10 14:05:53: - C:\Users\joshu\OneDrive\Documents\dnd\00 - Campaigns\Northwatch Wardens - (HomeBrew)\web\lib\pdf-indexer.js
2026-06-10 14:05:53: - C:\Users\joshu\OneDrive\Documents\dnd\00 - Campaigns\Northwatch Wardens - (HomeBrew)\web\server.js".
2026-06-10 14:05:57: Warning: Cannot polyfill `DOMMatrix`, rendering may be broken: "Error: Cannot find module 'canvas'
2026-06-10 14:05:57: Require stack:
2026-06-10 14:05:57: - C:\Users\joshu\OneDrive\Documents\dnd\00 - Campaigns\Northwatch Wardens - (HomeBrew)\web\node_modules\pdfjs-dist\legacy\build\pdf.js
2026-06-10 14:05:57: - C:\Users\joshu\OneDrive\Documents\dnd\00 - Campaigns\Northwatch Wardens - (HomeBrew)\web\lib\pdf-indexer.js
2026-06-10 14:05:57: - C:\Users\joshu\OneDrive\Documents\dnd\00 - Campaigns\Northwatch Wardens - (HomeBrew)\web\server.js".
2026-06-10 14:05:57: Warning: Cannot polyfill `Path2D`, rendering may be broken: "Error: Cannot find module 'canvas'
2026-06-10 14:05:57: Require stack:
2026-06-10 14:05:57: - C:\Users\joshu\OneDrive\Documents\dnd\00 - Campaigns\Northwatch Wardens - (HomeBrew)\web\node_modules\pdfjs-dist\legacy\build\pdf.js
2026-06-10 14:05:57: - C:\Users\joshu\OneDrive\Documents\dnd\00 - Campaigns\Northwatch Wardens - (HomeBrew)\web\lib\pdf-indexer.js
2026-06-10 14:05:57: - C:\Users\joshu\OneDrive\Documents\dnd\00 - Campaigns\Northwatch Wardens - (HomeBrew)\web\server.js".
2026-06-10 14:05:59: Warning: Cannot polyfill `DOMMatrix`, rendering may be broken: "Error: Cannot find module 'canvas'
2026-06-10 14:05:59: Require stack:
2026-06-10 14:05:59: - C:\Users\joshu\OneDrive\Documents\dnd\00 - Campaigns\Northwatch Wardens - (HomeBrew)\web\node_modules\pdfjs-dist\legacy\build\pdf.js
2026-06-10 14:05:59: - C:\Users\joshu\OneDrive\Documents\dnd\00 - Campaigns\Northwatch Wardens - (HomeBrew)\web\lib\pdf-indexer.js
2026-06-10 14:05:59: - C:\Users\joshu\OneDrive\Documents\dnd\00 - Campaigns\Northwatch Wardens - (HomeBrew)\web\server.js".
2026-06-10 14:05:59: Warning: Cannot polyfill `Path2D`, rendering may be broken: "Error: Cannot find module 'canvas'
2026-06-10 14:05:59: Require stack:
2026-06-10 14:05:59: - C:\Users\joshu\OneDrive\Documents\dnd\00 - Campaigns\Northwatch Wardens - (HomeBrew)\web\node_modules\pdfjs-dist\legacy\build\pdf.js
2026-06-10 14:05:59: - C:\Users\joshu\OneDrive\Documents\dnd\00 - Campaigns\Northwatch Wardens - (HomeBrew)\web\lib\pdf-indexer.js
2026-06-10 14:05:59: - C:\Users\joshu\OneDrive\Documents\dnd\00 - Campaigns\Northwatch Wardens - (HomeBrew)\web\server.js".
2026-06-10 14:06:02: Warning: Cannot polyfill `DOMMatrix`, rendering may be broken: "Error: Cannot find module 'canvas'
2026-06-10 14:06:02: Require stack:
2026-06-10 14:06:02: - C:\Users\joshu\OneDrive\Documents\dnd\00 - Campaigns\Northwatch Wardens - (HomeBrew)\web\node_modules\pdfjs-dist\legacy\build\pdf.js
2026-06-10 14:06:02: - C:\Users\joshu\OneDrive\Documents\dnd\00 - Campaigns\Northwatch Wardens - (HomeBrew)\web\lib\pdf-indexer.js
2026-06-10 14:06:02: - C:\Users\joshu\OneDrive\Documents\dnd\00 - Campaigns\Northwatch Wardens - (HomeBrew)\web\server.js".
2026-06-10 14:06:02: Warning: Cannot polyfill `Path2D`, rendering may be broken: "Error: Cannot find module 'canvas'
2026-06-10 14:06:02: Require stack:
2026-06-10 14:06:02: - C:\Users\joshu\OneDrive\Documents\dnd\00 - Campaigns\Northwatch Wardens - (HomeBrew)\web\node_modules\pdfjs-dist\legacy\build\pdf.js
2026-06-10 14:06:02: - C:\Users\joshu\OneDrive\Documents\dnd\00 - Campaigns\Northwatch Wardens - (HomeBrew)\web\lib\pdf-indexer.js
2026-06-10 14:06:02: - C:\Users\joshu\OneDrive\Documents\dnd\00 - Campaigns\Northwatch Wardens - (HomeBrew)\web\server.js".
2026-06-10 14:06:06: Warning: Cannot polyfill `DOMMatrix`, rendering may be broken: "Error: Cannot find module 'canvas'
2026-06-10 14:06:06: Require stack:
2026-06-10 14:06:06: - C:\Users\joshu\OneDrive\Documents\dnd\00 - Campaigns\Northwatch Wardens - (HomeBrew)\web\node_modules\pdfjs-dist\legacy\build\pdf.js
2026-06-10 14:06:06: - C:\Users\joshu\OneDrive\Documents\dnd\00 - Campaigns\Northwatch Wardens - (HomeBrew)\web\lib\pdf-indexer.js
2026-06-10 14:06:06: - C:\Users\joshu\OneDrive\Documents\dnd\00 - Campaigns\Northwatch Wardens - (HomeBrew)\web\server.js".
2026-06-10 14:06:06: Warning: Cannot polyfill `Path2D`, rendering may be broken: "Error: Cannot find module 'canvas'
2026-06-10 14:06:06: Require stack:
2026-06-10 14:06:06: - C:\Users\joshu\OneDrive\Documents\dnd\00 - Campaigns\Northwatch Wardens - (HomeBrew)\web\node_modules\pdfjs-dist\legacy\build\pdf.js
2026-06-10 14:06:06: - C:\Users\joshu\OneDrive\Documents\dnd\00 - Campaigns\Northwatch Wardens - (HomeBrew)\web\lib\pdf-indexer.js
2026-06-10 14:06:06: - C:\Users\joshu\OneDrive\Documents\dnd\00 - Campaigns\Northwatch Wardens - (HomeBrew)\web\server.js".
2026-06-10 14:06:09: Warning: Cannot polyfill `DOMMatrix`, rendering may be broken: "Error: Cannot find module 'canvas'
2026-06-10 14:06:09: Require stack:
2026-06-10 14:06:09: - C:\Users\joshu\OneDrive\Documents\dnd\00 - Campaigns\Northwatch Wardens - (HomeBrew)\web\node_modules\pdfjs-dist\legacy\build\pdf.js
2026-06-10 14:06:09: - C:\Users\joshu\OneDrive\Documents\dnd\00 - Campaigns\Northwatch Wardens - (HomeBrew)\web\lib\pdf-indexer.js
2026-06-10 14:06:09: - C:\Users\joshu\OneDrive\Documents\dnd\00 - Campaigns\Northwatch Wardens - (HomeBrew)\web\server.js".
2026-06-10 14:06:09: Warning: Cannot polyfill `Path2D`, rendering may be broken: "Error: Cannot find module 'canvas'
2026-06-10 14:06:09: Require stack:
2026-06-10 14:06:09: - C:\Users\joshu\OneDrive\Documents\dnd\00 - Campaigns\Northwatch Wardens - (HomeBrew)\web\node_modules\pdfjs-dist\legacy\build\pdf.js
2026-06-10 14:06:09: - C:\Users\joshu\OneDrive\Documents\dnd\00 - Campaigns\Northwatch Wardens - (HomeBrew)\web\lib\pdf-indexer.js
2026-06-10 14:06:09: - C:\Users\joshu\OneDrive\Documents\dnd\00 - Campaigns\Northwatch Wardens - (HomeBrew)\web\server.js".
2026-06-10 14:06:12: Warning: Cannot polyfill `DOMMatrix`, rendering may be broken: "Error: Cannot find module 'canvas'
2026-06-10 14:06:12: Require stack:
2026-06-10 14:06:12: - C:\Users\joshu\OneDrive\Documents\dnd\00 - Campaigns\Northwatch Wardens - (HomeBrew)\web\node_modules\pdfjs-dist\legacy\build\pdf.js
2026-06-10 14:06:12: - C:\Users\joshu\OneDrive\Documents\dnd\00 - Campaigns\Northwatch Wardens - (HomeBrew)\web\lib\pdf-indexer.js
2026-06-10 14:06:12: - C:\Users\joshu\OneDrive\Documents\dnd\00 - Campaigns\Northwatch Wardens - (HomeBrew)\web\server.js".
2026-06-10 14:06:12: Warning: Cannot polyfill `Path2D`, rendering may be broken: "Error: Cannot find module 'canvas'
2026-06-10 14:06:12: Require stack:
2026-06-10 14:06:12: - C:\Users\joshu\OneDrive\Documents\dnd\00 - Campaigns\Northwatch Wardens - (HomeBrew)\web\node_modules\pdfjs-dist\legacy\build\pdf.js
2026-06-10 14:06:12: - C:\Users\joshu\OneDrive\Documents\dnd\00 - Campaigns\Northwatch Wardens - (HomeBrew)\web\lib\pdf-indexer.js
2026-06-10 14:06:12: - C:\Users\joshu\OneDrive\Documents\dnd\00 - Campaigns\Northwatch Wardens - (HomeBrew)\web\server.js".
2026-06-10 14:06:15: Warning: Cannot polyfill `DOMMatrix`, rendering may be broken: "Error: Cannot find module 'canvas'
2026-06-10 14:06:15: Require stack:
2026-06-10 14:06:15: - C:\Users\joshu\OneDrive\Documents\dnd\00 - Campaigns\Northwatch Wardens - (HomeBrew)\web\node_modules\pdfjs-dist\legacy\build\pdf.js
2026-06-10 14:06:15: - C:\Users\joshu\OneDrive\Documents\dnd\00 - Campaigns\Northwatch Wardens - (HomeBrew)\web\lib\pdf-indexer.js
2026-06-10 14:06:15: - C:\Users\joshu\OneDrive\Documents\dnd\00 - Campaigns\Northwatch Wardens - (HomeBrew)\web\server.js".
2026-06-10 14:06:15: Warning: Cannot polyfill `Path2D`, rendering may be broken: "Error: Cannot find module 'canvas'
2026-06-10 14:06:15: Require stack:
2026-06-10 14:06:15: - C:\Users\joshu\OneDrive\Documents\dnd\00 - Campaigns\Northwatch Wardens - (HomeBrew)\web\node_modules\pdfjs-dist\legacy\build\pdf.js
2026-06-10 14:06:15: - C:\Users\joshu\OneDrive\Documents\dnd\00 - Campaigns\Northwatch Wardens - (HomeBrew)\web\lib\pdf-indexer.js
2026-06-10 14:06:15: - C:\Users\joshu\OneDrive\Documents\dnd\00 - Campaigns\Northwatch Wardens - (HomeBrew)\web\server.js".
2026-06-10 14:06:18: Warning: Cannot polyfill `DOMMatrix`, rendering may be broken: "Error: Cannot find module 'canvas'
2026-06-10 14:06:18: Require stack:
2026-06-10 14:06:18: - C:\Users\joshu\OneDrive\Documents\dnd\00 - Campaigns\Northwatch Wardens - (HomeBrew)\web\node_modules\pdfjs-dist\legacy\build\pdf.js
2026-06-10 14:06:18: - C:\Users\joshu\OneDrive\Documents\dnd\00 - Campaigns\Northwatch Wardens - (HomeBrew)\web\lib\pdf-indexer.js
2026-06-10 14:06:18: - C:\Users\joshu\OneDrive\Documents\dnd\00 - Campaigns\Northwatch Wardens - (HomeBrew)\web\server.js".
2026-06-10 14:06:18: Warning: Cannot polyfill `Path2D`, rendering may be broken: "Error: Cannot find module 'canvas'
2026-06-10 14:06:18: Require stack:
2026-06-10 14:06:18: - C:\Users\joshu\OneDrive\Documents\dnd\00 - Campaigns\Northwatch Wardens - (HomeBrew)\web\node_modules\pdfjs-dist\legacy\build\pdf.js
2026-06-10 14:06:18: - C:\Users\joshu\OneDrive\Documents\dnd\00 - Campaigns\Northwatch Wardens - (HomeBrew)\web\lib\pdf-indexer.js
2026-06-10 14:06:18: - C:\Users\joshu\OneDrive\Documents\dnd\00 - Campaigns\Northwatch Wardens - (HomeBrew)\web\server.js".
2026-06-10 14:06:21: Warning: Cannot polyfill `DOMMatrix`, rendering may be broken: "Error: Cannot find module 'canvas'
2026-06-10 14:06:21: Require stack:
2026-06-10 14:06:21: - C:\Users\joshu\OneDrive\Documents\dnd\00 - Campaigns\Northwatch Wardens - (HomeBrew)\web\node_modules\pdfjs-dist\legacy\build\pdf.js
2026-06-10 14:06:21: - C:\Users\joshu\OneDrive\Documents\dnd\00 - Campaigns\Northwatch Wardens - (HomeBrew)\web\lib\pdf-indexer.js
2026-06-10 14:06:21: - C:\Users\joshu\OneDrive\Documents\dnd\00 - Campaigns\Northwatch Wardens - (HomeBrew)\web\server.js".
2026-06-10 14:06:21: Warning: Cannot polyfill `Path2D`, rendering may be broken: "Error: Cannot find module 'canvas'
2026-06-10 14:06:21: Require stack:
2026-06-10 14:06:21: - C:\Users\joshu\OneDrive\Documents\dnd\00 - Campaigns\Northwatch Wardens - (HomeBrew)\web\node_modules\pdfjs-dist\legacy\build\pdf.js
2026-06-10 14:06:21: - C:\Users\joshu\OneDrive\Documents\dnd\00 - Campaigns\Northwatch Wardens - (HomeBrew)\web\lib\pdf-indexer.js
2026-06-10 14:06:21: - C:\Users\joshu\OneDrive\Documents\dnd\00 - Campaigns\Northwatch Wardens - (HomeBrew)\web\server.js".
2026-06-10 14:06:24: Warning: Cannot polyfill `DOMMatrix`, rendering may be broken: "Error: Cannot find module 'canvas'
2026-06-10 14:06:24: Require stack:
2026-06-10 14:06:24: - C:\Users\joshu\OneDrive\Documents\dnd\00 - Campaigns\Northwatch Wardens - (HomeBrew)\web\node_modules\pdfjs-dist\legacy\build\pdf.js
2026-06-10 14:06:24: - C:\Users\joshu\OneDrive\Documents\dnd\00 - Campaigns\Northwatch Wardens - (HomeBrew)\web\lib\pdf-indexer.js
2026-06-10 14:06:24: - C:\Users\joshu\OneDrive\Documents\dnd\00 - Campaigns\Northwatch Wardens - (HomeBrew)\web\server.js".
2026-06-10 14:06:24: Warning: Cannot polyfill `Path2D`, rendering may be broken: "Error: Cannot find module 'canvas'
2026-06-10 14:06:24: Require stack:
2026-06-10 14:06:24: - C:\Users\joshu\OneDrive\Documents\dnd\00 - Campaigns\Northwatch Wardens - (HomeBrew)\web\node_modules\pdfjs-dist\legacy\build\pdf.js
2026-06-10 14:06:24: - C:\Users\joshu\OneDrive\Documents\dnd\00 - Campaigns\Northwatch Wardens - (HomeBrew)\web\lib\pdf-indexer.js
2026-06-10 14:06:24: - C:\Users\joshu\OneDrive\Documents\dnd\00 - Campaigns\Northwatch Wardens - (HomeBrew)\web\server.js".
2026-06-10 14:06:27: Warning: Cannot polyfill `DOMMatrix`, rendering may be broken: "Error: Cannot find module 'canvas'
2026-06-10 14:06:27: Require stack:
2026-06-10 14:06:27: - C:\Users\joshu\OneDrive\Documents\dnd\00 - Campaigns\Northwatch Wardens - (HomeBrew)\web\node_modules\pdfjs-dist\legacy\build\pdf.js
2026-06-10 14:06:27: - C:\Users\joshu\OneDrive\Documents\dnd\00 - Campaigns\Northwatch Wardens - (HomeBrew)\web\lib\pdf-indexer.js
2026-06-10 14:06:27: - C:\Users\joshu\OneDrive\Documents\dnd\00 - Campaigns\Northwatch Wardens - (HomeBrew)\web\server.js".
2026-06-10 14:06:27: Warning: Cannot polyfill `Path2D`, rendering may be broken: "Error: Cannot find module 'canvas'
2026-06-10 14:06:27: Require stack:
2026-06-10 14:06:27: - C:\Users\joshu\OneDrive\Documents\dnd\00 - Campaigns\Northwatch Wardens - (HomeBrew)\web\node_modules\pdfjs-dist\legacy\build\pdf.js
2026-06-10 14:06:27: - C:\Users\joshu\OneDrive\Documents\dnd\00 - Campaigns\Northwatch Wardens - (HomeBrew)\web\lib\pdf-indexer.js
2026-06-10 14:06:27: - C:\Users\joshu\OneDrive\Documents\dnd\00 - Campaigns\Northwatch Wardens - (HomeBrew)\web\server.js".
2026-06-10 14:06:31: Warning: Cannot polyfill `DOMMatrix`, rendering may be broken: "Error: Cannot find module 'canvas'
2026-06-10 14:06:31: Require stack:
2026-06-10 14:06:31: - C:\Users\joshu\OneDrive\Documents\dnd\00 - Campaigns\Northwatch Wardens - (HomeBrew)\web\node_modules\pdfjs-dist\legacy\build\pdf.js
2026-06-10 14:06:31: - C:\Users\joshu\OneDrive\Documents\dnd\00 - Campaigns\Northwatch Wardens - (HomeBrew)\web\lib\pdf-indexer.js
2026-06-10 14:06:31: - C:\Users\joshu\OneDrive\Documents\dnd\00 - Campaigns\Northwatch Wardens - (HomeBrew)\web\server.js".
2026-06-10 14:06:31: Warning: Cannot polyfill `Path2D`, rendering may be broken: "Error: Cannot find module 'canvas'
2026-06-10 14:06:31: Require stack:
2026-06-10 14:06:31: - C:\Users\joshu\OneDrive\Documents\dnd\00 - Campaigns\Northwatch Wardens - (HomeBrew)\web\node_modules\pdfjs-dist\legacy\build\pdf.js
2026-06-10 14:06:31: - C:\Users\joshu\OneDrive\Documents\dnd\00 - Campaigns\Northwatch Wardens - (HomeBrew)\web\lib\pdf-indexer.js
2026-06-10 14:06:31: - C:\Users\joshu\OneDrive\Documents\dnd\00 - Campaigns\Northwatch Wardens - (HomeBrew)\web\server.js".
2026-06-10 14:06:34: Warning: Cannot polyfill `DOMMatrix`, rendering may be broken: "Error: Cannot find module 'canvas'
2026-06-10 14:06:34: Require stack:
2026-06-10 14:06:34: - C:\Users\joshu\OneDrive\Documents\dnd\00 - Campaigns\Northwatch Wardens - (HomeBrew)\web\node_modules\pdfjs-dist\legacy\build\pdf.js
2026-06-10 14:06:34: - C:\Users\joshu\OneDrive\Documents\dnd\00 - Campaigns\Northwatch Wardens - (HomeBrew)\web\lib\pdf-indexer.js
2026-06-10 14:06:34: - C:\Users\joshu\OneDrive\Documents\dnd\00 - Campaigns\Northwatch Wardens - (HomeBrew)\web\server.js".
2026-06-10 14:06:34: Warning: Cannot polyfill `Path2D`, rendering may be broken: "Error: Cannot find module 'canvas'
2026-06-10 14:06:34: Require stack:
2026-06-10 14:06:34: - C:\Users\joshu\OneDrive\Documents\dnd\00 - Campaigns\Northwatch Wardens - (HomeBrew)\web\node_modules\pdfjs-dist\legacy\build\pdf.js
2026-06-10 14:06:34: - C:\Users\joshu\OneDrive\Documents\dnd\00 - Campaigns\Northwatch Wardens - (HomeBrew)\web\lib\pdf-indexer.js
2026-06-10 14:06:34: - C:\Users\joshu\OneDrive\Documents\dnd\00 - Campaigns\Northwatch Wardens - (HomeBrew)\web\server.js".
2026-06-10 14:06:38: Warning: Cannot polyfill `DOMMatrix`, rendering may be broken: "Error: Cannot find module 'canvas'
2026-06-10 14:06:38: Require stack:
2026-06-10 14:06:38: - C:\Users\joshu\OneDrive\Documents\dnd\00 - Campaigns\Northwatch Wardens - (HomeBrew)\web\node_modules\pdfjs-dist\legacy\build\pdf.js
2026-06-10 14:06:38: - C:\Users\joshu\OneDrive\Documents\dnd\00 - Campaigns\Northwatch Wardens - (HomeBrew)\web\lib\pdf-indexer.js
2026-06-10 14:06:38: - C:\Users\joshu\OneDrive\Documents\dnd\00 - Campaigns\Northwatch Wardens - (HomeBrew)\web\server.js".
2026-06-10 14:06:38: Warning: Cannot polyfill `Path2D`, rendering may be broken: "Error: Cannot find module 'canvas'
2026-06-10 14:06:38: Require stack:
2026-06-10 14:06:38: - C:\Users\joshu\OneDrive\Documents\dnd\00 - Campaigns\Northwatch Wardens - (HomeBrew)\web\node_modules\pdfjs-dist\legacy\build\pdf.js
2026-06-10 14:06:38: - C:\Users\joshu\OneDrive\Documents\dnd\00 - Campaigns\Northwatch Wardens - (HomeBrew)\web\lib\pdf-indexer.js
2026-06-10 14:06:38: - C:\Users\joshu\OneDrive\Documents\dnd\00 - Campaigns\Northwatch Wardens - (HomeBrew)\web\server.js".
2026-06-10 14:06:41: Warning: Cannot polyfill `DOMMatrix`, rendering may be broken: "Error: Cannot find module 'canvas'
2026-06-10 14:06:41: Require stack:
2026-06-10 14:06:41: - C:\Users\joshu\OneDrive\Documents\dnd\00 - Campaigns\Northwatch Wardens - (HomeBrew)\web\node_modules\pdfjs-dist\legacy\build\pdf.js
2026-06-10 14:06:41: - C:\Users\joshu\OneDrive\Documents\dnd\00 - Campaigns\Northwatch Wardens - (HomeBrew)\web\lib\pdf-indexer.js
2026-06-10 14:06:41: - C:\Users\joshu\OneDrive\Documents\dnd\00 - Campaigns\Northwatch Wardens - (HomeBrew)\web\server.js".
2026-06-10 14:06:41: Warning: Cannot polyfill `Path2D`, rendering may be broken: "Error: Cannot find module 'canvas'
2026-06-10 14:06:41: Require stack:
2026-06-10 14:06:41: - C:\Users\joshu\OneDrive\Documents\dnd\00 - Campaigns\Northwatch Wardens - (HomeBrew)\web\node_modules\pdfjs-dist\legacy\build\pdf.js
2026-06-10 14:06:41: - C:\Users\joshu\OneDrive\Documents\dnd\00 - Campaigns\Northwatch Wardens - (HomeBrew)\web\lib\pdf-indexer.js
2026-06-10 14:06:41: - C:\Users\joshu\OneDrive\Documents\dnd\00 - Campaigns\Northwatch Wardens - (HomeBrew)\web\server.js".
2026-06-10 14:06:45: Warning: Cannot polyfill `DOMMatrix`, rendering may be broken: "Error: Cannot find module 'canvas'
2026-06-10 14:06:45: Require stack:
2026-06-10 14:06:45: - C:\Users\joshu\OneDrive\Documents\dnd\00 - Campaigns\Northwatch Wardens - (HomeBrew)\web\node_modules\pdfjs-dist\legacy\build\pdf.js
2026-06-10 14:06:45: - C:\Users\joshu\OneDrive\Documents\dnd\00 - Campaigns\Northwatch Wardens - (HomeBrew)\web\lib\pdf-indexer.js
2026-06-10 14:06:45: - C:\Users\joshu\OneDrive\Documents\dnd\00 - Campaigns\Northwatch Wardens - (HomeBrew)\web\server.js".
2026-06-10 14:06:45: Warning: Cannot polyfill `Path2D`, rendering may be broken: "Error: Cannot find module 'canvas'
2026-06-10 14:06:45: Require stack:
2026-06-10 14:06:45: - C:\Users\joshu\OneDrive\Documents\dnd\00 - Campaigns\Northwatch Wardens - (HomeBrew)\web\node_modules\pdfjs-dist\legacy\build\pdf.js
2026-06-10 14:06:45: - C:\Users\joshu\OneDrive\Documents\dnd\00 - Campaigns\Northwatch Wardens - (HomeBrew)\web\lib\pdf-indexer.js
2026-06-10 14:06:45: - C:\Users\joshu\OneDrive\Documents\dnd\00 - Campaigns\Northwatch Wardens - (HomeBrew)\web\server.js".
2026-06-10 14:06:49: Warning: Cannot polyfill `DOMMatrix`, rendering may be broken: "Error: Cannot find module 'canvas'
2026-06-10 14:06:49: Require stack:
2026-06-10 14:06:49: - C:\Users\joshu\OneDrive\Documents\dnd\00 - Campaigns\Northwatch Wardens - (HomeBrew)\web\node_modules\pdfjs-dist\legacy\build\pdf.js
2026-06-10 14:06:49: - C:\Users\joshu\OneDrive\Documents\dnd\00 - Campaigns\Northwatch Wardens - (HomeBrew)\web\lib\pdf-indexer.js
2026-06-10 14:06:49: - C:\Users\joshu\OneDrive\Documents\dnd\00 - Campaigns\Northwatch Wardens - (HomeBrew)\web\server.js".
2026-06-10 14:06:49: Warning: Cannot polyfill `Path2D`, rendering may be broken: "Error: Cannot find module 'canvas'
2026-06-10 14:06:49: Require stack:
2026-06-10 14:06:49: - C:\Users\joshu\OneDrive\Documents\dnd\00 - Campaigns\Northwatch Wardens - (HomeBrew)\web\node_modules\pdfjs-dist\legacy\build\pdf.js
2026-06-10 14:06:49: - C:\Users\joshu\OneDrive\Documents\dnd\00 - Campaigns\Northwatch Wardens - (HomeBrew)\web\lib\pdf-indexer.js
2026-06-10 14:06:49: - C:\Users\joshu\OneDrive\Documents\dnd\00 - Campaigns\Northwatch Wardens - (HomeBrew)\web\server.js".
2026-06-10 14:06:52: Warning: Cannot polyfill `DOMMatrix`, rendering may be broken: "Error: Cannot find module 'canvas'
2026-06-10 14:06:52: Require stack:
2026-06-10 14:06:52: - C:\Users\joshu\OneDrive\Documents\dnd\00 - Campaigns\Northwatch Wardens - (HomeBrew)\web\node_modules\pdfjs-dist\legacy\build\pdf.js
2026-06-10 14:06:52: - C:\Users\joshu\OneDrive\Documents\dnd\00 - Campaigns\Northwatch Wardens - (HomeBrew)\web\lib\pdf-indexer.js
2026-06-10 14:06:52: - C:\Users\joshu\OneDrive\Documents\dnd\00 - Campaigns\Northwatch Wardens - (HomeBrew)\web\server.js".
2026-06-10 14:06:52: Warning: Cannot polyfill `Path2D`, rendering may be broken: "Error: Cannot find module 'canvas'
2026-06-10 14:06:52: Require stack:
2026-06-10 14:06:52: - C:\Users\joshu\OneDrive\Documents\dnd\00 - Campaigns\Northwatch Wardens - (HomeBrew)\web\node_modules\pdfjs-dist\legacy\build\pdf.js
2026-06-10 14:06:52: - C:\Users\joshu\OneDrive\Documents\dnd\00 - Campaigns\Northwatch Wardens - (HomeBrew)\web\lib\pdf-indexer.js
2026-06-10 14:06:52: - C:\Users\joshu\OneDrive\Documents\dnd\00 - Campaigns\Northwatch Wardens - (HomeBrew)\web\server.js".
2026-06-10 14:06:55: Warning: Cannot polyfill `DOMMatrix`, rendering may be broken: "Error: Cannot find module 'canvas'
2026-06-10 14:06:55: Require stack:
2026-06-10 14:06:55: - C:\Users\joshu\OneDrive\Documents\dnd\00 - Campaigns\Northwatch Wardens - (HomeBrew)\web\node_modules\pdfjs-dist\legacy\build\pdf.js
2026-06-10 14:06:55: - C:\Users\joshu\OneDrive\Documents\dnd\00 - Campaigns\Northwatch Wardens - (HomeBrew)\web\lib\pdf-indexer.js
2026-06-10 14:06:55: - C:\Users\joshu\OneDrive\Documents\dnd\00 - Campaigns\Northwatch Wardens - (HomeBrew)\web\server.js".
2026-06-10 14:06:55: Warning: Cannot polyfill `Path2D`, rendering may be broken: "Error: Cannot find module 'canvas'
2026-06-10 14:06:55: Require stack:
2026-06-10 14:06:55: - C:\Users\joshu\OneDrive\Documents\dnd\00 - Campaigns\Northwatch Wardens - (HomeBrew)\web\node_modules\pdfjs-dist\legacy\build\pdf.js
2026-06-10 14:06:55: - C:\Users\joshu\OneDrive\Documents\dnd\00 - Campaigns\Northwatch Wardens - (HomeBrew)\web\lib\pdf-indexer.js
2026-06-10 14:06:55: - C:\Users\joshu\OneDrive\Documents\dnd\00 - Campaigns\Northwatch Wardens - (HomeBrew)\web\server.js".
2026-06-10 14:06:58: Warning: Cannot polyfill `DOMMatrix`, rendering may be broken: "Error: Cannot find module 'canvas'
2026-06-10 14:06:58: Require stack:
2026-06-10 14:06:58: - C:\Users\joshu\OneDrive\Documents\dnd\00 - Campaigns\Northwatch Wardens - (HomeBrew)\web\node_modules\pdfjs-dist\legacy\build\pdf.js
2026-06-10 14:06:58: - C:\Users\joshu\OneDrive\Documents\dnd\00 - Campaigns\Northwatch Wardens - (HomeBrew)\web\lib\pdf-indexer.js
2026-06-10 14:06:58: - C:\Users\joshu\OneDrive\Documents\dnd\00 - Campaigns\Northwatch Wardens - (HomeBrew)\web\server.js".
2026-06-10 14:06:58: Warning: Cannot polyfill `Path2D`, rendering may be broken: "Error: Cannot find module 'canvas'
2026-06-10 14:06:58: Require stack:
2026-06-10 14:06:58: - C:\Users\joshu\OneDrive\Documents\dnd\00 - Campaigns\Northwatch Wardens - (HomeBrew)\web\node_modules\pdfjs-dist\legacy\build\pdf.js
2026-06-10 14:06:58: - C:\Users\joshu\OneDrive\Documents\dnd\00 - Campaigns\Northwatch Wardens - (HomeBrew)\web\lib\pdf-indexer.js
2026-06-10 14:06:58: - C:\Users\joshu\OneDrive\Documents\dnd\00 - Campaigns\Northwatch Wardens - (HomeBrew)\web\server.js".
2026-06-10 14:07:01: Warning: Cannot polyfill `DOMMatrix`, rendering may be broken: "Error: Cannot find module 'canvas'
2026-06-10 14:07:01: Require stack:
2026-06-10 14:07:01: - C:\Users\joshu\OneDrive\Documents\dnd\00 - Campaigns\Northwatch Wardens - (HomeBrew)\web\node_modules\pdfjs-dist\legacy\build\pdf.js
2026-06-10 14:07:01: - C:\Users\joshu\OneDrive\Documents\dnd\00 - Campaigns\Northwatch Wardens - (HomeBrew)\web\lib\pdf-indexer.js
2026-06-10 14:07:01: - C:\Users\joshu\OneDrive\Documents\dnd\00 - Campaigns\Northwatch Wardens - (HomeBrew)\web\server.js".
2026-06-10 14:07:01: Warning: Cannot polyfill `Path2D`, rendering may be broken: "Error: Cannot find module 'canvas'
2026-06-10 14:07:01: Require stack:
2026-06-10 14:07:01: - C:\Users\joshu\OneDrive\Documents\dnd\00 - Campaigns\Northwatch Wardens - (HomeBrew)\web\node_modules\pdfjs-dist\legacy\build\pdf.js
2026-06-10 14:07:01: - C:\Users\joshu\OneDrive\Documents\dnd\00 - Campaigns\Northwatch Wardens - (HomeBrew)\web\lib\pdf-indexer.js
2026-06-10 14:07:01: - C:\Users\joshu\OneDrive\Documents\dnd\00 - Campaigns\Northwatch Wardens - (HomeBrew)\web\server.js".
2026-06-10 14:07:05: Warning: Cannot polyfill `DOMMatrix`, rendering may be broken: "Error: Cannot find module 'canvas'
2026-06-10 14:07:05: Require stack:
2026-06-10 14:07:05: - C:\Users\joshu\OneDrive\Documents\dnd\00 - Campaigns\Northwatch Wardens - (HomeBrew)\web\node_modules\pdfjs-dist\legacy\build\pdf.js
2026-06-10 14:07:05: - C:\Users\joshu\OneDrive\Documents\dnd\00 - Campaigns\Northwatch Wardens - (HomeBrew)\web\lib\pdf-indexer.js
2026-06-10 14:07:05: - C:\Users\joshu\OneDrive\Documents\dnd\00 - Campaigns\Northwatch Wardens - (HomeBrew)\web\server.js".
2026-06-10 14:07:05: Warning: Cannot polyfill `Path2D`, rendering may be broken: "Error: Cannot find module 'canvas'
2026-06-10 14:07:05: Require stack:
2026-06-10 14:07:05: - C:\Users\joshu\OneDrive\Documents\dnd\00 - Campaigns\Northwatch Wardens - (HomeBrew)\web\node_modules\pdfjs-dist\legacy\build\pdf.js
2026-06-10 14:07:05: - C:\Users\joshu\OneDrive\Documents\dnd\00 - Campaigns\Northwatch Wardens - (HomeBrew)\web\lib\pdf-indexer.js
2026-06-10 14:07:05: - C:\Users\joshu\OneDrive\Documents\dnd\00 - Campaigns\Northwatch Wardens - (HomeBrew)\web\server.js".
2026-06-10 14:07:07: Warning: Cannot polyfill `DOMMatrix`, rendering may be broken: "Error: Cannot find module 'canvas'
2026-06-10 14:07:07: Require stack:
2026-06-10 14:07:07: - C:\Users\joshu\OneDrive\Documents\dnd\00 - Campaigns\Northwatch Wardens - (HomeBrew)\web\node_modules\pdfjs-dist\legacy\build\pdf.js
2026-06-10 14:07:07: - C:\Users\joshu\OneDrive\Documents\dnd\00 - Campaigns\Northwatch Wardens - (HomeBrew)\web\lib\pdf-indexer.js
2026-06-10 14:07:07: - C:\Users\joshu\OneDrive\Documents\dnd\00 - Campaigns\Northwatch Wardens - (HomeBrew)\web\server.js".
2026-06-10 14:07:07: Warning: Cannot polyfill `Path2D`, rendering may be broken: "Error: Cannot find module 'canvas'
2026-06-10 14:07:07: Require stack:
2026-06-10 14:07:07: - C:\Users\joshu\OneDrive\Documents\dnd\00 - Campaigns\Northwatch Wardens - (HomeBrew)\web\node_modules\pdfjs-dist\legacy\build\pdf.js
2026-06-10 14:07:07: - C:\Users\joshu\OneDrive\Documents\dnd\00 - Campaigns\Northwatch Wardens - (HomeBrew)\web\lib\pdf-indexer.js
2026-06-10 14:07:07: - C:\Users\joshu\OneDrive\Documents\dnd\00 - Campaigns\Northwatch Wardens - (HomeBrew)\web\server.js".
2026-06-10 14:07:10: Warning: Cannot polyfill `DOMMatrix`, rendering may be broken: "Error: Cannot find module 'canvas'
2026-06-10 14:07:10: Require stack:
2026-06-10 14:07:10: - C:\Users\joshu\OneDrive\Documents\dnd\00 - Campaigns\Northwatch Wardens - (HomeBrew)\web\node_modules\pdfjs-dist\legacy\build\pdf.js
2026-06-10 14:07:10: - C:\Users\joshu\OneDrive\Documents\dnd\00 - Campaigns\Northwatch Wardens - (HomeBrew)\web\lib\pdf-indexer.js
2026-06-10 14:07:10: - C:\Users\joshu\OneDrive\Documents\dnd\00 - Campaigns\Northwatch Wardens - (HomeBrew)\web\server.js".
2026-06-10 14:07:10: Warning: Cannot polyfill `Path2D`, rendering may be broken: "Error: Cannot find module 'canvas'
2026-06-10 14:07:10: Require stack:
2026-06-10 14:07:10: - C:\Users\joshu\OneDrive\Documents\dnd\00 - Campaigns\Northwatch Wardens - (HomeBrew)\web\node_modules\pdfjs-dist\legacy\build\pdf.js
2026-06-10 14:07:10: - C:\Users\joshu\OneDrive\Documents\dnd\00 - Campaigns\Northwatch Wardens - (HomeBrew)\web\lib\pdf-indexer.js
2026-06-10 14:07:10: - C:\Users\joshu\OneDrive\Documents\dnd\00 - Campaigns\Northwatch Wardens - (HomeBrew)\web\server.js".
2026-06-10 14:07:13: Warning: Cannot polyfill `DOMMatrix`, rendering may be broken: "Error: Cannot find module 'canvas'
2026-06-10 14:07:13: Require stack:
2026-06-10 14:07:13: - C:\Users\joshu\OneDrive\Documents\dnd\00 - Campaigns\Northwatch Wardens - (HomeBrew)\web\node_modules\pdfjs-dist\legacy\build\pdf.js
2026-06-10 14:07:13: - C:\Users\joshu\OneDrive\Documents\dnd\00 - Campaigns\Northwatch Wardens - (HomeBrew)\web\lib\pdf-indexer.js
2026-06-10 14:07:13: - C:\Users\joshu\OneDrive\Documents\dnd\00 - Campaigns\Northwatch Wardens - (HomeBrew)\web\server.js".
2026-06-10 14:07:13: Warning: Cannot polyfill `Path2D`, rendering may be broken: "Error: Cannot find module 'canvas'
2026-06-10 14:07:13: Require stack:
2026-06-10 14:07:13: - C:\Users\joshu\OneDrive\Documents\dnd\00 - Campaigns\Northwatch Wardens - (HomeBrew)\web\node_modules\pdfjs-dist\legacy\build\pdf.js
2026-06-10 14:07:13: - C:\Users\joshu\OneDrive\Documents\dnd\00 - Campaigns\Northwatch Wardens - (HomeBrew)\web\lib\pdf-indexer.js
2026-06-10 14:07:13: - C:\Users\joshu\OneDrive\Documents\dnd\00 - Campaigns\Northwatch Wardens - (HomeBrew)\web\server.js".
2026-06-10 14:07:16: Warning: Cannot polyfill `DOMMatrix`, rendering may be broken: "Error: Cannot find module 'canvas'
2026-06-10 14:07:16: Require stack:
2026-06-10 14:07:16: - C:\Users\joshu\OneDrive\Documents\dnd\00 - Campaigns\Northwatch Wardens - (HomeBrew)\web\node_modules\pdfjs-dist\legacy\build\pdf.js
2026-06-10 14:07:16: - C:\Users\joshu\OneDrive\Documents\dnd\00 - Campaigns\Northwatch Wardens - (HomeBrew)\web\lib\pdf-indexer.js
2026-06-10 14:07:16: - C:\Users\joshu\OneDrive\Documents\dnd\00 - Campaigns\Northwatch Wardens - (HomeBrew)\web\server.js".
2026-06-10 14:07:16: Warning: Cannot polyfill `Path2D`, rendering may be broken: "Error: Cannot find module 'canvas'
2026-06-10 14:07:16: Require stack:
2026-06-10 14:07:16: - C:\Users\joshu\OneDrive\Documents\dnd\00 - Campaigns\Northwatch Wardens - (HomeBrew)\web\node_modules\pdfjs-dist\legacy\build\pdf.js
2026-06-10 14:07:16: - C:\Users\joshu\OneDrive\Documents\dnd\00 - Campaigns\Northwatch Wardens - (HomeBrew)\web\lib\pdf-indexer.js
2026-06-10 14:07:16: - C:\Users\joshu\OneDrive\Documents\dnd\00 - Campaigns\Northwatch Wardens - (HomeBrew)\web\server.js".
2026-06-10 14:07:20: Warning: Cannot polyfill `DOMMatrix`, rendering may be broken: "Error: Cannot find module 'canvas'
2026-06-10 14:07:20: Require stack:
2026-06-10 14:07:20: - C:\Users\joshu\OneDrive\Documents\dnd\00 - Campaigns\Northwatch Wardens - (HomeBrew)\web\node_modules\pdfjs-dist\legacy\build\pdf.js
2026-06-10 14:07:20: - C:\Users\joshu\OneDrive\Documents\dnd\00 - Campaigns\Northwatch Wardens - (HomeBrew)\web\lib\pdf-indexer.js
2026-06-10 14:07:20: - C:\Users\joshu\OneDrive\Documents\dnd\00 - Campaigns\Northwatch Wardens - (HomeBrew)\web\server.js".
2026-06-10 14:07:20: Warning: Cannot polyfill `Path2D`, rendering may be broken: "Error: Cannot find module 'canvas'
2026-06-10 14:07:20: Require stack:
2026-06-10 14:07:20: - C:\Users\joshu\OneDrive\Documents\dnd\00 - Campaigns\Northwatch Wardens - (HomeBrew)\web\node_modules\pdfjs-dist\legacy\build\pdf.js
2026-06-10 14:07:20: - C:\Users\joshu\OneDrive\Documents\dnd\00 - Campaigns\Northwatch Wardens - (HomeBrew)\web\lib\pdf-indexer.js
2026-06-10 14:07:20: - C:\Users\joshu\OneDrive\Documents\dnd\00 - Campaigns\Northwatch Wardens - (HomeBrew)\web\server.js".
2026-06-10 14:07:23: Warning: Cannot polyfill `DOMMatrix`, rendering may be broken: "Error: Cannot find module 'canvas'
2026-06-10 14:07:23: Require stack:
2026-06-10 14:07:23: - C:\Users\joshu\OneDrive\Documents\dnd\00 - Campaigns\Northwatch Wardens - (HomeBrew)\web\node_modules\pdfjs-dist\legacy\build\pdf.js
2026-06-10 14:07:23: - C:\Users\joshu\OneDrive\Documents\dnd\00 - Campaigns\Northwatch Wardens - (HomeBrew)\web\lib\pdf-indexer.js
2026-06-10 14:07:23: - C:\Users\joshu\OneDrive\Documents\dnd\00 - Campaigns\Northwatch Wardens - (HomeBrew)\web\server.js".
2026-06-10 14:07:23: Warning: Cannot polyfill `Path2D`, rendering may be broken: "Error: Cannot find module 'canvas'
2026-06-10 14:07:23: Require stack:
2026-06-10 14:07:23: - C:\Users\joshu\OneDrive\Documents\dnd\00 - Campaigns\Northwatch Wardens - (HomeBrew)\web\node_modules\pdfjs-dist\legacy\build\pdf.js
2026-06-10 14:07:23: - C:\Users\joshu\OneDrive\Documents\dnd\00 - Campaigns\Northwatch Wardens - (HomeBrew)\web\lib\pdf-indexer.js
2026-06-10 14:07:23: - C:\Users\joshu\OneDrive\Documents\dnd\00 - Campaigns\Northwatch Wardens - (HomeBrew)\web\server.js".
2026-06-10 14:07:27: Warning: Cannot polyfill `DOMMatrix`, rendering may be broken: "Error: Cannot find module 'canvas'
2026-06-10 14:07:27: Require stack:
2026-06-10 14:07:27: - C:\Users\joshu\OneDrive\Documents\dnd\00 - Campaigns\Northwatch Wardens - (HomeBrew)\web\node_modules\pdfjs-dist\legacy\build\pdf.js
2026-06-10 14:07:27: - C:\Users\joshu\OneDrive\Documents\dnd\00 - Campaigns\Northwatch Wardens - (HomeBrew)\web\lib\pdf-indexer.js
2026-06-10 14:07:27: - C:\Users\joshu\OneDrive\Documents\dnd\00 - Campaigns\Northwatch Wardens - (HomeBrew)\web\server.js".
2026-06-10 14:07:27: Warning: Cannot polyfill `Path2D`, rendering may be broken: "Error: Cannot find module 'canvas'
2026-06-10 14:07:27: Require stack:
2026-06-10 14:07:27: - C:\Users\joshu\OneDrive\Documents\dnd\00 - Campaigns\Northwatch Wardens - (HomeBrew)\web\node_modules\pdfjs-dist\legacy\build\pdf.js
2026-06-10 14:07:27: - C:\Users\joshu\OneDrive\Documents\dnd\00 - Campaigns\Northwatch Wardens - (HomeBrew)\web\lib\pdf-indexer.js
2026-06-10 14:07:27: - C:\Users\joshu\OneDrive\Documents\dnd\00 - Campaigns\Northwatch Wardens - (HomeBrew)\web\server.js".
2026-06-10 14:07:30: Warning: Cannot polyfill `DOMMatrix`, rendering may be broken: "Error: Cannot find module 'canvas'
2026-06-10 14:07:30: Require stack:
2026-06-10 14:07:30: - C:\Users\joshu\OneDrive\Documents\dnd\00 - Campaigns\Northwatch Wardens - (HomeBrew)\web\node_modules\pdfjs-dist\legacy\build\pdf.js
2026-06-10 14:07:30: - C:\Users\joshu\OneDrive\Documents\dnd\00 - Campaigns\Northwatch Wardens - (HomeBrew)\web\lib\pdf-indexer.js
2026-06-10 14:07:30: - C:\Users\joshu\OneDrive\Documents\dnd\00 - Campaigns\Northwatch Wardens - (HomeBrew)\web\server.js".
2026-06-10 14:07:30: Warning: Cannot polyfill `Path2D`, rendering may be broken: "Error: Cannot find module 'canvas'
2026-06-10 14:07:30: Require stack:
2026-06-10 14:07:30: - C:\Users\joshu\OneDrive\Documents\dnd\00 - Campaigns\Northwatch Wardens - (HomeBrew)\web\node_modules\pdfjs-dist\legacy\build\pdf.js
2026-06-10 14:07:30: - C:\Users\joshu\OneDrive\Documents\dnd\00 - Campaigns\Northwatch Wardens - (HomeBrew)\web\lib\pdf-indexer.js
2026-06-10 14:07:30: - C:\Users\joshu\OneDrive\Documents\dnd\00 - Campaigns\Northwatch Wardens - (HomeBrew)\web\server.js".
2026-06-10 14:07:33: Warning: Cannot polyfill `DOMMatrix`, rendering may be broken: "Error: Cannot find module 'canvas'
2026-06-10 14:07:33: Require stack:
2026-06-10 14:07:33: - C:\Users\joshu\OneDrive\Documents\dnd\00 - Campaigns\Northwatch Wardens - (HomeBrew)\web\node_modules\pdfjs-dist\legacy\build\pdf.js
2026-06-10 14:07:33: - C:\Users\joshu\OneDrive\Documents\dnd\00 - Campaigns\Northwatch Wardens - (HomeBrew)\web\lib\pdf-indexer.js
2026-06-10 14:07:33: - C:\Users\joshu\OneDrive\Documents\dnd\00 - Campaigns\Northwatch Wardens - (HomeBrew)\web\server.js".
2026-06-10 14:07:33: Warning: Cannot polyfill `Path2D`, rendering may be broken: "Error: Cannot find module 'canvas'
2026-06-10 14:07:33: Require stack:
2026-06-10 14:07:33: - C:\Users\joshu\OneDrive\Documents\dnd\00 - Campaigns\Northwatch Wardens - (HomeBrew)\web\node_modules\pdfjs-dist\legacy\build\pdf.js
2026-06-10 14:07:33: - C:\Users\joshu\OneDrive\Documents\dnd\00 - Campaigns\Northwatch Wardens - (HomeBrew)\web\lib\pdf-indexer.js
2026-06-10 14:07:33: - C:\Users\joshu\OneDrive\Documents\dnd\00 - Campaigns\Northwatch Wardens - (HomeBrew)\web\server.js".
2026-06-10 14:07:35: Warning: Cannot polyfill `DOMMatrix`, rendering may be broken: "Error: Cannot find module 'canvas'
2026-06-10 14:07:35: Require stack:
2026-06-10 14:07:35: - C:\Users\joshu\OneDrive\Documents\dnd\00 - Campaigns\Northwatch Wardens - (HomeBrew)\web\node_modules\pdfjs-dist\legacy\build\pdf.js
2026-06-10 14:07:35: - C:\Users\joshu\OneDrive\Documents\dnd\00 - Campaigns\Northwatch Wardens - (HomeBrew)\web\lib\pdf-indexer.js
2026-06-10 14:07:35: - C:\Users\joshu\OneDrive\Documents\dnd\00 - Campaigns\Northwatch Wardens - (HomeBrew)\web\server.js".
2026-06-10 14:07:35: Warning: Cannot polyfill `Path2D`, rendering may be broken: "Error: Cannot find module 'canvas'
2026-06-10 14:07:35: Require stack:
2026-06-10 14:07:35: - C:\Users\joshu\OneDrive\Documents\dnd\00 - Campaigns\Northwatch Wardens - (HomeBrew)\web\node_modules\pdfjs-dist\legacy\build\pdf.js
2026-06-10 14:07:35: - C:\Users\joshu\OneDrive\Documents\dnd\00 - Campaigns\Northwatch Wardens - (HomeBrew)\web\lib\pdf-indexer.js
2026-06-10 14:07:35: - C:\Users\joshu\OneDrive\Documents\dnd\00 - Campaigns\Northwatch Wardens - (HomeBrew)\web\server.js".
2026-06-10 14:07:38: Warning: Cannot polyfill `DOMMatrix`, rendering may be broken: "Error: Cannot find module 'canvas'
2026-06-10 14:07:38: Require stack:
2026-06-10 14:07:38: - C:\Users\joshu\OneDrive\Documents\dnd\00 - Campaigns\Northwatch Wardens - (HomeBrew)\web\node_modules\pdfjs-dist\legacy\build\pdf.js
2026-06-10 14:07:38: - C:\Users\joshu\OneDrive\Documents\dnd\00 - Campaigns\Northwatch Wardens - (HomeBrew)\web\lib\pdf-indexer.js
2026-06-10 14:07:38: - C:\Users\joshu\OneDrive\Documents\dnd\00 - Campaigns\Northwatch Wardens - (HomeBrew)\web\server.js".
2026-06-10 14:07:38: Warning: Cannot polyfill `Path2D`, rendering may be broken: "Error: Cannot find module 'canvas'
2026-06-10 14:07:38: Require stack:
2026-06-10 14:07:38: - C:\Users\joshu\OneDrive\Documents\dnd\00 - Campaigns\Northwatch Wardens - (HomeBrew)\web\node_modules\pdfjs-dist\legacy\build\pdf.js
2026-06-10 14:07:38: - C:\Users\joshu\OneDrive\Documents\dnd\00 - Campaigns\Northwatch Wardens - (HomeBrew)\web\lib\pdf-indexer.js
2026-06-10 14:07:38: - C:\Users\joshu\OneDrive\Documents\dnd\00 - Campaigns\Northwatch Wardens - (HomeBrew)\web\server.js".
2026-06-10 14:07:41: Warning: Cannot polyfill `DOMMatrix`, rendering may be broken: "Error: Cannot find module 'canvas'
2026-06-10 14:07:41: Require stack:
2026-06-10 14:07:41: - C:\Users\joshu\OneDrive\Documents\dnd\00 - Campaigns\Northwatch Wardens - (HomeBrew)\web\node_modules\pdfjs-dist\legacy\build\pdf.js
2026-06-10 14:07:41: - C:\Users\joshu\OneDrive\Documents\dnd\00 - Campaigns\Northwatch Wardens - (HomeBrew)\web\lib\pdf-indexer.js
2026-06-10 14:07:41: - C:\Users\joshu\OneDrive\Documents\dnd\00 - Campaigns\Northwatch Wardens - (HomeBrew)\web\server.js".
2026-06-10 14:07:41: Warning: Cannot polyfill `Path2D`, rendering may be broken: "Error: Cannot find module 'canvas'
2026-06-10 14:07:41: Require stack:
2026-06-10 14:07:41: - C:\Users\joshu\OneDrive\Documents\dnd\00 - Campaigns\Northwatch Wardens - (HomeBrew)\web\node_modules\pdfjs-dist\legacy\build\pdf.js
2026-06-10 14:07:41: - C:\Users\joshu\OneDrive\Documents\dnd\00 - Campaigns\Northwatch Wardens - (HomeBrew)\web\lib\pdf-indexer.js
2026-06-10 14:07:41: - C:\Users\joshu\OneDrive\Documents\dnd\00 - Campaigns\Northwatch Wardens - (HomeBrew)\web\server.js".
2026-06-10 14:07:44: Warning: Cannot polyfill `DOMMatrix`, rendering may be broken: "Error: Cannot find module 'canvas'
2026-06-10 14:07:44: Require stack:
2026-06-10 14:07:44: - C:\Users\joshu\OneDrive\Documents\dnd\00 - Campaigns\Northwatch Wardens - (HomeBrew)\web\node_modules\pdfjs-dist\legacy\build\pdf.js
2026-06-10 14:07:44: - C:\Users\joshu\OneDrive\Documents\dnd\00 - Campaigns\Northwatch Wardens - (HomeBrew)\web\lib\pdf-indexer.js
2026-06-10 14:07:44: - C:\Users\joshu\OneDrive\Documents\dnd\00 - Campaigns\Northwatch Wardens - (HomeBrew)\web\server.js".
2026-06-10 14:07:44: Warning: Cannot polyfill `Path2D`, rendering may be broken: "Error: Cannot find module 'canvas'
2026-06-10 14:07:44: Require stack:
2026-06-10 14:07:44: - C:\Users\joshu\OneDrive\Documents\dnd\00 - Campaigns\Northwatch Wardens - (HomeBrew)\web\node_modules\pdfjs-dist\legacy\build\pdf.js
2026-06-10 14:07:44: - C:\Users\joshu\OneDrive\Documents\dnd\00 - Campaigns\Northwatch Wardens - (HomeBrew)\web\lib\pdf-indexer.js
2026-06-10 14:07:44: - C:\Users\joshu\OneDrive\Documents\dnd\00 - Campaigns\Northwatch Wardens - (HomeBrew)\web\server.js".
2026-06-10 14:07:47: Warning: Cannot polyfill `DOMMatrix`, rendering may be broken: "Error: Cannot find module 'canvas'
2026-06-10 14:07:47: Require stack:
2026-06-10 14:07:47: - C:\Users\joshu\OneDrive\Documents\dnd\00 - Campaigns\Northwatch Wardens - (HomeBrew)\web\node_modules\pdfjs-dist\legacy\build\pdf.js
2026-06-10 14:07:47: - C:\Users\joshu\OneDrive\Documents\dnd\00 - Campaigns\Northwatch Wardens - (HomeBrew)\web\lib\pdf-indexer.js
2026-06-10 14:07:47: - C:\Users\joshu\OneDrive\Documents\dnd\00 - Campaigns\Northwatch Wardens - (HomeBrew)\web\server.js".
2026-06-10 14:07:47: Warning: Cannot polyfill `Path2D`, rendering may be broken: "Error: Cannot find module 'canvas'
2026-06-10 14:07:47: Require stack:
2026-06-10 14:07:47: - C:\Users\joshu\OneDrive\Documents\dnd\00 - Campaigns\Northwatch Wardens - (HomeBrew)\web\node_modules\pdfjs-dist\legacy\build\pdf.js
2026-06-10 14:07:47: - C:\Users\joshu\OneDrive\Documents\dnd\00 - Campaigns\Northwatch Wardens - (HomeBrew)\web\lib\pdf-indexer.js
2026-06-10 14:07:47: - C:\Users\joshu\OneDrive\Documents\dnd\00 - Campaigns\Northwatch Wardens - (HomeBrew)\web\server.js".
2026-06-10 14:07:49: Warning: Cannot polyfill `DOMMatrix`, rendering may be broken: "Error: Cannot find module 'canvas'
2026-06-10 14:07:49: Require stack:
2026-06-10 14:07:49: - C:\Users\joshu\OneDrive\Documents\dnd\00 - Campaigns\Northwatch Wardens - (HomeBrew)\web\node_modules\pdfjs-dist\legacy\build\pdf.js
2026-06-10 14:07:49: - C:\Users\joshu\OneDrive\Documents\dnd\00 - Campaigns\Northwatch Wardens - (HomeBrew)\web\lib\pdf-indexer.js
2026-06-10 14:07:49: - C:\Users\joshu\OneDrive\Documents\dnd\00 - Campaigns\Northwatch Wardens - (HomeBrew)\web\server.js".
2026-06-10 14:07:49: Warning: Cannot polyfill `Path2D`, rendering may be broken: "Error: Cannot find module 'canvas'
2026-06-10 14:07:49: Require stack:
2026-06-10 14:07:49: - C:\Users\joshu\OneDrive\Documents\dnd\00 - Campaigns\Northwatch Wardens - (HomeBrew)\web\node_modules\pdfjs-dist\legacy\build\pdf.js
2026-06-10 14:07:49: - C:\Users\joshu\OneDrive\Documents\dnd\00 - Campaigns\Northwatch Wardens - (HomeBrew)\web\lib\pdf-indexer.js
2026-06-10 14:07:49: - C:\Users\joshu\OneDrive\Documents\dnd\00 - Campaigns\Northwatch Wardens - (HomeBrew)\web\server.js".
2026-06-10 14:07:52: Warning: Cannot polyfill `DOMMatrix`, rendering may be broken: "Error: Cannot find module 'canvas'
2026-06-10 14:07:52: Require stack:
2026-06-10 14:07:52: - C:\Users\joshu\OneDrive\Documents\dnd\00 - Campaigns\Northwatch Wardens - (HomeBrew)\web\node_modules\pdfjs-dist\legacy\build\pdf.js
2026-06-10 14:07:52: - C:\Users\joshu\OneDrive\Documents\dnd\00 - Campaigns\Northwatch Wardens - (HomeBrew)\web\lib\pdf-indexer.js
2026-06-10 14:07:52: - C:\Users\joshu\OneDrive\Documents\dnd\00 - Campaigns\Northwatch Wardens - (HomeBrew)\web\server.js".
2026-06-10 14:07:52: Warning: Cannot polyfill `Path2D`, rendering may be broken: "Error: Cannot find module 'canvas'
2026-06-10 14:07:52: Require stack:
2026-06-10 14:07:52: - C:\Users\joshu\OneDrive\Documents\dnd\00 - Campaigns\Northwatch Wardens - (HomeBrew)\web\node_modules\pdfjs-dist\legacy\build\pdf.js
2026-06-10 14:07:52: - C:\Users\joshu\OneDrive\Documents\dnd\00 - Campaigns\Northwatch Wardens - (HomeBrew)\web\lib\pdf-indexer.js
2026-06-10 14:07:52: - C:\Users\joshu\OneDrive\Documents\dnd\00 - Campaigns\Northwatch Wardens - (HomeBrew)\web\server.js".
2026-06-10 14:07:55: Warning: Cannot polyfill `DOMMatrix`, rendering may be broken: "Error: Cannot find module 'canvas'
2026-06-10 14:07:55: Require stack:
2026-06-10 14:07:55: - C:\Users\joshu\OneDrive\Documents\dnd\00 - Campaigns\Northwatch Wardens - (HomeBrew)\web\node_modules\pdfjs-dist\legacy\build\pdf.js
2026-06-10 14:07:55: - C:\Users\joshu\OneDrive\Documents\dnd\00 - Campaigns\Northwatch Wardens - (HomeBrew)\web\lib\pdf-indexer.js
2026-06-10 14:07:55: - C:\Users\joshu\OneDrive\Documents\dnd\00 - Campaigns\Northwatch Wardens - (HomeBrew)\web\server.js".
2026-06-10 14:07:55: Warning: Cannot polyfill `Path2D`, rendering may be broken: "Error: Cannot find module 'canvas'
2026-06-10 14:07:55: Require stack:
2026-06-10 14:07:55: - C:\Users\joshu\OneDrive\Documents\dnd\00 - Campaigns\Northwatch Wardens - (HomeBrew)\web\node_modules\pdfjs-dist\legacy\build\pdf.js
2026-06-10 14:07:55: - C:\Users\joshu\OneDrive\Documents\dnd\00 - Campaigns\Northwatch Wardens - (HomeBrew)\web\lib\pdf-indexer.js
2026-06-10 14:07:55: - C:\Users\joshu\OneDrive\Documents\dnd\00 - Campaigns\Northwatch Wardens - (HomeBrew)\web\server.js".
2026-06-10 14:07:57: Warning: Cannot polyfill `DOMMatrix`, rendering may be broken: "Error: Cannot find module 'canvas'
2026-06-10 14:07:57: Require stack:
2026-06-10 14:07:57: - C:\Users\joshu\OneDrive\Documents\dnd\00 - Campaigns\Northwatch Wardens - (HomeBrew)\web\node_modules\pdfjs-dist\legacy\build\pdf.js
2026-06-10 14:07:57: - C:\Users\joshu\OneDrive\Documents\dnd\00 - Campaigns\Northwatch Wardens - (HomeBrew)\web\lib\pdf-indexer.js
2026-06-10 14:07:57: - C:\Users\joshu\OneDrive\Documents\dnd\00 - Campaigns\Northwatch Wardens - (HomeBrew)\web\server.js".
2026-06-10 14:07:57: Warning: Cannot polyfill `Path2D`, rendering may be broken: "Error: Cannot find module 'canvas'
2026-06-10 14:07:57: Require stack:
2026-06-10 14:07:57: - C:\Users\joshu\OneDrive\Documents\dnd\00 - Campaigns\Northwatch Wardens - (HomeBrew)\web\node_modules\pdfjs-dist\legacy\build\pdf.js
2026-06-10 14:07:57: - C:\Users\joshu\OneDrive\Documents\dnd\00 - Campaigns\Northwatch Wardens - (HomeBrew)\web\lib\pdf-indexer.js
2026-06-10 14:07:57: - C:\Users\joshu\OneDrive\Documents\dnd\00 - Campaigns\Northwatch Wardens - (HomeBrew)\web\server.js".
2026-06-10 14:08:00: Warning: Cannot polyfill `DOMMatrix`, rendering may be broken: "Error: Cannot find module 'canvas'
2026-06-10 14:08:00: Require stack:
2026-06-10 14:08:00: - C:\Users\joshu\OneDrive\Documents\dnd\00 - Campaigns\Northwatch Wardens - (HomeBrew)\web\node_modules\pdfjs-dist\legacy\build\pdf.js
2026-06-10 14:08:00: - C:\Users\joshu\OneDrive\Documents\dnd\00 - Campaigns\Northwatch Wardens - (HomeBrew)\web\lib\pdf-indexer.js
2026-06-10 14:08:00: - C:\Users\joshu\OneDrive\Documents\dnd\00 - Campaigns\Northwatch Wardens - (HomeBrew)\web\server.js".
2026-06-10 14:08:00: Warning: Cannot polyfill `Path2D`, rendering may be broken: "Error: Cannot find module 'canvas'
2026-06-10 14:08:00: Require stack:
2026-06-10 14:08:00: - C:\Users\joshu\OneDrive\Documents\dnd\00 - Campaigns\Northwatch Wardens - (HomeBrew)\web\node_modules\pdfjs-dist\legacy\build\pdf.js
2026-06-10 14:08:00: - C:\Users\joshu\OneDrive\Documents\dnd\00 - Campaigns\Northwatch Wardens - (HomeBrew)\web\lib\pdf-indexer.js
2026-06-10 14:08:00: - C:\Users\joshu\OneDrive\Documents\dnd\00 - Campaigns\Northwatch Wardens - (HomeBrew)\web\server.js".
2026-06-10 14:08:03: Warning: Cannot polyfill `DOMMatrix`, rendering may be broken: "Error: Cannot find module 'canvas'
2026-06-10 14:08:03: Require stack:
2026-06-10 14:08:03: - C:\Users\joshu\OneDrive\Documents\dnd\00 - Campaigns\Northwatch Wardens - (HomeBrew)\web\node_modules\pdfjs-dist\legacy\build\pdf.js
2026-06-10 14:08:03: - C:\Users\joshu\OneDrive\Documents\dnd\00 - Campaigns\Northwatch Wardens - (HomeBrew)\web\lib\pdf-indexer.js
2026-06-10 14:08:03: - C:\Users\joshu\OneDrive\Documents\dnd\00 - Campaigns\Northwatch Wardens - (HomeBrew)\web\server.js".
2026-06-10 14:08:03: Warning: Cannot polyfill `Path2D`, rendering may be broken: "Error: Cannot find module 'canvas'
2026-06-10 14:08:03: Require stack:
2026-06-10 14:08:03: - C:\Users\joshu\OneDrive\Documents\dnd\00 - Campaigns\Northwatch Wardens - (HomeBrew)\web\node_modules\pdfjs-dist\legacy\build\pdf.js
2026-06-10 14:08:03: - C:\Users\joshu\OneDrive\Documents\dnd\00 - Campaigns\Northwatch Wardens - (HomeBrew)\web\lib\pdf-indexer.js
2026-06-10 14:08:03: - C:\Users\joshu\OneDrive\Documents\dnd\00 - Campaigns\Northwatch Wardens - (HomeBrew)\web\server.js".
2026-06-10 14:08:06: Warning: Cannot polyfill `DOMMatrix`, rendering may be broken: "Error: Cannot find module 'canvas'
2026-06-10 14:08:06: Require stack:
2026-06-10 14:08:06: - C:\Users\joshu\OneDrive\Documents\dnd\00 - Campaigns\Northwatch Wardens - (HomeBrew)\web\node_modules\pdfjs-dist\legacy\build\pdf.js
2026-06-10 14:08:06: - C:\Users\joshu\OneDrive\Documents\dnd\00 - Campaigns\Northwatch Wardens - (HomeBrew)\web\lib\pdf-indexer.js
2026-06-10 14:08:06: - C:\Users\joshu\OneDrive\Documents\dnd\00 - Campaigns\Northwatch Wardens - (HomeBrew)\web\server.js".
2026-06-10 14:08:06: Warning: Cannot polyfill `Path2D`, rendering may be broken: "Error: Cannot find module 'canvas'
2026-06-10 14:08:06: Require stack:
2026-06-10 14:08:06: - C:\Users\joshu\OneDrive\Documents\dnd\00 - Campaigns\Northwatch Wardens - (HomeBrew)\web\node_modules\pdfjs-dist\legacy\build\pdf.js
2026-06-10 14:08:06: - C:\Users\joshu\OneDrive\Documents\dnd\00 - Campaigns\Northwatch Wardens - (HomeBrew)\web\lib\pdf-indexer.js
2026-06-10 14:08:06: - C:\Users\joshu\OneDrive\Documents\dnd\00 - Campaigns\Northwatch Wardens - (HomeBrew)\web\server.js".
2026-06-10 14:08:10: Warning: Cannot polyfill `DOMMatrix`, rendering may be broken: "Error: Cannot find module 'canvas'
2026-06-10 14:08:10: Require stack:
2026-06-10 14:08:10: - C:\Users\joshu\OneDrive\Documents\dnd\00 - Campaigns\Northwatch Wardens - (HomeBrew)\web\node_modules\pdfjs-dist\legacy\build\pdf.js
2026-06-10 14:08:10: - C:\Users\joshu\OneDrive\Documents\dnd\00 - Campaigns\Northwatch Wardens - (HomeBrew)\web\lib\pdf-indexer.js
2026-06-10 14:08:10: - C:\Users\joshu\OneDrive\Documents\dnd\00 - Campaigns\Northwatch Wardens - (HomeBrew)\web\server.js".
2026-06-10 14:08:10: Warning: Cannot polyfill `Path2D`, rendering may be broken: "Error: Cannot find module 'canvas'
2026-06-10 14:08:10: Require stack:
2026-06-10 14:08:10: - C:\Users\joshu\OneDrive\Documents\dnd\00 - Campaigns\Northwatch Wardens - (HomeBrew)\web\node_modules\pdfjs-dist\legacy\build\pdf.js
2026-06-10 14:08:10: - C:\Users\joshu\OneDrive\Documents\dnd\00 - Campaigns\Northwatch Wardens - (HomeBrew)\web\lib\pdf-indexer.js
2026-06-10 14:08:10: - C:\Users\joshu\OneDrive\Documents\dnd\00 - Campaigns\Northwatch Wardens - (HomeBrew)\web\server.js".
2026-06-10 14:08:14: Warning: Cannot polyfill `DOMMatrix`, rendering may be broken: "Error: Cannot find module 'canvas'
2026-06-10 14:08:14: Require stack:
2026-06-10 14:08:14: - C:\Users\joshu\OneDrive\Documents\dnd\00 - Campaigns\Northwatch Wardens - (HomeBrew)\web\node_modules\pdfjs-dist\legacy\build\pdf.js
2026-06-10 14:08:14: - C:\Users\joshu\OneDrive\Documents\dnd\00 - Campaigns\Northwatch Wardens - (HomeBrew)\web\lib\pdf-indexer.js
2026-06-10 14:08:14: - C:\Users\joshu\OneDrive\Documents\dnd\00 - Campaigns\Northwatch Wardens - (HomeBrew)\web\server.js".
2026-06-10 14:08:14: Warning: Cannot polyfill `Path2D`, rendering may be broken: "Error: Cannot find module 'canvas'
2026-06-10 14:08:14: Require stack:
2026-06-10 14:08:14: - C:\Users\joshu\OneDrive\Documents\dnd\00 - Campaigns\Northwatch Wardens - (HomeBrew)\web\node_modules\pdfjs-dist\legacy\build\pdf.js
2026-06-10 14:08:14: - C:\Users\joshu\OneDrive\Documents\dnd\00 - Campaigns\Northwatch Wardens - (HomeBrew)\web\lib\pdf-indexer.js
2026-06-10 14:08:14: - C:\Users\joshu\OneDrive\Documents\dnd\00 - Campaigns\Northwatch Wardens - (HomeBrew)\web\server.js".
2026-06-10 14:08:18: Warning: Cannot polyfill `DOMMatrix`, rendering may be broken: "Error: Cannot find module 'canvas'
2026-06-10 14:08:18: Require stack:
2026-06-10 14:08:18: - C:\Users\joshu\OneDrive\Documents\dnd\00 - Campaigns\Northwatch Wardens - (HomeBrew)\web\node_modules\pdfjs-dist\legacy\build\pdf.js
2026-06-10 14:08:18: - C:\Users\joshu\OneDrive\Documents\dnd\00 - Campaigns\Northwatch Wardens - (HomeBrew)\web\lib\pdf-indexer.js
2026-06-10 14:08:18: - C:\Users\joshu\OneDrive\Documents\dnd\00 - Campaigns\Northwatch Wardens - (HomeBrew)\web\server.js".
2026-06-10 14:08:18: Warning: Cannot polyfill `Path2D`, rendering may be broken: "Error: Cannot find module 'canvas'
2026-06-10 14:08:18: Require stack:
2026-06-10 14:08:18: - C:\Users\joshu\OneDrive\Documents\dnd\00 - Campaigns\Northwatch Wardens - (HomeBrew)\web\node_modules\pdfjs-dist\legacy\build\pdf.js
2026-06-10 14:08:18: - C:\Users\joshu\OneDrive\Documents\dnd\00 - Campaigns\Northwatch Wardens - (HomeBrew)\web\lib\pdf-indexer.js
2026-06-10 14:08:18: - C:\Users\joshu\OneDrive\Documents\dnd\00 - Campaigns\Northwatch Wardens - (HomeBrew)\web\server.js".
2026-06-10 14:08:23: Warning: Cannot polyfill `DOMMatrix`, rendering may be broken: "Error: Cannot find module 'canvas'
2026-06-10 14:08:23: Require stack:
2026-06-10 14:08:23: - C:\Users\joshu\OneDrive\Documents\dnd\00 - Campaigns\Northwatch Wardens - (HomeBrew)\web\node_modules\pdfjs-dist\legacy\build\pdf.js
2026-06-10 14:08:23: - C:\Users\joshu\OneDrive\Documents\dnd\00 - Campaigns\Northwatch Wardens - (HomeBrew)\web\lib\pdf-indexer.js
2026-06-10 14:08:23: - C:\Users\joshu\OneDrive\Documents\dnd\00 - Campaigns\Northwatch Wardens - (HomeBrew)\web\server.js".
2026-06-10 14:08:23: Warning: Cannot polyfill `Path2D`, rendering may be broken: "Error: Cannot find module 'canvas'
2026-06-10 14:08:23: Require stack:
2026-06-10 14:08:23: - C:\Users\joshu\OneDrive\Documents\dnd\00 - Campaigns\Northwatch Wardens - (HomeBrew)\web\node_modules\pdfjs-dist\legacy\build\pdf.js
2026-06-10 14:08:23: - C:\Users\joshu\OneDrive\Documents\dnd\00 - Campaigns\Northwatch Wardens - (HomeBrew)\web\lib\pdf-indexer.js
2026-06-10 14:08:23: - C:\Users\joshu\OneDrive\Documents\dnd\00 - Campaigns\Northwatch Wardens - (HomeBrew)\web\server.js".
2026-06-10 14:08:28: Warning: Cannot polyfill `DOMMatrix`, rendering may be broken: "Error: Cannot find module 'canvas'
2026-06-10 14:08:28: Require stack:
2026-06-10 14:08:28: - C:\Users\joshu\OneDrive\Documents\dnd\00 - Campaigns\Northwatch Wardens - (HomeBrew)\web\node_modules\pdfjs-dist\legacy\build\pdf.js
2026-06-10 14:08:28: - C:\Users\joshu\OneDrive\Documents\dnd\00 - Campaigns\Northwatch Wardens - (HomeBrew)\web\lib\pdf-indexer.js
2026-06-10 14:08:28: - C:\Users\joshu\OneDrive\Documents\dnd\00 - Campaigns\Northwatch Wardens - (HomeBrew)\web\server.js".
2026-06-10 14:08:28: Warning: Cannot polyfill `Path2D`, rendering may be broken: "Error: Cannot find module 'canvas'
2026-06-10 14:08:28: Require stack:
2026-06-10 14:08:28: - C:\Users\joshu\OneDrive\Documents\dnd\00 - Campaigns\Northwatch Wardens - (HomeBrew)\web\node_modules\pdfjs-dist\legacy\build\pdf.js
2026-06-10 14:08:28: - C:\Users\joshu\OneDrive\Documents\dnd\00 - Campaigns\Northwatch Wardens - (HomeBrew)\web\lib\pdf-indexer.js
2026-06-10 14:08:28: - C:\Users\joshu\OneDrive\Documents\dnd\00 - Campaigns\Northwatch Wardens - (HomeBrew)\web\server.js".
2026-06-10 14:08:33: Warning: Cannot polyfill `DOMMatrix`, rendering may be broken: "Error: Cannot find module 'canvas'
2026-06-10 14:08:33: Require stack:
2026-06-10 14:08:33: - C:\Users\joshu\OneDrive\Documents\dnd\00 - Campaigns\Northwatch Wardens - (HomeBrew)\web\node_modules\pdfjs-dist\legacy\build\pdf.js
2026-06-10 14:08:33: - C:\Users\joshu\OneDrive\Documents\dnd\00 - Campaigns\Northwatch Wardens - (HomeBrew)\web\lib\pdf-indexer.js
2026-06-10 14:08:33: - C:\Users\joshu\OneDrive\Documents\dnd\00 - Campaigns\Northwatch Wardens - (HomeBrew)\web\server.js".
2026-06-10 14:08:33: Warning: Cannot polyfill `Path2D`, rendering may be broken: "Error: Cannot find module 'canvas'
2026-06-10 14:08:33: Require stack:
2026-06-10 14:08:33: - C:\Users\joshu\OneDrive\Documents\dnd\00 - Campaigns\Northwatch Wardens - (HomeBrew)\web\node_modules\pdfjs-dist\legacy\build\pdf.js
2026-06-10 14:08:33: - C:\Users\joshu\OneDrive\Documents\dnd\00 - Campaigns\Northwatch Wardens - (HomeBrew)\web\lib\pdf-indexer.js
2026-06-10 14:08:33: - C:\Users\joshu\OneDrive\Documents\dnd\00 - Campaigns\Northwatch Wardens - (HomeBrew)\web\server.js".
2026-06-10 14:08:37: Warning: Cannot polyfill `DOMMatrix`, rendering may be broken: "Error: Cannot find module 'canvas'
2026-06-10 14:08:37: Require stack:
2026-06-10 14:08:37: - C:\Users\joshu\OneDrive\Documents\dnd\00 - Campaigns\Northwatch Wardens - (HomeBrew)\web\node_modules\pdfjs-dist\legacy\build\pdf.js
2026-06-10 14:08:37: - C:\Users\joshu\OneDrive\Documents\dnd\00 - Campaigns\Northwatch Wardens - (HomeBrew)\web\lib\pdf-indexer.js
2026-06-10 14:08:37: - C:\Users\joshu\OneDrive\Documents\dnd\00 - Campaigns\Northwatch Wardens - (HomeBrew)\web\server.js".
2026-06-10 14:08:37: Warning: Cannot polyfill `Path2D`, rendering may be broken: "Error: Cannot find module 'canvas'
2026-06-10 14:08:37: Require stack:
2026-06-10 14:08:37: - C:\Users\joshu\OneDrive\Documents\dnd\00 - Campaigns\Northwatch Wardens - (HomeBrew)\web\node_modules\pdfjs-dist\legacy\build\pdf.js
2026-06-10 14:08:37: - C:\Users\joshu\OneDrive\Documents\dnd\00 - Campaigns\Northwatch Wardens - (HomeBrew)\web\lib\pdf-indexer.js
2026-06-10 14:08:37: - C:\Users\joshu\OneDrive\Documents\dnd\00 - Campaigns\Northwatch Wardens - (HomeBrew)\web\server.js".
2026-06-10 14:08:41: Warning: Cannot polyfill `DOMMatrix`, rendering may be broken: "Error: Cannot find module 'canvas'
2026-06-10 14:08:41: Require stack:
2026-06-10 14:08:41: - C:\Users\joshu\OneDrive\Documents\dnd\00 - Campaigns\Northwatch Wardens - (HomeBrew)\web\node_modules\pdfjs-dist\legacy\build\pdf.js
2026-06-10 14:08:41: - C:\Users\joshu\OneDrive\Documents\dnd\00 - Campaigns\Northwatch Wardens - (HomeBrew)\web\lib\pdf-indexer.js
2026-06-10 14:08:41: - C:\Users\joshu\OneDrive\Documents\dnd\00 - Campaigns\Northwatch Wardens - (HomeBrew)\web\server.js".
2026-06-10 14:08:41: Warning: Cannot polyfill `Path2D`, rendering may be broken: "Error: Cannot find module 'canvas'
2026-06-10 14:08:41: Require stack:
2026-06-10 14:08:41: - C:\Users\joshu\OneDrive\Documents\dnd\00 - Campaigns\Northwatch Wardens - (HomeBrew)\web\node_modules\pdfjs-dist\legacy\build\pdf.js
2026-06-10 14:08:41: - C:\Users\joshu\OneDrive\Documents\dnd\00 - Campaigns\Northwatch Wardens - (HomeBrew)\web\lib\pdf-indexer.js
2026-06-10 14:08:41: - C:\Users\joshu\OneDrive\Documents\dnd\00 - Campaigns\Northwatch Wardens - (HomeBrew)\web\server.js".
2026-06-10 14:08:44: Warning: Cannot polyfill `DOMMatrix`, rendering may be broken: "Error: Cannot find module 'canvas'
2026-06-10 14:08:44: Require stack:
2026-06-10 14:08:44: - C:\Users\joshu\OneDrive\Documents\dnd\00 - Campaigns\Northwatch Wardens - (HomeBrew)\web\node_modules\pdfjs-dist\legacy\build\pdf.js
2026-06-10 14:08:44: - C:\Users\joshu\OneDrive\Documents\dnd\00 - Campaigns\Northwatch Wardens - (HomeBrew)\web\lib\pdf-indexer.js
2026-06-10 14:08:44: - C:\Users\joshu\OneDrive\Documents\dnd\00 - Campaigns\Northwatch Wardens - (HomeBrew)\web\server.js".
2026-06-10 14:08:44: Warning: Cannot polyfill `Path2D`, rendering may be broken: "Error: Cannot find module 'canvas'
2026-06-10 14:08:44: Require stack:
2026-06-10 14:08:44: - C:\Users\joshu\OneDrive\Documents\dnd\00 - Campaigns\Northwatch Wardens - (HomeBrew)\web\node_modules\pdfjs-dist\legacy\build\pdf.js
2026-06-10 14:08:44: - C:\Users\joshu\OneDrive\Documents\dnd\00 - Campaigns\Northwatch Wardens - (HomeBrew)\web\lib\pdf-indexer.js
2026-06-10 14:08:44: - C:\Users\joshu\OneDrive\Documents\dnd\00 - Campaigns\Northwatch Wardens - (HomeBrew)\web\server.js".
2026-06-10 14:08:47: Warning: Cannot polyfill `DOMMatrix`, rendering may be broken: "Error: Cannot find module 'canvas'
2026-06-10 14:08:47: Require stack:
2026-06-10 14:08:47: - C:\Users\joshu\OneDrive\Documents\dnd\00 - Campaigns\Northwatch Wardens - (HomeBrew)\web\node_modules\pdfjs-dist\legacy\build\pdf.js
2026-06-10 14:08:47: - C:\Users\joshu\OneDrive\Documents\dnd\00 - Campaigns\Northwatch Wardens - (HomeBrew)\web\lib\pdf-indexer.js
2026-06-10 14:08:47: - C:\Users\joshu\OneDrive\Documents\dnd\00 - Campaigns\Northwatch Wardens - (HomeBrew)\web\server.js".
2026-06-10 14:08:47: Warning: Cannot polyfill `Path2D`, rendering may be broken: "Error: Cannot find module 'canvas'
2026-06-10 14:08:47: Require stack:
2026-06-10 14:08:47: - C:\Users\joshu\OneDrive\Documents\dnd\00 - Campaigns\Northwatch Wardens - (HomeBrew)\web\node_modules\pdfjs-dist\legacy\build\pdf.js
2026-06-10 14:08:47: - C:\Users\joshu\OneDrive\Documents\dnd\00 - Campaigns\Northwatch Wardens - (HomeBrew)\web\lib\pdf-indexer.js
2026-06-10 14:08:47: - C:\Users\joshu\OneDrive\Documents\dnd\00 - Campaigns\Northwatch Wardens - (HomeBrew)\web\server.js".
2026-06-10 14:08:51: Warning: Cannot polyfill `DOMMatrix`, rendering may be broken: "Error: Cannot find module 'canvas'
2026-06-10 14:08:51: Require stack:
2026-06-10 14:08:51: - C:\Users\joshu\OneDrive\Documents\dnd\00 - Campaigns\Northwatch Wardens - (HomeBrew)\web\node_modules\pdfjs-dist\legacy\build\pdf.js
2026-06-10 14:08:51: - C:\Users\joshu\OneDrive\Documents\dnd\00 - Campaigns\Northwatch Wardens - (HomeBrew)\web\lib\pdf-indexer.js
2026-06-10 14:08:51: - C:\Users\joshu\OneDrive\Documents\dnd\00 - Campaigns\Northwatch Wardens - (HomeBrew)\web\server.js".
2026-06-10 14:08:51: Warning: Cannot polyfill `Path2D`, rendering may be broken: "Error: Cannot find module 'canvas'
2026-06-10 14:08:51: Require stack:
2026-06-10 14:08:51: - C:\Users\joshu\OneDrive\Documents\dnd\00 - Campaigns\Northwatch Wardens - (HomeBrew)\web\node_modules\pdfjs-dist\legacy\build\pdf.js
2026-06-10 14:08:51: - C:\Users\joshu\OneDrive\Documents\dnd\00 - Campaigns\Northwatch Wardens - (HomeBrew)\web\lib\pdf-indexer.js
2026-06-10 14:08:51: - C:\Users\joshu\OneDrive\Documents\dnd\00 - Campaigns\Northwatch Wardens - (HomeBrew)\web\server.js".
2026-06-10 14:08:54: Warning: Cannot polyfill `DOMMatrix`, rendering may be broken: "Error: Cannot find module 'canvas'
2026-06-10 14:08:54: Require stack:
2026-06-10 14:08:54: - C:\Users\joshu\OneDrive\Documents\dnd\00 - Campaigns\Northwatch Wardens - (HomeBrew)\web\node_modules\pdfjs-dist\legacy\build\pdf.js
2026-06-10 14:08:54: - C:\Users\joshu\OneDrive\Documents\dnd\00 - Campaigns\Northwatch Wardens - (HomeBrew)\web\lib\pdf-indexer.js
2026-06-10 14:08:54: - C:\Users\joshu\OneDrive\Documents\dnd\00 - Campaigns\Northwatch Wardens - (HomeBrew)\web\server.js".
2026-06-10 14:08:54: Warning: Cannot polyfill `Path2D`, rendering may be broken: "Error: Cannot find module 'canvas'
2026-06-10 14:08:54: Require stack:
2026-06-10 14:08:54: - C:\Users\joshu\OneDrive\Documents\dnd\00 - Campaigns\Northwatch Wardens - (HomeBrew)\web\node_modules\pdfjs-dist\legacy\build\pdf.js
2026-06-10 14:08:54: - C:\Users\joshu\OneDrive\Documents\dnd\00 - Campaigns\Northwatch Wardens - (HomeBrew)\web\lib\pdf-indexer.js
2026-06-10 14:08:54: - C:\Users\joshu\OneDrive\Documents\dnd\00 - Campaigns\Northwatch Wardens - (HomeBrew)\web\server.js".
2026-06-10 14:08:57: Warning: Cannot polyfill `DOMMatrix`, rendering may be broken: "Error: Cannot find module 'canvas'
2026-06-10 14:08:57: Require stack:
2026-06-10 14:08:57: - C:\Users\joshu\OneDrive\Documents\dnd\00 - Campaigns\Northwatch Wardens - (HomeBrew)\web\node_modules\pdfjs-dist\legacy\build\pdf.js
2026-06-10 14:08:57: - C:\Users\joshu\OneDrive\Documents\dnd\00 - Campaigns\Northwatch Wardens - (HomeBrew)\web\lib\pdf-indexer.js
2026-06-10 14:08:57: - C:\Users\joshu\OneDrive\Documents\dnd\00 - Campaigns\Northwatch Wardens - (HomeBrew)\web\server.js".
2026-06-10 14:08:57: Warning: Cannot polyfill `Path2D`, rendering may be broken: "Error: Cannot find module 'canvas'
2026-06-10 14:08:57: Require stack:
2026-06-10 14:08:57: - C:\Users\joshu\OneDrive\Documents\dnd\00 - Campaigns\Northwatch Wardens - (HomeBrew)\web\node_modules\pdfjs-dist\legacy\build\pdf.js
2026-06-10 14:08:57: - C:\Users\joshu\OneDrive\Documents\dnd\00 - Campaigns\Northwatch Wardens - (HomeBrew)\web\lib\pdf-indexer.js
2026-06-10 14:08:57: - C:\Users\joshu\OneDrive\Documents\dnd\00 - Campaigns\Northwatch Wardens - (HomeBrew)\web\server.js".
2026-06-10 14:09:01: Warning: Cannot polyfill `DOMMatrix`, rendering may be broken: "Error: Cannot find module 'canvas'
2026-06-10 14:09:01: Require stack:
2026-06-10 14:09:01: - C:\Users\joshu\OneDrive\Documents\dnd\00 - Campaigns\Northwatch Wardens - (HomeBrew)\web\node_modules\pdfjs-dist\legacy\build\pdf.js
2026-06-10 14:09:01: - C:\Users\joshu\OneDrive\Documents\dnd\00 - Campaigns\Northwatch Wardens - (HomeBrew)\web\lib\pdf-indexer.js
2026-06-10 14:09:01: - C:\Users\joshu\OneDrive\Documents\dnd\00 - Campaigns\Northwatch Wardens - (HomeBrew)\web\server.js".
2026-06-10 14:09:01: Warning: Cannot polyfill `Path2D`, rendering may be broken: "Error: Cannot find module 'canvas'
2026-06-10 14:09:01: Require stack:
2026-06-10 14:09:01: - C:\Users\joshu\OneDrive\Documents\dnd\00 - Campaigns\Northwatch Wardens - (HomeBrew)\web\node_modules\pdfjs-dist\legacy\build\pdf.js
2026-06-10 14:09:01: - C:\Users\joshu\OneDrive\Documents\dnd\00 - Campaigns\Northwatch Wardens - (HomeBrew)\web\lib\pdf-indexer.js
2026-06-10 14:09:01: - C:\Users\joshu\OneDrive\Documents\dnd\00 - Campaigns\Northwatch Wardens - (HomeBrew)\web\server.js".
2026-06-10 14:09:04: Warning: Cannot polyfill `DOMMatrix`, rendering may be broken: "Error: Cannot find module 'canvas'
2026-06-10 14:09:04: Require stack:
2026-06-10 14:09:04: - C:\Users\joshu\OneDrive\Documents\dnd\00 - Campaigns\Northwatch Wardens - (HomeBrew)\web\node_modules\pdfjs-dist\legacy\build\pdf.js
2026-06-10 14:09:04: - C:\Users\joshu\OneDrive\Documents\dnd\00 - Campaigns\Northwatch Wardens - (HomeBrew)\web\lib\pdf-indexer.js
2026-06-10 14:09:04: - C:\Users\joshu\OneDrive\Documents\dnd\00 - Campaigns\Northwatch Wardens - (HomeBrew)\web\server.js".
2026-06-10 14:09:04: Warning: Cannot polyfill `Path2D`, rendering may be broken: "Error: Cannot find module 'canvas'
2026-06-10 14:09:04: Require stack:
2026-06-10 14:09:04: - C:\Users\joshu\OneDrive\Documents\dnd\00 - Campaigns\Northwatch Wardens - (HomeBrew)\web\node_modules\pdfjs-dist\legacy\build\pdf.js
2026-06-10 14:09:04: - C:\Users\joshu\OneDrive\Documents\dnd\00 - Campaigns\Northwatch Wardens - (HomeBrew)\web\lib\pdf-indexer.js
2026-06-10 14:09:04: - C:\Users\joshu\OneDrive\Documents\dnd\00 - Campaigns\Northwatch Wardens - (HomeBrew)\web\server.js".
2026-06-10 14:09:07: Warning: Cannot polyfill `DOMMatrix`, rendering may be broken: "Error: Cannot find module 'canvas'
2026-06-10 14:09:07: Require stack:
2026-06-10 14:09:07: - C:\Users\joshu\OneDrive\Documents\dnd\00 - Campaigns\Northwatch Wardens - (HomeBrew)\web\node_modules\pdfjs-dist\legacy\build\pdf.js
2026-06-10 14:09:07: - C:\Users\joshu\OneDrive\Documents\dnd\00 - Campaigns\Northwatch Wardens - (HomeBrew)\web\lib\pdf-indexer.js
2026-06-10 14:09:07: - C:\Users\joshu\OneDrive\Documents\dnd\00 - Campaigns\Northwatch Wardens - (HomeBrew)\web\server.js".
2026-06-10 14:09:07: Warning: Cannot polyfill `Path2D`, rendering may be broken: "Error: Cannot find module 'canvas'
2026-06-10 14:09:07: Require stack:
2026-06-10 14:09:07: - C:\Users\joshu\OneDrive\Documents\dnd\00 - Campaigns\Northwatch Wardens - (HomeBrew)\web\node_modules\pdfjs-dist\legacy\build\pdf.js
2026-06-10 14:09:07: - C:\Users\joshu\OneDrive\Documents\dnd\00 - Campaigns\Northwatch Wardens - (HomeBrew)\web\lib\pdf-indexer.js
2026-06-10 14:09:07: - C:\Users\joshu\OneDrive\Documents\dnd\00 - Campaigns\Northwatch Wardens - (HomeBrew)\web\server.js".
2026-06-10 14:09:11: Warning: Cannot polyfill `DOMMatrix`, rendering may be broken: "Error: Cannot find module 'canvas'
2026-06-10 14:09:11: Require stack:
2026-06-10 14:09:11: - C:\Users\joshu\OneDrive\Documents\dnd\00 - Campaigns\Northwatch Wardens - (HomeBrew)\web\node_modules\pdfjs-dist\legacy\build\pdf.js
2026-06-10 14:09:11: - C:\Users\joshu\OneDrive\Documents\dnd\00 - Campaigns\Northwatch Wardens - (HomeBrew)\web\lib\pdf-indexer.js
2026-06-10 14:09:11: - C:\Users\joshu\OneDrive\Documents\dnd\00 - Campaigns\Northwatch Wardens - (HomeBrew)\web\server.js".
2026-06-10 14:09:11: Warning: Cannot polyfill `Path2D`, rendering may be broken: "Error: Cannot find module 'canvas'
2026-06-10 14:09:11: Require stack:
2026-06-10 14:09:11: - C:\Users\joshu\OneDrive\Documents\dnd\00 - Campaigns\Northwatch Wardens - (HomeBrew)\web\node_modules\pdfjs-dist\legacy\build\pdf.js
2026-06-10 14:09:11: - C:\Users\joshu\OneDrive\Documents\dnd\00 - Campaigns\Northwatch Wardens - (HomeBrew)\web\lib\pdf-indexer.js
2026-06-10 14:09:11: - C:\Users\joshu\OneDrive\Documents\dnd\00 - Campaigns\Northwatch Wardens - (HomeBrew)\web\server.js".
2026-06-10 14:09:13: Warning: Cannot polyfill `DOMMatrix`, rendering may be broken: "Error: Cannot find module 'canvas'
2026-06-10 14:09:13: Require stack:
2026-06-10 14:09:13: - C:\Users\joshu\OneDrive\Documents\dnd\00 - Campaigns\Northwatch Wardens - (HomeBrew)\web\node_modules\pdfjs-dist\legacy\build\pdf.js
2026-06-10 14:09:13: - C:\Users\joshu\OneDrive\Documents\dnd\00 - Campaigns\Northwatch Wardens - (HomeBrew)\web\lib\pdf-indexer.js
2026-06-10 14:09:13: - C:\Users\joshu\OneDrive\Documents\dnd\00 - Campaigns\Northwatch Wardens - (HomeBrew)\web\server.js".
2026-06-10 14:09:13: Warning: Cannot polyfill `Path2D`, rendering may be broken: "Error: Cannot find module 'canvas'
2026-06-10 14:09:13: Require stack:
2026-06-10 14:09:13: - C:\Users\joshu\OneDrive\Documents\dnd\00 - Campaigns\Northwatch Wardens - (HomeBrew)\web\node_modules\pdfjs-dist\legacy\build\pdf.js
2026-06-10 14:09:13: - C:\Users\joshu\OneDrive\Documents\dnd\00 - Campaigns\Northwatch Wardens - (HomeBrew)\web\lib\pdf-indexer.js
2026-06-10 14:09:13: - C:\Users\joshu\OneDrive\Documents\dnd\00 - Campaigns\Northwatch Wardens - (HomeBrew)\web\server.js".
2026-06-10 14:09:17: Warning: Cannot polyfill `DOMMatrix`, rendering may be broken: "Error: Cannot find module 'canvas'
2026-06-10 14:09:17: Require stack:
2026-06-10 14:09:17: - C:\Users\joshu\OneDrive\Documents\dnd\00 - Campaigns\Northwatch Wardens - (HomeBrew)\web\node_modules\pdfjs-dist\legacy\build\pdf.js
2026-06-10 14:09:17: - C:\Users\joshu\OneDrive\Documents\dnd\00 - Campaigns\Northwatch Wardens - (HomeBrew)\web\lib\pdf-indexer.js
2026-06-10 14:09:17: - C:\Users\joshu\OneDrive\Documents\dnd\00 - Campaigns\Northwatch Wardens - (HomeBrew)\web\server.js".
2026-06-10 14:09:17: Warning: Cannot polyfill `Path2D`, rendering may be broken: "Error: Cannot find module 'canvas'
2026-06-10 14:09:17: Require stack:
2026-06-10 14:09:17: - C:\Users\joshu\OneDrive\Documents\dnd\00 - Campaigns\Northwatch Wardens - (HomeBrew)\web\node_modules\pdfjs-dist\legacy\build\pdf.js
2026-06-10 14:09:17: - C:\Users\joshu\OneDrive\Documents\dnd\00 - Campaigns\Northwatch Wardens - (HomeBrew)\web\lib\pdf-indexer.js
2026-06-10 14:09:17: - C:\Users\joshu\OneDrive\Documents\dnd\00 - Campaigns\Northwatch Wardens - (HomeBrew)\web\server.js".
2026-06-10 14:09:21: Warning: Cannot polyfill `DOMMatrix`, rendering may be broken: "Error: Cannot find module 'canvas'
2026-06-10 14:09:21: Require stack:
2026-06-10 14:09:21: - C:\Users\joshu\OneDrive\Documents\dnd\00 - Campaigns\Northwatch Wardens - (HomeBrew)\web\node_modules\pdfjs-dist\legacy\build\pdf.js
2026-06-10 14:09:21: - C:\Users\joshu\OneDrive\Documents\dnd\00 - Campaigns\Northwatch Wardens - (HomeBrew)\web\lib\pdf-indexer.js
2026-06-10 14:09:21: - C:\Users\joshu\OneDrive\Documents\dnd\00 - Campaigns\Northwatch Wardens - (HomeBrew)\web\server.js".
2026-06-10 14:09:21: Warning: Cannot polyfill `Path2D`, rendering may be broken: "Error: Cannot find module 'canvas'
2026-06-10 14:09:21: Require stack:
2026-06-10 14:09:21: - C:\Users\joshu\OneDrive\Documents\dnd\00 - Campaigns\Northwatch Wardens - (HomeBrew)\web\node_modules\pdfjs-dist\legacy\build\pdf.js
2026-06-10 14:09:21: - C:\Users\joshu\OneDrive\Documents\dnd\00 - Campaigns\Northwatch Wardens - (HomeBrew)\web\lib\pdf-indexer.js
2026-06-10 14:09:21: - C:\Users\joshu\OneDrive\Documents\dnd\00 - Campaigns\Northwatch Wardens - (HomeBrew)\web\server.js".
2026-06-10 14:09:24: Warning: Cannot polyfill `DOMMatrix`, rendering may be broken: "Error: Cannot find module 'canvas'
2026-06-10 14:09:24: Require stack:
2026-06-10 14:09:24: - C:\Users\joshu\OneDrive\Documents\dnd\00 - Campaigns\Northwatch Wardens - (HomeBrew)\web\node_modules\pdfjs-dist\legacy\build\pdf.js
2026-06-10 14:09:24: - C:\Users\joshu\OneDrive\Documents\dnd\00 - Campaigns\Northwatch Wardens - (HomeBrew)\web\lib\pdf-indexer.js
2026-06-10 14:09:24: - C:\Users\joshu\OneDrive\Documents\dnd\00 - Campaigns\Northwatch Wardens - (HomeBrew)\web\server.js".
2026-06-10 14:09:24: Warning: Cannot polyfill `Path2D`, rendering may be broken: "Error: Cannot find module 'canvas'
2026-06-10 14:09:24: Require stack:
2026-06-10 14:09:24: - C:\Users\joshu\OneDrive\Documents\dnd\00 - Campaigns\Northwatch Wardens - (HomeBrew)\web\node_modules\pdfjs-dist\legacy\build\pdf.js
2026-06-10 14:09:24: - C:\Users\joshu\OneDrive\Documents\dnd\00 - Campaigns\Northwatch Wardens - (HomeBrew)\web\lib\pdf-indexer.js
2026-06-10 14:09:24: - C:\Users\joshu\OneDrive\Documents\dnd\00 - Campaigns\Northwatch Wardens - (HomeBrew)\web\server.js".
2026-06-10 14:09:26: Warning: Cannot polyfill `DOMMatrix`, rendering may be broken: "Error: Cannot find module 'canvas'
2026-06-10 14:09:26: Require stack:
2026-06-10 14:09:26: - C:\Users\joshu\OneDrive\Documents\dnd\00 - Campaigns\Northwatch Wardens - (HomeBrew)\web\node_modules\pdfjs-dist\legacy\build\pdf.js
2026-06-10 14:09:26: - C:\Users\joshu\OneDrive\Documents\dnd\00 - Campaigns\Northwatch Wardens - (HomeBrew)\web\lib\pdf-indexer.js
2026-06-10 14:09:26: - C:\Users\joshu\OneDrive\Documents\dnd\00 - Campaigns\Northwatch Wardens - (HomeBrew)\web\server.js".
2026-06-10 14:09:26: Warning: Cannot polyfill `Path2D`, rendering may be broken: "Error: Cannot find module 'canvas'
2026-06-10 14:09:26: Require stack:
2026-06-10 14:09:26: - C:\Users\joshu\OneDrive\Documents\dnd\00 - Campaigns\Northwatch Wardens - (HomeBrew)\web\node_modules\pdfjs-dist\legacy\build\pdf.js
2026-06-10 14:09:26: - C:\Users\joshu\OneDrive\Documents\dnd\00 - Campaigns\Northwatch Wardens - (HomeBrew)\web\lib\pdf-indexer.js
2026-06-10 14:09:26: - C:\Users\joshu\OneDrive\Documents\dnd\00 - Campaigns\Northwatch Wardens - (HomeBrew)\web\server.js".
2026-06-10 14:09:29: Warning: Cannot polyfill `DOMMatrix`, rendering may be broken: "Error: Cannot find module 'canvas'
2026-06-10 14:09:29: Require stack:
2026-06-10 14:09:29: - C:\Users\joshu\OneDrive\Documents\dnd\00 - Campaigns\Northwatch Wardens - (HomeBrew)\web\node_modules\pdfjs-dist\legacy\build\pdf.js
2026-06-10 14:09:29: - C:\Users\joshu\OneDrive\Documents\dnd\00 - Campaigns\Northwatch Wardens - (HomeBrew)\web\lib\pdf-indexer.js
2026-06-10 14:09:29: - C:\Users\joshu\OneDrive\Documents\dnd\00 - Campaigns\Northwatch Wardens - (HomeBrew)\web\server.js".
2026-06-10 14:09:29: Warning: Cannot polyfill `Path2D`, rendering may be broken: "Error: Cannot find module 'canvas'
2026-06-10 14:09:29: Require stack:
2026-06-10 14:09:29: - C:\Users\joshu\OneDrive\Documents\dnd\00 - Campaigns\Northwatch Wardens - (HomeBrew)\web\node_modules\pdfjs-dist\legacy\build\pdf.js
2026-06-10 14:09:29: - C:\Users\joshu\OneDrive\Documents\dnd\00 - Campaigns\Northwatch Wardens - (HomeBrew)\web\lib\pdf-indexer.js
2026-06-10 14:09:29: - C:\Users\joshu\OneDrive\Documents\dnd\00 - Campaigns\Northwatch Wardens - (HomeBrew)\web\server.js".
2026-06-10 14:09:32: Warning: Cannot polyfill `DOMMatrix`, rendering may be broken: "Error: Cannot find module 'canvas'
2026-06-10 14:09:32: Require stack:
2026-06-10 14:09:32: - C:\Users\joshu\OneDrive\Documents\dnd\00 - Campaigns\Northwatch Wardens - (HomeBrew)\web\node_modules\pdfjs-dist\legacy\build\pdf.js
2026-06-10 14:09:32: - C:\Users\joshu\OneDrive\Documents\dnd\00 - Campaigns\Northwatch Wardens - (HomeBrew)\web\lib\pdf-indexer.js
2026-06-10 14:09:32: - C:\Users\joshu\OneDrive\Documents\dnd\00 - Campaigns\Northwatch Wardens - (HomeBrew)\web\server.js".
2026-06-10 14:09:32: Warning: Cannot polyfill `Path2D`, rendering may be broken: "Error: Cannot find module 'canvas'
2026-06-10 14:09:32: Require stack:
2026-06-10 14:09:32: - C:\Users\joshu\OneDrive\Documents\dnd\00 - Campaigns\Northwatch Wardens - (HomeBrew)\web\node_modules\pdfjs-dist\legacy\build\pdf.js
2026-06-10 14:09:32: - C:\Users\joshu\OneDrive\Documents\dnd\00 - Campaigns\Northwatch Wardens - (HomeBrew)\web\lib\pdf-indexer.js
2026-06-10 14:09:32: - C:\Users\joshu\OneDrive\Documents\dnd\00 - Campaigns\Northwatch Wardens - (HomeBrew)\web\server.js".
2026-06-10 14:09:35: Warning: Cannot polyfill `DOMMatrix`, rendering may be broken: "Error: Cannot find module 'canvas'
2026-06-10 14:09:35: Require stack:
2026-06-10 14:09:35: - C:\Users\joshu\OneDrive\Documents\dnd\00 - Campaigns\Northwatch Wardens - (HomeBrew)\web\node_modules\pdfjs-dist\legacy\build\pdf.js
2026-06-10 14:09:35: - C:\Users\joshu\OneDrive\Documents\dnd\00 - Campaigns\Northwatch Wardens - (HomeBrew)\web\lib\pdf-indexer.js
2026-06-10 14:09:35: - C:\Users\joshu\OneDrive\Documents\dnd\00 - Campaigns\Northwatch Wardens - (HomeBrew)\web\server.js".
2026-06-10 14:09:35: Warning: Cannot polyfill `Path2D`, rendering may be broken: "Error: Cannot find module 'canvas'
2026-06-10 14:09:35: Require stack:
2026-06-10 14:09:35: - C:\Users\joshu\OneDrive\Documents\dnd\00 - Campaigns\Northwatch Wardens - (HomeBrew)\web\node_modules\pdfjs-dist\legacy\build\pdf.js
2026-06-10 14:09:35: - C:\Users\joshu\OneDrive\Documents\dnd\00 - Campaigns\Northwatch Wardens - (HomeBrew)\web\lib\pdf-indexer.js
2026-06-10 14:09:35: - C:\Users\joshu\OneDrive\Documents\dnd\00 - Campaigns\Northwatch Wardens - (HomeBrew)\web\server.js".
2026-06-10 14:09:38: Warning: Cannot polyfill `DOMMatrix`, rendering may be broken: "Error: Cannot find module 'canvas'
2026-06-10 14:09:38: Require stack:
2026-06-10 14:09:38: - C:\Users\joshu\OneDrive\Documents\dnd\00 - Campaigns\Northwatch Wardens - (HomeBrew)\web\node_modules\pdfjs-dist\legacy\build\pdf.js
2026-06-10 14:09:38: - C:\Users\joshu\OneDrive\Documents\dnd\00 - Campaigns\Northwatch Wardens - (HomeBrew)\web\lib\pdf-indexer.js
2026-06-10 14:09:38: - C:\Users\joshu\OneDrive\Documents\dnd\00 - Campaigns\Northwatch Wardens - (HomeBrew)\web\server.js".
2026-06-10 14:09:38: Warning: Cannot polyfill `Path2D`, rendering may be broken: "Error: Cannot find module 'canvas'
2026-06-10 14:09:38: Require stack:
2026-06-10 14:09:38: - C:\Users\joshu\OneDrive\Documents\dnd\00 - Campaigns\Northwatch Wardens - (HomeBrew)\web\node_modules\pdfjs-dist\legacy\build\pdf.js
2026-06-10 14:09:38: - C:\Users\joshu\OneDrive\Documents\dnd\00 - Campaigns\Northwatch Wardens - (HomeBrew)\web\lib\pdf-indexer.js
2026-06-10 14:09:38: - C:\Users\joshu\OneDrive\Documents\dnd\00 - Campaigns\Northwatch Wardens - (HomeBrew)\web\server.js".
2026-06-10 14:09:42: Warning: Cannot polyfill `DOMMatrix`, rendering may be broken: "Error: Cannot find module 'canvas'
2026-06-10 14:09:42: Require stack:
2026-06-10 14:09:42: - C:\Users\joshu\OneDrive\Documents\dnd\00 - Campaigns\Northwatch Wardens - (HomeBrew)\web\node_modules\pdfjs-dist\legacy\build\pdf.js
2026-06-10 14:09:42: - C:\Users\joshu\OneDrive\Documents\dnd\00 - Campaigns\Northwatch Wardens - (HomeBrew)\web\lib\pdf-indexer.js
2026-06-10 14:09:42: - C:\Users\joshu\OneDrive\Documents\dnd\00 - Campaigns\Northwatch Wardens - (HomeBrew)\web\server.js".
2026-06-10 14:09:42: Warning: Cannot polyfill `Path2D`, rendering may be broken: "Error: Cannot find module 'canvas'
2026-06-10 14:09:42: Require stack:
2026-06-10 14:09:42: - C:\Users\joshu\OneDrive\Documents\dnd\00 - Campaigns\Northwatch Wardens - (HomeBrew)\web\node_modules\pdfjs-dist\legacy\build\pdf.js
2026-06-10 14:09:42: - C:\Users\joshu\OneDrive\Documents\dnd\00 - Campaigns\Northwatch Wardens - (HomeBrew)\web\lib\pdf-indexer.js
2026-06-10 14:09:42: - C:\Users\joshu\OneDrive\Documents\dnd\00 - Campaigns\Northwatch Wardens - (HomeBrew)\web\server.js".
2026-06-10 14:09:45: Warning: Cannot polyfill `DOMMatrix`, rendering may be broken: "Error: Cannot find module 'canvas'
2026-06-10 14:09:45: Require stack:
2026-06-10 14:09:45: - C:\Users\joshu\OneDrive\Documents\dnd\00 - Campaigns\Northwatch Wardens - (HomeBrew)\web\node_modules\pdfjs-dist\legacy\build\pdf.js
2026-06-10 14:09:45: - C:\Users\joshu\OneDrive\Documents\dnd\00 - Campaigns\Northwatch Wardens - (HomeBrew)\web\lib\pdf-indexer.js
2026-06-10 14:09:45: - C:\Users\joshu\OneDrive\Documents\dnd\00 - Campaigns\Northwatch Wardens - (HomeBrew)\web\server.js".
2026-06-10 14:09:45: Warning: Cannot polyfill `Path2D`, rendering may be broken: "Error: Cannot find module 'canvas'
2026-06-10 14:09:45: Require stack:
2026-06-10 14:09:45: - C:\Users\joshu\OneDrive\Documents\dnd\00 - Campaigns\Northwatch Wardens - (HomeBrew)\web\node_modules\pdfjs-dist\legacy\build\pdf.js
2026-06-10 14:09:45: - C:\Users\joshu\OneDrive\Documents\dnd\00 - Campaigns\Northwatch Wardens - (HomeBrew)\web\lib\pdf-indexer.js
2026-06-10 14:09:45: - C:\Users\joshu\OneDrive\Documents\dnd\00 - Campaigns\Northwatch Wardens - (HomeBrew)\web\server.js".
2026-06-10 14:09:48: Warning: Cannot polyfill `DOMMatrix`, rendering may be broken: "Error: Cannot find module 'canvas'
2026-06-10 14:09:48: Require stack:
2026-06-10 14:09:48: - C:\Users\joshu\OneDrive\Documents\dnd\00 - Campaigns\Northwatch Wardens - (HomeBrew)\web\node_modules\pdfjs-dist\legacy\build\pdf.js
2026-06-10 14:09:48: - C:\Users\joshu\OneDrive\Documents\dnd\00 - Campaigns\Northwatch Wardens - (HomeBrew)\web\lib\pdf-indexer.js
2026-06-10 14:09:48: - C:\Users\joshu\OneDrive\Documents\dnd\00 - Campaigns\Northwatch Wardens - (HomeBrew)\web\server.js".
2026-06-10 14:09:48: Warning: Cannot polyfill `Path2D`, rendering may be broken: "Error: Cannot find module 'canvas'
2026-06-10 14:09:48: Require stack:
2026-06-10 14:09:48: - C:\Users\joshu\OneDrive\Documents\dnd\00 - Campaigns\Northwatch Wardens - (HomeBrew)\web\node_modules\pdfjs-dist\legacy\build\pdf.js
2026-06-10 14:09:48: - C:\Users\joshu\OneDrive\Documents\dnd\00 - Campaigns\Northwatch Wardens - (HomeBrew)\web\lib\pdf-indexer.js
2026-06-10 14:09:48: - C:\Users\joshu\OneDrive\Documents\dnd\00 - Campaigns\Northwatch Wardens - (HomeBrew)\web\server.js".
2026-06-10 14:09:51: Warning: Cannot polyfill `DOMMatrix`, rendering may be broken: "Error: Cannot find module 'canvas'
2026-06-10 14:09:51: Require stack:
2026-06-10 14:09:51: - C:\Users\joshu\OneDrive\Documents\dnd\00 - Campaigns\Northwatch Wardens - (HomeBrew)\web\node_modules\pdfjs-dist\legacy\build\pdf.js
2026-06-10 14:09:51: - C:\Users\joshu\OneDrive\Documents\dnd\00 - Campaigns\Northwatch Wardens - (HomeBrew)\web\lib\pdf-indexer.js
2026-06-10 14:09:51: - C:\Users\joshu\OneDrive\Documents\dnd\00 - Campaigns\Northwatch Wardens - (HomeBrew)\web\server.js".
2026-06-10 14:09:51: Warning: Cannot polyfill `Path2D`, rendering may be broken: "Error: Cannot find module 'canvas'
2026-06-10 14:09:51: Require stack:
2026-06-10 14:09:51: - C:\Users\joshu\OneDrive\Documents\dnd\00 - Campaigns\Northwatch Wardens - (HomeBrew)\web\node_modules\pdfjs-dist\legacy\build\pdf.js
2026-06-10 14:09:51: - C:\Users\joshu\OneDrive\Documents\dnd\00 - Campaigns\Northwatch Wardens - (HomeBrew)\web\lib\pdf-indexer.js
2026-06-10 14:09:51: - C:\Users\joshu\OneDrive\Documents\dnd\00 - Campaigns\Northwatch Wardens - (HomeBrew)\web\server.js".
2026-06-10 14:09:55: Warning: Cannot polyfill `DOMMatrix`, rendering may be broken: "Error: Cannot find module 'canvas'
2026-06-10 14:09:55: Require stack:
2026-06-10 14:09:55: - C:\Users\joshu\OneDrive\Documents\dnd\00 - Campaigns\Northwatch Wardens - (HomeBrew)\web\node_modules\pdfjs-dist\legacy\build\pdf.js
2026-06-10 14:09:55: - C:\Users\joshu\OneDrive\Documents\dnd\00 - Campaigns\Northwatch Wardens - (HomeBrew)\web\lib\pdf-indexer.js
2026-06-10 14:09:55: - C:\Users\joshu\OneDrive\Documents\dnd\00 - Campaigns\Northwatch Wardens - (HomeBrew)\web\server.js".
2026-06-10 14:09:55: Warning: Cannot polyfill `Path2D`, rendering may be broken: "Error: Cannot find module 'canvas'
2026-06-10 14:09:55: Require stack:
2026-06-10 14:09:55: - C:\Users\joshu\OneDrive\Documents\dnd\00 - Campaigns\Northwatch Wardens - (HomeBrew)\web\node_modules\pdfjs-dist\legacy\build\pdf.js
2026-06-10 14:09:55: - C:\Users\joshu\OneDrive\Documents\dnd\00 - Campaigns\Northwatch Wardens - (HomeBrew)\web\lib\pdf-indexer.js
2026-06-10 14:09:55: - C:\Users\joshu\OneDrive\Documents\dnd\00 - Campaigns\Northwatch Wardens - (HomeBrew)\web\server.js".
2026-06-10 14:09:58: Warning: Cannot polyfill `DOMMatrix`, rendering may be broken: "Error: Cannot find module 'canvas'
2026-06-10 14:09:58: Require stack:
2026-06-10 14:09:58: - C:\Users\joshu\OneDrive\Documents\dnd\00 - Campaigns\Northwatch Wardens - (HomeBrew)\web\node_modules\pdfjs-dist\legacy\build\pdf.js
2026-06-10 14:09:58: - C:\Users\joshu\OneDrive\Documents\dnd\00 - Campaigns\Northwatch Wardens - (HomeBrew)\web\lib\pdf-indexer.js
2026-06-10 14:09:58: - C:\Users\joshu\OneDrive\Documents\dnd\00 - Campaigns\Northwatch Wardens - (HomeBrew)\web\server.js".
2026-06-10 14:09:58: Warning: Cannot polyfill `Path2D`, rendering may be broken: "Error: Cannot find module 'canvas'
2026-06-10 14:09:58: Require stack:
2026-06-10 14:09:58: - C:\Users\joshu\OneDrive\Documents\dnd\00 - Campaigns\Northwatch Wardens - (HomeBrew)\web\node_modules\pdfjs-dist\legacy\build\pdf.js
2026-06-10 14:09:58: - C:\Users\joshu\OneDrive\Documents\dnd\00 - Campaigns\Northwatch Wardens - (HomeBrew)\web\lib\pdf-indexer.js
2026-06-10 14:09:58: - C:\Users\joshu\OneDrive\Documents\dnd\00 - Campaigns\Northwatch Wardens - (HomeBrew)\web\server.js".
2026-06-10 14:10:03: Warning: Cannot polyfill `DOMMatrix`, rendering may be broken: "Error: Cannot find module 'canvas'
2026-06-10 14:10:03: Require stack:
2026-06-10 14:10:03: - C:\Users\joshu\OneDrive\Documents\dnd\00 - Campaigns\Northwatch Wardens - (HomeBrew)\web\node_modules\pdfjs-dist\legacy\build\pdf.js
2026-06-10 14:10:03: - C:\Users\joshu\OneDrive\Documents\dnd\00 - Campaigns\Northwatch Wardens - (HomeBrew)\web\lib\pdf-indexer.js
2026-06-10 14:10:03: - C:\Users\joshu\OneDrive\Documents\dnd\00 - Campaigns\Northwatch Wardens - (HomeBrew)\web\server.js".
2026-06-10 14:10:03: Warning: Cannot polyfill `Path2D`, rendering may be broken: "Error: Cannot find module 'canvas'
2026-06-10 14:10:03: Require stack:
2026-06-10 14:10:03: - C:\Users\joshu\OneDrive\Documents\dnd\00 - Campaigns\Northwatch Wardens - (HomeBrew)\web\node_modules\pdfjs-dist\legacy\build\pdf.js
2026-06-10 14:10:03: - C:\Users\joshu\OneDrive\Documents\dnd\00 - Campaigns\Northwatch Wardens - (HomeBrew)\web\lib\pdf-indexer.js
2026-06-10 14:10:03: - C:\Users\joshu\OneDrive\Documents\dnd\00 - Campaigns\Northwatch Wardens - (HomeBrew)\web\server.js".
2026-06-10 14:10:07: Warning: Cannot polyfill `DOMMatrix`, rendering may be broken: "Error: Cannot find module 'canvas'
2026-06-10 14:10:07: Require stack:
2026-06-10 14:10:07: - C:\Users\joshu\OneDrive\Documents\dnd\00 - Campaigns\Northwatch Wardens - (HomeBrew)\web\node_modules\pdfjs-dist\legacy\build\pdf.js
2026-06-10 14:10:07: - C:\Users\joshu\OneDrive\Documents\dnd\00 - Campaigns\Northwatch Wardens - (HomeBrew)\web\lib\pdf-indexer.js
2026-06-10 14:10:07: - C:\Users\joshu\OneDrive\Documents\dnd\00 - Campaigns\Northwatch Wardens - (HomeBrew)\web\server.js".
2026-06-10 14:10:07: Warning: Cannot polyfill `Path2D`, rendering may be broken: "Error: Cannot find module 'canvas'
2026-06-10 14:10:07: Require stack:
2026-06-10 14:10:07: - C:\Users\joshu\OneDrive\Documents\dnd\00 - Campaigns\Northwatch Wardens - (HomeBrew)\web\node_modules\pdfjs-dist\legacy\build\pdf.js
2026-06-10 14:10:07: - C:\Users\joshu\OneDrive\Documents\dnd\00 - Campaigns\Northwatch Wardens - (HomeBrew)\web\lib\pdf-indexer.js
2026-06-10 14:10:07: - C:\Users\joshu\OneDrive\Documents\dnd\00 - Campaigns\Northwatch Wardens - (HomeBrew)\web\server.js".
2026-06-10 14:10:11: Warning: Cannot polyfill `DOMMatrix`, rendering may be broken: "Error: Cannot find module 'canvas'
2026-06-10 14:10:11: Require stack:
2026-06-10 14:10:11: - C:\Users\joshu\OneDrive\Documents\dnd\00 - Campaigns\Northwatch Wardens - (HomeBrew)\web\node_modules\pdfjs-dist\legacy\build\pdf.js
2026-06-10 14:10:11: - C:\Users\joshu\OneDrive\Documents\dnd\00 - Campaigns\Northwatch Wardens - (HomeBrew)\web\lib\pdf-indexer.js
2026-06-10 14:10:11: - C:\Users\joshu\OneDrive\Documents\dnd\00 - Campaigns\Northwatch Wardens - (HomeBrew)\web\server.js".
2026-06-10 14:10:11: Warning: Cannot polyfill `Path2D`, rendering may be broken: "Error: Cannot find module 'canvas'
2026-06-10 14:10:11: Require stack:
2026-06-10 14:10:11: - C:\Users\joshu\OneDrive\Documents\dnd\00 - Campaigns\Northwatch Wardens - (HomeBrew)\web\node_modules\pdfjs-dist\legacy\build\pdf.js
2026-06-10 14:10:11: - C:\Users\joshu\OneDrive\Documents\dnd\00 - Campaigns\Northwatch Wardens - (HomeBrew)\web\lib\pdf-indexer.js
2026-06-10 14:10:11: - C:\Users\joshu\OneDrive\Documents\dnd\00 - Campaigns\Northwatch Wardens - (HomeBrew)\web\server.js".
2026-06-10 14:10:16: Warning: Cannot polyfill `DOMMatrix`, rendering may be broken: "Error: Cannot find module 'canvas'
2026-06-10 14:10:16: Require stack:
2026-06-10 14:10:16: - C:\Users\joshu\OneDrive\Documents\dnd\00 - Campaigns\Northwatch Wardens - (HomeBrew)\web\node_modules\pdfjs-dist\legacy\build\pdf.js
2026-06-10 14:10:16: - C:\Users\joshu\OneDrive\Documents\dnd\00 - Campaigns\Northwatch Wardens - (HomeBrew)\web\lib\pdf-indexer.js
2026-06-10 14:10:16: - C:\Users\joshu\OneDrive\Documents\dnd\00 - Campaigns\Northwatch Wardens - (HomeBrew)\web\server.js".
2026-06-10 14:10:16: Warning: Cannot polyfill `Path2D`, rendering may be broken: "Error: Cannot find module 'canvas'
2026-06-10 14:10:16: Require stack:
2026-06-10 14:10:16: - C:\Users\joshu\OneDrive\Documents\dnd\00 - Campaigns\Northwatch Wardens - (HomeBrew)\web\node_modules\pdfjs-dist\legacy\build\pdf.js
2026-06-10 14:10:16: - C:\Users\joshu\OneDrive\Documents\dnd\00 - Campaigns\Northwatch Wardens - (HomeBrew)\web\lib\pdf-indexer.js
2026-06-10 14:10:16: - C:\Users\joshu\OneDrive\Documents\dnd\00 - Campaigns\Northwatch Wardens - (HomeBrew)\web\server.js".
2026-06-10 14:10:20: Warning: Cannot polyfill `DOMMatrix`, rendering may be broken: "Error: Cannot find module 'canvas'
2026-06-10 14:10:20: Require stack:
2026-06-10 14:10:20: - C:\Users\joshu\OneDrive\Documents\dnd\00 - Campaigns\Northwatch Wardens - (HomeBrew)\web\node_modules\pdfjs-dist\legacy\build\pdf.js
2026-06-10 14:10:20: - C:\Users\joshu\OneDrive\Documents\dnd\00 - Campaigns\Northwatch Wardens - (HomeBrew)\web\lib\pdf-indexer.js
2026-06-10 14:10:20: - C:\Users\joshu\OneDrive\Documents\dnd\00 - Campaigns\Northwatch Wardens - (HomeBrew)\web\server.js".
2026-06-10 14:10:20: Warning: Cannot polyfill `Path2D`, rendering may be broken: "Error: Cannot find module 'canvas'
2026-06-10 14:10:20: Require stack:
2026-06-10 14:10:20: - C:\Users\joshu\OneDrive\Documents\dnd\00 - Campaigns\Northwatch Wardens - (HomeBrew)\web\node_modules\pdfjs-dist\legacy\build\pdf.js
2026-06-10 14:10:20: - C:\Users\joshu\OneDrive\Documents\dnd\00 - Campaigns\Northwatch Wardens - (HomeBrew)\web\lib\pdf-indexer.js
2026-06-10 14:10:20: - C:\Users\joshu\OneDrive\Documents\dnd\00 - Campaigns\Northwatch Wardens - (HomeBrew)\web\server.js".
2026-06-10 14:10:23: Warning: Cannot polyfill `DOMMatrix`, rendering may be broken: "Error: Cannot find module 'canvas'
2026-06-10 14:10:23: Require stack:
2026-06-10 14:10:23: - C:\Users\joshu\OneDrive\Documents\dnd\00 - Campaigns\Northwatch Wardens - (HomeBrew)\web\node_modules\pdfjs-dist\legacy\build\pdf.js
2026-06-10 14:10:23: - C:\Users\joshu\OneDrive\Documents\dnd\00 - Campaigns\Northwatch Wardens - (HomeBrew)\web\lib\pdf-indexer.js
2026-06-10 14:10:23: - C:\Users\joshu\OneDrive\Documents\dnd\00 - Campaigns\Northwatch Wardens - (HomeBrew)\web\server.js".
2026-06-10 14:10:23: Warning: Cannot polyfill `Path2D`, rendering may be broken: "Error: Cannot find module 'canvas'
2026-06-10 14:10:23: Require stack:
2026-06-10 14:10:23: - C:\Users\joshu\OneDrive\Documents\dnd\00 - Campaigns\Northwatch Wardens - (HomeBrew)\web\node_modules\pdfjs-dist\legacy\build\pdf.js
2026-06-10 14:10:23: - C:\Users\joshu\OneDrive\Documents\dnd\00 - Campaigns\Northwatch Wardens - (HomeBrew)\web\lib\pdf-indexer.js
2026-06-10 14:10:23: - C:\Users\joshu\OneDrive\Documents\dnd\00 - Campaigns\Northwatch Wardens - (HomeBrew)\web\server.js".
2026-06-10 14:10:27: Warning: Cannot polyfill `DOMMatrix`, rendering may be broken: "Error: Cannot find module 'canvas'
2026-06-10 14:10:27: Require stack:
2026-06-10 14:10:27: - C:\Users\joshu\OneDrive\Documents\dnd\00 - Campaigns\Northwatch Wardens - (HomeBrew)\web\node_modules\pdfjs-dist\legacy\build\pdf.js
2026-06-10 14:10:27: - C:\Users\joshu\OneDrive\Documents\dnd\00 - Campaigns\Northwatch Wardens - (HomeBrew)\web\lib\pdf-indexer.js
2026-06-10 14:10:27: - C:\Users\joshu\OneDrive\Documents\dnd\00 - Campaigns\Northwatch Wardens - (HomeBrew)\web\server.js".
2026-06-10 14:10:27: Warning: Cannot polyfill `Path2D`, rendering may be broken: "Error: Cannot find module 'canvas'
2026-06-10 14:10:27: Require stack:
2026-06-10 14:10:27: - C:\Users\joshu\OneDrive\Documents\dnd\00 - Campaigns\Northwatch Wardens - (HomeBrew)\web\node_modules\pdfjs-dist\legacy\build\pdf.js
2026-06-10 14:10:27: - C:\Users\joshu\OneDrive\Documents\dnd\00 - Campaigns\Northwatch Wardens - (HomeBrew)\web\lib\pdf-indexer.js
2026-06-10 14:10:27: - C:\Users\joshu\OneDrive\Documents\dnd\00 - Campaigns\Northwatch Wardens - (HomeBrew)\web\server.js".
2026-06-10 14:10:30: Warning: Cannot polyfill `DOMMatrix`, rendering may be broken: "Error: Cannot find module 'canvas'
2026-06-10 14:10:30: Require stack:
2026-06-10 14:10:30: - C:\Users\joshu\OneDrive\Documents\dnd\00 - Campaigns\Northwatch Wardens - (HomeBrew)\web\node_modules\pdfjs-dist\legacy\build\pdf.js
2026-06-10 14:10:30: - C:\Users\joshu\OneDrive\Documents\dnd\00 - Campaigns\Northwatch Wardens - (HomeBrew)\web\lib\pdf-indexer.js
2026-06-10 14:10:30: - C:\Users\joshu\OneDrive\Documents\dnd\00 - Campaigns\Northwatch Wardens - (HomeBrew)\web\server.js".
2026-06-10 14:10:30: Warning: Cannot polyfill `Path2D`, rendering may be broken: "Error: Cannot find module 'canvas'
2026-06-10 14:10:30: Require stack:
2026-06-10 14:10:30: - C:\Users\joshu\OneDrive\Documents\dnd\00 - Campaigns\Northwatch Wardens - (HomeBrew)\web\node_modules\pdfjs-dist\legacy\build\pdf.js
2026-06-10 14:10:30: - C:\Users\joshu\OneDrive\Documents\dnd\00 - Campaigns\Northwatch Wardens - (HomeBrew)\web\lib\pdf-indexer.js
2026-06-10 14:10:30: - C:\Users\joshu\OneDrive\Documents\dnd\00 - Campaigns\Northwatch Wardens - (HomeBrew)\web\server.js".
2026-06-10 14:10:32: Warning: Cannot polyfill `DOMMatrix`, rendering may be broken: "Error: Cannot find module 'canvas'
2026-06-10 14:10:32: Require stack:
2026-06-10 14:10:32: - C:\Users\joshu\OneDrive\Documents\dnd\00 - Campaigns\Northwatch Wardens - (HomeBrew)\web\node_modules\pdfjs-dist\legacy\build\pdf.js
2026-06-10 14:10:32: - C:\Users\joshu\OneDrive\Documents\dnd\00 - Campaigns\Northwatch Wardens - (HomeBrew)\web\lib\pdf-indexer.js
2026-06-10 14:10:32: - C:\Users\joshu\OneDrive\Documents\dnd\00 - Campaigns\Northwatch Wardens - (HomeBrew)\web\server.js".
2026-06-10 14:10:32: Warning: Cannot polyfill `Path2D`, rendering may be broken: "Error: Cannot find module 'canvas'
2026-06-10 14:10:32: Require stack:
2026-06-10 14:10:32: - C:\Users\joshu\OneDrive\Documents\dnd\00 - Campaigns\Northwatch Wardens - (HomeBrew)\web\node_modules\pdfjs-dist\legacy\build\pdf.js
2026-06-10 14:10:32: - C:\Users\joshu\OneDrive\Documents\dnd\00 - Campaigns\Northwatch Wardens - (HomeBrew)\web\lib\pdf-indexer.js
2026-06-10 14:10:32: - C:\Users\joshu\OneDrive\Documents\dnd\00 - Campaigns\Northwatch Wardens - (HomeBrew)\web\server.js".
2026-06-10 14:10:35: Warning: Cannot polyfill `DOMMatrix`, rendering may be broken: "Error: Cannot find module 'canvas'
2026-06-10 14:10:35: Require stack:
2026-06-10 14:10:35: - C:\Users\joshu\OneDrive\Documents\dnd\00 - Campaigns\Northwatch Wardens - (HomeBrew)\web\node_modules\pdfjs-dist\legacy\build\pdf.js
2026-06-10 14:10:35: - C:\Users\joshu\OneDrive\Documents\dnd\00 - Campaigns\Northwatch Wardens - (HomeBrew)\web\lib\pdf-indexer.js
2026-06-10 14:10:35: - C:\Users\joshu\OneDrive\Documents\dnd\00 - Campaigns\Northwatch Wardens - (HomeBrew)\web\server.js".
2026-06-10 14:10:35: Warning: Cannot polyfill `Path2D`, rendering may be broken: "Error: Cannot find module 'canvas'
2026-06-10 14:10:35: Require stack:
2026-06-10 14:10:35: - C:\Users\joshu\OneDrive\Documents\dnd\00 - Campaigns\Northwatch Wardens - (HomeBrew)\web\node_modules\pdfjs-dist\legacy\build\pdf.js
2026-06-10 14:10:35: - C:\Users\joshu\OneDrive\Documents\dnd\00 - Campaigns\Northwatch Wardens - (HomeBrew)\web\lib\pdf-indexer.js
2026-06-10 14:10:35: - C:\Users\joshu\OneDrive\Documents\dnd\00 - Campaigns\Northwatch Wardens - (HomeBrew)\web\server.js".
2026-06-10 14:10:37: Warning: Cannot polyfill `DOMMatrix`, rendering may be broken: "Error: Cannot find module 'canvas'
2026-06-10 14:10:37: Require stack:
2026-06-10 14:10:37: - C:\Users\joshu\OneDrive\Documents\dnd\00 - Campaigns\Northwatch Wardens - (HomeBrew)\web\node_modules\pdfjs-dist\legacy\build\pdf.js
2026-06-10 14:10:37: - C:\Users\joshu\OneDrive\Documents\dnd\00 - Campaigns\Northwatch Wardens - (HomeBrew)\web\lib\pdf-indexer.js
2026-06-10 14:10:37: - C:\Users\joshu\OneDrive\Documents\dnd\00 - Campaigns\Northwatch Wardens - (HomeBrew)\web\server.js".
2026-06-10 14:10:37: Warning: Cannot polyfill `Path2D`, rendering may be broken: "Error: Cannot find module 'canvas'
2026-06-10 14:10:37: Require stack:
2026-06-10 14:10:37: - C:\Users\joshu\OneDrive\Documents\dnd\00 - Campaigns\Northwatch Wardens - (HomeBrew)\web\node_modules\pdfjs-dist\legacy\build\pdf.js
2026-06-10 14:10:37: - C:\Users\joshu\OneDrive\Documents\dnd\00 - Campaigns\Northwatch Wardens - (HomeBrew)\web\lib\pdf-indexer.js
2026-06-10 14:10:37: - C:\Users\joshu\OneDrive\Documents\dnd\00 - Campaigns\Northwatch Wardens - (HomeBrew)\web\server.js".
2026-06-10 14:10:41: Warning: Cannot polyfill `DOMMatrix`, rendering may be broken: "Error: Cannot find module 'canvas'
2026-06-10 14:10:41: Require stack:
2026-06-10 14:10:41: - C:\Users\joshu\OneDrive\Documents\dnd\00 - Campaigns\Northwatch Wardens - (HomeBrew)\web\node_modules\pdfjs-dist\legacy\build\pdf.js
2026-06-10 14:10:41: - C:\Users\joshu\OneDrive\Documents\dnd\00 - Campaigns\Northwatch Wardens - (HomeBrew)\web\lib\pdf-indexer.js
2026-06-10 14:10:41: - C:\Users\joshu\OneDrive\Documents\dnd\00 - Campaigns\Northwatch Wardens - (HomeBrew)\web\server.js".
2026-06-10 14:10:41: Warning: Cannot polyfill `Path2D`, rendering may be broken: "Error: Cannot find module 'canvas'
2026-06-10 14:10:41: Require stack:
2026-06-10 14:10:41: - C:\Users\joshu\OneDrive\Documents\dnd\00 - Campaigns\Northwatch Wardens - (HomeBrew)\web\node_modules\pdfjs-dist\legacy\build\pdf.js
2026-06-10 14:10:41: - C:\Users\joshu\OneDrive\Documents\dnd\00 - Campaigns\Northwatch Wardens - (HomeBrew)\web\lib\pdf-indexer.js
2026-06-10 14:10:41: - C:\Users\joshu\OneDrive\Documents\dnd\00 - Campaigns\Northwatch Wardens - (HomeBrew)\web\server.js".
2026-06-10 14:10:43: Warning: Cannot polyfill `DOMMatrix`, rendering may be broken: "Error: Cannot find module 'canvas'
2026-06-10 14:10:43: Require stack:
2026-06-10 14:10:43: - C:\Users\joshu\OneDrive\Documents\dnd\00 - Campaigns\Northwatch Wardens - (HomeBrew)\web\node_modules\pdfjs-dist\legacy\build\pdf.js
2026-06-10 14:10:43: - C:\Users\joshu\OneDrive\Documents\dnd\00 - Campaigns\Northwatch Wardens - (HomeBrew)\web\lib\pdf-indexer.js
2026-06-10 14:10:43: - C:\Users\joshu\OneDrive\Documents\dnd\00 - Campaigns\Northwatch Wardens - (HomeBrew)\web\server.js".
2026-06-10 14:10:43: Warning: Cannot polyfill `Path2D`, rendering may be broken: "Error: Cannot find module 'canvas'
2026-06-10 14:10:43: Require stack:
2026-06-10 14:10:43: - C:\Users\joshu\OneDrive\Documents\dnd\00 - Campaigns\Northwatch Wardens - (HomeBrew)\web\node_modules\pdfjs-dist\legacy\build\pdf.js
2026-06-10 14:10:43: - C:\Users\joshu\OneDrive\Documents\dnd\00 - Campaigns\Northwatch Wardens - (HomeBrew)\web\lib\pdf-indexer.js
2026-06-10 14:10:43: - C:\Users\joshu\OneDrive\Documents\dnd\00 - Campaigns\Northwatch Wardens - (HomeBrew)\web\server.js".
2026-06-10 14:10:46: Warning: Cannot polyfill `DOMMatrix`, rendering may be broken: "Error: Cannot find module 'canvas'
2026-06-10 14:10:46: Require stack:
2026-06-10 14:10:46: - C:\Users\joshu\OneDrive\Documents\dnd\00 - Campaigns\Northwatch Wardens - (HomeBrew)\web\node_modules\pdfjs-dist\legacy\build\pdf.js
2026-06-10 14:10:46: - C:\Users\joshu\OneDrive\Documents\dnd\00 - Campaigns\Northwatch Wardens - (HomeBrew)\web\lib\pdf-indexer.js
2026-06-10 14:10:46: - C:\Users\joshu\OneDrive\Documents\dnd\00 - Campaigns\Northwatch Wardens - (HomeBrew)\web\server.js".
2026-06-10 14:10:46: Warning: Cannot polyfill `Path2D`, rendering may be broken: "Error: Cannot find module 'canvas'
2026-06-10 14:10:46: Require stack:
2026-06-10 14:10:46: - C:\Users\joshu\OneDrive\Documents\dnd\00 - Campaigns\Northwatch Wardens - (HomeBrew)\web\node_modules\pdfjs-dist\legacy\build\pdf.js
2026-06-10 14:10:46: - C:\Users\joshu\OneDrive\Documents\dnd\00 - Campaigns\Northwatch Wardens - (HomeBrew)\web\lib\pdf-indexer.js
2026-06-10 14:10:46: - C:\Users\joshu\OneDrive\Documents\dnd\00 - Campaigns\Northwatch Wardens - (HomeBrew)\web\server.js".
2026-06-10 14:10:49: Warning: Cannot polyfill `DOMMatrix`, rendering may be broken: "Error: Cannot find module 'canvas'
2026-06-10 14:10:49: Require stack:
2026-06-10 14:10:49: - C:\Users\joshu\OneDrive\Documents\dnd\00 - Campaigns\Northwatch Wardens - (HomeBrew)\web\node_modules\pdfjs-dist\legacy\build\pdf.js
2026-06-10 14:10:49: - C:\Users\joshu\OneDrive\Documents\dnd\00 - Campaigns\Northwatch Wardens - (HomeBrew)\web\lib\pdf-indexer.js
2026-06-10 14:10:49: - C:\Users\joshu\OneDrive\Documents\dnd\00 - Campaigns\Northwatch Wardens - (HomeBrew)\web\server.js".
2026-06-10 14:10:49: Warning: Cannot polyfill `Path2D`, rendering may be broken: "Error: Cannot find module 'canvas'
2026-06-10 14:10:49: Require stack:
2026-06-10 14:10:49: - C:\Users\joshu\OneDrive\Documents\dnd\00 - Campaigns\Northwatch Wardens - (HomeBrew)\web\node_modules\pdfjs-dist\legacy\build\pdf.js
2026-06-10 14:10:49: - C:\Users\joshu\OneDrive\Documents\dnd\00 - Campaigns\Northwatch Wardens - (HomeBrew)\web\lib\pdf-indexer.js
2026-06-10 14:10:49: - C:\Users\joshu\OneDrive\Documents\dnd\00 - Campaigns\Northwatch Wardens - (HomeBrew)\web\server.js".
2026-06-10 14:10:52: Warning: Cannot polyfill `DOMMatrix`, rendering may be broken: "Error: Cannot find module 'canvas'
2026-06-10 14:10:52: Require stack:
2026-06-10 14:10:52: - C:\Users\joshu\OneDrive\Documents\dnd\00 - Campaigns\Northwatch Wardens - (HomeBrew)\web\node_modules\pdfjs-dist\legacy\build\pdf.js
2026-06-10 14:10:52: - C:\Users\joshu\OneDrive\Documents\dnd\00 - Campaigns\Northwatch Wardens - (HomeBrew)\web\lib\pdf-indexer.js
2026-06-10 14:10:52: - C:\Users\joshu\OneDrive\Documents\dnd\00 - Campaigns\Northwatch Wardens - (HomeBrew)\web\server.js".
2026-06-10 14:10:52: Warning: Cannot polyfill `Path2D`, rendering may be broken: "Error: Cannot find module 'canvas'
2026-06-10 14:10:52: Require stack:
2026-06-10 14:10:52: - C:\Users\joshu\OneDrive\Documents\dnd\00 - Campaigns\Northwatch Wardens - (HomeBrew)\web\node_modules\pdfjs-dist\legacy\build\pdf.js
2026-06-10 14:10:52: - C:\Users\joshu\OneDrive\Documents\dnd\00 - Campaigns\Northwatch Wardens - (HomeBrew)\web\lib\pdf-indexer.js
2026-06-10 14:10:52: - C:\Users\joshu\OneDrive\Documents\dnd\00 - Campaigns\Northwatch Wardens - (HomeBrew)\web\server.js".
2026-06-10 14:10:55: Warning: Cannot polyfill `DOMMatrix`, rendering may be broken: "Error: Cannot find module 'canvas'
2026-06-10 14:10:55: Require stack:
2026-06-10 14:10:55: - C:\Users\joshu\OneDrive\Documents\dnd\00 - Campaigns\Northwatch Wardens - (HomeBrew)\web\node_modules\pdfjs-dist\legacy\build\pdf.js
2026-06-10 14:10:55: - C:\Users\joshu\OneDrive\Documents\dnd\00 - Campaigns\Northwatch Wardens - (HomeBrew)\web\lib\pdf-indexer.js
2026-06-10 14:10:55: - C:\Users\joshu\OneDrive\Documents\dnd\00 - Campaigns\Northwatch Wardens - (HomeBrew)\web\server.js".
2026-06-10 14:10:55: Warning: Cannot polyfill `Path2D`, rendering may be broken: "Error: Cannot find module 'canvas'
2026-06-10 14:10:55: Require stack:
2026-06-10 14:10:55: - C:\Users\joshu\OneDrive\Documents\dnd\00 - Campaigns\Northwatch Wardens - (HomeBrew)\web\node_modules\pdfjs-dist\legacy\build\pdf.js
2026-06-10 14:10:55: - C:\Users\joshu\OneDrive\Documents\dnd\00 - Campaigns\Northwatch Wardens - (HomeBrew)\web\lib\pdf-indexer.js
2026-06-10 14:10:55: - C:\Users\joshu\OneDrive\Documents\dnd\00 - Campaigns\Northwatch Wardens - (HomeBrew)\web\server.js".
2026-06-10 14:10:59: Warning: Cannot polyfill `DOMMatrix`, rendering may be broken: "Error: Cannot find module 'canvas'
2026-06-10 14:10:59: Require stack:
2026-06-10 14:10:59: - C:\Users\joshu\OneDrive\Documents\dnd\00 - Campaigns\Northwatch Wardens - (HomeBrew)\web\node_modules\pdfjs-dist\legacy\build\pdf.js
2026-06-10 14:10:59: - C:\Users\joshu\OneDrive\Documents\dnd\00 - Campaigns\Northwatch Wardens - (HomeBrew)\web\lib\pdf-indexer.js
2026-06-10 14:10:59: - C:\Users\joshu\OneDrive\Documents\dnd\00 - Campaigns\Northwatch Wardens - (HomeBrew)\web\server.js".
2026-06-10 14:10:59: Warning: Cannot polyfill `Path2D`, rendering may be broken: "Error: Cannot find module 'canvas'
2026-06-10 14:10:59: Require stack:
2026-06-10 14:10:59: - C:\Users\joshu\OneDrive\Documents\dnd\00 - Campaigns\Northwatch Wardens - (HomeBrew)\web\node_modules\pdfjs-dist\legacy\build\pdf.js
2026-06-10 14:10:59: - C:\Users\joshu\OneDrive\Documents\dnd\00 - Campaigns\Northwatch Wardens - (HomeBrew)\web\lib\pdf-indexer.js
2026-06-10 14:10:59: - C:\Users\joshu\OneDrive\Documents\dnd\00 - Campaigns\Northwatch Wardens - (HomeBrew)\web\server.js".
2026-06-10 14:11:03: Warning: Cannot polyfill `DOMMatrix`, rendering may be broken: "Error: Cannot find module 'canvas'
2026-06-10 14:11:03: Require stack:
2026-06-10 14:11:03: - C:\Users\joshu\OneDrive\Documents\dnd\00 - Campaigns\Northwatch Wardens - (HomeBrew)\web\node_modules\pdfjs-dist\legacy\build\pdf.js
2026-06-10 14:11:03: - C:\Users\joshu\OneDrive\Documents\dnd\00 - Campaigns\Northwatch Wardens - (HomeBrew)\web\lib\pdf-indexer.js
2026-06-10 14:11:03: - C:\Users\joshu\OneDrive\Documents\dnd\00 - Campaigns\Northwatch Wardens - (HomeBrew)\web\server.js".
2026-06-10 14:11:03: Warning: Cannot polyfill `Path2D`, rendering may be broken: "Error: Cannot find module 'canvas'
2026-06-10 14:11:03: Require stack:
2026-06-10 14:11:03: - C:\Users\joshu\OneDrive\Documents\dnd\00 - Campaigns\Northwatch Wardens - (HomeBrew)\web\node_modules\pdfjs-dist\legacy\build\pdf.js
2026-06-10 14:11:03: - C:\Users\joshu\OneDrive\Documents\dnd\00 - Campaigns\Northwatch Wardens - (HomeBrew)\web\lib\pdf-indexer.js
2026-06-10 14:11:03: - C:\Users\joshu\OneDrive\Documents\dnd\00 - Campaigns\Northwatch Wardens - (HomeBrew)\web\server.js".
2026-06-10 14:11:05: Warning: Cannot polyfill `DOMMatrix`, rendering may be broken: "Error: Cannot find module 'canvas'
2026-06-10 14:11:05: Require stack:
2026-06-10 14:11:05: - C:\Users\joshu\OneDrive\Documents\dnd\00 - Campaigns\Northwatch Wardens - (HomeBrew)\web\node_modules\pdfjs-dist\legacy\build\pdf.js
2026-06-10 14:11:05: - C:\Users\joshu\OneDrive\Documents\dnd\00 - Campaigns\Northwatch Wardens - (HomeBrew)\web\lib\pdf-indexer.js
2026-06-10 14:11:05: - C:\Users\joshu\OneDrive\Documents\dnd\00 - Campaigns\Northwatch Wardens - (HomeBrew)\web\server.js".
2026-06-10 14:11:05: Warning: Cannot polyfill `Path2D`, rendering may be broken: "Error: Cannot find module 'canvas'
2026-06-10 14:11:05: Require stack:
2026-06-10 14:11:05: - C:\Users\joshu\OneDrive\Documents\dnd\00 - Campaigns\Northwatch Wardens - (HomeBrew)\web\node_modules\pdfjs-dist\legacy\build\pdf.js
2026-06-10 14:11:05: - C:\Users\joshu\OneDrive\Documents\dnd\00 - Campaigns\Northwatch Wardens - (HomeBrew)\web\lib\pdf-indexer.js
2026-06-10 14:11:05: - C:\Users\joshu\OneDrive\Documents\dnd\00 - Campaigns\Northwatch Wardens - (HomeBrew)\web\server.js".
2026-06-10 14:11:09: Warning: Cannot polyfill `DOMMatrix`, rendering may be broken: "Error: Cannot find module 'canvas'
2026-06-10 14:11:09: Require stack:
2026-06-10 14:11:09: - C:\Users\joshu\OneDrive\Documents\dnd\00 - Campaigns\Northwatch Wardens - (HomeBrew)\web\node_modules\pdfjs-dist\legacy\build\pdf.js
2026-06-10 14:11:09: - C:\Users\joshu\OneDrive\Documents\dnd\00 - Campaigns\Northwatch Wardens - (HomeBrew)\web\lib\pdf-indexer.js
2026-06-10 14:11:09: - C:\Users\joshu\OneDrive\Documents\dnd\00 - Campaigns\Northwatch Wardens - (HomeBrew)\web\server.js".
2026-06-10 14:11:09: Warning: Cannot polyfill `Path2D`, rendering may be broken: "Error: Cannot find module 'canvas'
2026-06-10 14:11:09: Require stack:
2026-06-10 14:11:09: - C:\Users\joshu\OneDrive\Documents\dnd\00 - Campaigns\Northwatch Wardens - (HomeBrew)\web\node_modules\pdfjs-dist\legacy\build\pdf.js
2026-06-10 14:11:09: - C:\Users\joshu\OneDrive\Documents\dnd\00 - Campaigns\Northwatch Wardens - (HomeBrew)\web\lib\pdf-indexer.js
2026-06-10 14:11:09: - C:\Users\joshu\OneDrive\Documents\dnd\00 - Campaigns\Northwatch Wardens - (HomeBrew)\web\server.js".
2026-06-10 14:11:12: Warning: Cannot polyfill `DOMMatrix`, rendering may be broken: "Error: Cannot find module 'canvas'
2026-06-10 14:11:12: Require stack:
2026-06-10 14:11:12: - C:\Users\joshu\OneDrive\Documents\dnd\00 - Campaigns\Northwatch Wardens - (HomeBrew)\web\node_modules\pdfjs-dist\legacy\build\pdf.js
2026-06-10 14:11:12: - C:\Users\joshu\OneDrive\Documents\dnd\00 - Campaigns\Northwatch Wardens - (HomeBrew)\web\lib\pdf-indexer.js
2026-06-10 14:11:12: - C:\Users\joshu\OneDrive\Documents\dnd\00 - Campaigns\Northwatch Wardens - (HomeBrew)\web\server.js".
2026-06-10 14:11:12: Warning: Cannot polyfill `Path2D`, rendering may be broken: "Error: Cannot find module 'canvas'
2026-06-10 14:11:12: Require stack:
2026-06-10 14:11:12: - C:\Users\joshu\OneDrive\Documents\dnd\00 - Campaigns\Northwatch Wardens - (HomeBrew)\web\node_modules\pdfjs-dist\legacy\build\pdf.js
2026-06-10 14:11:12: - C:\Users\joshu\OneDrive\Documents\dnd\00 - Campaigns\Northwatch Wardens - (HomeBrew)\web\lib\pdf-indexer.js
2026-06-10 14:11:12: - C:\Users\joshu\OneDrive\Documents\dnd\00 - Campaigns\Northwatch Wardens - (HomeBrew)\web\server.js".
2026-06-10 14:11:16: Warning: Cannot polyfill `DOMMatrix`, rendering may be broken: "Error: Cannot find module 'canvas'
2026-06-10 14:11:16: Require stack:
2026-06-10 14:11:16: - C:\Users\joshu\OneDrive\Documents\dnd\00 - Campaigns\Northwatch Wardens - (HomeBrew)\web\node_modules\pdfjs-dist\legacy\build\pdf.js
2026-06-10 14:11:16: - C:\Users\joshu\OneDrive\Documents\dnd\00 - Campaigns\Northwatch Wardens - (HomeBrew)\web\lib\pdf-indexer.js
2026-06-10 14:11:16: - C:\Users\joshu\OneDrive\Documents\dnd\00 - Campaigns\Northwatch Wardens - (HomeBrew)\web\server.js".
2026-06-10 14:11:16: Warning: Cannot polyfill `Path2D`, rendering may be broken: "Error: Cannot find module 'canvas'
2026-06-10 14:11:16: Require stack:
2026-06-10 14:11:16: - C:\Users\joshu\OneDrive\Documents\dnd\00 - Campaigns\Northwatch Wardens - (HomeBrew)\web\node_modules\pdfjs-dist\legacy\build\pdf.js
2026-06-10 14:11:16: - C:\Users\joshu\OneDrive\Documents\dnd\00 - Campaigns\Northwatch Wardens - (HomeBrew)\web\lib\pdf-indexer.js
2026-06-10 14:11:16: - C:\Users\joshu\OneDrive\Documents\dnd\00 - Campaigns\Northwatch Wardens - (HomeBrew)\web\server.js".
2026-06-10 14:11:20: Warning: Cannot polyfill `DOMMatrix`, rendering may be broken: "Error: Cannot find module 'canvas'
2026-06-10 14:11:20: Require stack:
2026-06-10 14:11:20: - C:\Users\joshu\OneDrive\Documents\dnd\00 - Campaigns\Northwatch Wardens - (HomeBrew)\web\node_modules\pdfjs-dist\legacy\build\pdf.js
2026-06-10 14:11:20: - C:\Users\joshu\OneDrive\Documents\dnd\00 - Campaigns\Northwatch Wardens - (HomeBrew)\web\lib\pdf-indexer.js
2026-06-10 14:11:20: - C:\Users\joshu\OneDrive\Documents\dnd\00 - Campaigns\Northwatch Wardens - (HomeBrew)\web\server.js".
2026-06-10 14:11:20: Warning: Cannot polyfill `Path2D`, rendering may be broken: "Error: Cannot find module 'canvas'
2026-06-10 14:11:20: Require stack:
2026-06-10 14:11:20: - C:\Users\joshu\OneDrive\Documents\dnd\00 - Campaigns\Northwatch Wardens - (HomeBrew)\web\node_modules\pdfjs-dist\legacy\build\pdf.js
2026-06-10 14:11:20: - C:\Users\joshu\OneDrive\Documents\dnd\00 - Campaigns\Northwatch Wardens - (HomeBrew)\web\lib\pdf-indexer.js
2026-06-10 14:11:20: - C:\Users\joshu\OneDrive\Documents\dnd\00 - Campaigns\Northwatch Wardens - (HomeBrew)\web\server.js".
2026-06-10 14:11:23: Warning: Cannot polyfill `DOMMatrix`, rendering may be broken: "Error: Cannot find module 'canvas'
2026-06-10 14:11:23: Require stack:
2026-06-10 14:11:23: - C:\Users\joshu\OneDrive\Documents\dnd\00 - Campaigns\Northwatch Wardens - (HomeBrew)\web\node_modules\pdfjs-dist\legacy\build\pdf.js
2026-06-10 14:11:23: - C:\Users\joshu\OneDrive\Documents\dnd\00 - Campaigns\Northwatch Wardens - (HomeBrew)\web\lib\pdf-indexer.js
2026-06-10 14:11:23: - C:\Users\joshu\OneDrive\Documents\dnd\00 - Campaigns\Northwatch Wardens - (HomeBrew)\web\server.js".
2026-06-10 14:11:23: Warning: Cannot polyfill `Path2D`, rendering may be broken: "Error: Cannot find module 'canvas'
2026-06-10 14:11:23: Require stack:
2026-06-10 14:11:23: - C:\Users\joshu\OneDrive\Documents\dnd\00 - Campaigns\Northwatch Wardens - (HomeBrew)\web\node_modules\pdfjs-dist\legacy\build\pdf.js
2026-06-10 14:11:23: - C:\Users\joshu\OneDrive\Documents\dnd\00 - Campaigns\Northwatch Wardens - (HomeBrew)\web\lib\pdf-indexer.js
2026-06-10 14:11:23: - C:\Users\joshu\OneDrive\Documents\dnd\00 - Campaigns\Northwatch Wardens - (HomeBrew)\web\server.js".
2026-06-10 14:11:26: Warning: Cannot polyfill `DOMMatrix`, rendering may be broken: "Error: Cannot find module 'canvas'
2026-06-10 14:11:26: Require stack:
2026-06-10 14:11:26: - C:\Users\joshu\OneDrive\Documents\dnd\00 - Campaigns\Northwatch Wardens - (HomeBrew)\web\node_modules\pdfjs-dist\legacy\build\pdf.js
2026-06-10 14:11:26: - C:\Users\joshu\OneDrive\Documents\dnd\00 - Campaigns\Northwatch Wardens - (HomeBrew)\web\lib\pdf-indexer.js
2026-06-10 14:11:26: - C:\Users\joshu\OneDrive\Documents\dnd\00 - Campaigns\Northwatch Wardens - (HomeBrew)\web\server.js".
2026-06-10 14:11:26: Warning: Cannot polyfill `Path2D`, rendering may be broken: "Error: Cannot find module 'canvas'
2026-06-10 14:11:26: Require stack:
2026-06-10 14:11:26: - C:\Users\joshu\OneDrive\Documents\dnd\00 - Campaigns\Northwatch Wardens - (HomeBrew)\web\node_modules\pdfjs-dist\legacy\build\pdf.js
2026-06-10 14:11:26: - C:\Users\joshu\OneDrive\Documents\dnd\00 - Campaigns\Northwatch Wardens - (HomeBrew)\web\lib\pdf-indexer.js
2026-06-10 14:11:26: - C:\Users\joshu\OneDrive\Documents\dnd\00 - Campaigns\Northwatch Wardens - (HomeBrew)\web\server.js".
2026-06-10 14:11:29: Warning: Cannot polyfill `DOMMatrix`, rendering may be broken: "Error: Cannot find module 'canvas'
2026-06-10 14:11:29: Require stack:
2026-06-10 14:11:29: - C:\Users\joshu\OneDrive\Documents\dnd\00 - Campaigns\Northwatch Wardens - (HomeBrew)\web\node_modules\pdfjs-dist\legacy\build\pdf.js
2026-06-10 14:11:29: - C:\Users\joshu\OneDrive\Documents\dnd\00 - Campaigns\Northwatch Wardens - (HomeBrew)\web\lib\pdf-indexer.js
2026-06-10 14:11:29: - C:\Users\joshu\OneDrive\Documents\dnd\00 - Campaigns\Northwatch Wardens - (HomeBrew)\web\server.js".
2026-06-10 14:11:29: Warning: Cannot polyfill `Path2D`, rendering may be broken: "Error: Cannot find module 'canvas'
2026-06-10 14:11:29: Require stack:
2026-06-10 14:11:29: - C:\Users\joshu\OneDrive\Documents\dnd\00 - Campaigns\Northwatch Wardens - (HomeBrew)\web\node_modules\pdfjs-dist\legacy\build\pdf.js
2026-06-10 14:11:29: - C:\Users\joshu\OneDrive\Documents\dnd\00 - Campaigns\Northwatch Wardens - (HomeBrew)\web\lib\pdf-indexer.js
2026-06-10 14:11:29: - C:\Users\joshu\OneDrive\Documents\dnd\00 - Campaigns\Northwatch Wardens - (HomeBrew)\web\server.js".
2026-06-10 14:11:32: Warning: Cannot polyfill `DOMMatrix`, rendering may be broken: "Error: Cannot find module 'canvas'
2026-06-10 14:11:32: Require stack:
2026-06-10 14:11:32: - C:\Users\joshu\OneDrive\Documents\dnd\00 - Campaigns\Northwatch Wardens - (HomeBrew)\web\node_modules\pdfjs-dist\legacy\build\pdf.js
2026-06-10 14:11:32: - C:\Users\joshu\OneDrive\Documents\dnd\00 - Campaigns\Northwatch Wardens - (HomeBrew)\web\lib\pdf-indexer.js
2026-06-10 14:11:32: - C:\Users\joshu\OneDrive\Documents\dnd\00 - Campaigns\Northwatch Wardens - (HomeBrew)\web\server.js".
2026-06-10 14:11:32: Warning: Cannot polyfill `Path2D`, rendering may be broken: "Error: Cannot find module 'canvas'
2026-06-10 14:11:32: Require stack:
2026-06-10 14:11:32: - C:\Users\joshu\OneDrive\Documents\dnd\00 - Campaigns\Northwatch Wardens - (HomeBrew)\web\node_modules\pdfjs-dist\legacy\build\pdf.js
2026-06-10 14:11:32: - C:\Users\joshu\OneDrive\Documents\dnd\00 - Campaigns\Northwatch Wardens - (HomeBrew)\web\lib\pdf-indexer.js
2026-06-10 14:11:32: - C:\Users\joshu\OneDrive\Documents\dnd\00 - Campaigns\Northwatch Wardens - (HomeBrew)\web\server.js".
2026-06-10 14:11:35: Warning: Cannot polyfill `DOMMatrix`, rendering may be broken: "Error: Cannot find module 'canvas'
2026-06-10 14:11:35: Require stack:
2026-06-10 14:11:35: - C:\Users\joshu\OneDrive\Documents\dnd\00 - Campaigns\Northwatch Wardens - (HomeBrew)\web\node_modules\pdfjs-dist\legacy\build\pdf.js
2026-06-10 14:11:35: - C:\Users\joshu\OneDrive\Documents\dnd\00 - Campaigns\Northwatch Wardens - (HomeBrew)\web\lib\pdf-indexer.js
2026-06-10 14:11:35: - C:\Users\joshu\OneDrive\Documents\dnd\00 - Campaigns\Northwatch Wardens - (HomeBrew)\web\server.js".
2026-06-10 14:11:35: Warning: Cannot polyfill `Path2D`, rendering may be broken: "Error: Cannot find module 'canvas'
2026-06-10 14:11:35: Require stack:
2026-06-10 14:11:35: - C:\Users\joshu\OneDrive\Documents\dnd\00 - Campaigns\Northwatch Wardens - (HomeBrew)\web\node_modules\pdfjs-dist\legacy\build\pdf.js
2026-06-10 14:11:35: - C:\Users\joshu\OneDrive\Documents\dnd\00 - Campaigns\Northwatch Wardens - (HomeBrew)\web\lib\pdf-indexer.js
2026-06-10 14:11:35: - C:\Users\joshu\OneDrive\Documents\dnd\00 - Campaigns\Northwatch Wardens - (HomeBrew)\web\server.js".
2026-06-10 14:11:39: Warning: Cannot polyfill `DOMMatrix`, rendering may be broken: "Error: Cannot find module 'canvas'
2026-06-10 14:11:39: Require stack:
2026-06-10 14:11:39: - C:\Users\joshu\OneDrive\Documents\dnd\00 - Campaigns\Northwatch Wardens - (HomeBrew)\web\node_modules\pdfjs-dist\legacy\build\pdf.js
2026-06-10 14:11:39: - C:\Users\joshu\OneDrive\Documents\dnd\00 - Campaigns\Northwatch Wardens - (HomeBrew)\web\lib\pdf-indexer.js
2026-06-10 14:11:39: - C:\Users\joshu\OneDrive\Documents\dnd\00 - Campaigns\Northwatch Wardens - (HomeBrew)\web\server.js".
2026-06-10 14:11:39: Warning: Cannot polyfill `Path2D`, rendering may be broken: "Error: Cannot find module 'canvas'
2026-06-10 14:11:39: Require stack:
2026-06-10 14:11:39: - C:\Users\joshu\OneDrive\Documents\dnd\00 - Campaigns\Northwatch Wardens - (HomeBrew)\web\node_modules\pdfjs-dist\legacy\build\pdf.js
2026-06-10 14:11:39: - C:\Users\joshu\OneDrive\Documents\dnd\00 - Campaigns\Northwatch Wardens - (HomeBrew)\web\lib\pdf-indexer.js
2026-06-10 14:11:39: - C:\Users\joshu\OneDrive\Documents\dnd\00 - Campaigns\Northwatch Wardens - (HomeBrew)\web\server.js".
2026-06-10 14:11:41: Warning: Cannot polyfill `DOMMatrix`, rendering may be broken: "Error: Cannot find module 'canvas'
2026-06-10 14:11:41: Require stack:
2026-06-10 14:11:41: - C:\Users\joshu\OneDrive\Documents\dnd\00 - Campaigns\Northwatch Wardens - (HomeBrew)\web\node_modules\pdfjs-dist\legacy\build\pdf.js
2026-06-10 14:11:41: - C:\Users\joshu\OneDrive\Documents\dnd\00 - Campaigns\Northwatch Wardens - (HomeBrew)\web\lib\pdf-indexer.js
2026-06-10 14:11:41: - C:\Users\joshu\OneDrive\Documents\dnd\00 - Campaigns\Northwatch Wardens - (HomeBrew)\web\server.js".
2026-06-10 14:11:41: Warning: Cannot polyfill `Path2D`, rendering may be broken: "Error: Cannot find module 'canvas'
2026-06-10 14:11:41: Require stack:
2026-06-10 14:11:41: - C:\Users\joshu\OneDrive\Documents\dnd\00 - Campaigns\Northwatch Wardens - (HomeBrew)\web\node_modules\pdfjs-dist\legacy\build\pdf.js
2026-06-10 14:11:41: - C:\Users\joshu\OneDrive\Documents\dnd\00 - Campaigns\Northwatch Wardens - (HomeBrew)\web\lib\pdf-indexer.js
2026-06-10 14:11:41: - C:\Users\joshu\OneDrive\Documents\dnd\00 - Campaigns\Northwatch Wardens - (HomeBrew)\web\server.js".
2026-06-10 14:11:44: Warning: Cannot polyfill `DOMMatrix`, rendering may be broken: "Error: Cannot find module 'canvas'
2026-06-10 14:11:44: Require stack:
2026-06-10 14:11:44: - C:\Users\joshu\OneDrive\Documents\dnd\00 - Campaigns\Northwatch Wardens - (HomeBrew)\web\node_modules\pdfjs-dist\legacy\build\pdf.js
2026-06-10 14:11:44: - C:\Users\joshu\OneDrive\Documents\dnd\00 - Campaigns\Northwatch Wardens - (HomeBrew)\web\lib\pdf-indexer.js
2026-06-10 14:11:44: - C:\Users\joshu\OneDrive\Documents\dnd\00 - Campaigns\Northwatch Wardens - (HomeBrew)\web\server.js".
2026-06-10 14:11:44: Warning: Cannot polyfill `Path2D`, rendering may be broken: "Error: Cannot find module 'canvas'
2026-06-10 14:11:44: Require stack:
2026-06-10 14:11:44: - C:\Users\joshu\OneDrive\Documents\dnd\00 - Campaigns\Northwatch Wardens - (HomeBrew)\web\node_modules\pdfjs-dist\legacy\build\pdf.js
2026-06-10 14:11:44: - C:\Users\joshu\OneDrive\Documents\dnd\00 - Campaigns\Northwatch Wardens - (HomeBrew)\web\lib\pdf-indexer.js
2026-06-10 14:11:44: - C:\Users\joshu\OneDrive\Documents\dnd\00 - Campaigns\Northwatch Wardens - (HomeBrew)\web\server.js".
2026-06-10 14:11:47: Warning: Cannot polyfill `DOMMatrix`, rendering may be broken: "Error: Cannot find module 'canvas'
2026-06-10 14:11:47: Require stack:
2026-06-10 14:11:47: - C:\Users\joshu\OneDrive\Documents\dnd\00 - Campaigns\Northwatch Wardens - (HomeBrew)\web\node_modules\pdfjs-dist\legacy\build\pdf.js
2026-06-10 14:11:47: - C:\Users\joshu\OneDrive\Documents\dnd\00 - Campaigns\Northwatch Wardens - (HomeBrew)\web\lib\pdf-indexer.js
2026-06-10 14:11:47: - C:\Users\joshu\OneDrive\Documents\dnd\00 - Campaigns\Northwatch Wardens - (HomeBrew)\web\server.js".
2026-06-10 14:11:47: Warning: Cannot polyfill `Path2D`, rendering may be broken: "Error: Cannot find module 'canvas'
2026-06-10 14:11:47: Require stack:
2026-06-10 14:11:47: - C:\Users\joshu\OneDrive\Documents\dnd\00 - Campaigns\Northwatch Wardens - (HomeBrew)\web\node_modules\pdfjs-dist\legacy\build\pdf.js
2026-06-10 14:11:47: - C:\Users\joshu\OneDrive\Documents\dnd\00 - Campaigns\Northwatch Wardens - (HomeBrew)\web\lib\pdf-indexer.js
2026-06-10 14:11:47: - C:\Users\joshu\OneDrive\Documents\dnd\00 - Campaigns\Northwatch Wardens - (HomeBrew)\web\server.js".
2026-06-10 14:11:49: Warning: Cannot polyfill `DOMMatrix`, rendering may be broken: "Error: Cannot find module 'canvas'
2026-06-10 14:11:49: Require stack:
2026-06-10 14:11:49: - C:\Users\joshu\OneDrive\Documents\dnd\00 - Campaigns\Northwatch Wardens - (HomeBrew)\web\node_modules\pdfjs-dist\legacy\build\pdf.js
2026-06-10 14:11:49: - C:\Users\joshu\OneDrive\Documents\dnd\00 - Campaigns\Northwatch Wardens - (HomeBrew)\web\lib\pdf-indexer.js
2026-06-10 14:11:49: - C:\Users\joshu\OneDrive\Documents\dnd\00 - Campaigns\Northwatch Wardens - (HomeBrew)\web\server.js".
2026-06-10 14:11:49: Warning: Cannot polyfill `Path2D`, rendering may be broken: "Error: Cannot find module 'canvas'
2026-06-10 14:11:49: Require stack:
2026-06-10 14:11:49: - C:\Users\joshu\OneDrive\Documents\dnd\00 - Campaigns\Northwatch Wardens - (HomeBrew)\web\node_modules\pdfjs-dist\legacy\build\pdf.js
2026-06-10 14:11:49: - C:\Users\joshu\OneDrive\Documents\dnd\00 - Campaigns\Northwatch Wardens - (HomeBrew)\web\lib\pdf-indexer.js
2026-06-10 14:11:49: - C:\Users\joshu\OneDrive\Documents\dnd\00 - Campaigns\Northwatch Wardens - (HomeBrew)\web\server.js".
2026-06-10 14:11:52: Warning: Cannot polyfill `DOMMatrix`, rendering may be broken: "Error: Cannot find module 'canvas'
2026-06-10 14:11:52: Require stack:
2026-06-10 14:11:52: - C:\Users\joshu\OneDrive\Documents\dnd\00 - Campaigns\Northwatch Wardens - (HomeBrew)\web\node_modules\pdfjs-dist\legacy\build\pdf.js
2026-06-10 14:11:52: - C:\Users\joshu\OneDrive\Documents\dnd\00 - Campaigns\Northwatch Wardens - (HomeBrew)\web\lib\pdf-indexer.js
2026-06-10 14:11:52: - C:\Users\joshu\OneDrive\Documents\dnd\00 - Campaigns\Northwatch Wardens - (HomeBrew)\web\server.js".
2026-06-10 14:11:52: Warning: Cannot polyfill `Path2D`, rendering may be broken: "Error: Cannot find module 'canvas'
2026-06-10 14:11:52: Require stack:
2026-06-10 14:11:52: - C:\Users\joshu\OneDrive\Documents\dnd\00 - Campaigns\Northwatch Wardens - (HomeBrew)\web\node_modules\pdfjs-dist\legacy\build\pdf.js
2026-06-10 14:11:52: - C:\Users\joshu\OneDrive\Documents\dnd\00 - Campaigns\Northwatch Wardens - (HomeBrew)\web\lib\pdf-indexer.js
2026-06-10 14:11:52: - C:\Users\joshu\OneDrive\Documents\dnd\00 - Campaigns\Northwatch Wardens - (HomeBrew)\web\server.js".
2026-06-10 14:11:55: Warning: Cannot polyfill `DOMMatrix`, rendering may be broken: "Error: Cannot find module 'canvas'
2026-06-10 14:11:55: Require stack:
2026-06-10 14:11:55: - C:\Users\joshu\OneDrive\Documents\dnd\00 - Campaigns\Northwatch Wardens - (HomeBrew)\web\node_modules\pdfjs-dist\legacy\build\pdf.js
2026-06-10 14:11:55: - C:\Users\joshu\OneDrive\Documents\dnd\00 - Campaigns\Northwatch Wardens - (HomeBrew)\web\lib\pdf-indexer.js
2026-06-10 14:11:55: - C:\Users\joshu\OneDrive\Documents\dnd\00 - Campaigns\Northwatch Wardens - (HomeBrew)\web\server.js".
2026-06-10 14:11:55: Warning: Cannot polyfill `Path2D`, rendering may be broken: "Error: Cannot find module 'canvas'
2026-06-10 14:11:55: Require stack:
2026-06-10 14:11:55: - C:\Users\joshu\OneDrive\Documents\dnd\00 - Campaigns\Northwatch Wardens - (HomeBrew)\web\node_modules\pdfjs-dist\legacy\build\pdf.js
2026-06-10 14:11:55: - C:\Users\joshu\OneDrive\Documents\dnd\00 - Campaigns\Northwatch Wardens - (HomeBrew)\web\lib\pdf-indexer.js
2026-06-10 14:11:55: - C:\Users\joshu\OneDrive\Documents\dnd\00 - Campaigns\Northwatch Wardens - (HomeBrew)\web\server.js".
2026-06-10 14:12:00: Warning: Cannot polyfill `DOMMatrix`, rendering may be broken: "Error: Cannot find module 'canvas'
2026-06-10 14:12:00: Require stack:
2026-06-10 14:12:00: - C:\Users\joshu\OneDrive\Documents\dnd\00 - Campaigns\Northwatch Wardens - (HomeBrew)\web\node_modules\pdfjs-dist\legacy\build\pdf.js
2026-06-10 14:12:00: - C:\Users\joshu\OneDrive\Documents\dnd\00 - Campaigns\Northwatch Wardens - (HomeBrew)\web\lib\pdf-indexer.js
2026-06-10 14:12:00: - C:\Users\joshu\OneDrive\Documents\dnd\00 - Campaigns\Northwatch Wardens - (HomeBrew)\web\server.js".
2026-06-10 14:12:00: Warning: Cannot polyfill `Path2D`, rendering may be broken: "Error: Cannot find module 'canvas'
2026-06-10 14:12:00: Require stack:
2026-06-10 14:12:00: - C:\Users\joshu\OneDrive\Documents\dnd\00 - Campaigns\Northwatch Wardens - (HomeBrew)\web\node_modules\pdfjs-dist\legacy\build\pdf.js
2026-06-10 14:12:00: - C:\Users\joshu\OneDrive\Documents\dnd\00 - Campaigns\Northwatch Wardens - (HomeBrew)\web\lib\pdf-indexer.js
2026-06-10 14:12:00: - C:\Users\joshu\OneDrive\Documents\dnd\00 - Campaigns\Northwatch Wardens - (HomeBrew)\web\server.js".
2026-06-10 14:12:04: Warning: Cannot polyfill `DOMMatrix`, rendering may be broken: "Error: Cannot find module 'canvas'
2026-06-10 14:12:04: Require stack:
2026-06-10 14:12:04: - C:\Users\joshu\OneDrive\Documents\dnd\00 - Campaigns\Northwatch Wardens - (HomeBrew)\web\node_modules\pdfjs-dist\legacy\build\pdf.js
2026-06-10 14:12:04: - C:\Users\joshu\OneDrive\Documents\dnd\00 - Campaigns\Northwatch Wardens - (HomeBrew)\web\lib\pdf-indexer.js
2026-06-10 14:12:04: - C:\Users\joshu\OneDrive\Documents\dnd\00 - Campaigns\Northwatch Wardens - (HomeBrew)\web\server.js".
2026-06-10 14:12:04: Warning: Cannot polyfill `Path2D`, rendering may be broken: "Error: Cannot find module 'canvas'
2026-06-10 14:12:04: Require stack:
2026-06-10 14:12:04: - C:\Users\joshu\OneDrive\Documents\dnd\00 - Campaigns\Northwatch Wardens - (HomeBrew)\web\node_modules\pdfjs-dist\legacy\build\pdf.js
2026-06-10 14:12:04: - C:\Users\joshu\OneDrive\Documents\dnd\00 - Campaigns\Northwatch Wardens - (HomeBrew)\web\lib\pdf-indexer.js
2026-06-10 14:12:04: - C:\Users\joshu\OneDrive\Documents\dnd\00 - Campaigns\Northwatch Wardens - (HomeBrew)\web\server.js".
2026-06-10 14:12:09: Warning: Cannot polyfill `DOMMatrix`, rendering may be broken: "Error: Cannot find module 'canvas'
2026-06-10 14:12:09: Require stack:
2026-06-10 14:12:09: - C:\Users\joshu\OneDrive\Documents\dnd\00 - Campaigns\Northwatch Wardens - (HomeBrew)\web\node_modules\pdfjs-dist\legacy\build\pdf.js
2026-06-10 14:12:09: - C:\Users\joshu\OneDrive\Documents\dnd\00 - Campaigns\Northwatch Wardens - (HomeBrew)\web\lib\pdf-indexer.js
2026-06-10 14:12:09: - C:\Users\joshu\OneDrive\Documents\dnd\00 - Campaigns\Northwatch Wardens - (HomeBrew)\web\server.js".
2026-06-10 14:12:09: Warning: Cannot polyfill `Path2D`, rendering may be broken: "Error: Cannot find module 'canvas'
2026-06-10 14:12:09: Require stack:
2026-06-10 14:12:09: - C:\Users\joshu\OneDrive\Documents\dnd\00 - Campaigns\Northwatch Wardens - (HomeBrew)\web\node_modules\pdfjs-dist\legacy\build\pdf.js
2026-06-10 14:12:09: - C:\Users\joshu\OneDrive\Documents\dnd\00 - Campaigns\Northwatch Wardens - (HomeBrew)\web\lib\pdf-indexer.js
2026-06-10 14:12:09: - C:\Users\joshu\OneDrive\Documents\dnd\00 - Campaigns\Northwatch Wardens - (HomeBrew)\web\server.js".
2026-06-10 14:12:14: Warning: Cannot polyfill `DOMMatrix`, rendering may be broken: "Error: Cannot find module 'canvas'
2026-06-10 14:12:14: Require stack:
2026-06-10 14:12:14: - C:\Users\joshu\OneDrive\Documents\dnd\00 - Campaigns\Northwatch Wardens - (HomeBrew)\web\node_modules\pdfjs-dist\legacy\build\pdf.js
2026-06-10 14:12:14: - C:\Users\joshu\OneDrive\Documents\dnd\00 - Campaigns\Northwatch Wardens - (HomeBrew)\web\lib\pdf-indexer.js
2026-06-10 14:12:14: - C:\Users\joshu\OneDrive\Documents\dnd\00 - Campaigns\Northwatch Wardens - (HomeBrew)\web\server.js".
2026-06-10 14:12:14: Warning: Cannot polyfill `Path2D`, rendering may be broken: "Error: Cannot find module 'canvas'
2026-06-10 14:12:14: Require stack:
2026-06-10 14:12:14: - C:\Users\joshu\OneDrive\Documents\dnd\00 - Campaigns\Northwatch Wardens - (HomeBrew)\web\node_modules\pdfjs-dist\legacy\build\pdf.js
2026-06-10 14:12:14: - C:\Users\joshu\OneDrive\Documents\dnd\00 - Campaigns\Northwatch Wardens - (HomeBrew)\web\lib\pdf-indexer.js
2026-06-10 14:12:14: - C:\Users\joshu\OneDrive\Documents\dnd\00 - Campaigns\Northwatch Wardens - (HomeBrew)\web\server.js".
2026-06-10 14:12:19: Warning: Cannot polyfill `DOMMatrix`, rendering may be broken: "Error: Cannot find module 'canvas'
2026-06-10 14:12:19: Require stack:
2026-06-10 14:12:19: - C:\Users\joshu\OneDrive\Documents\dnd\00 - Campaigns\Northwatch Wardens - (HomeBrew)\web\node_modules\pdfjs-dist\legacy\build\pdf.js
2026-06-10 14:12:19: - C:\Users\joshu\OneDrive\Documents\dnd\00 - Campaigns\Northwatch Wardens - (HomeBrew)\web\lib\pdf-indexer.js
2026-06-10 14:12:19: - C:\Users\joshu\OneDrive\Documents\dnd\00 - Campaigns\Northwatch Wardens - (HomeBrew)\web\server.js".
2026-06-10 14:12:19: Warning: Cannot polyfill `Path2D`, rendering may be broken: "Error: Cannot find module 'canvas'
2026-06-10 14:12:19: Require stack:
2026-06-10 14:12:19: - C:\Users\joshu\OneDrive\Documents\dnd\00 - Campaigns\Northwatch Wardens - (HomeBrew)\web\node_modules\pdfjs-dist\legacy\build\pdf.js
2026-06-10 14:12:19: - C:\Users\joshu\OneDrive\Documents\dnd\00 - Campaigns\Northwatch Wardens - (HomeBrew)\web\lib\pdf-indexer.js
2026-06-10 14:12:19: - C:\Users\joshu\OneDrive\Documents\dnd\00 - Campaigns\Northwatch Wardens - (HomeBrew)\web\server.js".
2026-06-10 14:12:23: Warning: Cannot polyfill `DOMMatrix`, rendering may be broken: "Error: Cannot find module 'canvas'
2026-06-10 14:12:23: Require stack:
2026-06-10 14:12:23: - C:\Users\joshu\OneDrive\Documents\dnd\00 - Campaigns\Northwatch Wardens - (HomeBrew)\web\node_modules\pdfjs-dist\legacy\build\pdf.js
2026-06-10 14:12:23: - C:\Users\joshu\OneDrive\Documents\dnd\00 - Campaigns\Northwatch Wardens - (HomeBrew)\web\lib\pdf-indexer.js
2026-06-10 14:12:23: - C:\Users\joshu\OneDrive\Documents\dnd\00 - Campaigns\Northwatch Wardens - (HomeBrew)\web\server.js".
2026-06-10 14:12:23: Warning: Cannot polyfill `Path2D`, rendering may be broken: "Error: Cannot find module 'canvas'
2026-06-10 14:12:23: Require stack:
2026-06-10 14:12:23: - C:\Users\joshu\OneDrive\Documents\dnd\00 - Campaigns\Northwatch Wardens - (HomeBrew)\web\node_modules\pdfjs-dist\legacy\build\pdf.js
2026-06-10 14:12:23: - C:\Users\joshu\OneDrive\Documents\dnd\00 - Campaigns\Northwatch Wardens - (HomeBrew)\web\lib\pdf-indexer.js
2026-06-10 14:12:23: - C:\Users\joshu\OneDrive\Documents\dnd\00 - Campaigns\Northwatch Wardens - (HomeBrew)\web\server.js".
2026-06-10 14:12:26: Warning: Cannot polyfill `DOMMatrix`, rendering may be broken: "Error: Cannot find module 'canvas'
2026-06-10 14:12:26: Require stack:
2026-06-10 14:12:26: - C:\Users\joshu\OneDrive\Documents\dnd\00 - Campaigns\Northwatch Wardens - (HomeBrew)\web\node_modules\pdfjs-dist\legacy\build\pdf.js
2026-06-10 14:12:26: - C:\Users\joshu\OneDrive\Documents\dnd\00 - Campaigns\Northwatch Wardens - (HomeBrew)\web\lib\pdf-indexer.js
2026-06-10 14:12:26: - C:\Users\joshu\OneDrive\Documents\dnd\00 - Campaigns\Northwatch Wardens - (HomeBrew)\web\server.js".
2026-06-10 14:12:26: Warning: Cannot polyfill `Path2D`, rendering may be broken: "Error: Cannot find module 'canvas'
2026-06-10 14:12:26: Require stack:
2026-06-10 14:12:26: - C:\Users\joshu\OneDrive\Documents\dnd\00 - Campaigns\Northwatch Wardens - (HomeBrew)\web\node_modules\pdfjs-dist\legacy\build\pdf.js
2026-06-10 14:12:26: - C:\Users\joshu\OneDrive\Documents\dnd\00 - Campaigns\Northwatch Wardens - (HomeBrew)\web\lib\pdf-indexer.js
2026-06-10 14:12:26: - C:\Users\joshu\OneDrive\Documents\dnd\00 - Campaigns\Northwatch Wardens - (HomeBrew)\web\server.js".
2026-06-10 14:12:30: Warning: Cannot polyfill `DOMMatrix`, rendering may be broken: "Error: Cannot find module 'canvas'
2026-06-10 14:12:30: Require stack:
2026-06-10 14:12:30: - C:\Users\joshu\OneDrive\Documents\dnd\00 - Campaigns\Northwatch Wardens - (HomeBrew)\web\node_modules\pdfjs-dist\legacy\build\pdf.js
2026-06-10 14:12:30: - C:\Users\joshu\OneDrive\Documents\dnd\00 - Campaigns\Northwatch Wardens - (HomeBrew)\web\lib\pdf-indexer.js
2026-06-10 14:12:30: - C:\Users\joshu\OneDrive\Documents\dnd\00 - Campaigns\Northwatch Wardens - (HomeBrew)\web\server.js".
2026-06-10 14:12:30: Warning: Cannot polyfill `Path2D`, rendering may be broken: "Error: Cannot find module 'canvas'
2026-06-10 14:12:30: Require stack:
2026-06-10 14:12:30: - C:\Users\joshu\OneDrive\Documents\dnd\00 - Campaigns\Northwatch Wardens - (HomeBrew)\web\node_modules\pdfjs-dist\legacy\build\pdf.js
2026-06-10 14:12:30: - C:\Users\joshu\OneDrive\Documents\dnd\00 - Campaigns\Northwatch Wardens - (HomeBrew)\web\lib\pdf-indexer.js
2026-06-10 14:12:30: - C:\Users\joshu\OneDrive\Documents\dnd\00 - Campaigns\Northwatch Wardens - (HomeBrew)\web\server.js".
2026-06-10 14:12:33: Warning: Cannot polyfill `DOMMatrix`, rendering may be broken: "Error: Cannot find module 'canvas'
2026-06-10 14:12:33: Require stack:
2026-06-10 14:12:33: - C:\Users\joshu\OneDrive\Documents\dnd\00 - Campaigns\Northwatch Wardens - (HomeBrew)\web\node_modules\pdfjs-dist\legacy\build\pdf.js
2026-06-10 14:12:33: - C:\Users\joshu\OneDrive\Documents\dnd\00 - Campaigns\Northwatch Wardens - (HomeBrew)\web\lib\pdf-indexer.js
2026-06-10 14:12:33: - C:\Users\joshu\OneDrive\Documents\dnd\00 - Campaigns\Northwatch Wardens - (HomeBrew)\web\server.js".
2026-06-10 14:12:33: Warning: Cannot polyfill `Path2D`, rendering may be broken: "Error: Cannot find module 'canvas'
2026-06-10 14:12:33: Require stack:
2026-06-10 14:12:33: - C:\Users\joshu\OneDrive\Documents\dnd\00 - Campaigns\Northwatch Wardens - (HomeBrew)\web\node_modules\pdfjs-dist\legacy\build\pdf.js
2026-06-10 14:12:33: - C:\Users\joshu\OneDrive\Documents\dnd\00 - Campaigns\Northwatch Wardens - (HomeBrew)\web\lib\pdf-indexer.js
2026-06-10 14:12:33: - C:\Users\joshu\OneDrive\Documents\dnd\00 - Campaigns\Northwatch Wardens - (HomeBrew)\web\server.js".
2026-06-10 14:12:36: Warning: Cannot polyfill `DOMMatrix`, rendering may be broken: "Error: Cannot find module 'canvas'
2026-06-10 14:12:36: Require stack:
2026-06-10 14:12:36: - C:\Users\joshu\OneDrive\Documents\dnd\00 - Campaigns\Northwatch Wardens - (HomeBrew)\web\node_modules\pdfjs-dist\legacy\build\pdf.js
2026-06-10 14:12:36: - C:\Users\joshu\OneDrive\Documents\dnd\00 - Campaigns\Northwatch Wardens - (HomeBrew)\web\lib\pdf-indexer.js
2026-06-10 14:12:36: - C:\Users\joshu\OneDrive\Documents\dnd\00 - Campaigns\Northwatch Wardens - (HomeBrew)\web\server.js".
2026-06-10 14:12:36: Warning: Cannot polyfill `Path2D`, rendering may be broken: "Error: Cannot find module 'canvas'
2026-06-10 14:12:36: Require stack:
2026-06-10 14:12:36: - C:\Users\joshu\OneDrive\Documents\dnd\00 - Campaigns\Northwatch Wardens - (HomeBrew)\web\node_modules\pdfjs-dist\legacy\build\pdf.js
2026-06-10 14:12:36: - C:\Users\joshu\OneDrive\Documents\dnd\00 - Campaigns\Northwatch Wardens - (HomeBrew)\web\lib\pdf-indexer.js
2026-06-10 14:12:36: - C:\Users\joshu\OneDrive\Documents\dnd\00 - Campaigns\Northwatch Wardens - (HomeBrew)\web\server.js".
2026-06-10 14:12:40: Warning: Cannot polyfill `DOMMatrix`, rendering may be broken: "Error: Cannot find module 'canvas'
2026-06-10 14:12:40: Require stack:
2026-06-10 14:12:40: - C:\Users\joshu\OneDrive\Documents\dnd\00 - Campaigns\Northwatch Wardens - (HomeBrew)\web\node_modules\pdfjs-dist\legacy\build\pdf.js
2026-06-10 14:12:40: - C:\Users\joshu\OneDrive\Documents\dnd\00 - Campaigns\Northwatch Wardens - (HomeBrew)\web\lib\pdf-indexer.js
2026-06-10 14:12:40: - C:\Users\joshu\OneDrive\Documents\dnd\00 - Campaigns\Northwatch Wardens - (HomeBrew)\web\server.js".
2026-06-10 14:12:40: Warning: Cannot polyfill `Path2D`, rendering may be broken: "Error: Cannot find module 'canvas'
2026-06-10 14:12:40: Require stack:
2026-06-10 14:12:40: - C:\Users\joshu\OneDrive\Documents\dnd\00 - Campaigns\Northwatch Wardens - (HomeBrew)\web\node_modules\pdfjs-dist\legacy\build\pdf.js
2026-06-10 14:12:40: - C:\Users\joshu\OneDrive\Documents\dnd\00 - Campaigns\Northwatch Wardens - (HomeBrew)\web\lib\pdf-indexer.js
2026-06-10 14:12:40: - C:\Users\joshu\OneDrive\Documents\dnd\00 - Campaigns\Northwatch Wardens - (HomeBrew)\web\server.js".
2026-06-10 14:12:43: Warning: Cannot polyfill `DOMMatrix`, rendering may be broken: "Error: Cannot find module 'canvas'
2026-06-10 14:12:43: Require stack:
2026-06-10 14:12:43: - C:\Users\joshu\OneDrive\Documents\dnd\00 - Campaigns\Northwatch Wardens - (HomeBrew)\web\node_modules\pdfjs-dist\legacy\build\pdf.js
2026-06-10 14:12:43: - C:\Users\joshu\OneDrive\Documents\dnd\00 - Campaigns\Northwatch Wardens - (HomeBrew)\web\lib\pdf-indexer.js
2026-06-10 14:12:43: - C:\Users\joshu\OneDrive\Documents\dnd\00 - Campaigns\Northwatch Wardens - (HomeBrew)\web\server.js".
2026-06-10 14:12:43: Warning: Cannot polyfill `Path2D`, rendering may be broken: "Error: Cannot find module 'canvas'
2026-06-10 14:12:43: Require stack:
2026-06-10 14:12:43: - C:\Users\joshu\OneDrive\Documents\dnd\00 - Campaigns\Northwatch Wardens - (HomeBrew)\web\node_modules\pdfjs-dist\legacy\build\pdf.js
2026-06-10 14:12:43: - C:\Users\joshu\OneDrive\Documents\dnd\00 - Campaigns\Northwatch Wardens - (HomeBrew)\web\lib\pdf-indexer.js
2026-06-10 14:12:43: - C:\Users\joshu\OneDrive\Documents\dnd\00 - Campaigns\Northwatch Wardens - (HomeBrew)\web\server.js".
2026-06-10 14:12:47: Warning: Cannot polyfill `DOMMatrix`, rendering may be broken: "Error: Cannot find module 'canvas'
2026-06-10 14:12:47: Require stack:
2026-06-10 14:12:47: - C:\Users\joshu\OneDrive\Documents\dnd\00 - Campaigns\Northwatch Wardens - (HomeBrew)\web\node_modules\pdfjs-dist\legacy\build\pdf.js
2026-06-10 14:12:47: - C:\Users\joshu\OneDrive\Documents\dnd\00 - Campaigns\Northwatch Wardens - (HomeBrew)\web\lib\pdf-indexer.js
2026-06-10 14:12:47: - C:\Users\joshu\OneDrive\Documents\dnd\00 - Campaigns\Northwatch Wardens - (HomeBrew)\web\server.js".
2026-06-10 14:12:47: Warning: Cannot polyfill `Path2D`, rendering may be broken: "Error: Cannot find module 'canvas'
2026-06-10 14:12:47: Require stack:
2026-06-10 14:12:47: - C:\Users\joshu\OneDrive\Documents\dnd\00 - Campaigns\Northwatch Wardens - (HomeBrew)\web\node_modules\pdfjs-dist\legacy\build\pdf.js
2026-06-10 14:12:47: - C:\Users\joshu\OneDrive\Documents\dnd\00 - Campaigns\Northwatch Wardens - (HomeBrew)\web\lib\pdf-indexer.js
2026-06-10 14:12:47: - C:\Users\joshu\OneDrive\Documents\dnd\00 - Campaigns\Northwatch Wardens - (HomeBrew)\web\server.js".
2026-06-10 14:12:51: Warning: Cannot polyfill `DOMMatrix`, rendering may be broken: "Error: Cannot find module 'canvas'
2026-06-10 14:12:51: Require stack:
2026-06-10 14:12:51: - C:\Users\joshu\OneDrive\Documents\dnd\00 - Campaigns\Northwatch Wardens - (HomeBrew)\web\node_modules\pdfjs-dist\legacy\build\pdf.js
2026-06-10 14:12:51: - C:\Users\joshu\OneDrive\Documents\dnd\00 - Campaigns\Northwatch Wardens - (HomeBrew)\web\lib\pdf-indexer.js
2026-06-10 14:12:51: - C:\Users\joshu\OneDrive\Documents\dnd\00 - Campaigns\Northwatch Wardens - (HomeBrew)\web\server.js".
2026-06-10 14:12:51: Warning: Cannot polyfill `Path2D`, rendering may be broken: "Error: Cannot find module 'canvas'
2026-06-10 14:12:51: Require stack:
2026-06-10 14:12:51: - C:\Users\joshu\OneDrive\Documents\dnd\00 - Campaigns\Northwatch Wardens - (HomeBrew)\web\node_modules\pdfjs-dist\legacy\build\pdf.js
2026-06-10 14:12:51: - C:\Users\joshu\OneDrive\Documents\dnd\00 - Campaigns\Northwatch Wardens - (HomeBrew)\web\lib\pdf-indexer.js
2026-06-10 14:12:51: - C:\Users\joshu\OneDrive\Documents\dnd\00 - Campaigns\Northwatch Wardens - (HomeBrew)\web\server.js".
2026-06-10 14:12:53: Warning: Cannot polyfill `DOMMatrix`, rendering may be broken: "Error: Cannot find module 'canvas'
2026-06-10 14:12:53: Require stack:
2026-06-10 14:12:53: - C:\Users\joshu\OneDrive\Documents\dnd\00 - Campaigns\Northwatch Wardens - (HomeBrew)\web\node_modules\pdfjs-dist\legacy\build\pdf.js
2026-06-10 14:12:53: - C:\Users\joshu\OneDrive\Documents\dnd\00 - Campaigns\Northwatch Wardens - (HomeBrew)\web\lib\pdf-indexer.js
2026-06-10 14:12:53: - C:\Users\joshu\OneDrive\Documents\dnd\00 - Campaigns\Northwatch Wardens - (HomeBrew)\web\server.js".
2026-06-10 14:12:53: Warning: Cannot polyfill `Path2D`, rendering may be broken: "Error: Cannot find module 'canvas'
2026-06-10 14:12:53: Require stack:
2026-06-10 14:12:53: - C:\Users\joshu\OneDrive\Documents\dnd\00 - Campaigns\Northwatch Wardens - (HomeBrew)\web\node_modules\pdfjs-dist\legacy\build\pdf.js
2026-06-10 14:12:53: - C:\Users\joshu\OneDrive\Documents\dnd\00 - Campaigns\Northwatch Wardens - (HomeBrew)\web\lib\pdf-indexer.js
2026-06-10 14:12:53: - C:\Users\joshu\OneDrive\Documents\dnd\00 - Campaigns\Northwatch Wardens - (HomeBrew)\web\server.js".
2026-06-10 14:12:56: Warning: Cannot polyfill `DOMMatrix`, rendering may be broken: "Error: Cannot find module 'canvas'
2026-06-10 14:12:56: Require stack:
2026-06-10 14:12:56: - C:\Users\joshu\OneDrive\Documents\dnd\00 - Campaigns\Northwatch Wardens - (HomeBrew)\web\node_modules\pdfjs-dist\legacy\build\pdf.js
2026-06-10 14:12:56: - C:\Users\joshu\OneDrive\Documents\dnd\00 - Campaigns\Northwatch Wardens - (HomeBrew)\web\lib\pdf-indexer.js
2026-06-10 14:12:56: - C:\Users\joshu\OneDrive\Documents\dnd\00 - Campaigns\Northwatch Wardens - (HomeBrew)\web\server.js".
2026-06-10 14:12:56: Warning: Cannot polyfill `Path2D`, rendering may be broken: "Error: Cannot find module 'canvas'
2026-06-10 14:12:56: Require stack:
2026-06-10 14:12:56: - C:\Users\joshu\OneDrive\Documents\dnd\00 - Campaigns\Northwatch Wardens - (HomeBrew)\web\node_modules\pdfjs-dist\legacy\build\pdf.js
2026-06-10 14:12:56: - C:\Users\joshu\OneDrive\Documents\dnd\00 - Campaigns\Northwatch Wardens - (HomeBrew)\web\lib\pdf-indexer.js
2026-06-10 14:12:56: - C:\Users\joshu\OneDrive\Documents\dnd\00 - Campaigns\Northwatch Wardens - (HomeBrew)\web\server.js".
2026-06-10 14:12:59: Warning: Cannot polyfill `DOMMatrix`, rendering may be broken: "Error: Cannot find module 'canvas'
2026-06-10 14:12:59: Require stack:
2026-06-10 14:12:59: - C:\Users\joshu\OneDrive\Documents\dnd\00 - Campaigns\Northwatch Wardens - (HomeBrew)\web\node_modules\pdfjs-dist\legacy\build\pdf.js
2026-06-10 14:12:59: - C:\Users\joshu\OneDrive\Documents\dnd\00 - Campaigns\Northwatch Wardens - (HomeBrew)\web\lib\pdf-indexer.js
2026-06-10 14:12:59: - C:\Users\joshu\OneDrive\Documents\dnd\00 - Campaigns\Northwatch Wardens - (HomeBrew)\web\server.js".
2026-06-10 14:12:59: Warning: Cannot polyfill `Path2D`, rendering may be broken: "Error: Cannot find module 'canvas'
2026-06-10 14:12:59: Require stack:
2026-06-10 14:12:59: - C:\Users\joshu\OneDrive\Documents\dnd\00 - Campaigns\Northwatch Wardens - (HomeBrew)\web\node_modules\pdfjs-dist\legacy\build\pdf.js
2026-06-10 14:12:59: - C:\Users\joshu\OneDrive\Documents\dnd\00 - Campaigns\Northwatch Wardens - (HomeBrew)\web\lib\pdf-indexer.js
2026-06-10 14:12:59: - C:\Users\joshu\OneDrive\Documents\dnd\00 - Campaigns\Northwatch Wardens - (HomeBrew)\web\server.js".
2026-06-10 14:13:02: Warning: Cannot polyfill `DOMMatrix`, rendering may be broken: "Error: Cannot find module 'canvas'
2026-06-10 14:13:02: Require stack:
2026-06-10 14:13:02: - C:\Users\joshu\OneDrive\Documents\dnd\00 - Campaigns\Northwatch Wardens - (HomeBrew)\web\node_modules\pdfjs-dist\legacy\build\pdf.js
2026-06-10 14:13:02: - C:\Users\joshu\OneDrive\Documents\dnd\00 - Campaigns\Northwatch Wardens - (HomeBrew)\web\lib\pdf-indexer.js
2026-06-10 14:13:02: - C:\Users\joshu\OneDrive\Documents\dnd\00 - Campaigns\Northwatch Wardens - (HomeBrew)\web\server.js".
2026-06-10 14:13:02: Warning: Cannot polyfill `Path2D`, rendering may be broken: "Error: Cannot find module 'canvas'
2026-06-10 14:13:02: Require stack:
2026-06-10 14:13:02: - C:\Users\joshu\OneDrive\Documents\dnd\00 - Campaigns\Northwatch Wardens - (HomeBrew)\web\node_modules\pdfjs-dist\legacy\build\pdf.js
2026-06-10 14:13:02: - C:\Users\joshu\OneDrive\Documents\dnd\00 - Campaigns\Northwatch Wardens - (HomeBrew)\web\lib\pdf-indexer.js
2026-06-10 14:13:02: - C:\Users\joshu\OneDrive\Documents\dnd\00 - Campaigns\Northwatch Wardens - (HomeBrew)\web\server.js".
2026-06-10 14:13:05: Warning: Cannot polyfill `DOMMatrix`, rendering may be broken: "Error: Cannot find module 'canvas'
2026-06-10 14:13:05: Require stack:
2026-06-10 14:13:05: - C:\Users\joshu\OneDrive\Documents\dnd\00 - Campaigns\Northwatch Wardens - (HomeBrew)\web\node_modules\pdfjs-dist\legacy\build\pdf.js
2026-06-10 14:13:05: - C:\Users\joshu\OneDrive\Documents\dnd\00 - Campaigns\Northwatch Wardens - (HomeBrew)\web\lib\pdf-indexer.js
2026-06-10 14:13:05: - C:\Users\joshu\OneDrive\Documents\dnd\00 - Campaigns\Northwatch Wardens - (HomeBrew)\web\server.js".
2026-06-10 14:13:05: Warning: Cannot polyfill `Path2D`, rendering may be broken: "Error: Cannot find module 'canvas'
2026-06-10 14:13:05: Require stack:
2026-06-10 14:13:05: - C:\Users\joshu\OneDrive\Documents\dnd\00 - Campaigns\Northwatch Wardens - (HomeBrew)\web\node_modules\pdfjs-dist\legacy\build\pdf.js
2026-06-10 14:13:05: - C:\Users\joshu\OneDrive\Documents\dnd\00 - Campaigns\Northwatch Wardens - (HomeBrew)\web\lib\pdf-indexer.js
2026-06-10 14:13:05: - C:\Users\joshu\OneDrive\Documents\dnd\00 - Campaigns\Northwatch Wardens - (HomeBrew)\web\server.js".
2026-06-10 14:13:07: Warning: Cannot polyfill `DOMMatrix`, rendering may be broken: "Error: Cannot find module 'canvas'
2026-06-10 14:13:07: Require stack:
2026-06-10 14:13:07: - C:\Users\joshu\OneDrive\Documents\dnd\00 - Campaigns\Northwatch Wardens - (HomeBrew)\web\node_modules\pdfjs-dist\legacy\build\pdf.js
2026-06-10 14:13:07: - C:\Users\joshu\OneDrive\Documents\dnd\00 - Campaigns\Northwatch Wardens - (HomeBrew)\web\lib\pdf-indexer.js
2026-06-10 14:13:07: - C:\Users\joshu\OneDrive\Documents\dnd\00 - Campaigns\Northwatch Wardens - (HomeBrew)\web\server.js".
2026-06-10 14:13:07: Warning: Cannot polyfill `Path2D`, rendering may be broken: "Error: Cannot find module 'canvas'
2026-06-10 14:13:07: Require stack:
2026-06-10 14:13:07: - C:\Users\joshu\OneDrive\Documents\dnd\00 - Campaigns\Northwatch Wardens - (HomeBrew)\web\node_modules\pdfjs-dist\legacy\build\pdf.js
2026-06-10 14:13:07: - C:\Users\joshu\OneDrive\Documents\dnd\00 - Campaigns\Northwatch Wardens - (HomeBrew)\web\lib\pdf-indexer.js
2026-06-10 14:13:07: - C:\Users\joshu\OneDrive\Documents\dnd\00 - Campaigns\Northwatch Wardens - (HomeBrew)\web\server.js".
2026-06-10 14:13:10: Warning: Cannot polyfill `DOMMatrix`, rendering may be broken: "Error: Cannot find module 'canvas'
2026-06-10 14:13:10: Require stack:
2026-06-10 14:13:10: - C:\Users\joshu\OneDrive\Documents\dnd\00 - Campaigns\Northwatch Wardens - (HomeBrew)\web\node_modules\pdfjs-dist\legacy\build\pdf.js
2026-06-10 14:13:10: - C:\Users\joshu\OneDrive\Documents\dnd\00 - Campaigns\Northwatch Wardens - (HomeBrew)\web\lib\pdf-indexer.js
2026-06-10 14:13:10: - C:\Users\joshu\OneDrive\Documents\dnd\00 - Campaigns\Northwatch Wardens - (HomeBrew)\web\server.js".
2026-06-10 14:13:10: Warning: Cannot polyfill `Path2D`, rendering may be broken: "Error: Cannot find module 'canvas'
2026-06-10 14:13:10: Require stack:
2026-06-10 14:13:10: - C:\Users\joshu\OneDrive\Documents\dnd\00 - Campaigns\Northwatch Wardens - (HomeBrew)\web\node_modules\pdfjs-dist\legacy\build\pdf.js
2026-06-10 14:13:10: - C:\Users\joshu\OneDrive\Documents\dnd\00 - Campaigns\Northwatch Wardens - (HomeBrew)\web\lib\pdf-indexer.js
2026-06-10 14:13:10: - C:\Users\joshu\OneDrive\Documents\dnd\00 - Campaigns\Northwatch Wardens - (HomeBrew)\web\server.js".
2026-06-10 14:13:14: Warning: Cannot polyfill `DOMMatrix`, rendering may be broken: "Error: Cannot find module 'canvas'
2026-06-10 14:13:14: Require stack:
2026-06-10 14:13:14: - C:\Users\joshu\OneDrive\Documents\dnd\00 - Campaigns\Northwatch Wardens - (HomeBrew)\web\node_modules\pdfjs-dist\legacy\build\pdf.js
2026-06-10 14:13:14: - C:\Users\joshu\OneDrive\Documents\dnd\00 - Campaigns\Northwatch Wardens - (HomeBrew)\web\lib\pdf-indexer.js
2026-06-10 14:13:14: - C:\Users\joshu\OneDrive\Documents\dnd\00 - Campaigns\Northwatch Wardens - (HomeBrew)\web\server.js".
2026-06-10 14:13:14: Warning: Cannot polyfill `Path2D`, rendering may be broken: "Error: Cannot find module 'canvas'
2026-06-10 14:13:14: Require stack:
2026-06-10 14:13:14: - C:\Users\joshu\OneDrive\Documents\dnd\00 - Campaigns\Northwatch Wardens - (HomeBrew)\web\node_modules\pdfjs-dist\legacy\build\pdf.js
2026-06-10 14:13:14: - C:\Users\joshu\OneDrive\Documents\dnd\00 - Campaigns\Northwatch Wardens - (HomeBrew)\web\lib\pdf-indexer.js
2026-06-10 14:13:14: - C:\Users\joshu\OneDrive\Documents\dnd\00 - Campaigns\Northwatch Wardens - (HomeBrew)\web\server.js".
2026-06-10 14:13:17: Warning: Cannot polyfill `DOMMatrix`, rendering may be broken: "Error: Cannot find module 'canvas'
2026-06-10 14:13:17: Require stack:
2026-06-10 14:13:17: - C:\Users\joshu\OneDrive\Documents\dnd\00 - Campaigns\Northwatch Wardens - (HomeBrew)\web\node_modules\pdfjs-dist\legacy\build\pdf.js
2026-06-10 14:13:17: - C:\Users\joshu\OneDrive\Documents\dnd\00 - Campaigns\Northwatch Wardens - (HomeBrew)\web\lib\pdf-indexer.js
2026-06-10 14:13:17: - C:\Users\joshu\OneDrive\Documents\dnd\00 - Campaigns\Northwatch Wardens - (HomeBrew)\web\server.js".
2026-06-10 14:13:18: Warning: Cannot polyfill `Path2D`, rendering may be broken: "Error: Cannot find module 'canvas'
2026-06-10 14:13:18: Require stack:
2026-06-10 14:13:18: - C:\Users\joshu\OneDrive\Documents\dnd\00 - Campaigns\Northwatch Wardens - (HomeBrew)\web\node_modules\pdfjs-dist\legacy\build\pdf.js
2026-06-10 14:13:18: - C:\Users\joshu\OneDrive\Documents\dnd\00 - Campaigns\Northwatch Wardens - (HomeBrew)\web\lib\pdf-indexer.js
2026-06-10 14:13:18: - C:\Users\joshu\OneDrive\Documents\dnd\00 - Campaigns\Northwatch Wardens - (HomeBrew)\web\server.js".
2026-06-10 14:13:21: Warning: Cannot polyfill `DOMMatrix`, rendering may be broken: "Error: Cannot find module 'canvas'
2026-06-10 14:13:21: Require stack:
2026-06-10 14:13:21: - C:\Users\joshu\OneDrive\Documents\dnd\00 - Campaigns\Northwatch Wardens - (HomeBrew)\web\node_modules\pdfjs-dist\legacy\build\pdf.js
2026-06-10 14:13:21: - C:\Users\joshu\OneDrive\Documents\dnd\00 - Campaigns\Northwatch Wardens - (HomeBrew)\web\lib\pdf-indexer.js
2026-06-10 14:13:21: - C:\Users\joshu\OneDrive\Documents\dnd\00 - Campaigns\Northwatch Wardens - (HomeBrew)\web\server.js".
2026-06-10 14:13:21: Warning: Cannot polyfill `Path2D`, rendering may be broken: "Error: Cannot find module 'canvas'
2026-06-10 14:13:21: Require stack:
2026-06-10 14:13:21: - C:\Users\joshu\OneDrive\Documents\dnd\00 - Campaigns\Northwatch Wardens - (HomeBrew)\web\node_modules\pdfjs-dist\legacy\build\pdf.js
2026-06-10 14:13:21: - C:\Users\joshu\OneDrive\Documents\dnd\00 - Campaigns\Northwatch Wardens - (HomeBrew)\web\lib\pdf-indexer.js
2026-06-10 14:13:21: - C:\Users\joshu\OneDrive\Documents\dnd\00 - Campaigns\Northwatch Wardens - (HomeBrew)\web\server.js".
2026-06-10 14:13:24: Warning: Cannot polyfill `DOMMatrix`, rendering may be broken: "Error: Cannot find module 'canvas'
2026-06-10 14:13:24: Require stack:
2026-06-10 14:13:24: - C:\Users\joshu\OneDrive\Documents\dnd\00 - Campaigns\Northwatch Wardens - (HomeBrew)\web\node_modules\pdfjs-dist\legacy\build\pdf.js
2026-06-10 14:13:24: - C:\Users\joshu\OneDrive\Documents\dnd\00 - Campaigns\Northwatch Wardens - (HomeBrew)\web\lib\pdf-indexer.js
2026-06-10 14:13:24: - C:\Users\joshu\OneDrive\Documents\dnd\00 - Campaigns\Northwatch Wardens - (HomeBrew)\web\server.js".
2026-06-10 14:13:24: Warning: Cannot polyfill `Path2D`, rendering may be broken: "Error: Cannot find module 'canvas'
2026-06-10 14:13:24: Require stack:
2026-06-10 14:13:24: - C:\Users\joshu\OneDrive\Documents\dnd\00 - Campaigns\Northwatch Wardens - (HomeBrew)\web\node_modules\pdfjs-dist\legacy\build\pdf.js
2026-06-10 14:13:24: - C:\Users\joshu\OneDrive\Documents\dnd\00 - Campaigns\Northwatch Wardens - (HomeBrew)\web\lib\pdf-indexer.js
2026-06-10 14:13:24: - C:\Users\joshu\OneDrive\Documents\dnd\00 - Campaigns\Northwatch Wardens - (HomeBrew)\web\server.js".
2026-06-10 14:13:27: Warning: Cannot polyfill `DOMMatrix`, rendering may be broken: "Error: Cannot find module 'canvas'
2026-06-10 14:13:27: Require stack:
2026-06-10 14:13:27: - C:\Users\joshu\OneDrive\Documents\dnd\00 - Campaigns\Northwatch Wardens - (HomeBrew)\web\node_modules\pdfjs-dist\legacy\build\pdf.js
2026-06-10 14:13:27: - C:\Users\joshu\OneDrive\Documents\dnd\00 - Campaigns\Northwatch Wardens - (HomeBrew)\web\lib\pdf-indexer.js
2026-06-10 14:13:27: - C:\Users\joshu\OneDrive\Documents\dnd\00 - Campaigns\Northwatch Wardens - (HomeBrew)\web\server.js".
2026-06-10 14:13:27: Warning: Cannot polyfill `Path2D`, rendering may be broken: "Error: Cannot find module 'canvas'
2026-06-10 14:13:27: Require stack:
2026-06-10 14:13:27: - C:\Users\joshu\OneDrive\Documents\dnd\00 - Campaigns\Northwatch Wardens - (HomeBrew)\web\node_modules\pdfjs-dist\legacy\build\pdf.js
2026-06-10 14:13:27: - C:\Users\joshu\OneDrive\Documents\dnd\00 - Campaigns\Northwatch Wardens - (HomeBrew)\web\lib\pdf-indexer.js
2026-06-10 14:13:27: - C:\Users\joshu\OneDrive\Documents\dnd\00 - Campaigns\Northwatch Wardens - (HomeBrew)\web\server.js".
2026-06-10 14:13:30: Warning: Cannot polyfill `DOMMatrix`, rendering may be broken: "Error: Cannot find module 'canvas'
2026-06-10 14:13:30: Require stack:
2026-06-10 14:13:30: - C:\Users\joshu\OneDrive\Documents\dnd\00 - Campaigns\Northwatch Wardens - (HomeBrew)\web\node_modules\pdfjs-dist\legacy\build\pdf.js
2026-06-10 14:13:30: - C:\Users\joshu\OneDrive\Documents\dnd\00 - Campaigns\Northwatch Wardens - (HomeBrew)\web\lib\pdf-indexer.js
2026-06-10 14:13:30: - C:\Users\joshu\OneDrive\Documents\dnd\00 - Campaigns\Northwatch Wardens - (HomeBrew)\web\server.js".
2026-06-10 14:13:30: Warning: Cannot polyfill `Path2D`, rendering may be broken: "Error: Cannot find module 'canvas'
2026-06-10 14:13:30: Require stack:
2026-06-10 14:13:30: - C:\Users\joshu\OneDrive\Documents\dnd\00 - Campaigns\Northwatch Wardens - (HomeBrew)\web\node_modules\pdfjs-dist\legacy\build\pdf.js
2026-06-10 14:13:30: - C:\Users\joshu\OneDrive\Documents\dnd\00 - Campaigns\Northwatch Wardens - (HomeBrew)\web\lib\pdf-indexer.js
2026-06-10 14:13:30: - C:\Users\joshu\OneDrive\Documents\dnd\00 - Campaigns\Northwatch Wardens - (HomeBrew)\web\server.js".
2026-06-10 14:13:33: Warning: Cannot polyfill `DOMMatrix`, rendering may be broken: "Error: Cannot find module 'canvas'
2026-06-10 14:13:33: Require stack:
2026-06-10 14:13:33: - C:\Users\joshu\OneDrive\Documents\dnd\00 - Campaigns\Northwatch Wardens - (HomeBrew)\web\node_modules\pdfjs-dist\legacy\build\pdf.js
2026-06-10 14:13:33: - C:\Users\joshu\OneDrive\Documents\dnd\00 - Campaigns\Northwatch Wardens - (HomeBrew)\web\lib\pdf-indexer.js
2026-06-10 14:13:33: - C:\Users\joshu\OneDrive\Documents\dnd\00 - Campaigns\Northwatch Wardens - (HomeBrew)\web\server.js".
2026-06-10 14:13:33: Warning: Cannot polyfill `Path2D`, rendering may be broken: "Error: Cannot find module 'canvas'
2026-06-10 14:13:33: Require stack:
2026-06-10 14:13:33: - C:\Users\joshu\OneDrive\Documents\dnd\00 - Campaigns\Northwatch Wardens - (HomeBrew)\web\node_modules\pdfjs-dist\legacy\build\pdf.js
2026-06-10 14:13:33: - C:\Users\joshu\OneDrive\Documents\dnd\00 - Campaigns\Northwatch Wardens - (HomeBrew)\web\lib\pdf-indexer.js
2026-06-10 14:13:33: - C:\Users\joshu\OneDrive\Documents\dnd\00 - Campaigns\Northwatch Wardens - (HomeBrew)\web\server.js".
2026-06-10 14:13:36: Warning: Cannot polyfill `DOMMatrix`, rendering may be broken: "Error: Cannot find module 'canvas'
2026-06-10 14:13:36: Require stack:
2026-06-10 14:13:36: - C:\Users\joshu\OneDrive\Documents\dnd\00 - Campaigns\Northwatch Wardens - (HomeBrew)\web\node_modules\pdfjs-dist\legacy\build\pdf.js
2026-06-10 14:13:36: - C:\Users\joshu\OneDrive\Documents\dnd\00 - Campaigns\Northwatch Wardens - (HomeBrew)\web\lib\pdf-indexer.js
2026-06-10 14:13:36: - C:\Users\joshu\OneDrive\Documents\dnd\00 - Campaigns\Northwatch Wardens - (HomeBrew)\web\server.js".
2026-06-10 14:13:36: Warning: Cannot polyfill `Path2D`, rendering may be broken: "Error: Cannot find module 'canvas'
2026-06-10 14:13:36: Require stack:
2026-06-10 14:13:36: - C:\Users\joshu\OneDrive\Documents\dnd\00 - Campaigns\Northwatch Wardens - (HomeBrew)\web\node_modules\pdfjs-dist\legacy\build\pdf.js
2026-06-10 14:13:36: - C:\Users\joshu\OneDrive\Documents\dnd\00 - Campaigns\Northwatch Wardens - (HomeBrew)\web\lib\pdf-indexer.js
2026-06-10 14:13:36: - C:\Users\joshu\OneDrive\Documents\dnd\00 - Campaigns\Northwatch Wardens - (HomeBrew)\web\server.js".
2026-06-10 14:13:40: Warning: Cannot polyfill `DOMMatrix`, rendering may be broken: "Error: Cannot find module 'canvas'
2026-06-10 14:13:40: Require stack:
2026-06-10 14:13:40: - C:\Users\joshu\OneDrive\Documents\dnd\00 - Campaigns\Northwatch Wardens - (HomeBrew)\web\node_modules\pdfjs-dist\legacy\build\pdf.js
2026-06-10 14:13:40: - C:\Users\joshu\OneDrive\Documents\dnd\00 - Campaigns\Northwatch Wardens - (HomeBrew)\web\lib\pdf-indexer.js
2026-06-10 14:13:40: - C:\Users\joshu\OneDrive\Documents\dnd\00 - Campaigns\Northwatch Wardens - (HomeBrew)\web\server.js".
2026-06-10 14:13:40: Warning: Cannot polyfill `Path2D`, rendering may be broken: "Error: Cannot find module 'canvas'
2026-06-10 14:13:40: Require stack:
2026-06-10 14:13:40: - C:\Users\joshu\OneDrive\Documents\dnd\00 - Campaigns\Northwatch Wardens - (HomeBrew)\web\node_modules\pdfjs-dist\legacy\build\pdf.js
2026-06-10 14:13:40: - C:\Users\joshu\OneDrive\Documents\dnd\00 - Campaigns\Northwatch Wardens - (HomeBrew)\web\lib\pdf-indexer.js
2026-06-10 14:13:40: - C:\Users\joshu\OneDrive\Documents\dnd\00 - Campaigns\Northwatch Wardens - (HomeBrew)\web\server.js".
2026-06-10 14:13:44: Warning: Cannot polyfill `DOMMatrix`, rendering may be broken: "Error: Cannot find module 'canvas'
2026-06-10 14:13:44: Require stack:
2026-06-10 14:13:44: - C:\Users\joshu\OneDrive\Documents\dnd\00 - Campaigns\Northwatch Wardens - (HomeBrew)\web\node_modules\pdfjs-dist\legacy\build\pdf.js
2026-06-10 14:13:44: - C:\Users\joshu\OneDrive\Documents\dnd\00 - Campaigns\Northwatch Wardens - (HomeBrew)\web\lib\pdf-indexer.js
2026-06-10 14:13:44: - C:\Users\joshu\OneDrive\Documents\dnd\00 - Campaigns\Northwatch Wardens - (HomeBrew)\web\server.js".
2026-06-10 14:13:44: Warning: Cannot polyfill `Path2D`, rendering may be broken: "Error: Cannot find module 'canvas'
2026-06-10 14:13:44: Require stack:
2026-06-10 14:13:44: - C:\Users\joshu\OneDrive\Documents\dnd\00 - Campaigns\Northwatch Wardens - (HomeBrew)\web\node_modules\pdfjs-dist\legacy\build\pdf.js
2026-06-10 14:13:44: - C:\Users\joshu\OneDrive\Documents\dnd\00 - Campaigns\Northwatch Wardens - (HomeBrew)\web\lib\pdf-indexer.js
2026-06-10 14:13:44: - C:\Users\joshu\OneDrive\Documents\dnd\00 - Campaigns\Northwatch Wardens - (HomeBrew)\web\server.js".
2026-06-10 14:13:48: Warning: Cannot polyfill `DOMMatrix`, rendering may be broken: "Error: Cannot find module 'canvas'
2026-06-10 14:13:48: Require stack:
2026-06-10 14:13:48: - C:\Users\joshu\OneDrive\Documents\dnd\00 - Campaigns\Northwatch Wardens - (HomeBrew)\web\node_modules\pdfjs-dist\legacy\build\pdf.js
2026-06-10 14:13:48: - C:\Users\joshu\OneDrive\Documents\dnd\00 - Campaigns\Northwatch Wardens - (HomeBrew)\web\lib\pdf-indexer.js
2026-06-10 14:13:48: - C:\Users\joshu\OneDrive\Documents\dnd\00 - Campaigns\Northwatch Wardens - (HomeBrew)\web\server.js".
2026-06-10 14:13:48: Warning: Cannot polyfill `Path2D`, rendering may be broken: "Error: Cannot find module 'canvas'
2026-06-10 14:13:48: Require stack:
2026-06-10 14:13:48: - C:\Users\joshu\OneDrive\Documents\dnd\00 - Campaigns\Northwatch Wardens - (HomeBrew)\web\node_modules\pdfjs-dist\legacy\build\pdf.js
2026-06-10 14:13:48: - C:\Users\joshu\OneDrive\Documents\dnd\00 - Campaigns\Northwatch Wardens - (HomeBrew)\web\lib\pdf-indexer.js
2026-06-10 14:13:48: - C:\Users\joshu\OneDrive\Documents\dnd\00 - Campaigns\Northwatch Wardens - (HomeBrew)\web\server.js".
2026-06-10 14:13:53: Warning: Cannot polyfill `DOMMatrix`, rendering may be broken: "Error: Cannot find module 'canvas'
2026-06-10 14:13:53: Require stack:
2026-06-10 14:13:53: - C:\Users\joshu\OneDrive\Documents\dnd\00 - Campaigns\Northwatch Wardens - (HomeBrew)\web\node_modules\pdfjs-dist\legacy\build\pdf.js
2026-06-10 14:13:53: - C:\Users\joshu\OneDrive\Documents\dnd\00 - Campaigns\Northwatch Wardens - (HomeBrew)\web\lib\pdf-indexer.js
2026-06-10 14:13:53: - C:\Users\joshu\OneDrive\Documents\dnd\00 - Campaigns\Northwatch Wardens - (HomeBrew)\web\server.js".
2026-06-10 14:13:53: Warning: Cannot polyfill `Path2D`, rendering may be broken: "Error: Cannot find module 'canvas'
2026-06-10 14:13:53: Require stack:
2026-06-10 14:13:53: - C:\Users\joshu\OneDrive\Documents\dnd\00 - Campaigns\Northwatch Wardens - (HomeBrew)\web\node_modules\pdfjs-dist\legacy\build\pdf.js
2026-06-10 14:13:53: - C:\Users\joshu\OneDrive\Documents\dnd\00 - Campaigns\Northwatch Wardens - (HomeBrew)\web\lib\pdf-indexer.js
2026-06-10 14:13:53: - C:\Users\joshu\OneDrive\Documents\dnd\00 - Campaigns\Northwatch Wardens - (HomeBrew)\web\server.js".
2026-06-10 14:13:58: Warning: Cannot polyfill `DOMMatrix`, rendering may be broken: "Error: Cannot find module 'canvas'
2026-06-10 14:13:58: Require stack:
2026-06-10 14:13:58: - C:\Users\joshu\OneDrive\Documents\dnd\00 - Campaigns\Northwatch Wardens - (HomeBrew)\web\node_modules\pdfjs-dist\legacy\build\pdf.js
2026-06-10 14:13:58: - C:\Users\joshu\OneDrive\Documents\dnd\00 - Campaigns\Northwatch Wardens - (HomeBrew)\web\lib\pdf-indexer.js
2026-06-10 14:13:58: - C:\Users\joshu\OneDrive\Documents\dnd\00 - Campaigns\Northwatch Wardens - (HomeBrew)\web\server.js".
2026-06-10 14:13:58: Warning: Cannot polyfill `Path2D`, rendering may be broken: "Error: Cannot find module 'canvas'
2026-06-10 14:13:58: Require stack:
2026-06-10 14:13:58: - C:\Users\joshu\OneDrive\Documents\dnd\00 - Campaigns\Northwatch Wardens - (HomeBrew)\web\node_modules\pdfjs-dist\legacy\build\pdf.js
2026-06-10 14:13:58: - C:\Users\joshu\OneDrive\Documents\dnd\00 - Campaigns\Northwatch Wardens - (HomeBrew)\web\lib\pdf-indexer.js
2026-06-10 14:13:58: - C:\Users\joshu\OneDrive\Documents\dnd\00 - Campaigns\Northwatch Wardens - (HomeBrew)\web\server.js".
2026-06-10 14:14:02: Warning: Cannot polyfill `DOMMatrix`, rendering may be broken: "Error: Cannot find module 'canvas'
2026-06-10 14:14:02: Require stack:
2026-06-10 14:14:02: - C:\Users\joshu\OneDrive\Documents\dnd\00 - Campaigns\Northwatch Wardens - (HomeBrew)\web\node_modules\pdfjs-dist\legacy\build\pdf.js
2026-06-10 14:14:02: - C:\Users\joshu\OneDrive\Documents\dnd\00 - Campaigns\Northwatch Wardens - (HomeBrew)\web\lib\pdf-indexer.js
2026-06-10 14:14:02: - C:\Users\joshu\OneDrive\Documents\dnd\00 - Campaigns\Northwatch Wardens - (HomeBrew)\web\server.js".
2026-06-10 14:14:02: Warning: Cannot polyfill `Path2D`, rendering may be broken: "Error: Cannot find module 'canvas'
2026-06-10 14:14:02: Require stack:
2026-06-10 14:14:02: - C:\Users\joshu\OneDrive\Documents\dnd\00 - Campaigns\Northwatch Wardens - (HomeBrew)\web\node_modules\pdfjs-dist\legacy\build\pdf.js
2026-06-10 14:14:02: - C:\Users\joshu\OneDrive\Documents\dnd\00 - Campaigns\Northwatch Wardens - (HomeBrew)\web\lib\pdf-indexer.js
2026-06-10 14:14:02: - C:\Users\joshu\OneDrive\Documents\dnd\00 - Campaigns\Northwatch Wardens - (HomeBrew)\web\server.js".
2026-06-10 14:14:07: Warning: Cannot polyfill `DOMMatrix`, rendering may be broken: "Error: Cannot find module 'canvas'
2026-06-10 14:14:07: Require stack:
2026-06-10 14:14:07: - C:\Users\joshu\OneDrive\Documents\dnd\00 - Campaigns\Northwatch Wardens - (HomeBrew)\web\node_modules\pdfjs-dist\legacy\build\pdf.js
2026-06-10 14:14:07: - C:\Users\joshu\OneDrive\Documents\dnd\00 - Campaigns\Northwatch Wardens - (HomeBrew)\web\lib\pdf-indexer.js
2026-06-10 14:14:07: - C:\Users\joshu\OneDrive\Documents\dnd\00 - Campaigns\Northwatch Wardens - (HomeBrew)\web\server.js".
2026-06-10 14:14:07: Warning: Cannot polyfill `Path2D`, rendering may be broken: "Error: Cannot find module 'canvas'
2026-06-10 14:14:07: Require stack:
2026-06-10 14:14:07: - C:\Users\joshu\OneDrive\Documents\dnd\00 - Campaigns\Northwatch Wardens - (HomeBrew)\web\node_modules\pdfjs-dist\legacy\build\pdf.js
2026-06-10 14:14:07: - C:\Users\joshu\OneDrive\Documents\dnd\00 - Campaigns\Northwatch Wardens - (HomeBrew)\web\lib\pdf-indexer.js
2026-06-10 14:14:07: - C:\Users\joshu\OneDrive\Documents\dnd\00 - Campaigns\Northwatch Wardens - (HomeBrew)\web\server.js".
2026-06-10 14:14:11: Warning: Cannot polyfill `DOMMatrix`, rendering may be broken: "Error: Cannot find module 'canvas'
2026-06-10 14:14:11: Require stack:
2026-06-10 14:14:11: - C:\Users\joshu\OneDrive\Documents\dnd\00 - Campaigns\Northwatch Wardens - (HomeBrew)\web\node_modules\pdfjs-dist\legacy\build\pdf.js
2026-06-10 14:14:11: - C:\Users\joshu\OneDrive\Documents\dnd\00 - Campaigns\Northwatch Wardens - (HomeBrew)\web\lib\pdf-indexer.js
2026-06-10 14:14:11: - C:\Users\joshu\OneDrive\Documents\dnd\00 - Campaigns\Northwatch Wardens - (HomeBrew)\web\server.js".
2026-06-10 14:14:11: Warning: Cannot polyfill `Path2D`, rendering may be broken: "Error: Cannot find module 'canvas'
2026-06-10 14:14:11: Require stack:
2026-06-10 14:14:11: - C:\Users\joshu\OneDrive\Documents\dnd\00 - Campaigns\Northwatch Wardens - (HomeBrew)\web\node_modules\pdfjs-dist\legacy\build\pdf.js
2026-06-10 14:14:11: - C:\Users\joshu\OneDrive\Documents\dnd\00 - Campaigns\Northwatch Wardens - (HomeBrew)\web\lib\pdf-indexer.js
2026-06-10 14:14:11: - C:\Users\joshu\OneDrive\Documents\dnd\00 - Campaigns\Northwatch Wardens - (HomeBrew)\web\server.js".
2026-06-10 14:14:14: Warning: Cannot polyfill `DOMMatrix`, rendering may be broken: "Error: Cannot find module 'canvas'
2026-06-10 14:14:14: Require stack:
2026-06-10 14:14:14: - C:\Users\joshu\OneDrive\Documents\dnd\00 - Campaigns\Northwatch Wardens - (HomeBrew)\web\node_modules\pdfjs-dist\legacy\build\pdf.js
2026-06-10 14:14:14: - C:\Users\joshu\OneDrive\Documents\dnd\00 - Campaigns\Northwatch Wardens - (HomeBrew)\web\lib\pdf-indexer.js
2026-06-10 14:14:14: - C:\Users\joshu\OneDrive\Documents\dnd\00 - Campaigns\Northwatch Wardens - (HomeBrew)\web\server.js".
2026-06-10 14:14:14: Warning: Cannot polyfill `Path2D`, rendering may be broken: "Error: Cannot find module 'canvas'
2026-06-10 14:14:14: Require stack:
2026-06-10 14:14:14: - C:\Users\joshu\OneDrive\Documents\dnd\00 - Campaigns\Northwatch Wardens - (HomeBrew)\web\node_modules\pdfjs-dist\legacy\build\pdf.js
2026-06-10 14:14:14: - C:\Users\joshu\OneDrive\Documents\dnd\00 - Campaigns\Northwatch Wardens - (HomeBrew)\web\lib\pdf-indexer.js
2026-06-10 14:14:14: - C:\Users\joshu\OneDrive\Documents\dnd\00 - Campaigns\Northwatch Wardens - (HomeBrew)\web\server.js".
2026-06-10 14:14:17: Warning: Cannot polyfill `DOMMatrix`, rendering may be broken: "Error: Cannot find module 'canvas'
2026-06-10 14:14:17: Require stack:
2026-06-10 14:14:17: - C:\Users\joshu\OneDrive\Documents\dnd\00 - Campaigns\Northwatch Wardens - (HomeBrew)\web\node_modules\pdfjs-dist\legacy\build\pdf.js
2026-06-10 14:14:17: - C:\Users\joshu\OneDrive\Documents\dnd\00 - Campaigns\Northwatch Wardens - (HomeBrew)\web\lib\pdf-indexer.js
2026-06-10 14:14:17: - C:\Users\joshu\OneDrive\Documents\dnd\00 - Campaigns\Northwatch Wardens - (HomeBrew)\web\server.js".
2026-06-10 14:14:17: Warning: Cannot polyfill `Path2D`, rendering may be broken: "Error: Cannot find module 'canvas'
2026-06-10 14:14:17: Require stack:
2026-06-10 14:14:17: - C:\Users\joshu\OneDrive\Documents\dnd\00 - Campaigns\Northwatch Wardens - (HomeBrew)\web\node_modules\pdfjs-dist\legacy\build\pdf.js
2026-06-10 14:14:17: - C:\Users\joshu\OneDrive\Documents\dnd\00 - Campaigns\Northwatch Wardens - (HomeBrew)\web\lib\pdf-indexer.js
2026-06-10 14:14:17: - C:\Users\joshu\OneDrive\Documents\dnd\00 - Campaigns\Northwatch Wardens - (HomeBrew)\web\server.js".
2026-06-10 14:14:21: Warning: Cannot polyfill `DOMMatrix`, rendering may be broken: "Error: Cannot find module 'canvas'
2026-06-10 14:14:21: Require stack:
2026-06-10 14:14:21: - C:\Users\joshu\OneDrive\Documents\dnd\00 - Campaigns\Northwatch Wardens - (HomeBrew)\web\node_modules\pdfjs-dist\legacy\build\pdf.js
2026-06-10 14:14:21: - C:\Users\joshu\OneDrive\Documents\dnd\00 - Campaigns\Northwatch Wardens - (HomeBrew)\web\lib\pdf-indexer.js
2026-06-10 14:14:21: - C:\Users\joshu\OneDrive\Documents\dnd\00 - Campaigns\Northwatch Wardens - (HomeBrew)\web\server.js".
2026-06-10 14:14:21: Warning: Cannot polyfill `Path2D`, rendering may be broken: "Error: Cannot find module 'canvas'
2026-06-10 14:14:21: Require stack:
2026-06-10 14:14:21: - C:\Users\joshu\OneDrive\Documents\dnd\00 - Campaigns\Northwatch Wardens - (HomeBrew)\web\node_modules\pdfjs-dist\legacy\build\pdf.js
2026-06-10 14:14:21: - C:\Users\joshu\OneDrive\Documents\dnd\00 - Campaigns\Northwatch Wardens - (HomeBrew)\web\lib\pdf-indexer.js
2026-06-10 14:14:21: - C:\Users\joshu\OneDrive\Documents\dnd\00 - Campaigns\Northwatch Wardens - (HomeBrew)\web\server.js".
2026-06-10 14:14:24: Warning: Cannot polyfill `DOMMatrix`, rendering may be broken: "Error: Cannot find module 'canvas'
2026-06-10 14:14:24: Require stack:
2026-06-10 14:14:24: - C:\Users\joshu\OneDrive\Documents\dnd\00 - Campaigns\Northwatch Wardens - (HomeBrew)\web\node_modules\pdfjs-dist\legacy\build\pdf.js
2026-06-10 14:14:24: - C:\Users\joshu\OneDrive\Documents\dnd\00 - Campaigns\Northwatch Wardens - (HomeBrew)\web\lib\pdf-indexer.js
2026-06-10 14:14:24: - C:\Users\joshu\OneDrive\Documents\dnd\00 - Campaigns\Northwatch Wardens - (HomeBrew)\web\server.js".
2026-06-10 14:14:24: Warning: Cannot polyfill `Path2D`, rendering may be broken: "Error: Cannot find module 'canvas'
2026-06-10 14:14:24: Require stack:
2026-06-10 14:14:24: - C:\Users\joshu\OneDrive\Documents\dnd\00 - Campaigns\Northwatch Wardens - (HomeBrew)\web\node_modules\pdfjs-dist\legacy\build\pdf.js
2026-06-10 14:14:24: - C:\Users\joshu\OneDrive\Documents\dnd\00 - Campaigns\Northwatch Wardens - (HomeBrew)\web\lib\pdf-indexer.js
2026-06-10 14:14:24: - C:\Users\joshu\OneDrive\Documents\dnd\00 - Campaigns\Northwatch Wardens - (HomeBrew)\web\server.js".
2026-06-10 14:14:28: Warning: Cannot polyfill `DOMMatrix`, rendering may be broken: "Error: Cannot find module 'canvas'
2026-06-10 14:14:28: Require stack:
2026-06-10 14:14:28: - C:\Users\joshu\OneDrive\Documents\dnd\00 - Campaigns\Northwatch Wardens - (HomeBrew)\web\node_modules\pdfjs-dist\legacy\build\pdf.js
2026-06-10 14:14:28: - C:\Users\joshu\OneDrive\Documents\dnd\00 - Campaigns\Northwatch Wardens - (HomeBrew)\web\lib\pdf-indexer.js
2026-06-10 14:14:28: - C:\Users\joshu\OneDrive\Documents\dnd\00 - Campaigns\Northwatch Wardens - (HomeBrew)\web\server.js".
2026-06-10 14:14:28: Warning: Cannot polyfill `Path2D`, rendering may be broken: "Error: Cannot find module 'canvas'
2026-06-10 14:14:28: Require stack:
2026-06-10 14:14:28: - C:\Users\joshu\OneDrive\Documents\dnd\00 - Campaigns\Northwatch Wardens - (HomeBrew)\web\node_modules\pdfjs-dist\legacy\build\pdf.js
2026-06-10 14:14:28: - C:\Users\joshu\OneDrive\Documents\dnd\00 - Campaigns\Northwatch Wardens - (HomeBrew)\web\lib\pdf-indexer.js
2026-06-10 14:14:28: - C:\Users\joshu\OneDrive\Documents\dnd\00 - Campaigns\Northwatch Wardens - (HomeBrew)\web\server.js".
2026-06-10 14:14:31: Warning: Cannot polyfill `DOMMatrix`, rendering may be broken: "Error: Cannot find module 'canvas'
2026-06-10 14:14:31: Require stack:
2026-06-10 14:14:31: - C:\Users\joshu\OneDrive\Documents\dnd\00 - Campaigns\Northwatch Wardens - (HomeBrew)\web\node_modules\pdfjs-dist\legacy\build\pdf.js
2026-06-10 14:14:31: - C:\Users\joshu\OneDrive\Documents\dnd\00 - Campaigns\Northwatch Wardens - (HomeBrew)\web\lib\pdf-indexer.js
2026-06-10 14:14:31: - C:\Users\joshu\OneDrive\Documents\dnd\00 - Campaigns\Northwatch Wardens - (HomeBrew)\web\server.js".
2026-06-10 14:14:31: Warning: Cannot polyfill `Path2D`, rendering may be broken: "Error: Cannot find module 'canvas'
2026-06-10 14:14:31: Require stack:
2026-06-10 14:14:31: - C:\Users\joshu\OneDrive\Documents\dnd\00 - Campaigns\Northwatch Wardens - (HomeBrew)\web\node_modules\pdfjs-dist\legacy\build\pdf.js
2026-06-10 14:14:31: - C:\Users\joshu\OneDrive\Documents\dnd\00 - Campaigns\Northwatch Wardens - (HomeBrew)\web\lib\pdf-indexer.js
2026-06-10 14:14:31: - C:\Users\joshu\OneDrive\Documents\dnd\00 - Campaigns\Northwatch Wardens - (HomeBrew)\web\server.js".
2026-06-10 14:14:33: Warning: Cannot polyfill `DOMMatrix`, rendering may be broken: "Error: Cannot find module 'canvas'
2026-06-10 14:14:33: Require stack:
2026-06-10 14:14:33: - C:\Users\joshu\OneDrive\Documents\dnd\00 - Campaigns\Northwatch Wardens - (HomeBrew)\web\node_modules\pdfjs-dist\legacy\build\pdf.js
2026-06-10 14:14:33: - C:\Users\joshu\OneDrive\Documents\dnd\00 - Campaigns\Northwatch Wardens - (HomeBrew)\web\lib\pdf-indexer.js
2026-06-10 14:14:33: - C:\Users\joshu\OneDrive\Documents\dnd\00 - Campaigns\Northwatch Wardens - (HomeBrew)\web\server.js".
2026-06-10 14:14:33: Warning: Cannot polyfill `Path2D`, rendering may be broken: "Error: Cannot find module 'canvas'
2026-06-10 14:14:33: Require stack:
2026-06-10 14:14:33: - C:\Users\joshu\OneDrive\Documents\dnd\00 - Campaigns\Northwatch Wardens - (HomeBrew)\web\node_modules\pdfjs-dist\legacy\build\pdf.js
2026-06-10 14:14:33: - C:\Users\joshu\OneDrive\Documents\dnd\00 - Campaigns\Northwatch Wardens - (HomeBrew)\web\lib\pdf-indexer.js
2026-06-10 14:14:33: - C:\Users\joshu\OneDrive\Documents\dnd\00 - Campaigns\Northwatch Wardens - (HomeBrew)\web\server.js".
2026-06-10 14:14:36: Warning: Cannot polyfill `DOMMatrix`, rendering may be broken: "Error: Cannot find module 'canvas'
2026-06-10 14:14:36: Require stack:
2026-06-10 14:14:36: - C:\Users\joshu\OneDrive\Documents\dnd\00 - Campaigns\Northwatch Wardens - (HomeBrew)\web\node_modules\pdfjs-dist\legacy\build\pdf.js
2026-06-10 14:14:36: - C:\Users\joshu\OneDrive\Documents\dnd\00 - Campaigns\Northwatch Wardens - (HomeBrew)\web\lib\pdf-indexer.js
2026-06-10 14:14:36: - C:\Users\joshu\OneDrive\Documents\dnd\00 - Campaigns\Northwatch Wardens - (HomeBrew)\web\server.js".
2026-06-10 14:14:36: Warning: Cannot polyfill `Path2D`, rendering may be broken: "Error: Cannot find module 'canvas'
2026-06-10 14:14:36: Require stack:
2026-06-10 14:14:36: - C:\Users\joshu\OneDrive\Documents\dnd\00 - Campaigns\Northwatch Wardens - (HomeBrew)\web\node_modules\pdfjs-dist\legacy\build\pdf.js
2026-06-10 14:14:36: - C:\Users\joshu\OneDrive\Documents\dnd\00 - Campaigns\Northwatch Wardens - (HomeBrew)\web\lib\pdf-indexer.js
2026-06-10 14:14:36: - C:\Users\joshu\OneDrive\Documents\dnd\00 - Campaigns\Northwatch Wardens - (HomeBrew)\web\server.js".
2026-06-10 14:14:39: Warning: Cannot polyfill `DOMMatrix`, rendering may be broken: "Error: Cannot find module 'canvas'
2026-06-10 14:14:39: Require stack:
2026-06-10 14:14:39: - C:\Users\joshu\OneDrive\Documents\dnd\00 - Campaigns\Northwatch Wardens - (HomeBrew)\web\node_modules\pdfjs-dist\legacy\build\pdf.js
2026-06-10 14:14:39: - C:\Users\joshu\OneDrive\Documents\dnd\00 - Campaigns\Northwatch Wardens - (HomeBrew)\web\lib\pdf-indexer.js
2026-06-10 14:14:39: - C:\Users\joshu\OneDrive\Documents\dnd\00 - Campaigns\Northwatch Wardens - (HomeBrew)\web\server.js".
2026-06-10 14:14:39: Warning: Cannot polyfill `Path2D`, rendering may be broken: "Error: Cannot find module 'canvas'
2026-06-10 14:14:39: Require stack:
2026-06-10 14:14:39: - C:\Users\joshu\OneDrive\Documents\dnd\00 - Campaigns\Northwatch Wardens - (HomeBrew)\web\node_modules\pdfjs-dist\legacy\build\pdf.js
2026-06-10 14:14:39: - C:\Users\joshu\OneDrive\Documents\dnd\00 - Campaigns\Northwatch Wardens - (HomeBrew)\web\lib\pdf-indexer.js
2026-06-10 14:14:39: - C:\Users\joshu\OneDrive\Documents\dnd\00 - Campaigns\Northwatch Wardens - (HomeBrew)\web\server.js".
2026-06-10 14:14:42: Warning: Cannot polyfill `DOMMatrix`, rendering may be broken: "Error: Cannot find module 'canvas'
2026-06-10 14:14:42: Require stack:
2026-06-10 14:14:42: - C:\Users\joshu\OneDrive\Documents\dnd\00 - Campaigns\Northwatch Wardens - (HomeBrew)\web\node_modules\pdfjs-dist\legacy\build\pdf.js
2026-06-10 14:14:42: - C:\Users\joshu\OneDrive\Documents\dnd\00 - Campaigns\Northwatch Wardens - (HomeBrew)\web\lib\pdf-indexer.js
2026-06-10 14:14:42: - C:\Users\joshu\OneDrive\Documents\dnd\00 - Campaigns\Northwatch Wardens - (HomeBrew)\web\server.js".
2026-06-10 14:14:42: Warning: Cannot polyfill `Path2D`, rendering may be broken: "Error: Cannot find module 'canvas'
2026-06-10 14:14:42: Require stack:
2026-06-10 14:14:42: - C:\Users\joshu\OneDrive\Documents\dnd\00 - Campaigns\Northwatch Wardens - (HomeBrew)\web\node_modules\pdfjs-dist\legacy\build\pdf.js
2026-06-10 14:14:42: - C:\Users\joshu\OneDrive\Documents\dnd\00 - Campaigns\Northwatch Wardens - (HomeBrew)\web\lib\pdf-indexer.js
2026-06-10 14:14:42: - C:\Users\joshu\OneDrive\Documents\dnd\00 - Campaigns\Northwatch Wardens - (HomeBrew)\web\server.js".
2026-06-10 14:14:45: Warning: Cannot polyfill `DOMMatrix`, rendering may be broken: "Error: Cannot find module 'canvas'
2026-06-10 14:14:45: Require stack:
2026-06-10 14:14:45: - C:\Users\joshu\OneDrive\Documents\dnd\00 - Campaigns\Northwatch Wardens - (HomeBrew)\web\node_modules\pdfjs-dist\legacy\build\pdf.js
2026-06-10 14:14:45: - C:\Users\joshu\OneDrive\Documents\dnd\00 - Campaigns\Northwatch Wardens - (HomeBrew)\web\lib\pdf-indexer.js
2026-06-10 14:14:45: - C:\Users\joshu\OneDrive\Documents\dnd\00 - Campaigns\Northwatch Wardens - (HomeBrew)\web\server.js".
2026-06-10 14:14:45: Warning: Cannot polyfill `Path2D`, rendering may be broken: "Error: Cannot find module 'canvas'
2026-06-10 14:14:45: Require stack:
2026-06-10 14:14:45: - C:\Users\joshu\OneDrive\Documents\dnd\00 - Campaigns\Northwatch Wardens - (HomeBrew)\web\node_modules\pdfjs-dist\legacy\build\pdf.js
2026-06-10 14:14:45: - C:\Users\joshu\OneDrive\Documents\dnd\00 - Campaigns\Northwatch Wardens - (HomeBrew)\web\lib\pdf-indexer.js
2026-06-10 14:14:45: - C:\Users\joshu\OneDrive\Documents\dnd\00 - Campaigns\Northwatch Wardens - (HomeBrew)\web\server.js".
2026-06-10 14:14:48: Warning: Cannot polyfill `DOMMatrix`, rendering may be broken: "Error: Cannot find module 'canvas'
2026-06-10 14:14:48: Require stack:
2026-06-10 14:14:48: - C:\Users\joshu\OneDrive\Documents\dnd\00 - Campaigns\Northwatch Wardens - (HomeBrew)\web\node_modules\pdfjs-dist\legacy\build\pdf.js
2026-06-10 14:14:48: - C:\Users\joshu\OneDrive\Documents\dnd\00 - Campaigns\Northwatch Wardens - (HomeBrew)\web\lib\pdf-indexer.js
2026-06-10 14:14:48: - C:\Users\joshu\OneDrive\Documents\dnd\00 - Campaigns\Northwatch Wardens - (HomeBrew)\web\server.js".
2026-06-10 14:14:48: Warning: Cannot polyfill `Path2D`, rendering may be broken: "Error: Cannot find module 'canvas'
2026-06-10 14:14:48: Require stack:
2026-06-10 14:14:48: - C:\Users\joshu\OneDrive\Documents\dnd\00 - Campaigns\Northwatch Wardens - (HomeBrew)\web\node_modules\pdfjs-dist\legacy\build\pdf.js
2026-06-10 14:14:48: - C:\Users\joshu\OneDrive\Documents\dnd\00 - Campaigns\Northwatch Wardens - (HomeBrew)\web\lib\pdf-indexer.js
2026-06-10 14:14:48: - C:\Users\joshu\OneDrive\Documents\dnd\00 - Campaigns\Northwatch Wardens - (HomeBrew)\web\server.js".
2026-06-10 14:14:51: Warning: Cannot polyfill `DOMMatrix`, rendering may be broken: "Error: Cannot find module 'canvas'
2026-06-10 14:14:51: Require stack:
2026-06-10 14:14:51: - C:\Users\joshu\OneDrive\Documents\dnd\00 - Campaigns\Northwatch Wardens - (HomeBrew)\web\node_modules\pdfjs-dist\legacy\build\pdf.js
2026-06-10 14:14:51: - C:\Users\joshu\OneDrive\Documents\dnd\00 - Campaigns\Northwatch Wardens - (HomeBrew)\web\lib\pdf-indexer.js
2026-06-10 14:14:51: - C:\Users\joshu\OneDrive\Documents\dnd\00 - Campaigns\Northwatch Wardens - (HomeBrew)\web\server.js".
2026-06-10 14:14:51: Warning: Cannot polyfill `Path2D`, rendering may be broken: "Error: Cannot find module 'canvas'
2026-06-10 14:14:51: Require stack:
2026-06-10 14:14:51: - C:\Users\joshu\OneDrive\Documents\dnd\00 - Campaigns\Northwatch Wardens - (HomeBrew)\web\node_modules\pdfjs-dist\legacy\build\pdf.js
2026-06-10 14:14:51: - C:\Users\joshu\OneDrive\Documents\dnd\00 - Campaigns\Northwatch Wardens - (HomeBrew)\web\lib\pdf-indexer.js
2026-06-10 14:14:51: - C:\Users\joshu\OneDrive\Documents\dnd\00 - Campaigns\Northwatch Wardens - (HomeBrew)\web\server.js".
2026-06-10 14:14:54: Warning: Cannot polyfill `DOMMatrix`, rendering may be broken: "Error: Cannot find module 'canvas'
2026-06-10 14:14:54: Require stack:
2026-06-10 14:14:54: - C:\Users\joshu\OneDrive\Documents\dnd\00 - Campaigns\Northwatch Wardens - (HomeBrew)\web\node_modules\pdfjs-dist\legacy\build\pdf.js
2026-06-10 14:14:54: - C:\Users\joshu\OneDrive\Documents\dnd\00 - Campaigns\Northwatch Wardens - (HomeBrew)\web\lib\pdf-indexer.js
2026-06-10 14:14:54: - C:\Users\joshu\OneDrive\Documents\dnd\00 - Campaigns\Northwatch Wardens - (HomeBrew)\web\server.js".
2026-06-10 14:14:54: Warning: Cannot polyfill `Path2D`, rendering may be broken: "Error: Cannot find module 'canvas'
2026-06-10 14:14:54: Require stack:
2026-06-10 14:14:54: - C:\Users\joshu\OneDrive\Documents\dnd\00 - Campaigns\Northwatch Wardens - (HomeBrew)\web\node_modules\pdfjs-dist\legacy\build\pdf.js
2026-06-10 14:14:54: - C:\Users\joshu\OneDrive\Documents\dnd\00 - Campaigns\Northwatch Wardens - (HomeBrew)\web\lib\pdf-indexer.js
2026-06-10 14:14:54: - C:\Users\joshu\OneDrive\Documents\dnd\00 - Campaigns\Northwatch Wardens - (HomeBrew)\web\server.js".
2026-06-10 14:14:57: Warning: Cannot polyfill `DOMMatrix`, rendering may be broken: "Error: Cannot find module 'canvas'
2026-06-10 14:14:57: Require stack:
2026-06-10 14:14:57: - C:\Users\joshu\OneDrive\Documents\dnd\00 - Campaigns\Northwatch Wardens - (HomeBrew)\web\node_modules\pdfjs-dist\legacy\build\pdf.js
2026-06-10 14:14:57: - C:\Users\joshu\OneDrive\Documents\dnd\00 - Campaigns\Northwatch Wardens - (HomeBrew)\web\lib\pdf-indexer.js
2026-06-10 14:14:57: - C:\Users\joshu\OneDrive\Documents\dnd\00 - Campaigns\Northwatch Wardens - (HomeBrew)\web\server.js".
2026-06-10 14:14:57: Warning: Cannot polyfill `Path2D`, rendering may be broken: "Error: Cannot find module 'canvas'
2026-06-10 14:14:57: Require stack:
2026-06-10 14:14:57: - C:\Users\joshu\OneDrive\Documents\dnd\00 - Campaigns\Northwatch Wardens - (HomeBrew)\web\node_modules\pdfjs-dist\legacy\build\pdf.js
2026-06-10 14:14:57: - C:\Users\joshu\OneDrive\Documents\dnd\00 - Campaigns\Northwatch Wardens - (HomeBrew)\web\lib\pdf-indexer.js
2026-06-10 14:14:57: - C:\Users\joshu\OneDrive\Documents\dnd\00 - Campaigns\Northwatch Wardens - (HomeBrew)\web\server.js".
2026-06-10 14:15:00: Warning: Cannot polyfill `DOMMatrix`, rendering may be broken: "Error: Cannot find module 'canvas'
2026-06-10 14:15:00: Require stack:
2026-06-10 14:15:00: - C:\Users\joshu\OneDrive\Documents\dnd\00 - Campaigns\Northwatch Wardens - (HomeBrew)\web\node_modules\pdfjs-dist\legacy\build\pdf.js
2026-06-10 14:15:00: - C:\Users\joshu\OneDrive\Documents\dnd\00 - Campaigns\Northwatch Wardens - (HomeBrew)\web\lib\pdf-indexer.js
2026-06-10 14:15:00: - C:\Users\joshu\OneDrive\Documents\dnd\00 - Campaigns\Northwatch Wardens - (HomeBrew)\web\server.js".
2026-06-10 14:15:00: Warning: Cannot polyfill `Path2D`, rendering may be broken: "Error: Cannot find module 'canvas'
2026-06-10 14:15:00: Require stack:
2026-06-10 14:15:00: - C:\Users\joshu\OneDrive\Documents\dnd\00 - Campaigns\Northwatch Wardens - (HomeBrew)\web\node_modules\pdfjs-dist\legacy\build\pdf.js
2026-06-10 14:15:00: - C:\Users\joshu\OneDrive\Documents\dnd\00 - Campaigns\Northwatch Wardens - (HomeBrew)\web\lib\pdf-indexer.js
2026-06-10 14:15:00: - C:\Users\joshu\OneDrive\Documents\dnd\00 - Campaigns\Northwatch Wardens - (HomeBrew)\web\server.js".
2026-06-10 14:15:04: Warning: Cannot polyfill `DOMMatrix`, rendering may be broken: "Error: Cannot find module 'canvas'
2026-06-10 14:15:04: Require stack:
2026-06-10 14:15:04: - C:\Users\joshu\OneDrive\Documents\dnd\00 - Campaigns\Northwatch Wardens - (HomeBrew)\web\node_modules\pdfjs-dist\legacy\build\pdf.js
2026-06-10 14:15:04: - C:\Users\joshu\OneDrive\Documents\dnd\00 - Campaigns\Northwatch Wardens - (HomeBrew)\web\lib\pdf-indexer.js
2026-06-10 14:15:04: - C:\Users\joshu\OneDrive\Documents\dnd\00 - Campaigns\Northwatch Wardens - (HomeBrew)\web\server.js".
2026-06-10 14:15:04: Warning: Cannot polyfill `Path2D`, rendering may be broken: "Error: Cannot find module 'canvas'
2026-06-10 14:15:04: Require stack:
2026-06-10 14:15:04: - C:\Users\joshu\OneDrive\Documents\dnd\00 - Campaigns\Northwatch Wardens - (HomeBrew)\web\node_modules\pdfjs-dist\legacy\build\pdf.js
2026-06-10 14:15:04: - C:\Users\joshu\OneDrive\Documents\dnd\00 - Campaigns\Northwatch Wardens - (HomeBrew)\web\lib\pdf-indexer.js
2026-06-10 14:15:04: - C:\Users\joshu\OneDrive\Documents\dnd\00 - Campaigns\Northwatch Wardens - (HomeBrew)\web\server.js".
2026-06-10 14:15:07: Warning: Cannot polyfill `DOMMatrix`, rendering may be broken: "Error: Cannot find module 'canvas'
2026-06-10 14:15:07: Require stack:
2026-06-10 14:15:07: - C:\Users\joshu\OneDrive\Documents\dnd\00 - Campaigns\Northwatch Wardens - (HomeBrew)\web\node_modules\pdfjs-dist\legacy\build\pdf.js
2026-06-10 14:15:07: - C:\Users\joshu\OneDrive\Documents\dnd\00 - Campaigns\Northwatch Wardens - (HomeBrew)\web\lib\pdf-indexer.js
2026-06-10 14:15:07: - C:\Users\joshu\OneDrive\Documents\dnd\00 - Campaigns\Northwatch Wardens - (HomeBrew)\web\server.js".
2026-06-10 14:15:07: Warning: Cannot polyfill `Path2D`, rendering may be broken: "Error: Cannot find module 'canvas'
2026-06-10 14:15:07: Require stack:
2026-06-10 14:15:07: - C:\Users\joshu\OneDrive\Documents\dnd\00 - Campaigns\Northwatch Wardens - (HomeBrew)\web\node_modules\pdfjs-dist\legacy\build\pdf.js
2026-06-10 14:15:07: - C:\Users\joshu\OneDrive\Documents\dnd\00 - Campaigns\Northwatch Wardens - (HomeBrew)\web\lib\pdf-indexer.js
2026-06-10 14:15:07: - C:\Users\joshu\OneDrive\Documents\dnd\00 - Campaigns\Northwatch Wardens - (HomeBrew)\web\server.js".
2026-06-10 14:15:10: Warning: Cannot polyfill `DOMMatrix`, rendering may be broken: "Error: Cannot find module 'canvas'
2026-06-10 14:15:10: Require stack:
2026-06-10 14:15:10: - C:\Users\joshu\OneDrive\Documents\dnd\00 - Campaigns\Northwatch Wardens - (HomeBrew)\web\node_modules\pdfjs-dist\legacy\build\pdf.js
2026-06-10 14:15:10: - C:\Users\joshu\OneDrive\Documents\dnd\00 - Campaigns\Northwatch Wardens - (HomeBrew)\web\lib\pdf-indexer.js
2026-06-10 14:15:10: - C:\Users\joshu\OneDrive\Documents\dnd\00 - Campaigns\Northwatch Wardens - (HomeBrew)\web\server.js".
2026-06-10 14:15:10: Warning: Cannot polyfill `Path2D`, rendering may be broken: "Error: Cannot find module 'canvas'
2026-06-10 14:15:10: Require stack:
2026-06-10 14:15:10: - C:\Users\joshu\OneDrive\Documents\dnd\00 - Campaigns\Northwatch Wardens - (HomeBrew)\web\node_modules\pdfjs-dist\legacy\build\pdf.js
2026-06-10 14:15:10: - C:\Users\joshu\OneDrive\Documents\dnd\00 - Campaigns\Northwatch Wardens - (HomeBrew)\web\lib\pdf-indexer.js
2026-06-10 14:15:10: - C:\Users\joshu\OneDrive\Documents\dnd\00 - Campaigns\Northwatch Wardens - (HomeBrew)\web\server.js".
2026-06-10 14:15:14: Warning: Cannot polyfill `DOMMatrix`, rendering may be broken: "Error: Cannot find module 'canvas'
2026-06-10 14:15:14: Require stack:
2026-06-10 14:15:14: - C:\Users\joshu\OneDrive\Documents\dnd\00 - Campaigns\Northwatch Wardens - (HomeBrew)\web\node_modules\pdfjs-dist\legacy\build\pdf.js
2026-06-10 14:15:14: - C:\Users\joshu\OneDrive\Documents\dnd\00 - Campaigns\Northwatch Wardens - (HomeBrew)\web\lib\pdf-indexer.js
2026-06-10 14:15:14: - C:\Users\joshu\OneDrive\Documents\dnd\00 - Campaigns\Northwatch Wardens - (HomeBrew)\web\server.js".
2026-06-10 14:15:14: Warning: Cannot polyfill `Path2D`, rendering may be broken: "Error: Cannot find module 'canvas'
2026-06-10 14:15:14: Require stack:
2026-06-10 14:15:14: - C:\Users\joshu\OneDrive\Documents\dnd\00 - Campaigns\Northwatch Wardens - (HomeBrew)\web\node_modules\pdfjs-dist\legacy\build\pdf.js
2026-06-10 14:15:14: - C:\Users\joshu\OneDrive\Documents\dnd\00 - Campaigns\Northwatch Wardens - (HomeBrew)\web\lib\pdf-indexer.js
2026-06-10 14:15:14: - C:\Users\joshu\OneDrive\Documents\dnd\00 - Campaigns\Northwatch Wardens - (HomeBrew)\web\server.js".
2026-06-10 14:15:17: Warning: Cannot polyfill `DOMMatrix`, rendering may be broken: "Error: Cannot find module 'canvas'
2026-06-10 14:15:17: Require stack:
2026-06-10 14:15:17: - C:\Users\joshu\OneDrive\Documents\dnd\00 - Campaigns\Northwatch Wardens - (HomeBrew)\web\node_modules\pdfjs-dist\legacy\build\pdf.js
2026-06-10 14:15:17: - C:\Users\joshu\OneDrive\Documents\dnd\00 - Campaigns\Northwatch Wardens - (HomeBrew)\web\lib\pdf-indexer.js
2026-06-10 14:15:17: - C:\Users\joshu\OneDrive\Documents\dnd\00 - Campaigns\Northwatch Wardens - (HomeBrew)\web\server.js".
2026-06-10 14:15:17: Warning: Cannot polyfill `Path2D`, rendering may be broken: "Error: Cannot find module 'canvas'
2026-06-10 14:15:17: Require stack:
2026-06-10 14:15:17: - C:\Users\joshu\OneDrive\Documents\dnd\00 - Campaigns\Northwatch Wardens - (HomeBrew)\web\node_modules\pdfjs-dist\legacy\build\pdf.js
2026-06-10 14:15:17: - C:\Users\joshu\OneDrive\Documents\dnd\00 - Campaigns\Northwatch Wardens - (HomeBrew)\web\lib\pdf-indexer.js
2026-06-10 14:15:17: - C:\Users\joshu\OneDrive\Documents\dnd\00 - Campaigns\Northwatch Wardens - (HomeBrew)\web\server.js".
2026-06-10 14:15:20: Warning: Cannot polyfill `DOMMatrix`, rendering may be broken: "Error: Cannot find module 'canvas'
2026-06-10 14:15:20: Require stack:
2026-06-10 14:15:20: - C:\Users\joshu\OneDrive\Documents\dnd\00 - Campaigns\Northwatch Wardens - (HomeBrew)\web\node_modules\pdfjs-dist\legacy\build\pdf.js
2026-06-10 14:15:20: - C:\Users\joshu\OneDrive\Documents\dnd\00 - Campaigns\Northwatch Wardens - (HomeBrew)\web\lib\pdf-indexer.js
2026-06-10 14:15:20: - C:\Users\joshu\OneDrive\Documents\dnd\00 - Campaigns\Northwatch Wardens - (HomeBrew)\web\server.js".
2026-06-10 14:15:20: Warning: Cannot polyfill `Path2D`, rendering may be broken: "Error: Cannot find module 'canvas'
2026-06-10 14:15:20: Require stack:
2026-06-10 14:15:20: - C:\Users\joshu\OneDrive\Documents\dnd\00 - Campaigns\Northwatch Wardens - (HomeBrew)\web\node_modules\pdfjs-dist\legacy\build\pdf.js
2026-06-10 14:15:20: - C:\Users\joshu\OneDrive\Documents\dnd\00 - Campaigns\Northwatch Wardens - (HomeBrew)\web\lib\pdf-indexer.js
2026-06-10 14:15:20: - C:\Users\joshu\OneDrive\Documents\dnd\00 - Campaigns\Northwatch Wardens - (HomeBrew)\web\server.js".
2026-06-10 14:15:23: Warning: Cannot polyfill `DOMMatrix`, rendering may be broken: "Error: Cannot find module 'canvas'
2026-06-10 14:15:23: Require stack:
2026-06-10 14:15:23: - C:\Users\joshu\OneDrive\Documents\dnd\00 - Campaigns\Northwatch Wardens - (HomeBrew)\web\node_modules\pdfjs-dist\legacy\build\pdf.js
2026-06-10 14:15:23: - C:\Users\joshu\OneDrive\Documents\dnd\00 - Campaigns\Northwatch Wardens - (HomeBrew)\web\lib\pdf-indexer.js
2026-06-10 14:15:23: - C:\Users\joshu\OneDrive\Documents\dnd\00 - Campaigns\Northwatch Wardens - (HomeBrew)\web\server.js".
2026-06-10 14:15:23: Warning: Cannot polyfill `Path2D`, rendering may be broken: "Error: Cannot find module 'canvas'
2026-06-10 14:15:23: Require stack:
2026-06-10 14:15:23: - C:\Users\joshu\OneDrive\Documents\dnd\00 - Campaigns\Northwatch Wardens - (HomeBrew)\web\node_modules\pdfjs-dist\legacy\build\pdf.js
2026-06-10 14:15:23: - C:\Users\joshu\OneDrive\Documents\dnd\00 - Campaigns\Northwatch Wardens - (HomeBrew)\web\lib\pdf-indexer.js
2026-06-10 14:15:23: - C:\Users\joshu\OneDrive\Documents\dnd\00 - Campaigns\Northwatch Wardens - (HomeBrew)\web\server.js".
2026-06-10 14:15:26: Warning: Cannot polyfill `DOMMatrix`, rendering may be broken: "Error: Cannot find module 'canvas'
2026-06-10 14:15:26: Require stack:
2026-06-10 14:15:26: - C:\Users\joshu\OneDrive\Documents\dnd\00 - Campaigns\Northwatch Wardens - (HomeBrew)\web\node_modules\pdfjs-dist\legacy\build\pdf.js
2026-06-10 14:15:26: - C:\Users\joshu\OneDrive\Documents\dnd\00 - Campaigns\Northwatch Wardens - (HomeBrew)\web\lib\pdf-indexer.js
2026-06-10 14:15:26: - C:\Users\joshu\OneDrive\Documents\dnd\00 - Campaigns\Northwatch Wardens - (HomeBrew)\web\server.js".
2026-06-10 14:15:26: Warning: Cannot polyfill `Path2D`, rendering may be broken: "Error: Cannot find module 'canvas'
2026-06-10 14:15:26: Require stack:
2026-06-10 14:15:26: - C:\Users\joshu\OneDrive\Documents\dnd\00 - Campaigns\Northwatch Wardens - (HomeBrew)\web\node_modules\pdfjs-dist\legacy\build\pdf.js
2026-06-10 14:15:26: - C:\Users\joshu\OneDrive\Documents\dnd\00 - Campaigns\Northwatch Wardens - (HomeBrew)\web\lib\pdf-indexer.js
2026-06-10 14:15:26: - C:\Users\joshu\OneDrive\Documents\dnd\00 - Campaigns\Northwatch Wardens - (HomeBrew)\web\server.js".
2026-06-10 14:15:29: Warning: Cannot polyfill `DOMMatrix`, rendering may be broken: "Error: Cannot find module 'canvas'
2026-06-10 14:15:29: Require stack:
2026-06-10 14:15:29: - C:\Users\joshu\OneDrive\Documents\dnd\00 - Campaigns\Northwatch Wardens - (HomeBrew)\web\node_modules\pdfjs-dist\legacy\build\pdf.js
2026-06-10 14:15:29: - C:\Users\joshu\OneDrive\Documents\dnd\00 - Campaigns\Northwatch Wardens - (HomeBrew)\web\lib\pdf-indexer.js
2026-06-10 14:15:29: - C:\Users\joshu\OneDrive\Documents\dnd\00 - Campaigns\Northwatch Wardens - (HomeBrew)\web\server.js".
2026-06-10 14:15:29: Warning: Cannot polyfill `Path2D`, rendering may be broken: "Error: Cannot find module 'canvas'
2026-06-10 14:15:29: Require stack:
2026-06-10 14:15:29: - C:\Users\joshu\OneDrive\Documents\dnd\00 - Campaigns\Northwatch Wardens - (HomeBrew)\web\node_modules\pdfjs-dist\legacy\build\pdf.js
2026-06-10 14:15:29: - C:\Users\joshu\OneDrive\Documents\dnd\00 - Campaigns\Northwatch Wardens - (HomeBrew)\web\lib\pdf-indexer.js
2026-06-10 14:15:29: - C:\Users\joshu\OneDrive\Documents\dnd\00 - Campaigns\Northwatch Wardens - (HomeBrew)\web\server.js".
2026-06-10 14:15:32: Warning: Cannot polyfill `DOMMatrix`, rendering may be broken: "Error: Cannot find module 'canvas'
2026-06-10 14:15:32: Require stack:
2026-06-10 14:15:32: - C:\Users\joshu\OneDrive\Documents\dnd\00 - Campaigns\Northwatch Wardens - (HomeBrew)\web\node_modules\pdfjs-dist\legacy\build\pdf.js
2026-06-10 14:15:32: - C:\Users\joshu\OneDrive\Documents\dnd\00 - Campaigns\Northwatch Wardens - (HomeBrew)\web\lib\pdf-indexer.js
2026-06-10 14:15:32: - C:\Users\joshu\OneDrive\Documents\dnd\00 - Campaigns\Northwatch Wardens - (HomeBrew)\web\server.js".
2026-06-10 14:15:32: Warning: Cannot polyfill `Path2D`, rendering may be broken: "Error: Cannot find module 'canvas'
2026-06-10 14:15:32: Require stack:
2026-06-10 14:15:32: - C:\Users\joshu\OneDrive\Documents\dnd\00 - Campaigns\Northwatch Wardens - (HomeBrew)\web\node_modules\pdfjs-dist\legacy\build\pdf.js
2026-06-10 14:15:32: - C:\Users\joshu\OneDrive\Documents\dnd\00 - Campaigns\Northwatch Wardens - (HomeBrew)\web\lib\pdf-indexer.js
2026-06-10 14:15:32: - C:\Users\joshu\OneDrive\Documents\dnd\00 - Campaigns\Northwatch Wardens - (HomeBrew)\web\server.js".
2026-06-10 14:15:34: Warning: Cannot polyfill `DOMMatrix`, rendering may be broken: "Error: Cannot find module 'canvas'
2026-06-10 14:15:34: Require stack:
2026-06-10 14:15:34: - C:\Users\joshu\OneDrive\Documents\dnd\00 - Campaigns\Northwatch Wardens - (HomeBrew)\web\node_modules\pdfjs-dist\legacy\build\pdf.js
2026-06-10 14:15:34: - C:\Users\joshu\OneDrive\Documents\dnd\00 - Campaigns\Northwatch Wardens - (HomeBrew)\web\lib\pdf-indexer.js
2026-06-10 14:15:34: - C:\Users\joshu\OneDrive\Documents\dnd\00 - Campaigns\Northwatch Wardens - (HomeBrew)\web\server.js".
2026-06-10 14:15:34: Warning: Cannot polyfill `Path2D`, rendering may be broken: "Error: Cannot find module 'canvas'
2026-06-10 14:15:34: Require stack:
2026-06-10 14:15:34: - C:\Users\joshu\OneDrive\Documents\dnd\00 - Campaigns\Northwatch Wardens - (HomeBrew)\web\node_modules\pdfjs-dist\legacy\build\pdf.js
2026-06-10 14:15:34: - C:\Users\joshu\OneDrive\Documents\dnd\00 - Campaigns\Northwatch Wardens - (HomeBrew)\web\lib\pdf-indexer.js
2026-06-10 14:15:34: - C:\Users\joshu\OneDrive\Documents\dnd\00 - Campaigns\Northwatch Wardens - (HomeBrew)\web\server.js".
2026-06-10 14:15:37: Warning: Cannot polyfill `DOMMatrix`, rendering may be broken: "Error: Cannot find module 'canvas'
2026-06-10 14:15:37: Require stack:
2026-06-10 14:15:37: - C:\Users\joshu\OneDrive\Documents\dnd\00 - Campaigns\Northwatch Wardens - (HomeBrew)\web\node_modules\pdfjs-dist\legacy\build\pdf.js
2026-06-10 14:15:37: - C:\Users\joshu\OneDrive\Documents\dnd\00 - Campaigns\Northwatch Wardens - (HomeBrew)\web\lib\pdf-indexer.js
2026-06-10 14:15:37: - C:\Users\joshu\OneDrive\Documents\dnd\00 - Campaigns\Northwatch Wardens - (HomeBrew)\web\server.js".
2026-06-10 14:15:37: Warning: Cannot polyfill `Path2D`, rendering may be broken: "Error: Cannot find module 'canvas'
2026-06-10 14:15:37: Require stack:
2026-06-10 14:15:37: - C:\Users\joshu\OneDrive\Documents\dnd\00 - Campaigns\Northwatch Wardens - (HomeBrew)\web\node_modules\pdfjs-dist\legacy\build\pdf.js
2026-06-10 14:15:37: - C:\Users\joshu\OneDrive\Documents\dnd\00 - Campaigns\Northwatch Wardens - (HomeBrew)\web\lib\pdf-indexer.js
2026-06-10 14:15:37: - C:\Users\joshu\OneDrive\Documents\dnd\00 - Campaigns\Northwatch Wardens - (HomeBrew)\web\server.js".
2026-06-10 14:15:39: Warning: Cannot polyfill `DOMMatrix`, rendering may be broken: "Error: Cannot find module 'canvas'
2026-06-10 14:15:39: Require stack:
2026-06-10 14:15:39: - C:\Users\joshu\OneDrive\Documents\dnd\00 - Campaigns\Northwatch Wardens - (HomeBrew)\web\node_modules\pdfjs-dist\legacy\build\pdf.js
2026-06-10 14:15:39: - C:\Users\joshu\OneDrive\Documents\dnd\00 - Campaigns\Northwatch Wardens - (HomeBrew)\web\lib\pdf-indexer.js
2026-06-10 14:15:39: - C:\Users\joshu\OneDrive\Documents\dnd\00 - Campaigns\Northwatch Wardens - (HomeBrew)\web\server.js".
2026-06-10 14:15:39: Warning: Cannot polyfill `Path2D`, rendering may be broken: "Error: Cannot find module 'canvas'
2026-06-10 14:15:39: Require stack:
2026-06-10 14:15:39: - C:\Users\joshu\OneDrive\Documents\dnd\00 - Campaigns\Northwatch Wardens - (HomeBrew)\web\node_modules\pdfjs-dist\legacy\build\pdf.js
2026-06-10 14:15:39: - C:\Users\joshu\OneDrive\Documents\dnd\00 - Campaigns\Northwatch Wardens - (HomeBrew)\web\lib\pdf-indexer.js
2026-06-10 14:15:39: - C:\Users\joshu\OneDrive\Documents\dnd\00 - Campaigns\Northwatch Wardens - (HomeBrew)\web\server.js".
2026-06-10 14:15:43: Warning: Cannot polyfill `DOMMatrix`, rendering may be broken: "Error: Cannot find module 'canvas'
2026-06-10 14:15:43: Require stack:
2026-06-10 14:15:43: - C:\Users\joshu\OneDrive\Documents\dnd\00 - Campaigns\Northwatch Wardens - (HomeBrew)\web\node_modules\pdfjs-dist\legacy\build\pdf.js
2026-06-10 14:15:43: - C:\Users\joshu\OneDrive\Documents\dnd\00 - Campaigns\Northwatch Wardens - (HomeBrew)\web\lib\pdf-indexer.js
2026-06-10 14:15:43: - C:\Users\joshu\OneDrive\Documents\dnd\00 - Campaigns\Northwatch Wardens - (HomeBrew)\web\server.js".
2026-06-10 14:15:43: Warning: Cannot polyfill `Path2D`, rendering may be broken: "Error: Cannot find module 'canvas'
2026-06-10 14:15:43: Require stack:
2026-06-10 14:15:43: - C:\Users\joshu\OneDrive\Documents\dnd\00 - Campaigns\Northwatch Wardens - (HomeBrew)\web\node_modules\pdfjs-dist\legacy\build\pdf.js
2026-06-10 14:15:43: - C:\Users\joshu\OneDrive\Documents\dnd\00 - Campaigns\Northwatch Wardens - (HomeBrew)\web\lib\pdf-indexer.js
2026-06-10 14:15:43: - C:\Users\joshu\OneDrive\Documents\dnd\00 - Campaigns\Northwatch Wardens - (HomeBrew)\web\server.js".
2026-06-10 14:15:45: Warning: Cannot polyfill `DOMMatrix`, rendering may be broken: "Error: Cannot find module 'canvas'
2026-06-10 14:15:45: Require stack:
2026-06-10 14:15:45: - C:\Users\joshu\OneDrive\Documents\dnd\00 - Campaigns\Northwatch Wardens - (HomeBrew)\web\node_modules\pdfjs-dist\legacy\build\pdf.js
2026-06-10 14:15:45: - C:\Users\joshu\OneDrive\Documents\dnd\00 - Campaigns\Northwatch Wardens - (HomeBrew)\web\lib\pdf-indexer.js
2026-06-10 14:15:45: - C:\Users\joshu\OneDrive\Documents\dnd\00 - Campaigns\Northwatch Wardens - (HomeBrew)\web\server.js".
2026-06-10 14:15:45: Warning: Cannot polyfill `Path2D`, rendering may be broken: "Error: Cannot find module 'canvas'
2026-06-10 14:15:45: Require stack:
2026-06-10 14:15:45: - C:\Users\joshu\OneDrive\Documents\dnd\00 - Campaigns\Northwatch Wardens - (HomeBrew)\web\node_modules\pdfjs-dist\legacy\build\pdf.js
2026-06-10 14:15:45: - C:\Users\joshu\OneDrive\Documents\dnd\00 - Campaigns\Northwatch Wardens - (HomeBrew)\web\lib\pdf-indexer.js
2026-06-10 14:15:45: - C:\Users\joshu\OneDrive\Documents\dnd\00 - Campaigns\Northwatch Wardens - (HomeBrew)\web\server.js".
2026-06-10 14:15:48: Warning: Cannot polyfill `DOMMatrix`, rendering may be broken: "Error: Cannot find module 'canvas'
2026-06-10 14:15:48: Require stack:
2026-06-10 14:15:48: - C:\Users\joshu\OneDrive\Documents\dnd\00 - Campaigns\Northwatch Wardens - (HomeBrew)\web\node_modules\pdfjs-dist\legacy\build\pdf.js
2026-06-10 14:15:48: - C:\Users\joshu\OneDrive\Documents\dnd\00 - Campaigns\Northwatch Wardens - (HomeBrew)\web\lib\pdf-indexer.js
2026-06-10 14:15:48: - C:\Users\joshu\OneDrive\Documents\dnd\00 - Campaigns\Northwatch Wardens - (HomeBrew)\web\server.js".
2026-06-10 14:15:48: Warning: Cannot polyfill `Path2D`, rendering may be broken: "Error: Cannot find module 'canvas'
2026-06-10 14:15:48: Require stack:
2026-06-10 14:15:48: - C:\Users\joshu\OneDrive\Documents\dnd\00 - Campaigns\Northwatch Wardens - (HomeBrew)\web\node_modules\pdfjs-dist\legacy\build\pdf.js
2026-06-10 14:15:48: - C:\Users\joshu\OneDrive\Documents\dnd\00 - Campaigns\Northwatch Wardens - (HomeBrew)\web\lib\pdf-indexer.js
2026-06-10 14:15:48: - C:\Users\joshu\OneDrive\Documents\dnd\00 - Campaigns\Northwatch Wardens - (HomeBrew)\web\server.js".
2026-06-10 14:15:51: Warning: Cannot polyfill `DOMMatrix`, rendering may be broken: "Error: Cannot find module 'canvas'
2026-06-10 14:15:51: Require stack:
2026-06-10 14:15:51: - C:\Users\joshu\OneDrive\Documents\dnd\00 - Campaigns\Northwatch Wardens - (HomeBrew)\web\node_modules\pdfjs-dist\legacy\build\pdf.js
2026-06-10 14:15:51: - C:\Users\joshu\OneDrive\Documents\dnd\00 - Campaigns\Northwatch Wardens - (HomeBrew)\web\lib\pdf-indexer.js
2026-06-10 14:15:51: - C:\Users\joshu\OneDrive\Documents\dnd\00 - Campaigns\Northwatch Wardens - (HomeBrew)\web\server.js".
2026-06-10 14:15:51: Warning: Cannot polyfill `Path2D`, rendering may be broken: "Error: Cannot find module 'canvas'
2026-06-10 14:15:51: Require stack:
2026-06-10 14:15:51: - C:\Users\joshu\OneDrive\Documents\dnd\00 - Campaigns\Northwatch Wardens - (HomeBrew)\web\node_modules\pdfjs-dist\legacy\build\pdf.js
2026-06-10 14:15:51: - C:\Users\joshu\OneDrive\Documents\dnd\00 - Campaigns\Northwatch Wardens - (HomeBrew)\web\lib\pdf-indexer.js
2026-06-10 14:15:51: - C:\Users\joshu\OneDrive\Documents\dnd\00 - Campaigns\Northwatch Wardens - (HomeBrew)\web\server.js".
2026-06-10 14:15:54: Warning: Cannot polyfill `DOMMatrix`, rendering may be broken: "Error: Cannot find module 'canvas'
2026-06-10 14:15:54: Require stack:
2026-06-10 14:15:54: - C:\Users\joshu\OneDrive\Documents\dnd\00 - Campaigns\Northwatch Wardens - (HomeBrew)\web\node_modules\pdfjs-dist\legacy\build\pdf.js
2026-06-10 14:15:54: - C:\Users\joshu\OneDrive\Documents\dnd\00 - Campaigns\Northwatch Wardens - (HomeBrew)\web\lib\pdf-indexer.js
2026-06-10 14:15:54: - C:\Users\joshu\OneDrive\Documents\dnd\00 - Campaigns\Northwatch Wardens - (HomeBrew)\web\server.js".
2026-06-10 14:15:54: Warning: Cannot polyfill `Path2D`, rendering may be broken: "Error: Cannot find module 'canvas'
2026-06-10 14:15:54: Require stack:
2026-06-10 14:15:54: - C:\Users\joshu\OneDrive\Documents\dnd\00 - Campaigns\Northwatch Wardens - (HomeBrew)\web\node_modules\pdfjs-dist\legacy\build\pdf.js
2026-06-10 14:15:54: - C:\Users\joshu\OneDrive\Documents\dnd\00 - Campaigns\Northwatch Wardens - (HomeBrew)\web\lib\pdf-indexer.js
2026-06-10 14:15:54: - C:\Users\joshu\OneDrive\Documents\dnd\00 - Campaigns\Northwatch Wardens - (HomeBrew)\web\server.js".
2026-06-10 14:15:59: Warning: Cannot polyfill `DOMMatrix`, rendering may be broken: "Error: Cannot find module 'canvas'
2026-06-10 14:15:59: Require stack:
2026-06-10 14:15:59: - C:\Users\joshu\OneDrive\Documents\dnd\00 - Campaigns\Northwatch Wardens - (HomeBrew)\web\node_modules\pdfjs-dist\legacy\build\pdf.js
2026-06-10 14:15:59: - C:\Users\joshu\OneDrive\Documents\dnd\00 - Campaigns\Northwatch Wardens - (HomeBrew)\web\lib\pdf-indexer.js
2026-06-10 14:15:59: - C:\Users\joshu\OneDrive\Documents\dnd\00 - Campaigns\Northwatch Wardens - (HomeBrew)\web\server.js".
2026-06-10 14:15:59: Warning: Cannot polyfill `Path2D`, rendering may be broken: "Error: Cannot find module 'canvas'
2026-06-10 14:15:59: Require stack:
2026-06-10 14:15:59: - C:\Users\joshu\OneDrive\Documents\dnd\00 - Campaigns\Northwatch Wardens - (HomeBrew)\web\node_modules\pdfjs-dist\legacy\build\pdf.js
2026-06-10 14:15:59: - C:\Users\joshu\OneDrive\Documents\dnd\00 - Campaigns\Northwatch Wardens - (HomeBrew)\web\lib\pdf-indexer.js
2026-06-10 14:15:59: - C:\Users\joshu\OneDrive\Documents\dnd\00 - Campaigns\Northwatch Wardens - (HomeBrew)\web\server.js".
2026-06-10 14:16:04: Warning: Cannot polyfill `DOMMatrix`, rendering may be broken: "Error: Cannot find module 'canvas'
2026-06-10 14:16:04: Require stack:
2026-06-10 14:16:04: - C:\Users\joshu\OneDrive\Documents\dnd\00 - Campaigns\Northwatch Wardens - (HomeBrew)\web\node_modules\pdfjs-dist\legacy\build\pdf.js
2026-06-10 14:16:04: - C:\Users\joshu\OneDrive\Documents\dnd\00 - Campaigns\Northwatch Wardens - (HomeBrew)\web\lib\pdf-indexer.js
2026-06-10 14:16:04: - C:\Users\joshu\OneDrive\Documents\dnd\00 - Campaigns\Northwatch Wardens - (HomeBrew)\web\server.js".
2026-06-10 14:16:04: Warning: Cannot polyfill `Path2D`, rendering may be broken: "Error: Cannot find module 'canvas'
2026-06-10 14:16:04: Require stack:
2026-06-10 14:16:04: - C:\Users\joshu\OneDrive\Documents\dnd\00 - Campaigns\Northwatch Wardens - (HomeBrew)\web\node_modules\pdfjs-dist\legacy\build\pdf.js
2026-06-10 14:16:04: - C:\Users\joshu\OneDrive\Documents\dnd\00 - Campaigns\Northwatch Wardens - (HomeBrew)\web\lib\pdf-indexer.js
2026-06-10 14:16:04: - C:\Users\joshu\OneDrive\Documents\dnd\00 - Campaigns\Northwatch Wardens - (HomeBrew)\web\server.js".
2026-06-10 14:16:09: Warning: Cannot polyfill `DOMMatrix`, rendering may be broken: "Error: Cannot find module 'canvas'
2026-06-10 14:16:09: Require stack:
2026-06-10 14:16:09: - C:\Users\joshu\OneDrive\Documents\dnd\00 - Campaigns\Northwatch Wardens - (HomeBrew)\web\node_modules\pdfjs-dist\legacy\build\pdf.js
2026-06-10 14:16:09: - C:\Users\joshu\OneDrive\Documents\dnd\00 - Campaigns\Northwatch Wardens - (HomeBrew)\web\lib\pdf-indexer.js
2026-06-10 14:16:09: - C:\Users\joshu\OneDrive\Documents\dnd\00 - Campaigns\Northwatch Wardens - (HomeBrew)\web\server.js".
2026-06-10 14:16:09: Warning: Cannot polyfill `Path2D`, rendering may be broken: "Error: Cannot find module 'canvas'
2026-06-10 14:16:09: Require stack:
2026-06-10 14:16:09: - C:\Users\joshu\OneDrive\Documents\dnd\00 - Campaigns\Northwatch Wardens - (HomeBrew)\web\node_modules\pdfjs-dist\legacy\build\pdf.js
2026-06-10 14:16:09: - C:\Users\joshu\OneDrive\Documents\dnd\00 - Campaigns\Northwatch Wardens - (HomeBrew)\web\lib\pdf-indexer.js
2026-06-10 14:16:09: - C:\Users\joshu\OneDrive\Documents\dnd\00 - Campaigns\Northwatch Wardens - (HomeBrew)\web\server.js".
2026-06-10 14:16:12: Warning: Cannot polyfill `DOMMatrix`, rendering may be broken: "Error: Cannot find module 'canvas'
2026-06-10 14:16:12: Require stack:
2026-06-10 14:16:12: - C:\Users\joshu\OneDrive\Documents\dnd\00 - Campaigns\Northwatch Wardens - (HomeBrew)\web\node_modules\pdfjs-dist\legacy\build\pdf.js
2026-06-10 14:16:12: - C:\Users\joshu\OneDrive\Documents\dnd\00 - Campaigns\Northwatch Wardens - (HomeBrew)\web\lib\pdf-indexer.js
2026-06-10 14:16:12: - C:\Users\joshu\OneDrive\Documents\dnd\00 - Campaigns\Northwatch Wardens - (HomeBrew)\web\server.js".
2026-06-10 14:16:12: Warning: Cannot polyfill `Path2D`, rendering may be broken: "Error: Cannot find module 'canvas'
2026-06-10 14:16:12: Require stack:
2026-06-10 14:16:12: - C:\Users\joshu\OneDrive\Documents\dnd\00 - Campaigns\Northwatch Wardens - (HomeBrew)\web\node_modules\pdfjs-dist\legacy\build\pdf.js
2026-06-10 14:16:12: - C:\Users\joshu\OneDrive\Documents\dnd\00 - Campaigns\Northwatch Wardens - (HomeBrew)\web\lib\pdf-indexer.js
2026-06-10 14:16:12: - C:\Users\joshu\OneDrive\Documents\dnd\00 - Campaigns\Northwatch Wardens - (HomeBrew)\web\server.js".
2026-06-10 14:16:17: Warning: Cannot polyfill `DOMMatrix`, rendering may be broken: "Error: Cannot find module 'canvas'
2026-06-10 14:16:17: Require stack:
2026-06-10 14:16:17: - C:\Users\joshu\OneDrive\Documents\dnd\00 - Campaigns\Northwatch Wardens - (HomeBrew)\web\node_modules\pdfjs-dist\legacy\build\pdf.js
2026-06-10 14:16:17: - C:\Users\joshu\OneDrive\Documents\dnd\00 - Campaigns\Northwatch Wardens - (HomeBrew)\web\lib\pdf-indexer.js
2026-06-10 14:16:17: - C:\Users\joshu\OneDrive\Documents\dnd\00 - Campaigns\Northwatch Wardens - (HomeBrew)\web\server.js".
2026-06-10 14:16:17: Warning: Cannot polyfill `Path2D`, rendering may be broken: "Error: Cannot find module 'canvas'
2026-06-10 14:16:17: Require stack:
2026-06-10 14:16:17: - C:\Users\joshu\OneDrive\Documents\dnd\00 - Campaigns\Northwatch Wardens - (HomeBrew)\web\node_modules\pdfjs-dist\legacy\build\pdf.js
2026-06-10 14:16:17: - C:\Users\joshu\OneDrive\Documents\dnd\00 - Campaigns\Northwatch Wardens - (HomeBrew)\web\lib\pdf-indexer.js
2026-06-10 14:16:17: - C:\Users\joshu\OneDrive\Documents\dnd\00 - Campaigns\Northwatch Wardens - (HomeBrew)\web\server.js".
2026-06-10 14:16:21: Warning: Cannot polyfill `DOMMatrix`, rendering may be broken: "Error: Cannot find module 'canvas'
2026-06-10 14:16:21: Require stack:
2026-06-10 14:16:21: - C:\Users\joshu\OneDrive\Documents\dnd\00 - Campaigns\Northwatch Wardens - (HomeBrew)\web\node_modules\pdfjs-dist\legacy\build\pdf.js
2026-06-10 14:16:21: - C:\Users\joshu\OneDrive\Documents\dnd\00 - Campaigns\Northwatch Wardens - (HomeBrew)\web\lib\pdf-indexer.js
2026-06-10 14:16:21: - C:\Users\joshu\OneDrive\Documents\dnd\00 - Campaigns\Northwatch Wardens - (HomeBrew)\web\server.js".
2026-06-10 14:16:21: Warning: Cannot polyfill `Path2D`, rendering may be broken: "Error: Cannot find module 'canvas'
2026-06-10 14:16:21: Require stack:
2026-06-10 14:16:21: - C:\Users\joshu\OneDrive\Documents\dnd\00 - Campaigns\Northwatch Wardens - (HomeBrew)\web\node_modules\pdfjs-dist\legacy\build\pdf.js
2026-06-10 14:16:21: - C:\Users\joshu\OneDrive\Documents\dnd\00 - Campaigns\Northwatch Wardens - (HomeBrew)\web\lib\pdf-indexer.js
2026-06-10 14:16:21: - C:\Users\joshu\OneDrive\Documents\dnd\00 - Campaigns\Northwatch Wardens - (HomeBrew)\web\server.js".
2026-06-10 14:16:24: Warning: Cannot polyfill `DOMMatrix`, rendering may be broken: "Error: Cannot find module 'canvas'
2026-06-10 14:16:24: Require stack:
2026-06-10 14:16:24: - C:\Users\joshu\OneDrive\Documents\dnd\00 - Campaigns\Northwatch Wardens - (HomeBrew)\web\node_modules\pdfjs-dist\legacy\build\pdf.js
2026-06-10 14:16:24: - C:\Users\joshu\OneDrive\Documents\dnd\00 - Campaigns\Northwatch Wardens - (HomeBrew)\web\lib\pdf-indexer.js
2026-06-10 14:16:24: - C:\Users\joshu\OneDrive\Documents\dnd\00 - Campaigns\Northwatch Wardens - (HomeBrew)\web\server.js".
2026-06-10 14:16:24: Warning: Cannot polyfill `Path2D`, rendering may be broken: "Error: Cannot find module 'canvas'
2026-06-10 14:16:24: Require stack:
2026-06-10 14:16:24: - C:\Users\joshu\OneDrive\Documents\dnd\00 - Campaigns\Northwatch Wardens - (HomeBrew)\web\node_modules\pdfjs-dist\legacy\build\pdf.js
2026-06-10 14:16:24: - C:\Users\joshu\OneDrive\Documents\dnd\00 - Campaigns\Northwatch Wardens - (HomeBrew)\web\lib\pdf-indexer.js
2026-06-10 14:16:24: - C:\Users\joshu\OneDrive\Documents\dnd\00 - Campaigns\Northwatch Wardens - (HomeBrew)\web\server.js".
2026-06-10 14:16:28: Warning: Cannot polyfill `DOMMatrix`, rendering may be broken: "Error: Cannot find module 'canvas'
2026-06-10 14:16:28: Require stack:
2026-06-10 14:16:28: - C:\Users\joshu\OneDrive\Documents\dnd\00 - Campaigns\Northwatch Wardens - (HomeBrew)\web\node_modules\pdfjs-dist\legacy\build\pdf.js
2026-06-10 14:16:28: - C:\Users\joshu\OneDrive\Documents\dnd\00 - Campaigns\Northwatch Wardens - (HomeBrew)\web\lib\pdf-indexer.js
2026-06-10 14:16:28: - C:\Users\joshu\OneDrive\Documents\dnd\00 - Campaigns\Northwatch Wardens - (HomeBrew)\web\server.js".
2026-06-10 14:16:28: Warning: Cannot polyfill `Path2D`, rendering may be broken: "Error: Cannot find module 'canvas'
2026-06-10 14:16:28: Require stack:
2026-06-10 14:16:28: - C:\Users\joshu\OneDrive\Documents\dnd\00 - Campaigns\Northwatch Wardens - (HomeBrew)\web\node_modules\pdfjs-dist\legacy\build\pdf.js
2026-06-10 14:16:28: - C:\Users\joshu\OneDrive\Documents\dnd\00 - Campaigns\Northwatch Wardens - (HomeBrew)\web\lib\pdf-indexer.js
2026-06-10 14:16:28: - C:\Users\joshu\OneDrive\Documents\dnd\00 - Campaigns\Northwatch Wardens - (HomeBrew)\web\server.js".
2026-06-10 14:16:32: Warning: Cannot polyfill `DOMMatrix`, rendering may be broken: "Error: Cannot find module 'canvas'
2026-06-10 14:16:32: Require stack:
2026-06-10 14:16:32: - C:\Users\joshu\OneDrive\Documents\dnd\00 - Campaigns\Northwatch Wardens - (HomeBrew)\web\node_modules\pdfjs-dist\legacy\build\pdf.js
2026-06-10 14:16:32: - C:\Users\joshu\OneDrive\Documents\dnd\00 - Campaigns\Northwatch Wardens - (HomeBrew)\web\lib\pdf-indexer.js
2026-06-10 14:16:32: - C:\Users\joshu\OneDrive\Documents\dnd\00 - Campaigns\Northwatch Wardens - (HomeBrew)\web\server.js".
2026-06-10 14:16:32: Warning: Cannot polyfill `Path2D`, rendering may be broken: "Error: Cannot find module 'canvas'
2026-06-10 14:16:32: Require stack:
2026-06-10 14:16:32: - C:\Users\joshu\OneDrive\Documents\dnd\00 - Campaigns\Northwatch Wardens - (HomeBrew)\web\node_modules\pdfjs-dist\legacy\build\pdf.js
2026-06-10 14:16:32: - C:\Users\joshu\OneDrive\Documents\dnd\00 - Campaigns\Northwatch Wardens - (HomeBrew)\web\lib\pdf-indexer.js
2026-06-10 14:16:32: - C:\Users\joshu\OneDrive\Documents\dnd\00 - Campaigns\Northwatch Wardens - (HomeBrew)\web\server.js".
2026-06-10 14:16:36: Warning: Cannot polyfill `DOMMatrix`, rendering may be broken: "Error: Cannot find module 'canvas'
2026-06-10 14:16:36: Require stack:
2026-06-10 14:16:36: - C:\Users\joshu\OneDrive\Documents\dnd\00 - Campaigns\Northwatch Wardens - (HomeBrew)\web\node_modules\pdfjs-dist\legacy\build\pdf.js
2026-06-10 14:16:36: - C:\Users\joshu\OneDrive\Documents\dnd\00 - Campaigns\Northwatch Wardens - (HomeBrew)\web\lib\pdf-indexer.js
2026-06-10 14:16:36: - C:\Users\joshu\OneDrive\Documents\dnd\00 - Campaigns\Northwatch Wardens - (HomeBrew)\web\server.js".
2026-06-10 14:16:36: Warning: Cannot polyfill `Path2D`, rendering may be broken: "Error: Cannot find module 'canvas'
2026-06-10 14:16:36: Require stack:
2026-06-10 14:16:36: - C:\Users\joshu\OneDrive\Documents\dnd\00 - Campaigns\Northwatch Wardens - (HomeBrew)\web\node_modules\pdfjs-dist\legacy\build\pdf.js
2026-06-10 14:16:36: - C:\Users\joshu\OneDrive\Documents\dnd\00 - Campaigns\Northwatch Wardens - (HomeBrew)\web\lib\pdf-indexer.js
2026-06-10 14:16:36: - C:\Users\joshu\OneDrive\Documents\dnd\00 - Campaigns\Northwatch Wardens - (HomeBrew)\web\server.js".
2026-06-10 14:16:39: Warning: Cannot polyfill `DOMMatrix`, rendering may be broken: "Error: Cannot find module 'canvas'
2026-06-10 14:16:39: Require stack:
2026-06-10 14:16:39: - C:\Users\joshu\OneDrive\Documents\dnd\00 - Campaigns\Northwatch Wardens - (HomeBrew)\web\node_modules\pdfjs-dist\legacy\build\pdf.js
2026-06-10 14:16:39: - C:\Users\joshu\OneDrive\Documents\dnd\00 - Campaigns\Northwatch Wardens - (HomeBrew)\web\lib\pdf-indexer.js
2026-06-10 14:16:39: - C:\Users\joshu\OneDrive\Documents\dnd\00 - Campaigns\Northwatch Wardens - (HomeBrew)\web\server.js".
2026-06-10 14:16:39: Warning: Cannot polyfill `Path2D`, rendering may be broken: "Error: Cannot find module 'canvas'
2026-06-10 14:16:39: Require stack:
2026-06-10 14:16:39: - C:\Users\joshu\OneDrive\Documents\dnd\00 - Campaigns\Northwatch Wardens - (HomeBrew)\web\node_modules\pdfjs-dist\legacy\build\pdf.js
2026-06-10 14:16:39: - C:\Users\joshu\OneDrive\Documents\dnd\00 - Campaigns\Northwatch Wardens - (HomeBrew)\web\lib\pdf-indexer.js
2026-06-10 14:16:39: - C:\Users\joshu\OneDrive\Documents\dnd\00 - Campaigns\Northwatch Wardens - (HomeBrew)\web\server.js".
2026-06-10 14:16:42: Warning: Cannot polyfill `DOMMatrix`, rendering may be broken: "Error: Cannot find module 'canvas'
2026-06-10 14:16:42: Require stack:
2026-06-10 14:16:42: - C:\Users\joshu\OneDrive\Documents\dnd\00 - Campaigns\Northwatch Wardens - (HomeBrew)\web\node_modules\pdfjs-dist\legacy\build\pdf.js
2026-06-10 14:16:42: - C:\Users\joshu\OneDrive\Documents\dnd\00 - Campaigns\Northwatch Wardens - (HomeBrew)\web\lib\pdf-indexer.js
2026-06-10 14:16:42: - C:\Users\joshu\OneDrive\Documents\dnd\00 - Campaigns\Northwatch Wardens - (HomeBrew)\web\server.js".
2026-06-10 14:16:42: Warning: Cannot polyfill `Path2D`, rendering may be broken: "Error: Cannot find module 'canvas'
2026-06-10 14:16:42: Require stack:
2026-06-10 14:16:42: - C:\Users\joshu\OneDrive\Documents\dnd\00 - Campaigns\Northwatch Wardens - (HomeBrew)\web\node_modules\pdfjs-dist\legacy\build\pdf.js
2026-06-10 14:16:42: - C:\Users\joshu\OneDrive\Documents\dnd\00 - Campaigns\Northwatch Wardens - (HomeBrew)\web\lib\pdf-indexer.js
2026-06-10 14:16:42: - C:\Users\joshu\OneDrive\Documents\dnd\00 - Campaigns\Northwatch Wardens - (HomeBrew)\web\server.js".
2026-06-10 14:16:45: Warning: Cannot polyfill `DOMMatrix`, rendering may be broken: "Error: Cannot find module 'canvas'
2026-06-10 14:16:45: Require stack:
2026-06-10 14:16:45: - C:\Users\joshu\OneDrive\Documents\dnd\00 - Campaigns\Northwatch Wardens - (HomeBrew)\web\node_modules\pdfjs-dist\legacy\build\pdf.js
2026-06-10 14:16:45: - C:\Users\joshu\OneDrive\Documents\dnd\00 - Campaigns\Northwatch Wardens - (HomeBrew)\web\lib\pdf-indexer.js
2026-06-10 14:16:45: - C:\Users\joshu\OneDrive\Documents\dnd\00 - Campaigns\Northwatch Wardens - (HomeBrew)\web\server.js".
2026-06-10 14:16:45: Warning: Cannot polyfill `Path2D`, rendering may be broken: "Error: Cannot find module 'canvas'
2026-06-10 14:16:45: Require stack:
2026-06-10 14:16:45: - C:\Users\joshu\OneDrive\Documents\dnd\00 - Campaigns\Northwatch Wardens - (HomeBrew)\web\node_modules\pdfjs-dist\legacy\build\pdf.js
2026-06-10 14:16:45: - C:\Users\joshu\OneDrive\Documents\dnd\00 - Campaigns\Northwatch Wardens - (HomeBrew)\web\lib\pdf-indexer.js
2026-06-10 14:16:45: - C:\Users\joshu\OneDrive\Documents\dnd\00 - Campaigns\Northwatch Wardens - (HomeBrew)\web\server.js".
2026-06-10 14:16:49: Warning: Cannot polyfill `DOMMatrix`, rendering may be broken: "Error: Cannot find module 'canvas'
2026-06-10 14:16:49: Require stack:
2026-06-10 14:16:49: - C:\Users\joshu\OneDrive\Documents\dnd\00 - Campaigns\Northwatch Wardens - (HomeBrew)\web\node_modules\pdfjs-dist\legacy\build\pdf.js
2026-06-10 14:16:49: - C:\Users\joshu\OneDrive\Documents\dnd\00 - Campaigns\Northwatch Wardens - (HomeBrew)\web\lib\pdf-indexer.js
2026-06-10 14:16:49: - C:\Users\joshu\OneDrive\Documents\dnd\00 - Campaigns\Northwatch Wardens - (HomeBrew)\web\server.js".
2026-06-10 14:16:49: Warning: Cannot polyfill `Path2D`, rendering may be broken: "Error: Cannot find module 'canvas'
2026-06-10 14:16:49: Require stack:
2026-06-10 14:16:49: - C:\Users\joshu\OneDrive\Documents\dnd\00 - Campaigns\Northwatch Wardens - (HomeBrew)\web\node_modules\pdfjs-dist\legacy\build\pdf.js
2026-06-10 14:16:49: - C:\Users\joshu\OneDrive\Documents\dnd\00 - Campaigns\Northwatch Wardens - (HomeBrew)\web\lib\pdf-indexer.js
2026-06-10 14:16:49: - C:\Users\joshu\OneDrive\Documents\dnd\00 - Campaigns\Northwatch Wardens - (HomeBrew)\web\server.js".
2026-06-10 14:16:52: Warning: Cannot polyfill `DOMMatrix`, rendering may be broken: "Error: Cannot find module 'canvas'
2026-06-10 14:16:52: Require stack:
2026-06-10 14:16:52: - C:\Users\joshu\OneDrive\Documents\dnd\00 - Campaigns\Northwatch Wardens - (HomeBrew)\web\node_modules\pdfjs-dist\legacy\build\pdf.js
2026-06-10 14:16:52: - C:\Users\joshu\OneDrive\Documents\dnd\00 - Campaigns\Northwatch Wardens - (HomeBrew)\web\lib\pdf-indexer.js
2026-06-10 14:16:52: - C:\Users\joshu\OneDrive\Documents\dnd\00 - Campaigns\Northwatch Wardens - (HomeBrew)\web\server.js".
2026-06-10 14:16:52: Warning: Cannot polyfill `Path2D`, rendering may be broken: "Error: Cannot find module 'canvas'
2026-06-10 14:16:52: Require stack:
2026-06-10 14:16:52: - C:\Users\joshu\OneDrive\Documents\dnd\00 - Campaigns\Northwatch Wardens - (HomeBrew)\web\node_modules\pdfjs-dist\legacy\build\pdf.js
2026-06-10 14:16:52: - C:\Users\joshu\OneDrive\Documents\dnd\00 - Campaigns\Northwatch Wardens - (HomeBrew)\web\lib\pdf-indexer.js
2026-06-10 14:16:52: - C:\Users\joshu\OneDrive\Documents\dnd\00 - Campaigns\Northwatch Wardens - (HomeBrew)\web\server.js".
2026-06-10 14:16:55: Warning: Cannot polyfill `DOMMatrix`, rendering may be broken: "Error: Cannot find module 'canvas'
2026-06-10 14:16:55: Require stack:
2026-06-10 14:16:55: - C:\Users\joshu\OneDrive\Documents\dnd\00 - Campaigns\Northwatch Wardens - (HomeBrew)\web\node_modules\pdfjs-dist\legacy\build\pdf.js
2026-06-10 14:16:55: - C:\Users\joshu\OneDrive\Documents\dnd\00 - Campaigns\Northwatch Wardens - (HomeBrew)\web\lib\pdf-indexer.js
2026-06-10 14:16:55: - C:\Users\joshu\OneDrive\Documents\dnd\00 - Campaigns\Northwatch Wardens - (HomeBrew)\web\server.js".
2026-06-10 14:16:55: Warning: Cannot polyfill `Path2D`, rendering may be broken: "Error: Cannot find module 'canvas'
2026-06-10 14:16:55: Require stack:
2026-06-10 14:16:55: - C:\Users\joshu\OneDrive\Documents\dnd\00 - Campaigns\Northwatch Wardens - (HomeBrew)\web\node_modules\pdfjs-dist\legacy\build\pdf.js
2026-06-10 14:16:55: - C:\Users\joshu\OneDrive\Documents\dnd\00 - Campaigns\Northwatch Wardens - (HomeBrew)\web\lib\pdf-indexer.js
2026-06-10 14:16:55: - C:\Users\joshu\OneDrive\Documents\dnd\00 - Campaigns\Northwatch Wardens - (HomeBrew)\web\server.js".
2026-06-10 14:16:59: Warning: Cannot polyfill `DOMMatrix`, rendering may be broken: "Error: Cannot find module 'canvas'
2026-06-10 14:16:59: Require stack:
2026-06-10 14:16:59: - C:\Users\joshu\OneDrive\Documents\dnd\00 - Campaigns\Northwatch Wardens - (HomeBrew)\web\node_modules\pdfjs-dist\legacy\build\pdf.js
2026-06-10 14:16:59: - C:\Users\joshu\OneDrive\Documents\dnd\00 - Campaigns\Northwatch Wardens - (HomeBrew)\web\lib\pdf-indexer.js
2026-06-10 14:16:59: - C:\Users\joshu\OneDrive\Documents\dnd\00 - Campaigns\Northwatch Wardens - (HomeBrew)\web\server.js".
2026-06-10 14:16:59: Warning: Cannot polyfill `Path2D`, rendering may be broken: "Error: Cannot find module 'canvas'
2026-06-10 14:16:59: Require stack:
2026-06-10 14:16:59: - C:\Users\joshu\OneDrive\Documents\dnd\00 - Campaigns\Northwatch Wardens - (HomeBrew)\web\node_modules\pdfjs-dist\legacy\build\pdf.js
2026-06-10 14:16:59: - C:\Users\joshu\OneDrive\Documents\dnd\00 - Campaigns\Northwatch Wardens - (HomeBrew)\web\lib\pdf-indexer.js
2026-06-10 14:16:59: - C:\Users\joshu\OneDrive\Documents\dnd\00 - Campaigns\Northwatch Wardens - (HomeBrew)\web\server.js".
2026-06-10 14:17:02: Warning: Cannot polyfill `DOMMatrix`, rendering may be broken: "Error: Cannot find module 'canvas'
2026-06-10 14:17:02: Require stack:
2026-06-10 14:17:02: - C:\Users\joshu\OneDrive\Documents\dnd\00 - Campaigns\Northwatch Wardens - (HomeBrew)\web\node_modules\pdfjs-dist\legacy\build\pdf.js
2026-06-10 14:17:02: - C:\Users\joshu\OneDrive\Documents\dnd\00 - Campaigns\Northwatch Wardens - (HomeBrew)\web\lib\pdf-indexer.js
2026-06-10 14:17:02: - C:\Users\joshu\OneDrive\Documents\dnd\00 - Campaigns\Northwatch Wardens - (HomeBrew)\web\server.js".
2026-06-10 14:17:02: Warning: Cannot polyfill `Path2D`, rendering may be broken: "Error: Cannot find module 'canvas'
2026-06-10 14:17:02: Require stack:
2026-06-10 14:17:02: - C:\Users\joshu\OneDrive\Documents\dnd\00 - Campaigns\Northwatch Wardens - (HomeBrew)\web\node_modules\pdfjs-dist\legacy\build\pdf.js
2026-06-10 14:17:02: - C:\Users\joshu\OneDrive\Documents\dnd\00 - Campaigns\Northwatch Wardens - (HomeBrew)\web\lib\pdf-indexer.js
2026-06-10 14:17:02: - C:\Users\joshu\OneDrive\Documents\dnd\00 - Campaigns\Northwatch Wardens - (HomeBrew)\web\server.js".
2026-06-10 14:17:05: Warning: Cannot polyfill `DOMMatrix`, rendering may be broken: "Error: Cannot find module 'canvas'
2026-06-10 14:17:05: Require stack:
2026-06-10 14:17:05: - C:\Users\joshu\OneDrive\Documents\dnd\00 - Campaigns\Northwatch Wardens - (HomeBrew)\web\node_modules\pdfjs-dist\legacy\build\pdf.js
2026-06-10 14:17:05: - C:\Users\joshu\OneDrive\Documents\dnd\00 - Campaigns\Northwatch Wardens - (HomeBrew)\web\lib\pdf-indexer.js
2026-06-10 14:17:05: - C:\Users\joshu\OneDrive\Documents\dnd\00 - Campaigns\Northwatch Wardens - (HomeBrew)\web\server.js".
2026-06-10 14:17:05: Warning: Cannot polyfill `Path2D`, rendering may be broken: "Error: Cannot find module 'canvas'
2026-06-10 14:17:05: Require stack:
2026-06-10 14:17:05: - C:\Users\joshu\OneDrive\Documents\dnd\00 - Campaigns\Northwatch Wardens - (HomeBrew)\web\node_modules\pdfjs-dist\legacy\build\pdf.js
2026-06-10 14:17:05: - C:\Users\joshu\OneDrive\Documents\dnd\00 - Campaigns\Northwatch Wardens - (HomeBrew)\web\lib\pdf-indexer.js
2026-06-10 14:17:05: - C:\Users\joshu\OneDrive\Documents\dnd\00 - Campaigns\Northwatch Wardens - (HomeBrew)\web\server.js".
2026-06-10 14:17:08: Warning: Cannot polyfill `DOMMatrix`, rendering may be broken: "Error: Cannot find module 'canvas'
2026-06-10 14:17:08: Require stack:
2026-06-10 14:17:08: - C:\Users\joshu\OneDrive\Documents\dnd\00 - Campaigns\Northwatch Wardens - (HomeBrew)\web\node_modules\pdfjs-dist\legacy\build\pdf.js
2026-06-10 14:17:08: - C:\Users\joshu\OneDrive\Documents\dnd\00 - Campaigns\Northwatch Wardens - (HomeBrew)\web\lib\pdf-indexer.js
2026-06-10 14:17:08: - C:\Users\joshu\OneDrive\Documents\dnd\00 - Campaigns\Northwatch Wardens - (HomeBrew)\web\server.js".
2026-06-10 14:17:08: Warning: Cannot polyfill `Path2D`, rendering may be broken: "Error: Cannot find module 'canvas'
2026-06-10 14:17:08: Require stack:
2026-06-10 14:17:08: - C:\Users\joshu\OneDrive\Documents\dnd\00 - Campaigns\Northwatch Wardens - (HomeBrew)\web\node_modules\pdfjs-dist\legacy\build\pdf.js
2026-06-10 14:17:08: - C:\Users\joshu\OneDrive\Documents\dnd\00 - Campaigns\Northwatch Wardens - (HomeBrew)\web\lib\pdf-indexer.js
2026-06-10 14:17:08: - C:\Users\joshu\OneDrive\Documents\dnd\00 - Campaigns\Northwatch Wardens - (HomeBrew)\web\server.js".
2026-06-10 14:17:11: Warning: Cannot polyfill `DOMMatrix`, rendering may be broken: "Error: Cannot find module 'canvas'
2026-06-10 14:17:11: Require stack:
2026-06-10 14:17:11: - C:\Users\joshu\OneDrive\Documents\dnd\00 - Campaigns\Northwatch Wardens - (HomeBrew)\web\node_modules\pdfjs-dist\legacy\build\pdf.js
2026-06-10 14:17:11: - C:\Users\joshu\OneDrive\Documents\dnd\00 - Campaigns\Northwatch Wardens - (HomeBrew)\web\lib\pdf-indexer.js
2026-06-10 14:17:11: - C:\Users\joshu\OneDrive\Documents\dnd\00 - Campaigns\Northwatch Wardens - (HomeBrew)\web\server.js".
2026-06-10 14:17:11: Warning: Cannot polyfill `Path2D`, rendering may be broken: "Error: Cannot find module 'canvas'
2026-06-10 14:17:11: Require stack:
2026-06-10 14:17:11: - C:\Users\joshu\OneDrive\Documents\dnd\00 - Campaigns\Northwatch Wardens - (HomeBrew)\web\node_modules\pdfjs-dist\legacy\build\pdf.js
2026-06-10 14:17:11: - C:\Users\joshu\OneDrive\Documents\dnd\00 - Campaigns\Northwatch Wardens - (HomeBrew)\web\lib\pdf-indexer.js
2026-06-10 14:17:11: - C:\Users\joshu\OneDrive\Documents\dnd\00 - Campaigns\Northwatch Wardens - (HomeBrew)\web\server.js".
2026-06-10 14:17:14: Warning: Cannot polyfill `DOMMatrix`, rendering may be broken: "Error: Cannot find module 'canvas'
2026-06-10 14:17:14: Require stack:
2026-06-10 14:17:14: - C:\Users\joshu\OneDrive\Documents\dnd\00 - Campaigns\Northwatch Wardens - (HomeBrew)\web\node_modules\pdfjs-dist\legacy\build\pdf.js
2026-06-10 14:17:14: - C:\Users\joshu\OneDrive\Documents\dnd\00 - Campaigns\Northwatch Wardens - (HomeBrew)\web\lib\pdf-indexer.js
2026-06-10 14:17:14: - C:\Users\joshu\OneDrive\Documents\dnd\00 - Campaigns\Northwatch Wardens - (HomeBrew)\web\server.js".
2026-06-10 14:17:14: Warning: Cannot polyfill `Path2D`, rendering may be broken: "Error: Cannot find module 'canvas'
2026-06-10 14:17:14: Require stack:
2026-06-10 14:17:14: - C:\Users\joshu\OneDrive\Documents\dnd\00 - Campaigns\Northwatch Wardens - (HomeBrew)\web\node_modules\pdfjs-dist\legacy\build\pdf.js
2026-06-10 14:17:14: - C:\Users\joshu\OneDrive\Documents\dnd\00 - Campaigns\Northwatch Wardens - (HomeBrew)\web\lib\pdf-indexer.js
2026-06-10 14:17:14: - C:\Users\joshu\OneDrive\Documents\dnd\00 - Campaigns\Northwatch Wardens - (HomeBrew)\web\server.js".
2026-06-10 14:17:17: Warning: Cannot polyfill `DOMMatrix`, rendering may be broken: "Error: Cannot find module 'canvas'
2026-06-10 14:17:17: Require stack:
2026-06-10 14:17:17: - C:\Users\joshu\OneDrive\Documents\dnd\00 - Campaigns\Northwatch Wardens - (HomeBrew)\web\node_modules\pdfjs-dist\legacy\build\pdf.js
2026-06-10 14:17:17: - C:\Users\joshu\OneDrive\Documents\dnd\00 - Campaigns\Northwatch Wardens - (HomeBrew)\web\lib\pdf-indexer.js
2026-06-10 14:17:17: - C:\Users\joshu\OneDrive\Documents\dnd\00 - Campaigns\Northwatch Wardens - (HomeBrew)\web\server.js".
2026-06-10 14:17:17: Warning: Cannot polyfill `Path2D`, rendering may be broken: "Error: Cannot find module 'canvas'
2026-06-10 14:17:17: Require stack:
2026-06-10 14:17:17: - C:\Users\joshu\OneDrive\Documents\dnd\00 - Campaigns\Northwatch Wardens - (HomeBrew)\web\node_modules\pdfjs-dist\legacy\build\pdf.js
2026-06-10 14:17:17: - C:\Users\joshu\OneDrive\Documents\dnd\00 - Campaigns\Northwatch Wardens - (HomeBrew)\web\lib\pdf-indexer.js
2026-06-10 14:17:17: - C:\Users\joshu\OneDrive\Documents\dnd\00 - Campaigns\Northwatch Wardens - (HomeBrew)\web\server.js".
2026-06-10 14:17:19: Warning: Cannot polyfill `DOMMatrix`, rendering may be broken: "Error: Cannot find module 'canvas'
2026-06-10 14:17:19: Require stack:
2026-06-10 14:17:19: - C:\Users\joshu\OneDrive\Documents\dnd\00 - Campaigns\Northwatch Wardens - (HomeBrew)\web\node_modules\pdfjs-dist\legacy\build\pdf.js
2026-06-10 14:17:19: - C:\Users\joshu\OneDrive\Documents\dnd\00 - Campaigns\Northwatch Wardens - (HomeBrew)\web\lib\pdf-indexer.js
2026-06-10 14:17:19: - C:\Users\joshu\OneDrive\Documents\dnd\00 - Campaigns\Northwatch Wardens - (HomeBrew)\web\server.js".
2026-06-10 14:17:19: Warning: Cannot polyfill `Path2D`, rendering may be broken: "Error: Cannot find module 'canvas'
2026-06-10 14:17:19: Require stack:
2026-06-10 14:17:19: - C:\Users\joshu\OneDrive\Documents\dnd\00 - Campaigns\Northwatch Wardens - (HomeBrew)\web\node_modules\pdfjs-dist\legacy\build\pdf.js
2026-06-10 14:17:19: - C:\Users\joshu\OneDrive\Documents\dnd\00 - Campaigns\Northwatch Wardens - (HomeBrew)\web\lib\pdf-indexer.js
2026-06-10 14:17:19: - C:\Users\joshu\OneDrive\Documents\dnd\00 - Campaigns\Northwatch Wardens - (HomeBrew)\web\server.js".
2026-06-10 14:17:22: Warning: Cannot polyfill `DOMMatrix`, rendering may be broken: "Error: Cannot find module 'canvas'
2026-06-10 14:17:22: Require stack:
2026-06-10 14:17:22: - C:\Users\joshu\OneDrive\Documents\dnd\00 - Campaigns\Northwatch Wardens - (HomeBrew)\web\node_modules\pdfjs-dist\legacy\build\pdf.js
2026-06-10 14:17:22: - C:\Users\joshu\OneDrive\Documents\dnd\00 - Campaigns\Northwatch Wardens - (HomeBrew)\web\lib\pdf-indexer.js
2026-06-10 14:17:22: - C:\Users\joshu\OneDrive\Documents\dnd\00 - Campaigns\Northwatch Wardens - (HomeBrew)\web\server.js".
2026-06-10 14:17:22: Warning: Cannot polyfill `Path2D`, rendering may be broken: "Error: Cannot find module 'canvas'
2026-06-10 14:17:22: Require stack:
2026-06-10 14:17:22: - C:\Users\joshu\OneDrive\Documents\dnd\00 - Campaigns\Northwatch Wardens - (HomeBrew)\web\node_modules\pdfjs-dist\legacy\build\pdf.js
2026-06-10 14:17:22: - C:\Users\joshu\OneDrive\Documents\dnd\00 - Campaigns\Northwatch Wardens - (HomeBrew)\web\lib\pdf-indexer.js
2026-06-10 14:17:22: - C:\Users\joshu\OneDrive\Documents\dnd\00 - Campaigns\Northwatch Wardens - (HomeBrew)\web\server.js".
2026-06-10 14:17:26: Warning: Cannot polyfill `DOMMatrix`, rendering may be broken: "Error: Cannot find module 'canvas'
2026-06-10 14:17:26: Require stack:
2026-06-10 14:17:26: - C:\Users\joshu\OneDrive\Documents\dnd\00 - Campaigns\Northwatch Wardens - (HomeBrew)\web\node_modules\pdfjs-dist\legacy\build\pdf.js
2026-06-10 14:17:26: - C:\Users\joshu\OneDrive\Documents\dnd\00 - Campaigns\Northwatch Wardens - (HomeBrew)\web\lib\pdf-indexer.js
2026-06-10 14:17:26: - C:\Users\joshu\OneDrive\Documents\dnd\00 - Campaigns\Northwatch Wardens - (HomeBrew)\web\server.js".
2026-06-10 14:17:26: Warning: Cannot polyfill `Path2D`, rendering may be broken: "Error: Cannot find module 'canvas'
2026-06-10 14:17:26: Require stack:
2026-06-10 14:17:26: - C:\Users\joshu\OneDrive\Documents\dnd\00 - Campaigns\Northwatch Wardens - (HomeBrew)\web\node_modules\pdfjs-dist\legacy\build\pdf.js
2026-06-10 14:17:26: - C:\Users\joshu\OneDrive\Documents\dnd\00 - Campaigns\Northwatch Wardens - (HomeBrew)\web\lib\pdf-indexer.js
2026-06-10 14:17:26: - C:\Users\joshu\OneDrive\Documents\dnd\00 - Campaigns\Northwatch Wardens - (HomeBrew)\web\server.js".
2026-06-10 14:17:29: Warning: Cannot polyfill `DOMMatrix`, rendering may be broken: "Error: Cannot find module 'canvas'
2026-06-10 14:17:29: Require stack:
2026-06-10 14:17:29: - C:\Users\joshu\OneDrive\Documents\dnd\00 - Campaigns\Northwatch Wardens - (HomeBrew)\web\node_modules\pdfjs-dist\legacy\build\pdf.js
2026-06-10 14:17:29: - C:\Users\joshu\OneDrive\Documents\dnd\00 - Campaigns\Northwatch Wardens - (HomeBrew)\web\lib\pdf-indexer.js
2026-06-10 14:17:29: - C:\Users\joshu\OneDrive\Documents\dnd\00 - Campaigns\Northwatch Wardens - (HomeBrew)\web\server.js".
2026-06-10 14:17:29: Warning: Cannot polyfill `Path2D`, rendering may be broken: "Error: Cannot find module 'canvas'
2026-06-10 14:17:29: Require stack:
2026-06-10 14:17:29: - C:\Users\joshu\OneDrive\Documents\dnd\00 - Campaigns\Northwatch Wardens - (HomeBrew)\web\node_modules\pdfjs-dist\legacy\build\pdf.js
2026-06-10 14:17:29: - C:\Users\joshu\OneDrive\Documents\dnd\00 - Campaigns\Northwatch Wardens - (HomeBrew)\web\lib\pdf-indexer.js
2026-06-10 14:17:29: - C:\Users\joshu\OneDrive\Documents\dnd\00 - Campaigns\Northwatch Wardens - (HomeBrew)\web\server.js".
2026-06-10 14:17:32: Warning: Cannot polyfill `DOMMatrix`, rendering may be broken: "Error: Cannot find module 'canvas'
2026-06-10 14:17:32: Require stack:
2026-06-10 14:17:32: - C:\Users\joshu\OneDrive\Documents\dnd\00 - Campaigns\Northwatch Wardens - (HomeBrew)\web\node_modules\pdfjs-dist\legacy\build\pdf.js
2026-06-10 14:17:32: - C:\Users\joshu\OneDrive\Documents\dnd\00 - Campaigns\Northwatch Wardens - (HomeBrew)\web\lib\pdf-indexer.js
2026-06-10 14:17:32: - C:\Users\joshu\OneDrive\Documents\dnd\00 - Campaigns\Northwatch Wardens - (HomeBrew)\web\server.js".
2026-06-10 14:17:32: Warning: Cannot polyfill `Path2D`, rendering may be broken: "Error: Cannot find module 'canvas'
2026-06-10 14:17:32: Require stack:
2026-06-10 14:17:32: - C:\Users\joshu\OneDrive\Documents\dnd\00 - Campaigns\Northwatch Wardens - (HomeBrew)\web\node_modules\pdfjs-dist\legacy\build\pdf.js
2026-06-10 14:17:32: - C:\Users\joshu\OneDrive\Documents\dnd\00 - Campaigns\Northwatch Wardens - (HomeBrew)\web\lib\pdf-indexer.js
2026-06-10 14:17:32: - C:\Users\joshu\OneDrive\Documents\dnd\00 - Campaigns\Northwatch Wardens - (HomeBrew)\web\server.js".
2026-06-10 14:17:35: Warning: Cannot polyfill `DOMMatrix`, rendering may be broken: "Error: Cannot find module 'canvas'
2026-06-10 14:17:35: Require stack:
2026-06-10 14:17:35: - C:\Users\joshu\OneDrive\Documents\dnd\00 - Campaigns\Northwatch Wardens - (HomeBrew)\web\node_modules\pdfjs-dist\legacy\build\pdf.js
2026-06-10 14:17:35: - C:\Users\joshu\OneDrive\Documents\dnd\00 - Campaigns\Northwatch Wardens - (HomeBrew)\web\lib\pdf-indexer.js
2026-06-10 14:17:35: - C:\Users\joshu\OneDrive\Documents\dnd\00 - Campaigns\Northwatch Wardens - (HomeBrew)\web\server.js".
2026-06-10 14:17:35: Warning: Cannot polyfill `Path2D`, rendering may be broken: "Error: Cannot find module 'canvas'
2026-06-10 14:17:35: Require stack:
2026-06-10 14:17:35: - C:\Users\joshu\OneDrive\Documents\dnd\00 - Campaigns\Northwatch Wardens - (HomeBrew)\web\node_modules\pdfjs-dist\legacy\build\pdf.js
2026-06-10 14:17:35: - C:\Users\joshu\OneDrive\Documents\dnd\00 - Campaigns\Northwatch Wardens - (HomeBrew)\web\lib\pdf-indexer.js
2026-06-10 14:17:35: - C:\Users\joshu\OneDrive\Documents\dnd\00 - Campaigns\Northwatch Wardens - (HomeBrew)\web\server.js".
2026-06-10 14:17:39: Warning: Cannot polyfill `DOMMatrix`, rendering may be broken: "Error: Cannot find module 'canvas'
2026-06-10 14:17:39: Require stack:
2026-06-10 14:17:39: - C:\Users\joshu\OneDrive\Documents\dnd\00 - Campaigns\Northwatch Wardens - (HomeBrew)\web\node_modules\pdfjs-dist\legacy\build\pdf.js
2026-06-10 14:17:39: - C:\Users\joshu\OneDrive\Documents\dnd\00 - Campaigns\Northwatch Wardens - (HomeBrew)\web\lib\pdf-indexer.js
2026-06-10 14:17:39: - C:\Users\joshu\OneDrive\Documents\dnd\00 - Campaigns\Northwatch Wardens - (HomeBrew)\web\server.js".
2026-06-10 14:17:39: Warning: Cannot polyfill `Path2D`, rendering may be broken: "Error: Cannot find module 'canvas'
2026-06-10 14:17:39: Require stack:
2026-06-10 14:17:39: - C:\Users\joshu\OneDrive\Documents\dnd\00 - Campaigns\Northwatch Wardens - (HomeBrew)\web\node_modules\pdfjs-dist\legacy\build\pdf.js
2026-06-10 14:17:39: - C:\Users\joshu\OneDrive\Documents\dnd\00 - Campaigns\Northwatch Wardens - (HomeBrew)\web\lib\pdf-indexer.js
2026-06-10 14:17:39: - C:\Users\joshu\OneDrive\Documents\dnd\00 - Campaigns\Northwatch Wardens - (HomeBrew)\web\server.js".
2026-06-10 14:17:43: Warning: Cannot polyfill `DOMMatrix`, rendering may be broken: "Error: Cannot find module 'canvas'
2026-06-10 14:17:43: Require stack:
2026-06-10 14:17:43: - C:\Users\joshu\OneDrive\Documents\dnd\00 - Campaigns\Northwatch Wardens - (HomeBrew)\web\node_modules\pdfjs-dist\legacy\build\pdf.js
2026-06-10 14:17:43: - C:\Users\joshu\OneDrive\Documents\dnd\00 - Campaigns\Northwatch Wardens - (HomeBrew)\web\lib\pdf-indexer.js
2026-06-10 14:17:43: - C:\Users\joshu\OneDrive\Documents\dnd\00 - Campaigns\Northwatch Wardens - (HomeBrew)\web\server.js".
2026-06-10 14:17:43: Warning: Cannot polyfill `Path2D`, rendering may be broken: "Error: Cannot find module 'canvas'
2026-06-10 14:17:43: Require stack:
2026-06-10 14:17:43: - C:\Users\joshu\OneDrive\Documents\dnd\00 - Campaigns\Northwatch Wardens - (HomeBrew)\web\node_modules\pdfjs-dist\legacy\build\pdf.js
2026-06-10 14:17:43: - C:\Users\joshu\OneDrive\Documents\dnd\00 - Campaigns\Northwatch Wardens - (HomeBrew)\web\lib\pdf-indexer.js
2026-06-10 14:17:43: - C:\Users\joshu\OneDrive\Documents\dnd\00 - Campaigns\Northwatch Wardens - (HomeBrew)\web\server.js".
2026-06-10 14:17:46: Warning: Cannot polyfill `DOMMatrix`, rendering may be broken: "Error: Cannot find module 'canvas'
2026-06-10 14:17:46: Require stack:
2026-06-10 14:17:46: - C:\Users\joshu\OneDrive\Documents\dnd\00 - Campaigns\Northwatch Wardens - (HomeBrew)\web\node_modules\pdfjs-dist\legacy\build\pdf.js
2026-06-10 14:17:46: - C:\Users\joshu\OneDrive\Documents\dnd\00 - Campaigns\Northwatch Wardens - (HomeBrew)\web\lib\pdf-indexer.js
2026-06-10 14:17:46: - C:\Users\joshu\OneDrive\Documents\dnd\00 - Campaigns\Northwatch Wardens - (HomeBrew)\web\server.js".
2026-06-10 14:17:46: Warning: Cannot polyfill `Path2D`, rendering may be broken: "Error: Cannot find module 'canvas'
2026-06-10 14:17:46: Require stack:
2026-06-10 14:17:46: - C:\Users\joshu\OneDrive\Documents\dnd\00 - Campaigns\Northwatch Wardens - (HomeBrew)\web\node_modules\pdfjs-dist\legacy\build\pdf.js
2026-06-10 14:17:46: - C:\Users\joshu\OneDrive\Documents\dnd\00 - Campaigns\Northwatch Wardens - (HomeBrew)\web\lib\pdf-indexer.js
2026-06-10 14:17:46: - C:\Users\joshu\OneDrive\Documents\dnd\00 - Campaigns\Northwatch Wardens - (HomeBrew)\web\server.js".
2026-06-10 14:17:49: Warning: Cannot polyfill `DOMMatrix`, rendering may be broken: "Error: Cannot find module 'canvas'
2026-06-10 14:17:49: Require stack:
2026-06-10 14:17:49: - C:\Users\joshu\OneDrive\Documents\dnd\00 - Campaigns\Northwatch Wardens - (HomeBrew)\web\node_modules\pdfjs-dist\legacy\build\pdf.js
2026-06-10 14:17:49: - C:\Users\joshu\OneDrive\Documents\dnd\00 - Campaigns\Northwatch Wardens - (HomeBrew)\web\lib\pdf-indexer.js
2026-06-10 14:17:49: - C:\Users\joshu\OneDrive\Documents\dnd\00 - Campaigns\Northwatch Wardens - (HomeBrew)\web\server.js".
2026-06-10 14:17:49: Warning: Cannot polyfill `Path2D`, rendering may be broken: "Error: Cannot find module 'canvas'
2026-06-10 14:17:49: Require stack:
2026-06-10 14:17:49: - C:\Users\joshu\OneDrive\Documents\dnd\00 - Campaigns\Northwatch Wardens - (HomeBrew)\web\node_modules\pdfjs-dist\legacy\build\pdf.js
2026-06-10 14:17:49: - C:\Users\joshu\OneDrive\Documents\dnd\00 - Campaigns\Northwatch Wardens - (HomeBrew)\web\lib\pdf-indexer.js
2026-06-10 14:17:49: - C:\Users\joshu\OneDrive\Documents\dnd\00 - Campaigns\Northwatch Wardens - (HomeBrew)\web\server.js".
2026-06-10 14:17:53: Warning: Cannot polyfill `DOMMatrix`, rendering may be broken: "Error: Cannot find module 'canvas'
2026-06-10 14:17:53: Require stack:
2026-06-10 14:17:53: - C:\Users\joshu\OneDrive\Documents\dnd\00 - Campaigns\Northwatch Wardens - (HomeBrew)\web\node_modules\pdfjs-dist\legacy\build\pdf.js
2026-06-10 14:17:53: - C:\Users\joshu\OneDrive\Documents\dnd\00 - Campaigns\Northwatch Wardens - (HomeBrew)\web\lib\pdf-indexer.js
2026-06-10 14:17:53: - C:\Users\joshu\OneDrive\Documents\dnd\00 - Campaigns\Northwatch Wardens - (HomeBrew)\web\server.js".
2026-06-10 14:17:53: Warning: Cannot polyfill `Path2D`, rendering may be broken: "Error: Cannot find module 'canvas'
2026-06-10 14:17:53: Require stack:
2026-06-10 14:17:53: - C:\Users\joshu\OneDrive\Documents\dnd\00 - Campaigns\Northwatch Wardens - (HomeBrew)\web\node_modules\pdfjs-dist\legacy\build\pdf.js
2026-06-10 14:17:53: - C:\Users\joshu\OneDrive\Documents\dnd\00 - Campaigns\Northwatch Wardens - (HomeBrew)\web\lib\pdf-indexer.js
2026-06-10 14:17:53: - C:\Users\joshu\OneDrive\Documents\dnd\00 - Campaigns\Northwatch Wardens - (HomeBrew)\web\server.js".
2026-06-10 14:17:57: Warning: Cannot polyfill `DOMMatrix`, rendering may be broken: "Error: Cannot find module 'canvas'
2026-06-10 14:17:57: Require stack:
2026-06-10 14:17:57: - C:\Users\joshu\OneDrive\Documents\dnd\00 - Campaigns\Northwatch Wardens - (HomeBrew)\web\node_modules\pdfjs-dist\legacy\build\pdf.js
2026-06-10 14:17:57: - C:\Users\joshu\OneDrive\Documents\dnd\00 - Campaigns\Northwatch Wardens - (HomeBrew)\web\lib\pdf-indexer.js
2026-06-10 14:17:57: - C:\Users\joshu\OneDrive\Documents\dnd\00 - Campaigns\Northwatch Wardens - (HomeBrew)\web\server.js".
2026-06-10 14:17:57: Warning: Cannot polyfill `Path2D`, rendering may be broken: "Error: Cannot find module 'canvas'
2026-06-10 14:17:57: Require stack:
2026-06-10 14:17:57: - C:\Users\joshu\OneDrive\Documents\dnd\00 - Campaigns\Northwatch Wardens - (HomeBrew)\web\node_modules\pdfjs-dist\legacy\build\pdf.js
2026-06-10 14:17:57: - C:\Users\joshu\OneDrive\Documents\dnd\00 - Campaigns\Northwatch Wardens - (HomeBrew)\web\lib\pdf-indexer.js
2026-06-10 14:17:57: - C:\Users\joshu\OneDrive\Documents\dnd\00 - Campaigns\Northwatch Wardens - (HomeBrew)\web\server.js".
2026-06-10 14:17:59: Warning: Cannot polyfill `DOMMatrix`, rendering may be broken: "Error: Cannot find module 'canvas'
2026-06-10 14:17:59: Require stack:
2026-06-10 14:17:59: - C:\Users\joshu\OneDrive\Documents\dnd\00 - Campaigns\Northwatch Wardens - (HomeBrew)\web\node_modules\pdfjs-dist\legacy\build\pdf.js
2026-06-10 14:17:59: - C:\Users\joshu\OneDrive\Documents\dnd\00 - Campaigns\Northwatch Wardens - (HomeBrew)\web\lib\pdf-indexer.js
2026-06-10 14:17:59: - C:\Users\joshu\OneDrive\Documents\dnd\00 - Campaigns\Northwatch Wardens - (HomeBrew)\web\server.js".
2026-06-10 14:17:59: Warning: Cannot polyfill `Path2D`, rendering may be broken: "Error: Cannot find module 'canvas'
2026-06-10 14:17:59: Require stack:
2026-06-10 14:17:59: - C:\Users\joshu\OneDrive\Documents\dnd\00 - Campaigns\Northwatch Wardens - (HomeBrew)\web\node_modules\pdfjs-dist\legacy\build\pdf.js
2026-06-10 14:17:59: - C:\Users\joshu\OneDrive\Documents\dnd\00 - Campaigns\Northwatch Wardens - (HomeBrew)\web\lib\pdf-indexer.js
2026-06-10 14:17:59: - C:\Users\joshu\OneDrive\Documents\dnd\00 - Campaigns\Northwatch Wardens - (HomeBrew)\web\server.js".
2026-06-10 14:18:03: Warning: Cannot polyfill `DOMMatrix`, rendering may be broken: "Error: Cannot find module 'canvas'
2026-06-10 14:18:03: Require stack:
2026-06-10 14:18:03: - C:\Users\joshu\OneDrive\Documents\dnd\00 - Campaigns\Northwatch Wardens - (HomeBrew)\web\node_modules\pdfjs-dist\legacy\build\pdf.js
2026-06-10 14:18:03: - C:\Users\joshu\OneDrive\Documents\dnd\00 - Campaigns\Northwatch Wardens - (HomeBrew)\web\lib\pdf-indexer.js
2026-06-10 14:18:03: - C:\Users\joshu\OneDrive\Documents\dnd\00 - Campaigns\Northwatch Wardens - (HomeBrew)\web\server.js".
2026-06-10 14:18:03: Warning: Cannot polyfill `Path2D`, rendering may be broken: "Error: Cannot find module 'canvas'
2026-06-10 14:18:03: Require stack:
2026-06-10 14:18:03: - C:\Users\joshu\OneDrive\Documents\dnd\00 - Campaigns\Northwatch Wardens - (HomeBrew)\web\node_modules\pdfjs-dist\legacy\build\pdf.js
2026-06-10 14:18:03: - C:\Users\joshu\OneDrive\Documents\dnd\00 - Campaigns\Northwatch Wardens - (HomeBrew)\web\lib\pdf-indexer.js
2026-06-10 14:18:03: - C:\Users\joshu\OneDrive\Documents\dnd\00 - Campaigns\Northwatch Wardens - (HomeBrew)\web\server.js".
2026-06-10 14:18:06: Warning: Cannot polyfill `DOMMatrix`, rendering may be broken: "Error: Cannot find module 'canvas'
2026-06-10 14:18:06: Require stack:
2026-06-10 14:18:06: - C:\Users\joshu\OneDrive\Documents\dnd\00 - Campaigns\Northwatch Wardens - (HomeBrew)\web\node_modules\pdfjs-dist\legacy\build\pdf.js
2026-06-10 14:18:06: - C:\Users\joshu\OneDrive\Documents\dnd\00 - Campaigns\Northwatch Wardens - (HomeBrew)\web\lib\pdf-indexer.js
2026-06-10 14:18:06: - C:\Users\joshu\OneDrive\Documents\dnd\00 - Campaigns\Northwatch Wardens - (HomeBrew)\web\server.js".
2026-06-10 14:18:06: Warning: Cannot polyfill `Path2D`, rendering may be broken: "Error: Cannot find module 'canvas'
2026-06-10 14:18:06: Require stack:
2026-06-10 14:18:06: - C:\Users\joshu\OneDrive\Documents\dnd\00 - Campaigns\Northwatch Wardens - (HomeBrew)\web\node_modules\pdfjs-dist\legacy\build\pdf.js
2026-06-10 14:18:06: - C:\Users\joshu\OneDrive\Documents\dnd\00 - Campaigns\Northwatch Wardens - (HomeBrew)\web\lib\pdf-indexer.js
2026-06-10 14:18:06: - C:\Users\joshu\OneDrive\Documents\dnd\00 - Campaigns\Northwatch Wardens - (HomeBrew)\web\server.js".
2026-06-10 14:18:10: Warning: Cannot polyfill `DOMMatrix`, rendering may be broken: "Error: Cannot find module 'canvas'
2026-06-10 14:18:10: Require stack:
2026-06-10 14:18:10: - C:\Users\joshu\OneDrive\Documents\dnd\00 - Campaigns\Northwatch Wardens - (HomeBrew)\web\node_modules\pdfjs-dist\legacy\build\pdf.js
2026-06-10 14:18:10: - C:\Users\joshu\OneDrive\Documents\dnd\00 - Campaigns\Northwatch Wardens - (HomeBrew)\web\lib\pdf-indexer.js
2026-06-10 14:18:10: - C:\Users\joshu\OneDrive\Documents\dnd\00 - Campaigns\Northwatch Wardens - (HomeBrew)\web\server.js".
2026-06-10 14:18:10: Warning: Cannot polyfill `Path2D`, rendering may be broken: "Error: Cannot find module 'canvas'
2026-06-10 14:18:10: Require stack:
2026-06-10 14:18:10: - C:\Users\joshu\OneDrive\Documents\dnd\00 - Campaigns\Northwatch Wardens - (HomeBrew)\web\node_modules\pdfjs-dist\legacy\build\pdf.js
2026-06-10 14:18:10: - C:\Users\joshu\OneDrive\Documents\dnd\00 - Campaigns\Northwatch Wardens - (HomeBrew)\web\lib\pdf-indexer.js
2026-06-10 14:18:10: - C:\Users\joshu\OneDrive\Documents\dnd\00 - Campaigns\Northwatch Wardens - (HomeBrew)\web\server.js".
2026-06-10 14:18:13: Warning: Cannot polyfill `DOMMatrix`, rendering may be broken: "Error: Cannot find module 'canvas'
2026-06-10 14:18:13: Require stack:
2026-06-10 14:18:13: - C:\Users\joshu\OneDrive\Documents\dnd\00 - Campaigns\Northwatch Wardens - (HomeBrew)\web\node_modules\pdfjs-dist\legacy\build\pdf.js
2026-06-10 14:18:13: - C:\Users\joshu\OneDrive\Documents\dnd\00 - Campaigns\Northwatch Wardens - (HomeBrew)\web\lib\pdf-indexer.js
2026-06-10 14:18:13: - C:\Users\joshu\OneDrive\Documents\dnd\00 - Campaigns\Northwatch Wardens - (HomeBrew)\web\server.js".
2026-06-10 14:18:13: Warning: Cannot polyfill `Path2D`, rendering may be broken: "Error: Cannot find module 'canvas'
2026-06-10 14:18:13: Require stack:
2026-06-10 14:18:13: - C:\Users\joshu\OneDrive\Documents\dnd\00 - Campaigns\Northwatch Wardens - (HomeBrew)\web\node_modules\pdfjs-dist\legacy\build\pdf.js
2026-06-10 14:18:13: - C:\Users\joshu\OneDrive\Documents\dnd\00 - Campaigns\Northwatch Wardens - (HomeBrew)\web\lib\pdf-indexer.js
2026-06-10 14:18:13: - C:\Users\joshu\OneDrive\Documents\dnd\00 - Campaigns\Northwatch Wardens - (HomeBrew)\web\server.js".
2026-06-10 14:18:15: Warning: Cannot polyfill `DOMMatrix`, rendering may be broken: "Error: Cannot find module 'canvas'
2026-06-10 14:18:15: Require stack:
2026-06-10 14:18:15: - C:\Users\joshu\OneDrive\Documents\dnd\00 - Campaigns\Northwatch Wardens - (HomeBrew)\web\node_modules\pdfjs-dist\legacy\build\pdf.js
2026-06-10 14:18:15: - C:\Users\joshu\OneDrive\Documents\dnd\00 - Campaigns\Northwatch Wardens - (HomeBrew)\web\lib\pdf-indexer.js
2026-06-10 14:18:15: - C:\Users\joshu\OneDrive\Documents\dnd\00 - Campaigns\Northwatch Wardens - (HomeBrew)\web\server.js".
2026-06-10 14:18:15: Warning: Cannot polyfill `Path2D`, rendering may be broken: "Error: Cannot find module 'canvas'
2026-06-10 14:18:15: Require stack:
2026-06-10 14:18:15: - C:\Users\joshu\OneDrive\Documents\dnd\00 - Campaigns\Northwatch Wardens - (HomeBrew)\web\node_modules\pdfjs-dist\legacy\build\pdf.js
2026-06-10 14:18:15: - C:\Users\joshu\OneDrive\Documents\dnd\00 - Campaigns\Northwatch Wardens - (HomeBrew)\web\lib\pdf-indexer.js
2026-06-10 14:18:15: - C:\Users\joshu\OneDrive\Documents\dnd\00 - Campaigns\Northwatch Wardens - (HomeBrew)\web\server.js".
2026-06-10 14:18:18: Warning: Cannot polyfill `DOMMatrix`, rendering may be broken: "Error: Cannot find module 'canvas'
2026-06-10 14:18:18: Require stack:
2026-06-10 14:18:18: - C:\Users\joshu\OneDrive\Documents\dnd\00 - Campaigns\Northwatch Wardens - (HomeBrew)\web\node_modules\pdfjs-dist\legacy\build\pdf.js
2026-06-10 14:18:18: - C:\Users\joshu\OneDrive\Documents\dnd\00 - Campaigns\Northwatch Wardens - (HomeBrew)\web\lib\pdf-indexer.js
2026-06-10 14:18:18: - C:\Users\joshu\OneDrive\Documents\dnd\00 - Campaigns\Northwatch Wardens - (HomeBrew)\web\server.js".
2026-06-10 14:18:18: Warning: Cannot polyfill `Path2D`, rendering may be broken: "Error: Cannot find module 'canvas'
2026-06-10 14:18:18: Require stack:
2026-06-10 14:18:18: - C:\Users\joshu\OneDrive\Documents\dnd\00 - Campaigns\Northwatch Wardens - (HomeBrew)\web\node_modules\pdfjs-dist\legacy\build\pdf.js
2026-06-10 14:18:18: - C:\Users\joshu\OneDrive\Documents\dnd\00 - Campaigns\Northwatch Wardens - (HomeBrew)\web\lib\pdf-indexer.js
2026-06-10 14:18:18: - C:\Users\joshu\OneDrive\Documents\dnd\00 - Campaigns\Northwatch Wardens - (HomeBrew)\web\server.js".
2026-06-10 14:18:22: Warning: Cannot polyfill `DOMMatrix`, rendering may be broken: "Error: Cannot find module 'canvas'
2026-06-10 14:18:22: Require stack:
2026-06-10 14:18:22: - C:\Users\joshu\OneDrive\Documents\dnd\00 - Campaigns\Northwatch Wardens - (HomeBrew)\web\node_modules\pdfjs-dist\legacy\build\pdf.js
2026-06-10 14:18:22: - C:\Users\joshu\OneDrive\Documents\dnd\00 - Campaigns\Northwatch Wardens - (HomeBrew)\web\lib\pdf-indexer.js
2026-06-10 14:18:22: - C:\Users\joshu\OneDrive\Documents\dnd\00 - Campaigns\Northwatch Wardens - (HomeBrew)\web\server.js".
2026-06-10 14:18:22: Warning: Cannot polyfill `Path2D`, rendering may be broken: "Error: Cannot find module 'canvas'
2026-06-10 14:18:22: Require stack:
2026-06-10 14:18:22: - C:\Users\joshu\OneDrive\Documents\dnd\00 - Campaigns\Northwatch Wardens - (HomeBrew)\web\node_modules\pdfjs-dist\legacy\build\pdf.js
2026-06-10 14:18:22: - C:\Users\joshu\OneDrive\Documents\dnd\00 - Campaigns\Northwatch Wardens - (HomeBrew)\web\lib\pdf-indexer.js
2026-06-10 14:18:22: - C:\Users\joshu\OneDrive\Documents\dnd\00 - Campaigns\Northwatch Wardens - (HomeBrew)\web\server.js".
2026-06-10 14:18:25: Warning: Cannot polyfill `DOMMatrix`, rendering may be broken: "Error: Cannot find module 'canvas'
2026-06-10 14:18:25: Require stack:
2026-06-10 14:18:25: - C:\Users\joshu\OneDrive\Documents\dnd\00 - Campaigns\Northwatch Wardens - (HomeBrew)\web\node_modules\pdfjs-dist\legacy\build\pdf.js
2026-06-10 14:18:25: - C:\Users\joshu\OneDrive\Documents\dnd\00 - Campaigns\Northwatch Wardens - (HomeBrew)\web\lib\pdf-indexer.js
2026-06-10 14:18:25: - C:\Users\joshu\OneDrive\Documents\dnd\00 - Campaigns\Northwatch Wardens - (HomeBrew)\web\server.js".
2026-06-10 14:18:25: Warning: Cannot polyfill `Path2D`, rendering may be broken: "Error: Cannot find module 'canvas'
2026-06-10 14:18:25: Require stack:
2026-06-10 14:18:25: - C:\Users\joshu\OneDrive\Documents\dnd\00 - Campaigns\Northwatch Wardens - (HomeBrew)\web\node_modules\pdfjs-dist\legacy\build\pdf.js
2026-06-10 14:18:25: - C:\Users\joshu\OneDrive\Documents\dnd\00 - Campaigns\Northwatch Wardens - (HomeBrew)\web\lib\pdf-indexer.js
2026-06-10 14:18:25: - C:\Users\joshu\OneDrive\Documents\dnd\00 - Campaigns\Northwatch Wardens - (HomeBrew)\web\server.js".
2026-06-10 14:18:28: Warning: Cannot polyfill `DOMMatrix`, rendering may be broken: "Error: Cannot find module 'canvas'
2026-06-10 14:18:28: Require stack:
2026-06-10 14:18:28: - C:\Users\joshu\OneDrive\Documents\dnd\00 - Campaigns\Northwatch Wardens - (HomeBrew)\web\node_modules\pdfjs-dist\legacy\build\pdf.js
2026-06-10 14:18:28: - C:\Users\joshu\OneDrive\Documents\dnd\00 - Campaigns\Northwatch Wardens - (HomeBrew)\web\lib\pdf-indexer.js
2026-06-10 14:18:28: - C:\Users\joshu\OneDrive\Documents\dnd\00 - Campaigns\Northwatch Wardens - (HomeBrew)\web\server.js".
2026-06-10 14:18:28: Warning: Cannot polyfill `Path2D`, rendering may be broken: "Error: Cannot find module 'canvas'
2026-06-10 14:18:28: Require stack:
2026-06-10 14:18:28: - C:\Users\joshu\OneDrive\Documents\dnd\00 - Campaigns\Northwatch Wardens - (HomeBrew)\web\node_modules\pdfjs-dist\legacy\build\pdf.js
2026-06-10 14:18:28: - C:\Users\joshu\OneDrive\Documents\dnd\00 - Campaigns\Northwatch Wardens - (HomeBrew)\web\lib\pdf-indexer.js
2026-06-10 14:18:28: - C:\Users\joshu\OneDrive\Documents\dnd\00 - Campaigns\Northwatch Wardens - (HomeBrew)\web\server.js".
2026-06-10 14:18:30: Warning: Cannot polyfill `DOMMatrix`, rendering may be broken: "Error: Cannot find module 'canvas'
2026-06-10 14:18:30: Require stack:
2026-06-10 14:18:30: - C:\Users\joshu\OneDrive\Documents\dnd\00 - Campaigns\Northwatch Wardens - (HomeBrew)\web\node_modules\pdfjs-dist\legacy\build\pdf.js
2026-06-10 14:18:30: - C:\Users\joshu\OneDrive\Documents\dnd\00 - Campaigns\Northwatch Wardens - (HomeBrew)\web\lib\pdf-indexer.js
2026-06-10 14:18:30: - C:\Users\joshu\OneDrive\Documents\dnd\00 - Campaigns\Northwatch Wardens - (HomeBrew)\web\server.js".
2026-06-10 14:18:30: Warning: Cannot polyfill `Path2D`, rendering may be broken: "Error: Cannot find module 'canvas'
2026-06-10 14:18:30: Require stack:
2026-06-10 14:18:30: - C:\Users\joshu\OneDrive\Documents\dnd\00 - Campaigns\Northwatch Wardens - (HomeBrew)\web\node_modules\pdfjs-dist\legacy\build\pdf.js
2026-06-10 14:18:30: - C:\Users\joshu\OneDrive\Documents\dnd\00 - Campaigns\Northwatch Wardens - (HomeBrew)\web\lib\pdf-indexer.js
2026-06-10 14:18:30: - C:\Users\joshu\OneDrive\Documents\dnd\00 - Campaigns\Northwatch Wardens - (HomeBrew)\web\server.js".
2026-06-10 14:18:33: Warning: Cannot polyfill `DOMMatrix`, rendering may be broken: "Error: Cannot find module 'canvas'
2026-06-10 14:18:33: Require stack:
2026-06-10 14:18:33: - C:\Users\joshu\OneDrive\Documents\dnd\00 - Campaigns\Northwatch Wardens - (HomeBrew)\web\node_modules\pdfjs-dist\legacy\build\pdf.js
2026-06-10 14:18:33: - C:\Users\joshu\OneDrive\Documents\dnd\00 - Campaigns\Northwatch Wardens - (HomeBrew)\web\lib\pdf-indexer.js
2026-06-10 14:18:33: - C:\Users\joshu\OneDrive\Documents\dnd\00 - Campaigns\Northwatch Wardens - (HomeBrew)\web\server.js".
2026-06-10 14:18:33: Warning: Cannot polyfill `Path2D`, rendering may be broken: "Error: Cannot find module 'canvas'
2026-06-10 14:18:33: Require stack:
2026-06-10 14:18:33: - C:\Users\joshu\OneDrive\Documents\dnd\00 - Campaigns\Northwatch Wardens - (HomeBrew)\web\node_modules\pdfjs-dist\legacy\build\pdf.js
2026-06-10 14:18:33: - C:\Users\joshu\OneDrive\Documents\dnd\00 - Campaigns\Northwatch Wardens - (HomeBrew)\web\lib\pdf-indexer.js
2026-06-10 14:18:33: - C:\Users\joshu\OneDrive\Documents\dnd\00 - Campaigns\Northwatch Wardens - (HomeBrew)\web\server.js".
2026-06-10 14:18:36: Warning: Cannot polyfill `DOMMatrix`, rendering may be broken: "Error: Cannot find module 'canvas'
2026-06-10 14:18:36: Require stack:
2026-06-10 14:18:36: - C:\Users\joshu\OneDrive\Documents\dnd\00 - Campaigns\Northwatch Wardens - (HomeBrew)\web\node_modules\pdfjs-dist\legacy\build\pdf.js
2026-06-10 14:18:36: - C:\Users\joshu\OneDrive\Documents\dnd\00 - Campaigns\Northwatch Wardens - (HomeBrew)\web\lib\pdf-indexer.js
2026-06-10 14:18:36: - C:\Users\joshu\OneDrive\Documents\dnd\00 - Campaigns\Northwatch Wardens - (HomeBrew)\web\server.js".
2026-06-10 14:18:36: Warning: Cannot polyfill `Path2D`, rendering may be broken: "Error: Cannot find module 'canvas'
2026-06-10 14:18:36: Require stack:
2026-06-10 14:18:36: - C:\Users\joshu\OneDrive\Documents\dnd\00 - Campaigns\Northwatch Wardens - (HomeBrew)\web\node_modules\pdfjs-dist\legacy\build\pdf.js
2026-06-10 14:18:36: - C:\Users\joshu\OneDrive\Documents\dnd\00 - Campaigns\Northwatch Wardens - (HomeBrew)\web\lib\pdf-indexer.js
2026-06-10 14:18:36: - C:\Users\joshu\OneDrive\Documents\dnd\00 - Campaigns\Northwatch Wardens - (HomeBrew)\web\server.js".
2026-06-10 14:18:40: Warning: Cannot polyfill `DOMMatrix`, rendering may be broken: "Error: Cannot find module 'canvas'
2026-06-10 14:18:40: Require stack:
2026-06-10 14:18:40: - C:\Users\joshu\OneDrive\Documents\dnd\00 - Campaigns\Northwatch Wardens - (HomeBrew)\web\node_modules\pdfjs-dist\legacy\build\pdf.js
2026-06-10 14:18:40: - C:\Users\joshu\OneDrive\Documents\dnd\00 - Campaigns\Northwatch Wardens - (HomeBrew)\web\lib\pdf-indexer.js
2026-06-10 14:18:40: - C:\Users\joshu\OneDrive\Documents\dnd\00 - Campaigns\Northwatch Wardens - (HomeBrew)\web\server.js".
2026-06-10 14:18:40: Warning: Cannot polyfill `Path2D`, rendering may be broken: "Error: Cannot find module 'canvas'
2026-06-10 14:18:40: Require stack:
2026-06-10 14:18:40: - C:\Users\joshu\OneDrive\Documents\dnd\00 - Campaigns\Northwatch Wardens - (HomeBrew)\web\node_modules\pdfjs-dist\legacy\build\pdf.js
2026-06-10 14:18:40: - C:\Users\joshu\OneDrive\Documents\dnd\00 - Campaigns\Northwatch Wardens - (HomeBrew)\web\lib\pdf-indexer.js
2026-06-10 14:18:40: - C:\Users\joshu\OneDrive\Documents\dnd\00 - Campaigns\Northwatch Wardens - (HomeBrew)\web\server.js".
2026-06-10 14:18:43: Warning: Cannot polyfill `DOMMatrix`, rendering may be broken: "Error: Cannot find module 'canvas'
2026-06-10 14:18:43: Require stack:
2026-06-10 14:18:43: - C:\Users\joshu\OneDrive\Documents\dnd\00 - Campaigns\Northwatch Wardens - (HomeBrew)\web\node_modules\pdfjs-dist\legacy\build\pdf.js
2026-06-10 14:18:43: - C:\Users\joshu\OneDrive\Documents\dnd\00 - Campaigns\Northwatch Wardens - (HomeBrew)\web\lib\pdf-indexer.js
2026-06-10 14:18:43: - C:\Users\joshu\OneDrive\Documents\dnd\00 - Campaigns\Northwatch Wardens - (HomeBrew)\web\server.js".
2026-06-10 14:18:43: Warning: Cannot polyfill `Path2D`, rendering may be broken: "Error: Cannot find module 'canvas'
2026-06-10 14:18:43: Require stack:
2026-06-10 14:18:43: - C:\Users\joshu\OneDrive\Documents\dnd\00 - Campaigns\Northwatch Wardens - (HomeBrew)\web\node_modules\pdfjs-dist\legacy\build\pdf.js
2026-06-10 14:18:43: - C:\Users\joshu\OneDrive\Documents\dnd\00 - Campaigns\Northwatch Wardens - (HomeBrew)\web\lib\pdf-indexer.js
2026-06-10 14:18:43: - C:\Users\joshu\OneDrive\Documents\dnd\00 - Campaigns\Northwatch Wardens - (HomeBrew)\web\server.js".
2026-06-10 14:18:46: Warning: Cannot polyfill `DOMMatrix`, rendering may be broken: "Error: Cannot find module 'canvas'
2026-06-10 14:18:46: Require stack:
2026-06-10 14:18:46: - C:\Users\joshu\OneDrive\Documents\dnd\00 - Campaigns\Northwatch Wardens - (HomeBrew)\web\node_modules\pdfjs-dist\legacy\build\pdf.js
2026-06-10 14:18:46: - C:\Users\joshu\OneDrive\Documents\dnd\00 - Campaigns\Northwatch Wardens - (HomeBrew)\web\lib\pdf-indexer.js
2026-06-10 14:18:46: - C:\Users\joshu\OneDrive\Documents\dnd\00 - Campaigns\Northwatch Wardens - (HomeBrew)\web\server.js".
2026-06-10 14:18:46: Warning: Cannot polyfill `Path2D`, rendering may be broken: "Error: Cannot find module 'canvas'
2026-06-10 14:18:46: Require stack:
2026-06-10 14:18:46: - C:\Users\joshu\OneDrive\Documents\dnd\00 - Campaigns\Northwatch Wardens - (HomeBrew)\web\node_modules\pdfjs-dist\legacy\build\pdf.js
2026-06-10 14:18:46: - C:\Users\joshu\OneDrive\Documents\dnd\00 - Campaigns\Northwatch Wardens - (HomeBrew)\web\lib\pdf-indexer.js
2026-06-10 14:18:46: - C:\Users\joshu\OneDrive\Documents\dnd\00 - Campaigns\Northwatch Wardens - (HomeBrew)\web\server.js".
2026-06-10 14:18:50: Warning: Cannot polyfill `DOMMatrix`, rendering may be broken: "Error: Cannot find module 'canvas'
2026-06-10 14:18:50: Require stack:
2026-06-10 14:18:50: - C:\Users\joshu\OneDrive\Documents\dnd\00 - Campaigns\Northwatch Wardens - (HomeBrew)\web\node_modules\pdfjs-dist\legacy\build\pdf.js
2026-06-10 14:18:50: - C:\Users\joshu\OneDrive\Documents\dnd\00 - Campaigns\Northwatch Wardens - (HomeBrew)\web\lib\pdf-indexer.js
2026-06-10 14:18:50: - C:\Users\joshu\OneDrive\Documents\dnd\00 - Campaigns\Northwatch Wardens - (HomeBrew)\web\server.js".
2026-06-10 14:18:50: Warning: Cannot polyfill `Path2D`, rendering may be broken: "Error: Cannot find module 'canvas'
2026-06-10 14:18:50: Require stack:
2026-06-10 14:18:50: - C:\Users\joshu\OneDrive\Documents\dnd\00 - Campaigns\Northwatch Wardens - (HomeBrew)\web\node_modules\pdfjs-dist\legacy\build\pdf.js
2026-06-10 14:18:50: - C:\Users\joshu\OneDrive\Documents\dnd\00 - Campaigns\Northwatch Wardens - (HomeBrew)\web\lib\pdf-indexer.js
2026-06-10 14:18:50: - C:\Users\joshu\OneDrive\Documents\dnd\00 - Campaigns\Northwatch Wardens - (HomeBrew)\web\server.js".
2026-06-10 14:18:54: Warning: Cannot polyfill `DOMMatrix`, rendering may be broken: "Error: Cannot find module 'canvas'
2026-06-10 14:18:54: Require stack:
2026-06-10 14:18:54: - C:\Users\joshu\OneDrive\Documents\dnd\00 - Campaigns\Northwatch Wardens - (HomeBrew)\web\node_modules\pdfjs-dist\legacy\build\pdf.js
2026-06-10 14:18:54: - C:\Users\joshu\OneDrive\Documents\dnd\00 - Campaigns\Northwatch Wardens - (HomeBrew)\web\lib\pdf-indexer.js
2026-06-10 14:18:54: - C:\Users\joshu\OneDrive\Documents\dnd\00 - Campaigns\Northwatch Wardens - (HomeBrew)\web\server.js".
2026-06-10 14:18:54: Warning: Cannot polyfill `Path2D`, rendering may be broken: "Error: Cannot find module 'canvas'
2026-06-10 14:18:54: Require stack:
2026-06-10 14:18:54: - C:\Users\joshu\OneDrive\Documents\dnd\00 - Campaigns\Northwatch Wardens - (HomeBrew)\web\node_modules\pdfjs-dist\legacy\build\pdf.js
2026-06-10 14:18:54: - C:\Users\joshu\OneDrive\Documents\dnd\00 - Campaigns\Northwatch Wardens - (HomeBrew)\web\lib\pdf-indexer.js
2026-06-10 14:18:54: - C:\Users\joshu\OneDrive\Documents\dnd\00 - Campaigns\Northwatch Wardens - (HomeBrew)\web\server.js".
2026-06-10 14:18:57: Warning: Cannot polyfill `DOMMatrix`, rendering may be broken: "Error: Cannot find module 'canvas'
2026-06-10 14:18:57: Require stack:
2026-06-10 14:18:57: - C:\Users\joshu\OneDrive\Documents\dnd\00 - Campaigns\Northwatch Wardens - (HomeBrew)\web\node_modules\pdfjs-dist\legacy\build\pdf.js
2026-06-10 14:18:57: - C:\Users\joshu\OneDrive\Documents\dnd\00 - Campaigns\Northwatch Wardens - (HomeBrew)\web\lib\pdf-indexer.js
2026-06-10 14:18:57: - C:\Users\joshu\OneDrive\Documents\dnd\00 - Campaigns\Northwatch Wardens - (HomeBrew)\web\server.js".
2026-06-10 14:18:57: Warning: Cannot polyfill `Path2D`, rendering may be broken: "Error: Cannot find module 'canvas'
2026-06-10 14:18:57: Require stack:
2026-06-10 14:18:57: - C:\Users\joshu\OneDrive\Documents\dnd\00 - Campaigns\Northwatch Wardens - (HomeBrew)\web\node_modules\pdfjs-dist\legacy\build\pdf.js
2026-06-10 14:18:57: - C:\Users\joshu\OneDrive\Documents\dnd\00 - Campaigns\Northwatch Wardens - (HomeBrew)\web\lib\pdf-indexer.js
2026-06-10 14:18:57: - C:\Users\joshu\OneDrive\Documents\dnd\00 - Campaigns\Northwatch Wardens - (HomeBrew)\web\server.js".
2026-06-10 14:19:01: Warning: Cannot polyfill `DOMMatrix`, rendering may be broken: "Error: Cannot find module 'canvas'
2026-06-10 14:19:01: Require stack:
2026-06-10 14:19:01: - C:\Users\joshu\OneDrive\Documents\dnd\00 - Campaigns\Northwatch Wardens - (HomeBrew)\web\node_modules\pdfjs-dist\legacy\build\pdf.js
2026-06-10 14:19:01: - C:\Users\joshu\OneDrive\Documents\dnd\00 - Campaigns\Northwatch Wardens - (HomeBrew)\web\lib\pdf-indexer.js
2026-06-10 14:19:01: - C:\Users\joshu\OneDrive\Documents\dnd\00 - Campaigns\Northwatch Wardens - (HomeBrew)\web\server.js".
2026-06-10 14:19:01: Warning: Cannot polyfill `Path2D`, rendering may be broken: "Error: Cannot find module 'canvas'
2026-06-10 14:19:01: Require stack:
2026-06-10 14:19:01: - C:\Users\joshu\OneDrive\Documents\dnd\00 - Campaigns\Northwatch Wardens - (HomeBrew)\web\node_modules\pdfjs-dist\legacy\build\pdf.js
2026-06-10 14:19:01: - C:\Users\joshu\OneDrive\Documents\dnd\00 - Campaigns\Northwatch Wardens - (HomeBrew)\web\lib\pdf-indexer.js
2026-06-10 14:19:01: - C:\Users\joshu\OneDrive\Documents\dnd\00 - Campaigns\Northwatch Wardens - (HomeBrew)\web\server.js".
2026-06-10 14:19:04: Warning: Cannot polyfill `DOMMatrix`, rendering may be broken: "Error: Cannot find module 'canvas'
2026-06-10 14:19:04: Require stack:
2026-06-10 14:19:04: - C:\Users\joshu\OneDrive\Documents\dnd\00 - Campaigns\Northwatch Wardens - (HomeBrew)\web\node_modules\pdfjs-dist\legacy\build\pdf.js
2026-06-10 14:19:04: - C:\Users\joshu\OneDrive\Documents\dnd\00 - Campaigns\Northwatch Wardens - (HomeBrew)\web\lib\pdf-indexer.js
2026-06-10 14:19:04: - C:\Users\joshu\OneDrive\Documents\dnd\00 - Campaigns\Northwatch Wardens - (HomeBrew)\web\server.js".
2026-06-10 14:19:04: Warning: Cannot polyfill `Path2D`, rendering may be broken: "Error: Cannot find module 'canvas'
2026-06-10 14:19:04: Require stack:
2026-06-10 14:19:04: - C:\Users\joshu\OneDrive\Documents\dnd\00 - Campaigns\Northwatch Wardens - (HomeBrew)\web\node_modules\pdfjs-dist\legacy\build\pdf.js
2026-06-10 14:19:04: - C:\Users\joshu\OneDrive\Documents\dnd\00 - Campaigns\Northwatch Wardens - (HomeBrew)\web\lib\pdf-indexer.js
2026-06-10 14:19:04: - C:\Users\joshu\OneDrive\Documents\dnd\00 - Campaigns\Northwatch Wardens - (HomeBrew)\web\server.js".
2026-06-10 14:19:08: Warning: Cannot polyfill `DOMMatrix`, rendering may be broken: "Error: Cannot find module 'canvas'
2026-06-10 14:19:08: Require stack:
2026-06-10 14:19:08: - C:\Users\joshu\OneDrive\Documents\dnd\00 - Campaigns\Northwatch Wardens - (HomeBrew)\web\node_modules\pdfjs-dist\legacy\build\pdf.js
2026-06-10 14:19:08: - C:\Users\joshu\OneDrive\Documents\dnd\00 - Campaigns\Northwatch Wardens - (HomeBrew)\web\lib\pdf-indexer.js
2026-06-10 14:19:08: - C:\Users\joshu\OneDrive\Documents\dnd\00 - Campaigns\Northwatch Wardens - (HomeBrew)\web\server.js".
2026-06-10 14:19:08: Warning: Cannot polyfill `Path2D`, rendering may be broken: "Error: Cannot find module 'canvas'
2026-06-10 14:19:08: Require stack:
2026-06-10 14:19:08: - C:\Users\joshu\OneDrive\Documents\dnd\00 - Campaigns\Northwatch Wardens - (HomeBrew)\web\node_modules\pdfjs-dist\legacy\build\pdf.js
2026-06-10 14:19:08: - C:\Users\joshu\OneDrive\Documents\dnd\00 - Campaigns\Northwatch Wardens - (HomeBrew)\web\lib\pdf-indexer.js
2026-06-10 14:19:08: - C:\Users\joshu\OneDrive\Documents\dnd\00 - Campaigns\Northwatch Wardens - (HomeBrew)\web\server.js".
2026-06-10 14:19:12: Warning: Cannot polyfill `DOMMatrix`, rendering may be broken: "Error: Cannot find module 'canvas'
2026-06-10 14:19:12: Require stack:
2026-06-10 14:19:12: - C:\Users\joshu\OneDrive\Documents\dnd\00 - Campaigns\Northwatch Wardens - (HomeBrew)\web\node_modules\pdfjs-dist\legacy\build\pdf.js
2026-06-10 14:19:12: - C:\Users\joshu\OneDrive\Documents\dnd\00 - Campaigns\Northwatch Wardens - (HomeBrew)\web\lib\pdf-indexer.js
2026-06-10 14:19:12: - C:\Users\joshu\OneDrive\Documents\dnd\00 - Campaigns\Northwatch Wardens - (HomeBrew)\web\server.js".
2026-06-10 14:19:12: Warning: Cannot polyfill `Path2D`, rendering may be broken: "Error: Cannot find module 'canvas'
2026-06-10 14:19:12: Require stack:
2026-06-10 14:19:12: - C:\Users\joshu\OneDrive\Documents\dnd\00 - Campaigns\Northwatch Wardens - (HomeBrew)\web\node_modules\pdfjs-dist\legacy\build\pdf.js
2026-06-10 14:19:12: - C:\Users\joshu\OneDrive\Documents\dnd\00 - Campaigns\Northwatch Wardens - (HomeBrew)\web\lib\pdf-indexer.js
2026-06-10 14:19:12: - C:\Users\joshu\OneDrive\Documents\dnd\00 - Campaigns\Northwatch Wardens - (HomeBrew)\web\server.js".
2026-06-10 14:19:15: Warning: Cannot polyfill `DOMMatrix`, rendering may be broken: "Error: Cannot find module 'canvas'
2026-06-10 14:19:15: Require stack:
2026-06-10 14:19:15: - C:\Users\joshu\OneDrive\Documents\dnd\00 - Campaigns\Northwatch Wardens - (HomeBrew)\web\node_modules\pdfjs-dist\legacy\build\pdf.js
2026-06-10 14:19:15: - C:\Users\joshu\OneDrive\Documents\dnd\00 - Campaigns\Northwatch Wardens - (HomeBrew)\web\lib\pdf-indexer.js
2026-06-10 14:19:15: - C:\Users\joshu\OneDrive\Documents\dnd\00 - Campaigns\Northwatch Wardens - (HomeBrew)\web\server.js".
2026-06-10 14:19:15: Warning: Cannot polyfill `Path2D`, rendering may be broken: "Error: Cannot find module 'canvas'
2026-06-10 14:19:15: Require stack:
2026-06-10 14:19:15: - C:\Users\joshu\OneDrive\Documents\dnd\00 - Campaigns\Northwatch Wardens - (HomeBrew)\web\node_modules\pdfjs-dist\legacy\build\pdf.js
2026-06-10 14:19:15: - C:\Users\joshu\OneDrive\Documents\dnd\00 - Campaigns\Northwatch Wardens - (HomeBrew)\web\lib\pdf-indexer.js
2026-06-10 14:19:15: - C:\Users\joshu\OneDrive\Documents\dnd\00 - Campaigns\Northwatch Wardens - (HomeBrew)\web\server.js".
2026-06-10 14:19:19: Warning: Cannot polyfill `DOMMatrix`, rendering may be broken: "Error: Cannot find module 'canvas'
2026-06-10 14:19:19: Require stack:
2026-06-10 14:19:19: - C:\Users\joshu\OneDrive\Documents\dnd\00 - Campaigns\Northwatch Wardens - (HomeBrew)\web\node_modules\pdfjs-dist\legacy\build\pdf.js
2026-06-10 14:19:19: - C:\Users\joshu\OneDrive\Documents\dnd\00 - Campaigns\Northwatch Wardens - (HomeBrew)\web\lib\pdf-indexer.js
2026-06-10 14:19:19: - C:\Users\joshu\OneDrive\Documents\dnd\00 - Campaigns\Northwatch Wardens - (HomeBrew)\web\server.js".
2026-06-10 14:19:19: Warning: Cannot polyfill `Path2D`, rendering may be broken: "Error: Cannot find module 'canvas'
2026-06-10 14:19:19: Require stack:
2026-06-10 14:19:19: - C:\Users\joshu\OneDrive\Documents\dnd\00 - Campaigns\Northwatch Wardens - (HomeBrew)\web\node_modules\pdfjs-dist\legacy\build\pdf.js
2026-06-10 14:19:19: - C:\Users\joshu\OneDrive\Documents\dnd\00 - Campaigns\Northwatch Wardens - (HomeBrew)\web\lib\pdf-indexer.js
2026-06-10 14:19:19: - C:\Users\joshu\OneDrive\Documents\dnd\00 - Campaigns\Northwatch Wardens - (HomeBrew)\web\server.js".
2026-06-10 14:19:23: Warning: Cannot polyfill `DOMMatrix`, rendering may be broken: "Error: Cannot find module 'canvas'
2026-06-10 14:19:23: Require stack:
2026-06-10 14:19:23: - C:\Users\joshu\OneDrive\Documents\dnd\00 - Campaigns\Northwatch Wardens - (HomeBrew)\web\node_modules\pdfjs-dist\legacy\build\pdf.js
2026-06-10 14:19:23: - C:\Users\joshu\OneDrive\Documents\dnd\00 - Campaigns\Northwatch Wardens - (HomeBrew)\web\lib\pdf-indexer.js
2026-06-10 14:19:23: - C:\Users\joshu\OneDrive\Documents\dnd\00 - Campaigns\Northwatch Wardens - (HomeBrew)\web\server.js".
2026-06-10 14:19:23: Warning: Cannot polyfill `Path2D`, rendering may be broken: "Error: Cannot find module 'canvas'
2026-06-10 14:19:23: Require stack:
2026-06-10 14:19:23: - C:\Users\joshu\OneDrive\Documents\dnd\00 - Campaigns\Northwatch Wardens - (HomeBrew)\web\node_modules\pdfjs-dist\legacy\build\pdf.js
2026-06-10 14:19:23: - C:\Users\joshu\OneDrive\Documents\dnd\00 - Campaigns\Northwatch Wardens - (HomeBrew)\web\lib\pdf-indexer.js
2026-06-10 14:19:23: - C:\Users\joshu\OneDrive\Documents\dnd\00 - Campaigns\Northwatch Wardens - (HomeBrew)\web\server.js".
2026-06-10 14:19:26: Warning: Cannot polyfill `DOMMatrix`, rendering may be broken: "Error: Cannot find module 'canvas'
2026-06-10 14:19:26: Require stack:
2026-06-10 14:19:26: - C:\Users\joshu\OneDrive\Documents\dnd\00 - Campaigns\Northwatch Wardens - (HomeBrew)\web\node_modules\pdfjs-dist\legacy\build\pdf.js
2026-06-10 14:19:26: - C:\Users\joshu\OneDrive\Documents\dnd\00 - Campaigns\Northwatch Wardens - (HomeBrew)\web\lib\pdf-indexer.js
2026-06-10 14:19:26: - C:\Users\joshu\OneDrive\Documents\dnd\00 - Campaigns\Northwatch Wardens - (HomeBrew)\web\server.js".
2026-06-10 14:19:26: Warning: Cannot polyfill `Path2D`, rendering may be broken: "Error: Cannot find module 'canvas'
2026-06-10 14:19:26: Require stack:
2026-06-10 14:19:26: - C:\Users\joshu\OneDrive\Documents\dnd\00 - Campaigns\Northwatch Wardens - (HomeBrew)\web\node_modules\pdfjs-dist\legacy\build\pdf.js
2026-06-10 14:19:26: - C:\Users\joshu\OneDrive\Documents\dnd\00 - Campaigns\Northwatch Wardens - (HomeBrew)\web\lib\pdf-indexer.js
2026-06-10 14:19:26: - C:\Users\joshu\OneDrive\Documents\dnd\00 - Campaigns\Northwatch Wardens - (HomeBrew)\web\server.js".
2026-06-10 14:19:29: Warning: Cannot polyfill `DOMMatrix`, rendering may be broken: "Error: Cannot find module 'canvas'
2026-06-10 14:19:29: Require stack:
2026-06-10 14:19:29: - C:\Users\joshu\OneDrive\Documents\dnd\00 - Campaigns\Northwatch Wardens - (HomeBrew)\web\node_modules\pdfjs-dist\legacy\build\pdf.js
2026-06-10 14:19:29: - C:\Users\joshu\OneDrive\Documents\dnd\00 - Campaigns\Northwatch Wardens - (HomeBrew)\web\lib\pdf-indexer.js
2026-06-10 14:19:29: - C:\Users\joshu\OneDrive\Documents\dnd\00 - Campaigns\Northwatch Wardens - (HomeBrew)\web\server.js".
2026-06-10 14:19:29: Warning: Cannot polyfill `Path2D`, rendering may be broken: "Error: Cannot find module 'canvas'
2026-06-10 14:19:29: Require stack:
2026-06-10 14:19:29: - C:\Users\joshu\OneDrive\Documents\dnd\00 - Campaigns\Northwatch Wardens - (HomeBrew)\web\node_modules\pdfjs-dist\legacy\build\pdf.js
2026-06-10 14:19:29: - C:\Users\joshu\OneDrive\Documents\dnd\00 - Campaigns\Northwatch Wardens - (HomeBrew)\web\lib\pdf-indexer.js
2026-06-10 14:19:29: - C:\Users\joshu\OneDrive\Documents\dnd\00 - Campaigns\Northwatch Wardens - (HomeBrew)\web\server.js".
2026-06-10 14:19:32: Warning: Cannot polyfill `DOMMatrix`, rendering may be broken: "Error: Cannot find module 'canvas'
2026-06-10 14:19:32: Require stack:
2026-06-10 14:19:32: - C:\Users\joshu\OneDrive\Documents\dnd\00 - Campaigns\Northwatch Wardens - (HomeBrew)\web\node_modules\pdfjs-dist\legacy\build\pdf.js
2026-06-10 14:19:32: - C:\Users\joshu\OneDrive\Documents\dnd\00 - Campaigns\Northwatch Wardens - (HomeBrew)\web\lib\pdf-indexer.js
2026-06-10 14:19:32: - C:\Users\joshu\OneDrive\Documents\dnd\00 - Campaigns\Northwatch Wardens - (HomeBrew)\web\server.js".
2026-06-10 14:19:32: Warning: Cannot polyfill `Path2D`, rendering may be broken: "Error: Cannot find module 'canvas'
2026-06-10 14:19:32: Require stack:
2026-06-10 14:19:32: - C:\Users\joshu\OneDrive\Documents\dnd\00 - Campaigns\Northwatch Wardens - (HomeBrew)\web\node_modules\pdfjs-dist\legacy\build\pdf.js
2026-06-10 14:19:32: - C:\Users\joshu\OneDrive\Documents\dnd\00 - Campaigns\Northwatch Wardens - (HomeBrew)\web\lib\pdf-indexer.js
2026-06-10 14:19:32: - C:\Users\joshu\OneDrive\Documents\dnd\00 - Campaigns\Northwatch Wardens - (HomeBrew)\web\server.js".
2026-06-10 14:19:34: Warning: Cannot polyfill `DOMMatrix`, rendering may be broken: "Error: Cannot find module 'canvas'
2026-06-10 14:19:34: Require stack:
2026-06-10 14:19:34: - C:\Users\joshu\OneDrive\Documents\dnd\00 - Campaigns\Northwatch Wardens - (HomeBrew)\web\node_modules\pdfjs-dist\legacy\build\pdf.js
2026-06-10 14:19:34: - C:\Users\joshu\OneDrive\Documents\dnd\00 - Campaigns\Northwatch Wardens - (HomeBrew)\web\lib\pdf-indexer.js
2026-06-10 14:19:34: - C:\Users\joshu\OneDrive\Documents\dnd\00 - Campaigns\Northwatch Wardens - (HomeBrew)\web\server.js".
2026-06-10 14:19:34: Warning: Cannot polyfill `Path2D`, rendering may be broken: "Error: Cannot find module 'canvas'
2026-06-10 14:19:34: Require stack:
2026-06-10 14:19:34: - C:\Users\joshu\OneDrive\Documents\dnd\00 - Campaigns\Northwatch Wardens - (HomeBrew)\web\node_modules\pdfjs-dist\legacy\build\pdf.js
2026-06-10 14:19:34: - C:\Users\joshu\OneDrive\Documents\dnd\00 - Campaigns\Northwatch Wardens - (HomeBrew)\web\lib\pdf-indexer.js
2026-06-10 14:19:34: - C:\Users\joshu\OneDrive\Documents\dnd\00 - Campaigns\Northwatch Wardens - (HomeBrew)\web\server.js".
2026-06-10 14:19:37: Warning: Cannot polyfill `DOMMatrix`, rendering may be broken: "Error: Cannot find module 'canvas'
2026-06-10 14:19:37: Require stack:
2026-06-10 14:19:37: - C:\Users\joshu\OneDrive\Documents\dnd\00 - Campaigns\Northwatch Wardens - (HomeBrew)\web\node_modules\pdfjs-dist\legacy\build\pdf.js
2026-06-10 14:19:37: - C:\Users\joshu\OneDrive\Documents\dnd\00 - Campaigns\Northwatch Wardens - (HomeBrew)\web\lib\pdf-indexer.js
2026-06-10 14:19:37: - C:\Users\joshu\OneDrive\Documents\dnd\00 - Campaigns\Northwatch Wardens - (HomeBrew)\web\server.js".
2026-06-10 14:19:37: Warning: Cannot polyfill `Path2D`, rendering may be broken: "Error: Cannot find module 'canvas'
2026-06-10 14:19:37: Require stack:
2026-06-10 14:19:37: - C:\Users\joshu\OneDrive\Documents\dnd\00 - Campaigns\Northwatch Wardens - (HomeBrew)\web\node_modules\pdfjs-dist\legacy\build\pdf.js
2026-06-10 14:19:37: - C:\Users\joshu\OneDrive\Documents\dnd\00 - Campaigns\Northwatch Wardens - (HomeBrew)\web\lib\pdf-indexer.js
2026-06-10 14:19:37: - C:\Users\joshu\OneDrive\Documents\dnd\00 - Campaigns\Northwatch Wardens - (HomeBrew)\web\server.js".
2026-06-10 14:19:40: Warning: Cannot polyfill `DOMMatrix`, rendering may be broken: "Error: Cannot find module 'canvas'
2026-06-10 14:19:40: Require stack:
2026-06-10 14:19:40: - C:\Users\joshu\OneDrive\Documents\dnd\00 - Campaigns\Northwatch Wardens - (HomeBrew)\web\node_modules\pdfjs-dist\legacy\build\pdf.js
2026-06-10 14:19:40: - C:\Users\joshu\OneDrive\Documents\dnd\00 - Campaigns\Northwatch Wardens - (HomeBrew)\web\lib\pdf-indexer.js
2026-06-10 14:19:40: - C:\Users\joshu\OneDrive\Documents\dnd\00 - Campaigns\Northwatch Wardens - (HomeBrew)\web\server.js".
2026-06-10 14:19:40: Warning: Cannot polyfill `Path2D`, rendering may be broken: "Error: Cannot find module 'canvas'
2026-06-10 14:19:40: Require stack:
2026-06-10 14:19:40: - C:\Users\joshu\OneDrive\Documents\dnd\00 - Campaigns\Northwatch Wardens - (HomeBrew)\web\node_modules\pdfjs-dist\legacy\build\pdf.js
2026-06-10 14:19:40: - C:\Users\joshu\OneDrive\Documents\dnd\00 - Campaigns\Northwatch Wardens - (HomeBrew)\web\lib\pdf-indexer.js
2026-06-10 14:19:40: - C:\Users\joshu\OneDrive\Documents\dnd\00 - Campaigns\Northwatch Wardens - (HomeBrew)\web\server.js".
2026-06-10 14:19:43: Warning: Cannot polyfill `DOMMatrix`, rendering may be broken: "Error: Cannot find module 'canvas'
2026-06-10 14:19:43: Require stack:
2026-06-10 14:19:43: - C:\Users\joshu\OneDrive\Documents\dnd\00 - Campaigns\Northwatch Wardens - (HomeBrew)\web\node_modules\pdfjs-dist\legacy\build\pdf.js
2026-06-10 14:19:43: - C:\Users\joshu\OneDrive\Documents\dnd\00 - Campaigns\Northwatch Wardens - (HomeBrew)\web\lib\pdf-indexer.js
2026-06-10 14:19:43: - C:\Users\joshu\OneDrive\Documents\dnd\00 - Campaigns\Northwatch Wardens - (HomeBrew)\web\server.js".
2026-06-10 14:19:43: Warning: Cannot polyfill `Path2D`, rendering may be broken: "Error: Cannot find module 'canvas'
2026-06-10 14:19:43: Require stack:
2026-06-10 14:19:43: - C:\Users\joshu\OneDrive\Documents\dnd\00 - Campaigns\Northwatch Wardens - (HomeBrew)\web\node_modules\pdfjs-dist\legacy\build\pdf.js
2026-06-10 14:19:43: - C:\Users\joshu\OneDrive\Documents\dnd\00 - Campaigns\Northwatch Wardens - (HomeBrew)\web\lib\pdf-indexer.js
2026-06-10 14:19:43: - C:\Users\joshu\OneDrive\Documents\dnd\00 - Campaigns\Northwatch Wardens - (HomeBrew)\web\server.js".
2026-06-10 14:19:46: Warning: Cannot polyfill `DOMMatrix`, rendering may be broken: "Error: Cannot find module 'canvas'
2026-06-10 14:19:46: Require stack:
2026-06-10 14:19:46: - C:\Users\joshu\OneDrive\Documents\dnd\00 - Campaigns\Northwatch Wardens - (HomeBrew)\web\node_modules\pdfjs-dist\legacy\build\pdf.js
2026-06-10 14:19:46: - C:\Users\joshu\OneDrive\Documents\dnd\00 - Campaigns\Northwatch Wardens - (HomeBrew)\web\lib\pdf-indexer.js
2026-06-10 14:19:46: - C:\Users\joshu\OneDrive\Documents\dnd\00 - Campaigns\Northwatch Wardens - (HomeBrew)\web\server.js".
2026-06-10 14:19:46: Warning: Cannot polyfill `Path2D`, rendering may be broken: "Error: Cannot find module 'canvas'
2026-06-10 14:19:46: Require stack:
2026-06-10 14:19:46: - C:\Users\joshu\OneDrive\Documents\dnd\00 - Campaigns\Northwatch Wardens - (HomeBrew)\web\node_modules\pdfjs-dist\legacy\build\pdf.js
2026-06-10 14:19:46: - C:\Users\joshu\OneDrive\Documents\dnd\00 - Campaigns\Northwatch Wardens - (HomeBrew)\web\lib\pdf-indexer.js
2026-06-10 14:19:46: - C:\Users\joshu\OneDrive\Documents\dnd\00 - Campaigns\Northwatch Wardens - (HomeBrew)\web\server.js".
2026-06-10 14:19:50: Warning: Cannot polyfill `DOMMatrix`, rendering may be broken: "Error: Cannot find module 'canvas'
2026-06-10 14:19:50: Require stack:
2026-06-10 14:19:50: - C:\Users\joshu\OneDrive\Documents\dnd\00 - Campaigns\Northwatch Wardens - (HomeBrew)\web\node_modules\pdfjs-dist\legacy\build\pdf.js
2026-06-10 14:19:50: - C:\Users\joshu\OneDrive\Documents\dnd\00 - Campaigns\Northwatch Wardens - (HomeBrew)\web\lib\pdf-indexer.js
2026-06-10 14:19:50: - C:\Users\joshu\OneDrive\Documents\dnd\00 - Campaigns\Northwatch Wardens - (HomeBrew)\web\server.js".
2026-06-10 14:19:50: Warning: Cannot polyfill `Path2D`, rendering may be broken: "Error: Cannot find module 'canvas'
2026-06-10 14:19:50: Require stack:
2026-06-10 14:19:50: - C:\Users\joshu\OneDrive\Documents\dnd\00 - Campaigns\Northwatch Wardens - (HomeBrew)\web\node_modules\pdfjs-dist\legacy\build\pdf.js
2026-06-10 14:19:50: - C:\Users\joshu\OneDrive\Documents\dnd\00 - Campaigns\Northwatch Wardens - (HomeBrew)\web\lib\pdf-indexer.js
2026-06-10 14:19:50: - C:\Users\joshu\OneDrive\Documents\dnd\00 - Campaigns\Northwatch Wardens - (HomeBrew)\web\server.js".
2026-06-10 14:19:53: Warning: Cannot polyfill `DOMMatrix`, rendering may be broken: "Error: Cannot find module 'canvas'
2026-06-10 14:19:53: Require stack:
2026-06-10 14:19:53: - C:\Users\joshu\OneDrive\Documents\dnd\00 - Campaigns\Northwatch Wardens - (HomeBrew)\web\node_modules\pdfjs-dist\legacy\build\pdf.js
2026-06-10 14:19:53: - C:\Users\joshu\OneDrive\Documents\dnd\00 - Campaigns\Northwatch Wardens - (HomeBrew)\web\lib\pdf-indexer.js
2026-06-10 14:19:53: - C:\Users\joshu\OneDrive\Documents\dnd\00 - Campaigns\Northwatch Wardens - (HomeBrew)\web\server.js".
2026-06-10 14:19:53: Warning: Cannot polyfill `Path2D`, rendering may be broken: "Error: Cannot find module 'canvas'
2026-06-10 14:19:53: Require stack:
2026-06-10 14:19:53: - C:\Users\joshu\OneDrive\Documents\dnd\00 - Campaigns\Northwatch Wardens - (HomeBrew)\web\node_modules\pdfjs-dist\legacy\build\pdf.js
2026-06-10 14:19:53: - C:\Users\joshu\OneDrive\Documents\dnd\00 - Campaigns\Northwatch Wardens - (HomeBrew)\web\lib\pdf-indexer.js
2026-06-10 14:19:53: - C:\Users\joshu\OneDrive\Documents\dnd\00 - Campaigns\Northwatch Wardens - (HomeBrew)\web\server.js".
2026-06-10 14:19:57: Warning: Cannot polyfill `DOMMatrix`, rendering may be broken: "Error: Cannot find module 'canvas'
2026-06-10 14:19:57: Require stack:
2026-06-10 14:19:57: - C:\Users\joshu\OneDrive\Documents\dnd\00 - Campaigns\Northwatch Wardens - (HomeBrew)\web\node_modules\pdfjs-dist\legacy\build\pdf.js
2026-06-10 14:19:57: - C:\Users\joshu\OneDrive\Documents\dnd\00 - Campaigns\Northwatch Wardens - (HomeBrew)\web\lib\pdf-indexer.js
2026-06-10 14:19:57: - C:\Users\joshu\OneDrive\Documents\dnd\00 - Campaigns\Northwatch Wardens - (HomeBrew)\web\server.js".
2026-06-10 14:19:57: Warning: Cannot polyfill `Path2D`, rendering may be broken: "Error: Cannot find module 'canvas'
2026-06-10 14:19:57: Require stack:
2026-06-10 14:19:57: - C:\Users\joshu\OneDrive\Documents\dnd\00 - Campaigns\Northwatch Wardens - (HomeBrew)\web\node_modules\pdfjs-dist\legacy\build\pdf.js
2026-06-10 14:19:57: - C:\Users\joshu\OneDrive\Documents\dnd\00 - Campaigns\Northwatch Wardens - (HomeBrew)\web\lib\pdf-indexer.js
2026-06-10 14:19:57: - C:\Users\joshu\OneDrive\Documents\dnd\00 - Campaigns\Northwatch Wardens - (HomeBrew)\web\server.js".
2026-06-10 14:19:59: Warning: Cannot polyfill `DOMMatrix`, rendering may be broken: "Error: Cannot find module 'canvas'
2026-06-10 14:19:59: Require stack:
2026-06-10 14:19:59: - C:\Users\joshu\OneDrive\Documents\dnd\00 - Campaigns\Northwatch Wardens - (HomeBrew)\web\node_modules\pdfjs-dist\legacy\build\pdf.js
2026-06-10 14:19:59: - C:\Users\joshu\OneDrive\Documents\dnd\00 - Campaigns\Northwatch Wardens - (HomeBrew)\web\lib\pdf-indexer.js
2026-06-10 14:19:59: - C:\Users\joshu\OneDrive\Documents\dnd\00 - Campaigns\Northwatch Wardens - (HomeBrew)\web\server.js".
2026-06-10 14:19:59: Warning: Cannot polyfill `Path2D`, rendering may be broken: "Error: Cannot find module 'canvas'
2026-06-10 14:19:59: Require stack:
2026-06-10 14:19:59: - C:\Users\joshu\OneDrive\Documents\dnd\00 - Campaigns\Northwatch Wardens - (HomeBrew)\web\node_modules\pdfjs-dist\legacy\build\pdf.js
2026-06-10 14:19:59: - C:\Users\joshu\OneDrive\Documents\dnd\00 - Campaigns\Northwatch Wardens - (HomeBrew)\web\lib\pdf-indexer.js
2026-06-10 14:19:59: - C:\Users\joshu\OneDrive\Documents\dnd\00 - Campaigns\Northwatch Wardens - (HomeBrew)\web\server.js".
2026-06-10 14:20:04: Warning: Cannot polyfill `DOMMatrix`, rendering may be broken: "Error: Cannot find module 'canvas'
2026-06-10 14:20:04: Require stack:
2026-06-10 14:20:04: - C:\Users\joshu\OneDrive\Documents\dnd\00 - Campaigns\Northwatch Wardens - (HomeBrew)\web\node_modules\pdfjs-dist\legacy\build\pdf.js
2026-06-10 14:20:04: - C:\Users\joshu\OneDrive\Documents\dnd\00 - Campaigns\Northwatch Wardens - (HomeBrew)\web\lib\pdf-indexer.js
2026-06-10 14:20:04: - C:\Users\joshu\OneDrive\Documents\dnd\00 - Campaigns\Northwatch Wardens - (HomeBrew)\web\server.js".
2026-06-10 14:20:04: Warning: Cannot polyfill `Path2D`, rendering may be broken: "Error: Cannot find module 'canvas'
2026-06-10 14:20:04: Require stack:
2026-06-10 14:20:04: - C:\Users\joshu\OneDrive\Documents\dnd\00 - Campaigns\Northwatch Wardens - (HomeBrew)\web\node_modules\pdfjs-dist\legacy\build\pdf.js
2026-06-10 14:20:04: - C:\Users\joshu\OneDrive\Documents\dnd\00 - Campaigns\Northwatch Wardens - (HomeBrew)\web\lib\pdf-indexer.js
2026-06-10 14:20:04: - C:\Users\joshu\OneDrive\Documents\dnd\00 - Campaigns\Northwatch Wardens - (HomeBrew)\web\server.js".
2026-06-10 14:20:08: Warning: Cannot polyfill `DOMMatrix`, rendering may be broken: "Error: Cannot find module 'canvas'
2026-06-10 14:20:08: Require stack:
2026-06-10 14:20:08: - C:\Users\joshu\OneDrive\Documents\dnd\00 - Campaigns\Northwatch Wardens - (HomeBrew)\web\node_modules\pdfjs-dist\legacy\build\pdf.js
2026-06-10 14:20:08: - C:\Users\joshu\OneDrive\Documents\dnd\00 - Campaigns\Northwatch Wardens - (HomeBrew)\web\lib\pdf-indexer.js
2026-06-10 14:20:08: - C:\Users\joshu\OneDrive\Documents\dnd\00 - Campaigns\Northwatch Wardens - (HomeBrew)\web\server.js".
2026-06-10 14:20:08: Warning: Cannot polyfill `Path2D`, rendering may be broken: "Error: Cannot find module 'canvas'
2026-06-10 14:20:08: Require stack:
2026-06-10 14:20:08: - C:\Users\joshu\OneDrive\Documents\dnd\00 - Campaigns\Northwatch Wardens - (HomeBrew)\web\node_modules\pdfjs-dist\legacy\build\pdf.js
2026-06-10 14:20:08: - C:\Users\joshu\OneDrive\Documents\dnd\00 - Campaigns\Northwatch Wardens - (HomeBrew)\web\lib\pdf-indexer.js
2026-06-10 14:20:08: - C:\Users\joshu\OneDrive\Documents\dnd\00 - Campaigns\Northwatch Wardens - (HomeBrew)\web\server.js".
2026-06-10 14:20:10: Warning: Cannot polyfill `DOMMatrix`, rendering may be broken: "Error: Cannot find module 'canvas'
2026-06-10 14:20:10: Require stack:
2026-06-10 14:20:10: - C:\Users\joshu\OneDrive\Documents\dnd\00 - Campaigns\Northwatch Wardens - (HomeBrew)\web\node_modules\pdfjs-dist\legacy\build\pdf.js
2026-06-10 14:20:10: - C:\Users\joshu\OneDrive\Documents\dnd\00 - Campaigns\Northwatch Wardens - (HomeBrew)\web\lib\pdf-indexer.js
2026-06-10 14:20:10: - C:\Users\joshu\OneDrive\Documents\dnd\00 - Campaigns\Northwatch Wardens - (HomeBrew)\web\server.js".
2026-06-10 14:20:10: Warning: Cannot polyfill `Path2D`, rendering may be broken: "Error: Cannot find module 'canvas'
2026-06-10 14:20:10: Require stack:
2026-06-10 14:20:10: - C:\Users\joshu\OneDrive\Documents\dnd\00 - Campaigns\Northwatch Wardens - (HomeBrew)\web\node_modules\pdfjs-dist\legacy\build\pdf.js
2026-06-10 14:20:10: - C:\Users\joshu\OneDrive\Documents\dnd\00 - Campaigns\Northwatch Wardens - (HomeBrew)\web\lib\pdf-indexer.js
2026-06-10 14:20:10: - C:\Users\joshu\OneDrive\Documents\dnd\00 - Campaigns\Northwatch Wardens - (HomeBrew)\web\server.js".
2026-06-10 14:20:14: Warning: Cannot polyfill `DOMMatrix`, rendering may be broken: "Error: Cannot find module 'canvas'
2026-06-10 14:20:14: Require stack:
2026-06-10 14:20:14: - C:\Users\joshu\OneDrive\Documents\dnd\00 - Campaigns\Northwatch Wardens - (HomeBrew)\web\node_modules\pdfjs-dist\legacy\build\pdf.js
2026-06-10 14:20:14: - C:\Users\joshu\OneDrive\Documents\dnd\00 - Campaigns\Northwatch Wardens - (HomeBrew)\web\lib\pdf-indexer.js
2026-06-10 14:20:14: - C:\Users\joshu\OneDrive\Documents\dnd\00 - Campaigns\Northwatch Wardens - (HomeBrew)\web\server.js".
2026-06-10 14:20:14: Warning: Cannot polyfill `Path2D`, rendering may be broken: "Error: Cannot find module 'canvas'
2026-06-10 14:20:14: Require stack:
2026-06-10 14:20:14: - C:\Users\joshu\OneDrive\Documents\dnd\00 - Campaigns\Northwatch Wardens - (HomeBrew)\web\node_modules\pdfjs-dist\legacy\build\pdf.js
2026-06-10 14:20:14: - C:\Users\joshu\OneDrive\Documents\dnd\00 - Campaigns\Northwatch Wardens - (HomeBrew)\web\lib\pdf-indexer.js
2026-06-10 14:20:14: - C:\Users\joshu\OneDrive\Documents\dnd\00 - Campaigns\Northwatch Wardens - (HomeBrew)\web\server.js".
2026-06-10 14:20:17: Warning: Cannot polyfill `DOMMatrix`, rendering may be broken: "Error: Cannot find module 'canvas'
2026-06-10 14:20:17: Require stack:
2026-06-10 14:20:17: - C:\Users\joshu\OneDrive\Documents\dnd\00 - Campaigns\Northwatch Wardens - (HomeBrew)\web\node_modules\pdfjs-dist\legacy\build\pdf.js
2026-06-10 14:20:17: - C:\Users\joshu\OneDrive\Documents\dnd\00 - Campaigns\Northwatch Wardens - (HomeBrew)\web\lib\pdf-indexer.js
2026-06-10 14:20:17: - C:\Users\joshu\OneDrive\Documents\dnd\00 - Campaigns\Northwatch Wardens - (HomeBrew)\web\server.js".
2026-06-10 14:20:17: Warning: Cannot polyfill `Path2D`, rendering may be broken: "Error: Cannot find module 'canvas'
2026-06-10 14:20:17: Require stack:
2026-06-10 14:20:17: - C:\Users\joshu\OneDrive\Documents\dnd\00 - Campaigns\Northwatch Wardens - (HomeBrew)\web\node_modules\pdfjs-dist\legacy\build\pdf.js
2026-06-10 14:20:17: - C:\Users\joshu\OneDrive\Documents\dnd\00 - Campaigns\Northwatch Wardens - (HomeBrew)\web\lib\pdf-indexer.js
2026-06-10 14:20:17: - C:\Users\joshu\OneDrive\Documents\dnd\00 - Campaigns\Northwatch Wardens - (HomeBrew)\web\server.js".
2026-06-10 14:20:21: Warning: Cannot polyfill `DOMMatrix`, rendering may be broken: "Error: Cannot find module 'canvas'
2026-06-10 14:20:21: Require stack:
2026-06-10 14:20:21: - C:\Users\joshu\OneDrive\Documents\dnd\00 - Campaigns\Northwatch Wardens - (HomeBrew)\web\node_modules\pdfjs-dist\legacy\build\pdf.js
2026-06-10 14:20:21: - C:\Users\joshu\OneDrive\Documents\dnd\00 - Campaigns\Northwatch Wardens - (HomeBrew)\web\lib\pdf-indexer.js
2026-06-10 14:20:21: - C:\Users\joshu\OneDrive\Documents\dnd\00 - Campaigns\Northwatch Wardens - (HomeBrew)\web\server.js".
2026-06-10 14:20:21: Warning: Cannot polyfill `Path2D`, rendering may be broken: "Error: Cannot find module 'canvas'
2026-06-10 14:20:21: Require stack:
2026-06-10 14:20:21: - C:\Users\joshu\OneDrive\Documents\dnd\00 - Campaigns\Northwatch Wardens - (HomeBrew)\web\node_modules\pdfjs-dist\legacy\build\pdf.js
2026-06-10 14:20:21: - C:\Users\joshu\OneDrive\Documents\dnd\00 - Campaigns\Northwatch Wardens - (HomeBrew)\web\lib\pdf-indexer.js
2026-06-10 14:20:21: - C:\Users\joshu\OneDrive\Documents\dnd\00 - Campaigns\Northwatch Wardens - (HomeBrew)\web\server.js".
2026-06-10 14:20:25: Warning: Cannot polyfill `DOMMatrix`, rendering may be broken: "Error: Cannot find module 'canvas'
2026-06-10 14:20:25: Require stack:
2026-06-10 14:20:25: - C:\Users\joshu\OneDrive\Documents\dnd\00 - Campaigns\Northwatch Wardens - (HomeBrew)\web\node_modules\pdfjs-dist\legacy\build\pdf.js
2026-06-10 14:20:25: - C:\Users\joshu\OneDrive\Documents\dnd\00 - Campaigns\Northwatch Wardens - (HomeBrew)\web\lib\pdf-indexer.js
2026-06-10 14:20:25: - C:\Users\joshu\OneDrive\Documents\dnd\00 - Campaigns\Northwatch Wardens - (HomeBrew)\web\server.js".
2026-06-10 14:20:25: Warning: Cannot polyfill `Path2D`, rendering may be broken: "Error: Cannot find module 'canvas'
2026-06-10 14:20:25: Require stack:
2026-06-10 14:20:25: - C:\Users\joshu\OneDrive\Documents\dnd\00 - Campaigns\Northwatch Wardens - (HomeBrew)\web\node_modules\pdfjs-dist\legacy\build\pdf.js
2026-06-10 14:20:25: - C:\Users\joshu\OneDrive\Documents\dnd\00 - Campaigns\Northwatch Wardens - (HomeBrew)\web\lib\pdf-indexer.js
2026-06-10 14:20:25: - C:\Users\joshu\OneDrive\Documents\dnd\00 - Campaigns\Northwatch Wardens - (HomeBrew)\web\server.js".
2026-06-10 14:20:29: Warning: Cannot polyfill `DOMMatrix`, rendering may be broken: "Error: Cannot find module 'canvas'
2026-06-10 14:20:29: Require stack:
2026-06-10 14:20:29: - C:\Users\joshu\OneDrive\Documents\dnd\00 - Campaigns\Northwatch Wardens - (HomeBrew)\web\node_modules\pdfjs-dist\legacy\build\pdf.js
2026-06-10 14:20:29: - C:\Users\joshu\OneDrive\Documents\dnd\00 - Campaigns\Northwatch Wardens - (HomeBrew)\web\lib\pdf-indexer.js
2026-06-10 14:20:29: - C:\Users\joshu\OneDrive\Documents\dnd\00 - Campaigns\Northwatch Wardens - (HomeBrew)\web\server.js".
2026-06-10 14:20:29: Warning: Cannot polyfill `Path2D`, rendering may be broken: "Error: Cannot find module 'canvas'
2026-06-10 14:20:29: Require stack:
2026-06-10 14:20:29: - C:\Users\joshu\OneDrive\Documents\dnd\00 - Campaigns\Northwatch Wardens - (HomeBrew)\web\node_modules\pdfjs-dist\legacy\build\pdf.js
2026-06-10 14:20:29: - C:\Users\joshu\OneDrive\Documents\dnd\00 - Campaigns\Northwatch Wardens - (HomeBrew)\web\lib\pdf-indexer.js
2026-06-10 14:20:29: - C:\Users\joshu\OneDrive\Documents\dnd\00 - Campaigns\Northwatch Wardens - (HomeBrew)\web\server.js".
2026-06-10 14:20:32: Warning: Cannot polyfill `DOMMatrix`, rendering may be broken: "Error: Cannot find module 'canvas'
2026-06-10 14:20:32: Require stack:
2026-06-10 14:20:32: - C:\Users\joshu\OneDrive\Documents\dnd\00 - Campaigns\Northwatch Wardens - (HomeBrew)\web\node_modules\pdfjs-dist\legacy\build\pdf.js
2026-06-10 14:20:32: - C:\Users\joshu\OneDrive\Documents\dnd\00 - Campaigns\Northwatch Wardens - (HomeBrew)\web\lib\pdf-indexer.js
2026-06-10 14:20:32: - C:\Users\joshu\OneDrive\Documents\dnd\00 - Campaigns\Northwatch Wardens - (HomeBrew)\web\server.js".
2026-06-10 14:20:32: Warning: Cannot polyfill `Path2D`, rendering may be broken: "Error: Cannot find module 'canvas'
2026-06-10 14:20:32: Require stack:
2026-06-10 14:20:32: - C:\Users\joshu\OneDrive\Documents\dnd\00 - Campaigns\Northwatch Wardens - (HomeBrew)\web\node_modules\pdfjs-dist\legacy\build\pdf.js
2026-06-10 14:20:32: - C:\Users\joshu\OneDrive\Documents\dnd\00 - Campaigns\Northwatch Wardens - (HomeBrew)\web\lib\pdf-indexer.js
2026-06-10 14:20:32: - C:\Users\joshu\OneDrive\Documents\dnd\00 - Campaigns\Northwatch Wardens - (HomeBrew)\web\server.js".
2026-06-10 14:20:34: Warning: Cannot polyfill `DOMMatrix`, rendering may be broken: "Error: Cannot find module 'canvas'
2026-06-10 14:20:34: Require stack:
2026-06-10 14:20:34: - C:\Users\joshu\OneDrive\Documents\dnd\00 - Campaigns\Northwatch Wardens - (HomeBrew)\web\node_modules\pdfjs-dist\legacy\build\pdf.js
2026-06-10 14:20:34: - C:\Users\joshu\OneDrive\Documents\dnd\00 - Campaigns\Northwatch Wardens - (HomeBrew)\web\lib\pdf-indexer.js
2026-06-10 14:20:34: - C:\Users\joshu\OneDrive\Documents\dnd\00 - Campaigns\Northwatch Wardens - (HomeBrew)\web\server.js".
2026-06-10 14:20:34: Warning: Cannot polyfill `Path2D`, rendering may be broken: "Error: Cannot find module 'canvas'
2026-06-10 14:20:34: Require stack:
2026-06-10 14:20:34: - C:\Users\joshu\OneDrive\Documents\dnd\00 - Campaigns\Northwatch Wardens - (HomeBrew)\web\node_modules\pdfjs-dist\legacy\build\pdf.js
2026-06-10 14:20:34: - C:\Users\joshu\OneDrive\Documents\dnd\00 - Campaigns\Northwatch Wardens - (HomeBrew)\web\lib\pdf-indexer.js
2026-06-10 14:20:34: - C:\Users\joshu\OneDrive\Documents\dnd\00 - Campaigns\Northwatch Wardens - (HomeBrew)\web\server.js".
2026-06-10 14:20:38: Warning: Cannot polyfill `DOMMatrix`, rendering may be broken: "Error: Cannot find module 'canvas'
2026-06-10 14:20:38: Require stack:
2026-06-10 14:20:38: - C:\Users\joshu\OneDrive\Documents\dnd\00 - Campaigns\Northwatch Wardens - (HomeBrew)\web\node_modules\pdfjs-dist\legacy\build\pdf.js
2026-06-10 14:20:38: - C:\Users\joshu\OneDrive\Documents\dnd\00 - Campaigns\Northwatch Wardens - (HomeBrew)\web\lib\pdf-indexer.js
2026-06-10 14:20:38: - C:\Users\joshu\OneDrive\Documents\dnd\00 - Campaigns\Northwatch Wardens - (HomeBrew)\web\server.js".
2026-06-10 14:20:38: Warning: Cannot polyfill `Path2D`, rendering may be broken: "Error: Cannot find module 'canvas'
2026-06-10 14:20:38: Require stack:
2026-06-10 14:20:38: - C:\Users\joshu\OneDrive\Documents\dnd\00 - Campaigns\Northwatch Wardens - (HomeBrew)\web\node_modules\pdfjs-dist\legacy\build\pdf.js
2026-06-10 14:20:38: - C:\Users\joshu\OneDrive\Documents\dnd\00 - Campaigns\Northwatch Wardens - (HomeBrew)\web\lib\pdf-indexer.js
2026-06-10 14:20:38: - C:\Users\joshu\OneDrive\Documents\dnd\00 - Campaigns\Northwatch Wardens - (HomeBrew)\web\server.js".
2026-06-10 14:20:41: Warning: Cannot polyfill `DOMMatrix`, rendering may be broken: "Error: Cannot find module 'canvas'
2026-06-10 14:20:41: Require stack:
2026-06-10 14:20:41: - C:\Users\joshu\OneDrive\Documents\dnd\00 - Campaigns\Northwatch Wardens - (HomeBrew)\web\node_modules\pdfjs-dist\legacy\build\pdf.js
2026-06-10 14:20:41: - C:\Users\joshu\OneDrive\Documents\dnd\00 - Campaigns\Northwatch Wardens - (HomeBrew)\web\lib\pdf-indexer.js
2026-06-10 14:20:41: - C:\Users\joshu\OneDrive\Documents\dnd\00 - Campaigns\Northwatch Wardens - (HomeBrew)\web\server.js".
2026-06-10 14:20:41: Warning: Cannot polyfill `Path2D`, rendering may be broken: "Error: Cannot find module 'canvas'
2026-06-10 14:20:41: Require stack:
2026-06-10 14:20:41: - C:\Users\joshu\OneDrive\Documents\dnd\00 - Campaigns\Northwatch Wardens - (HomeBrew)\web\node_modules\pdfjs-dist\legacy\build\pdf.js
2026-06-10 14:20:41: - C:\Users\joshu\OneDrive\Documents\dnd\00 - Campaigns\Northwatch Wardens - (HomeBrew)\web\lib\pdf-indexer.js
2026-06-10 14:20:41: - C:\Users\joshu\OneDrive\Documents\dnd\00 - Campaigns\Northwatch Wardens - (HomeBrew)\web\server.js".
2026-06-10 14:20:45: Warning: Cannot polyfill `DOMMatrix`, rendering may be broken: "Error: Cannot find module 'canvas'
2026-06-10 14:20:45: Require stack:
2026-06-10 14:20:45: - C:\Users\joshu\OneDrive\Documents\dnd\00 - Campaigns\Northwatch Wardens - (HomeBrew)\web\node_modules\pdfjs-dist\legacy\build\pdf.js
2026-06-10 14:20:45: - C:\Users\joshu\OneDrive\Documents\dnd\00 - Campaigns\Northwatch Wardens - (HomeBrew)\web\lib\pdf-indexer.js
2026-06-10 14:20:45: - C:\Users\joshu\OneDrive\Documents\dnd\00 - Campaigns\Northwatch Wardens - (HomeBrew)\web\server.js".
2026-06-10 14:20:45: Warning: Cannot polyfill `Path2D`, rendering may be broken: "Error: Cannot find module 'canvas'
2026-06-10 14:20:45: Require stack:
2026-06-10 14:20:45: - C:\Users\joshu\OneDrive\Documents\dnd\00 - Campaigns\Northwatch Wardens - (HomeBrew)\web\node_modules\pdfjs-dist\legacy\build\pdf.js
2026-06-10 14:20:45: - C:\Users\joshu\OneDrive\Documents\dnd\00 - Campaigns\Northwatch Wardens - (HomeBrew)\web\lib\pdf-indexer.js
2026-06-10 14:20:45: - C:\Users\joshu\OneDrive\Documents\dnd\00 - Campaigns\Northwatch Wardens - (HomeBrew)\web\server.js".
2026-06-10 14:20:48: Warning: Cannot polyfill `DOMMatrix`, rendering may be broken: "Error: Cannot find module 'canvas'
2026-06-10 14:20:48: Require stack:
2026-06-10 14:20:48: - C:\Users\joshu\OneDrive\Documents\dnd\00 - Campaigns\Northwatch Wardens - (HomeBrew)\web\node_modules\pdfjs-dist\legacy\build\pdf.js
2026-06-10 14:20:48: - C:\Users\joshu\OneDrive\Documents\dnd\00 - Campaigns\Northwatch Wardens - (HomeBrew)\web\lib\pdf-indexer.js
2026-06-10 14:20:48: - C:\Users\joshu\OneDrive\Documents\dnd\00 - Campaigns\Northwatch Wardens - (HomeBrew)\web\server.js".
2026-06-10 14:20:48: Warning: Cannot polyfill `Path2D`, rendering may be broken: "Error: Cannot find module 'canvas'
2026-06-10 14:20:48: Require stack:
2026-06-10 14:20:48: - C:\Users\joshu\OneDrive\Documents\dnd\00 - Campaigns\Northwatch Wardens - (HomeBrew)\web\node_modules\pdfjs-dist\legacy\build\pdf.js
2026-06-10 14:20:48: - C:\Users\joshu\OneDrive\Documents\dnd\00 - Campaigns\Northwatch Wardens - (HomeBrew)\web\lib\pdf-indexer.js
2026-06-10 14:20:48: - C:\Users\joshu\OneDrive\Documents\dnd\00 - Campaigns\Northwatch Wardens - (HomeBrew)\web\server.js".
2026-06-10 14:20:52: Warning: Cannot polyfill `DOMMatrix`, rendering may be broken: "Error: Cannot find module 'canvas'
2026-06-10 14:20:52: Require stack:
2026-06-10 14:20:52: - C:\Users\joshu\OneDrive\Documents\dnd\00 - Campaigns\Northwatch Wardens - (HomeBrew)\web\node_modules\pdfjs-dist\legacy\build\pdf.js
2026-06-10 14:20:52: - C:\Users\joshu\OneDrive\Documents\dnd\00 - Campaigns\Northwatch Wardens - (HomeBrew)\web\lib\pdf-indexer.js
2026-06-10 14:20:52: - C:\Users\joshu\OneDrive\Documents\dnd\00 - Campaigns\Northwatch Wardens - (HomeBrew)\web\server.js".
2026-06-10 14:20:52: Warning: Cannot polyfill `Path2D`, rendering may be broken: "Error: Cannot find module 'canvas'
2026-06-10 14:20:52: Require stack:
2026-06-10 14:20:52: - C:\Users\joshu\OneDrive\Documents\dnd\00 - Campaigns\Northwatch Wardens - (HomeBrew)\web\node_modules\pdfjs-dist\legacy\build\pdf.js
2026-06-10 14:20:52: - C:\Users\joshu\OneDrive\Documents\dnd\00 - Campaigns\Northwatch Wardens - (HomeBrew)\web\lib\pdf-indexer.js
2026-06-10 14:20:52: - C:\Users\joshu\OneDrive\Documents\dnd\00 - Campaigns\Northwatch Wardens - (HomeBrew)\web\server.js".
2026-06-10 14:20:55: Warning: Cannot polyfill `DOMMatrix`, rendering may be broken: "Error: Cannot find module 'canvas'
2026-06-10 14:20:55: Require stack:
2026-06-10 14:20:55: - C:\Users\joshu\OneDrive\Documents\dnd\00 - Campaigns\Northwatch Wardens - (HomeBrew)\web\node_modules\pdfjs-dist\legacy\build\pdf.js
2026-06-10 14:20:55: - C:\Users\joshu\OneDrive\Documents\dnd\00 - Campaigns\Northwatch Wardens - (HomeBrew)\web\lib\pdf-indexer.js
2026-06-10 14:20:55: - C:\Users\joshu\OneDrive\Documents\dnd\00 - Campaigns\Northwatch Wardens - (HomeBrew)\web\server.js".
2026-06-10 14:20:55: Warning: Cannot polyfill `Path2D`, rendering may be broken: "Error: Cannot find module 'canvas'
2026-06-10 14:20:55: Require stack:
2026-06-10 14:20:55: - C:\Users\joshu\OneDrive\Documents\dnd\00 - Campaigns\Northwatch Wardens - (HomeBrew)\web\node_modules\pdfjs-dist\legacy\build\pdf.js
2026-06-10 14:20:55: - C:\Users\joshu\OneDrive\Documents\dnd\00 - Campaigns\Northwatch Wardens - (HomeBrew)\web\lib\pdf-indexer.js
2026-06-10 14:20:55: - C:\Users\joshu\OneDrive\Documents\dnd\00 - Campaigns\Northwatch Wardens - (HomeBrew)\web\server.js".
2026-06-10 14:20:57: Warning: Cannot polyfill `DOMMatrix`, rendering may be broken: "Error: Cannot find module 'canvas'
2026-06-10 14:20:57: Require stack:
2026-06-10 14:20:57: - C:\Users\joshu\OneDrive\Documents\dnd\00 - Campaigns\Northwatch Wardens - (HomeBrew)\web\node_modules\pdfjs-dist\legacy\build\pdf.js
2026-06-10 14:20:57: - C:\Users\joshu\OneDrive\Documents\dnd\00 - Campaigns\Northwatch Wardens - (HomeBrew)\web\lib\pdf-indexer.js
2026-06-10 14:20:57: - C:\Users\joshu\OneDrive\Documents\dnd\00 - Campaigns\Northwatch Wardens - (HomeBrew)\web\server.js".
2026-06-10 14:20:57: Warning: Cannot polyfill `Path2D`, rendering may be broken: "Error: Cannot find module 'canvas'
2026-06-10 14:20:57: Require stack:
2026-06-10 14:20:57: - C:\Users\joshu\OneDrive\Documents\dnd\00 - Campaigns\Northwatch Wardens - (HomeBrew)\web\node_modules\pdfjs-dist\legacy\build\pdf.js
2026-06-10 14:20:57: - C:\Users\joshu\OneDrive\Documents\dnd\00 - Campaigns\Northwatch Wardens - (HomeBrew)\web\lib\pdf-indexer.js
2026-06-10 14:20:57: - C:\Users\joshu\OneDrive\Documents\dnd\00 - Campaigns\Northwatch Wardens - (HomeBrew)\web\server.js".
2026-06-10 14:21:00: Warning: Cannot polyfill `DOMMatrix`, rendering may be broken: "Error: Cannot find module 'canvas'
2026-06-10 14:21:00: Require stack:
2026-06-10 14:21:00: - C:\Users\joshu\OneDrive\Documents\dnd\00 - Campaigns\Northwatch Wardens - (HomeBrew)\web\node_modules\pdfjs-dist\legacy\build\pdf.js
2026-06-10 14:21:00: - C:\Users\joshu\OneDrive\Documents\dnd\00 - Campaigns\Northwatch Wardens - (HomeBrew)\web\lib\pdf-indexer.js
2026-06-10 14:21:00: - C:\Users\joshu\OneDrive\Documents\dnd\00 - Campaigns\Northwatch Wardens - (HomeBrew)\web\server.js".
2026-06-10 14:21:00: Warning: Cannot polyfill `Path2D`, rendering may be broken: "Error: Cannot find module 'canvas'
2026-06-10 14:21:00: Require stack:
2026-06-10 14:21:00: - C:\Users\joshu\OneDrive\Documents\dnd\00 - Campaigns\Northwatch Wardens - (HomeBrew)\web\node_modules\pdfjs-dist\legacy\build\pdf.js
2026-06-10 14:21:00: - C:\Users\joshu\OneDrive\Documents\dnd\00 - Campaigns\Northwatch Wardens - (HomeBrew)\web\lib\pdf-indexer.js
2026-06-10 14:21:00: - C:\Users\joshu\OneDrive\Documents\dnd\00 - Campaigns\Northwatch Wardens - (HomeBrew)\web\server.js".
2026-06-10 14:21:03: Warning: Cannot polyfill `DOMMatrix`, rendering may be broken: "Error: Cannot find module 'canvas'
2026-06-10 14:21:03: Require stack:
2026-06-10 14:21:03: - C:\Users\joshu\OneDrive\Documents\dnd\00 - Campaigns\Northwatch Wardens - (HomeBrew)\web\node_modules\pdfjs-dist\legacy\build\pdf.js
2026-06-10 14:21:03: - C:\Users\joshu\OneDrive\Documents\dnd\00 - Campaigns\Northwatch Wardens - (HomeBrew)\web\lib\pdf-indexer.js
2026-06-10 14:21:03: - C:\Users\joshu\OneDrive\Documents\dnd\00 - Campaigns\Northwatch Wardens - (HomeBrew)\web\server.js".
2026-06-10 14:21:03: Warning: Cannot polyfill `Path2D`, rendering may be broken: "Error: Cannot find module 'canvas'
2026-06-10 14:21:03: Require stack:
2026-06-10 14:21:03: - C:\Users\joshu\OneDrive\Documents\dnd\00 - Campaigns\Northwatch Wardens - (HomeBrew)\web\node_modules\pdfjs-dist\legacy\build\pdf.js
2026-06-10 14:21:03: - C:\Users\joshu\OneDrive\Documents\dnd\00 - Campaigns\Northwatch Wardens - (HomeBrew)\web\lib\pdf-indexer.js
2026-06-10 14:21:03: - C:\Users\joshu\OneDrive\Documents\dnd\00 - Campaigns\Northwatch Wardens - (HomeBrew)\web\server.js".
2026-06-10 14:21:06: Warning: Cannot polyfill `DOMMatrix`, rendering may be broken: "Error: Cannot find module 'canvas'
2026-06-10 14:21:06: Require stack:
2026-06-10 14:21:06: - C:\Users\joshu\OneDrive\Documents\dnd\00 - Campaigns\Northwatch Wardens - (HomeBrew)\web\node_modules\pdfjs-dist\legacy\build\pdf.js
2026-06-10 14:21:06: - C:\Users\joshu\OneDrive\Documents\dnd\00 - Campaigns\Northwatch Wardens - (HomeBrew)\web\lib\pdf-indexer.js
2026-06-10 14:21:06: - C:\Users\joshu\OneDrive\Documents\dnd\00 - Campaigns\Northwatch Wardens - (HomeBrew)\web\server.js".
2026-06-10 14:21:06: Warning: Cannot polyfill `Path2D`, rendering may be broken: "Error: Cannot find module 'canvas'
2026-06-10 14:21:06: Require stack:
2026-06-10 14:21:06: - C:\Users\joshu\OneDrive\Documents\dnd\00 - Campaigns\Northwatch Wardens - (HomeBrew)\web\node_modules\pdfjs-dist\legacy\build\pdf.js
2026-06-10 14:21:06: - C:\Users\joshu\OneDrive\Documents\dnd\00 - Campaigns\Northwatch Wardens - (HomeBrew)\web\lib\pdf-indexer.js
2026-06-10 14:21:06: - C:\Users\joshu\OneDrive\Documents\dnd\00 - Campaigns\Northwatch Wardens - (HomeBrew)\web\server.js".
2026-06-10 14:21:09: Warning: Cannot polyfill `DOMMatrix`, rendering may be broken: "Error: Cannot find module 'canvas'
2026-06-10 14:21:09: Require stack:
2026-06-10 14:21:09: - C:\Users\joshu\OneDrive\Documents\dnd\00 - Campaigns\Northwatch Wardens - (HomeBrew)\web\node_modules\pdfjs-dist\legacy\build\pdf.js
2026-06-10 14:21:09: - C:\Users\joshu\OneDrive\Documents\dnd\00 - Campaigns\Northwatch Wardens - (HomeBrew)\web\lib\pdf-indexer.js
2026-06-10 14:21:09: - C:\Users\joshu\OneDrive\Documents\dnd\00 - Campaigns\Northwatch Wardens - (HomeBrew)\web\server.js".
2026-06-10 14:21:09: Warning: Cannot polyfill `Path2D`, rendering may be broken: "Error: Cannot find module 'canvas'
2026-06-10 14:21:09: Require stack:
2026-06-10 14:21:09: - C:\Users\joshu\OneDrive\Documents\dnd\00 - Campaigns\Northwatch Wardens - (HomeBrew)\web\node_modules\pdfjs-dist\legacy\build\pdf.js
2026-06-10 14:21:09: - C:\Users\joshu\OneDrive\Documents\dnd\00 - Campaigns\Northwatch Wardens - (HomeBrew)\web\lib\pdf-indexer.js
2026-06-10 14:21:09: - C:\Users\joshu\OneDrive\Documents\dnd\00 - Campaigns\Northwatch Wardens - (HomeBrew)\web\server.js".
2026-06-10 14:21:12: Warning: Cannot polyfill `DOMMatrix`, rendering may be broken: "Error: Cannot find module 'canvas'
2026-06-10 14:21:12: Require stack:
2026-06-10 14:21:12: - C:\Users\joshu\OneDrive\Documents\dnd\00 - Campaigns\Northwatch Wardens - (HomeBrew)\web\node_modules\pdfjs-dist\legacy\build\pdf.js
2026-06-10 14:21:12: - C:\Users\joshu\OneDrive\Documents\dnd\00 - Campaigns\Northwatch Wardens - (HomeBrew)\web\lib\pdf-indexer.js
2026-06-10 14:21:12: - C:\Users\joshu\OneDrive\Documents\dnd\00 - Campaigns\Northwatch Wardens - (HomeBrew)\web\server.js".
2026-06-10 14:21:12: Warning: Cannot polyfill `Path2D`, rendering may be broken: "Error: Cannot find module 'canvas'
2026-06-10 14:21:12: Require stack:
2026-06-10 14:21:12: - C:\Users\joshu\OneDrive\Documents\dnd\00 - Campaigns\Northwatch Wardens - (HomeBrew)\web\node_modules\pdfjs-dist\legacy\build\pdf.js
2026-06-10 14:21:12: - C:\Users\joshu\OneDrive\Documents\dnd\00 - Campaigns\Northwatch Wardens - (HomeBrew)\web\lib\pdf-indexer.js
2026-06-10 14:21:12: - C:\Users\joshu\OneDrive\Documents\dnd\00 - Campaigns\Northwatch Wardens - (HomeBrew)\web\server.js".
2026-06-10 14:21:15: Warning: Cannot polyfill `DOMMatrix`, rendering may be broken: "Error: Cannot find module 'canvas'
2026-06-10 14:21:15: Require stack:
2026-06-10 14:21:15: - C:\Users\joshu\OneDrive\Documents\dnd\00 - Campaigns\Northwatch Wardens - (HomeBrew)\web\node_modules\pdfjs-dist\legacy\build\pdf.js
2026-06-10 14:21:15: - C:\Users\joshu\OneDrive\Documents\dnd\00 - Campaigns\Northwatch Wardens - (HomeBrew)\web\lib\pdf-indexer.js
2026-06-10 14:21:15: - C:\Users\joshu\OneDrive\Documents\dnd\00 - Campaigns\Northwatch Wardens - (HomeBrew)\web\server.js".
2026-06-10 14:21:15: Warning: Cannot polyfill `Path2D`, rendering may be broken: "Error: Cannot find module 'canvas'
2026-06-10 14:21:15: Require stack:
2026-06-10 14:21:15: - C:\Users\joshu\OneDrive\Documents\dnd\00 - Campaigns\Northwatch Wardens - (HomeBrew)\web\node_modules\pdfjs-dist\legacy\build\pdf.js
2026-06-10 14:21:15: - C:\Users\joshu\OneDrive\Documents\dnd\00 - Campaigns\Northwatch Wardens - (HomeBrew)\web\lib\pdf-indexer.js
2026-06-10 14:21:15: - C:\Users\joshu\OneDrive\Documents\dnd\00 - Campaigns\Northwatch Wardens - (HomeBrew)\web\server.js".
2026-06-10 14:21:18: Warning: Cannot polyfill `DOMMatrix`, rendering may be broken: "Error: Cannot find module 'canvas'
2026-06-10 14:21:18: Require stack:
2026-06-10 14:21:18: - C:\Users\joshu\OneDrive\Documents\dnd\00 - Campaigns\Northwatch Wardens - (HomeBrew)\web\node_modules\pdfjs-dist\legacy\build\pdf.js
2026-06-10 14:21:18: - C:\Users\joshu\OneDrive\Documents\dnd\00 - Campaigns\Northwatch Wardens - (HomeBrew)\web\lib\pdf-indexer.js
2026-06-10 14:21:18: - C:\Users\joshu\OneDrive\Documents\dnd\00 - Campaigns\Northwatch Wardens - (HomeBrew)\web\server.js".
2026-06-10 14:21:18: Warning: Cannot polyfill `Path2D`, rendering may be broken: "Error: Cannot find module 'canvas'
2026-06-10 14:21:18: Require stack:
2026-06-10 14:21:18: - C:\Users\joshu\OneDrive\Documents\dnd\00 - Campaigns\Northwatch Wardens - (HomeBrew)\web\node_modules\pdfjs-dist\legacy\build\pdf.js
2026-06-10 14:21:18: - C:\Users\joshu\OneDrive\Documents\dnd\00 - Campaigns\Northwatch Wardens - (HomeBrew)\web\lib\pdf-indexer.js
2026-06-10 14:21:18: - C:\Users\joshu\OneDrive\Documents\dnd\00 - Campaigns\Northwatch Wardens - (HomeBrew)\web\server.js".
2026-06-10 14:21:21: Warning: Cannot polyfill `DOMMatrix`, rendering may be broken: "Error: Cannot find module 'canvas'
2026-06-10 14:21:21: Require stack:
2026-06-10 14:21:21: - C:\Users\joshu\OneDrive\Documents\dnd\00 - Campaigns\Northwatch Wardens - (HomeBrew)\web\node_modules\pdfjs-dist\legacy\build\pdf.js
2026-06-10 14:21:21: - C:\Users\joshu\OneDrive\Documents\dnd\00 - Campaigns\Northwatch Wardens - (HomeBrew)\web\lib\pdf-indexer.js
2026-06-10 14:21:21: - C:\Users\joshu\OneDrive\Documents\dnd\00 - Campaigns\Northwatch Wardens - (HomeBrew)\web\server.js".
2026-06-10 14:21:21: Warning: Cannot polyfill `Path2D`, rendering may be broken: "Error: Cannot find module 'canvas'
2026-06-10 14:21:21: Require stack:
2026-06-10 14:21:21: - C:\Users\joshu\OneDrive\Documents\dnd\00 - Campaigns\Northwatch Wardens - (HomeBrew)\web\node_modules\pdfjs-dist\legacy\build\pdf.js
2026-06-10 14:21:21: - C:\Users\joshu\OneDrive\Documents\dnd\00 - Campaigns\Northwatch Wardens - (HomeBrew)\web\lib\pdf-indexer.js
2026-06-10 14:21:21: - C:\Users\joshu\OneDrive\Documents\dnd\00 - Campaigns\Northwatch Wardens - (HomeBrew)\web\server.js".
2026-06-10 14:21:26: Warning: Cannot polyfill `DOMMatrix`, rendering may be broken: "Error: Cannot find module 'canvas'
2026-06-10 14:21:26: Require stack:
2026-06-10 14:21:26: - C:\Users\joshu\OneDrive\Documents\dnd\00 - Campaigns\Northwatch Wardens - (HomeBrew)\web\node_modules\pdfjs-dist\legacy\build\pdf.js
2026-06-10 14:21:26: - C:\Users\joshu\OneDrive\Documents\dnd\00 - Campaigns\Northwatch Wardens - (HomeBrew)\web\lib\pdf-indexer.js
2026-06-10 14:21:26: - C:\Users\joshu\OneDrive\Documents\dnd\00 - Campaigns\Northwatch Wardens - (HomeBrew)\web\server.js".
2026-06-10 14:21:26: Warning: Cannot polyfill `Path2D`, rendering may be broken: "Error: Cannot find module 'canvas'
2026-06-10 14:21:26: Require stack:
2026-06-10 14:21:26: - C:\Users\joshu\OneDrive\Documents\dnd\00 - Campaigns\Northwatch Wardens - (HomeBrew)\web\node_modules\pdfjs-dist\legacy\build\pdf.js
2026-06-10 14:21:26: - C:\Users\joshu\OneDrive\Documents\dnd\00 - Campaigns\Northwatch Wardens - (HomeBrew)\web\lib\pdf-indexer.js
2026-06-10 14:21:26: - C:\Users\joshu\OneDrive\Documents\dnd\00 - Campaigns\Northwatch Wardens - (HomeBrew)\web\server.js".
2026-06-10 14:21:29: Warning: Cannot polyfill `DOMMatrix`, rendering may be broken: "Error: Cannot find module 'canvas'
2026-06-10 14:21:29: Require stack:
2026-06-10 14:21:29: - C:\Users\joshu\OneDrive\Documents\dnd\00 - Campaigns\Northwatch Wardens - (HomeBrew)\web\node_modules\pdfjs-dist\legacy\build\pdf.js
2026-06-10 14:21:29: - C:\Users\joshu\OneDrive\Documents\dnd\00 - Campaigns\Northwatch Wardens - (HomeBrew)\web\lib\pdf-indexer.js
2026-06-10 14:21:29: - C:\Users\joshu\OneDrive\Documents\dnd\00 - Campaigns\Northwatch Wardens - (HomeBrew)\web\server.js".
2026-06-10 14:21:29: Warning: Cannot polyfill `Path2D`, rendering may be broken: "Error: Cannot find module 'canvas'
2026-06-10 14:21:29: Require stack:
2026-06-10 14:21:29: - C:\Users\joshu\OneDrive\Documents\dnd\00 - Campaigns\Northwatch Wardens - (HomeBrew)\web\node_modules\pdfjs-dist\legacy\build\pdf.js
2026-06-10 14:21:29: - C:\Users\joshu\OneDrive\Documents\dnd\00 - Campaigns\Northwatch Wardens - (HomeBrew)\web\lib\pdf-indexer.js
2026-06-10 14:21:29: - C:\Users\joshu\OneDrive\Documents\dnd\00 - Campaigns\Northwatch Wardens - (HomeBrew)\web\server.js".
2026-06-10 14:21:32: Warning: Cannot polyfill `DOMMatrix`, rendering may be broken: "Error: Cannot find module 'canvas'
2026-06-10 14:21:32: Require stack:
2026-06-10 14:21:32: - C:\Users\joshu\OneDrive\Documents\dnd\00 - Campaigns\Northwatch Wardens - (HomeBrew)\web\node_modules\pdfjs-dist\legacy\build\pdf.js
2026-06-10 14:21:32: - C:\Users\joshu\OneDrive\Documents\dnd\00 - Campaigns\Northwatch Wardens - (HomeBrew)\web\lib\pdf-indexer.js
2026-06-10 14:21:32: - C:\Users\joshu\OneDrive\Documents\dnd\00 - Campaigns\Northwatch Wardens - (HomeBrew)\web\server.js".
2026-06-10 14:21:32: Warning: Cannot polyfill `Path2D`, rendering may be broken: "Error: Cannot find module 'canvas'
2026-06-10 14:21:32: Require stack:
2026-06-10 14:21:32: - C:\Users\joshu\OneDrive\Documents\dnd\00 - Campaigns\Northwatch Wardens - (HomeBrew)\web\node_modules\pdfjs-dist\legacy\build\pdf.js
2026-06-10 14:21:32: - C:\Users\joshu\OneDrive\Documents\dnd\00 - Campaigns\Northwatch Wardens - (HomeBrew)\web\lib\pdf-indexer.js
2026-06-10 14:21:32: - C:\Users\joshu\OneDrive\Documents\dnd\00 - Campaigns\Northwatch Wardens - (HomeBrew)\web\server.js".
2026-06-10 14:21:36: Warning: Cannot polyfill `DOMMatrix`, rendering may be broken: "Error: Cannot find module 'canvas'
2026-06-10 14:21:36: Require stack:
2026-06-10 14:21:36: - C:\Users\joshu\OneDrive\Documents\dnd\00 - Campaigns\Northwatch Wardens - (HomeBrew)\web\node_modules\pdfjs-dist\legacy\build\pdf.js
2026-06-10 14:21:36: - C:\Users\joshu\OneDrive\Documents\dnd\00 - Campaigns\Northwatch Wardens - (HomeBrew)\web\lib\pdf-indexer.js
2026-06-10 14:21:36: - C:\Users\joshu\OneDrive\Documents\dnd\00 - Campaigns\Northwatch Wardens - (HomeBrew)\web\server.js".
2026-06-10 14:21:36: Warning: Cannot polyfill `Path2D`, rendering may be broken: "Error: Cannot find module 'canvas'
2026-06-10 14:21:36: Require stack:
2026-06-10 14:21:36: - C:\Users\joshu\OneDrive\Documents\dnd\00 - Campaigns\Northwatch Wardens - (HomeBrew)\web\node_modules\pdfjs-dist\legacy\build\pdf.js
2026-06-10 14:21:36: - C:\Users\joshu\OneDrive\Documents\dnd\00 - Campaigns\Northwatch Wardens - (HomeBrew)\web\lib\pdf-indexer.js
2026-06-10 14:21:36: - C:\Users\joshu\OneDrive\Documents\dnd\00 - Campaigns\Northwatch Wardens - (HomeBrew)\web\server.js".
2026-06-10 14:21:40: Warning: Cannot polyfill `DOMMatrix`, rendering may be broken: "Error: Cannot find module 'canvas'
2026-06-10 14:21:40: Require stack:
2026-06-10 14:21:40: - C:\Users\joshu\OneDrive\Documents\dnd\00 - Campaigns\Northwatch Wardens - (HomeBrew)\web\node_modules\pdfjs-dist\legacy\build\pdf.js
2026-06-10 14:21:40: - C:\Users\joshu\OneDrive\Documents\dnd\00 - Campaigns\Northwatch Wardens - (HomeBrew)\web\lib\pdf-indexer.js
2026-06-10 14:21:40: - C:\Users\joshu\OneDrive\Documents\dnd\00 - Campaigns\Northwatch Wardens - (HomeBrew)\web\server.js".
2026-06-10 14:21:40: Warning: Cannot polyfill `Path2D`, rendering may be broken: "Error: Cannot find module 'canvas'
2026-06-10 14:21:40: Require stack:
2026-06-10 14:21:40: - C:\Users\joshu\OneDrive\Documents\dnd\00 - Campaigns\Northwatch Wardens - (HomeBrew)\web\node_modules\pdfjs-dist\legacy\build\pdf.js
2026-06-10 14:21:40: - C:\Users\joshu\OneDrive\Documents\dnd\00 - Campaigns\Northwatch Wardens - (HomeBrew)\web\lib\pdf-indexer.js
2026-06-10 14:21:40: - C:\Users\joshu\OneDrive\Documents\dnd\00 - Campaigns\Northwatch Wardens - (HomeBrew)\web\server.js".
2026-06-10 14:21:44: Warning: Cannot polyfill `DOMMatrix`, rendering may be broken: "Error: Cannot find module 'canvas'
2026-06-10 14:21:44: Require stack:
2026-06-10 14:21:44: - C:\Users\joshu\OneDrive\Documents\dnd\00 - Campaigns\Northwatch Wardens - (HomeBrew)\web\node_modules\pdfjs-dist\legacy\build\pdf.js
2026-06-10 14:21:44: - C:\Users\joshu\OneDrive\Documents\dnd\00 - Campaigns\Northwatch Wardens - (HomeBrew)\web\lib\pdf-indexer.js
2026-06-10 14:21:44: - C:\Users\joshu\OneDrive\Documents\dnd\00 - Campaigns\Northwatch Wardens - (HomeBrew)\web\server.js".
2026-06-10 14:21:44: Warning: Cannot polyfill `Path2D`, rendering may be broken: "Error: Cannot find module 'canvas'
2026-06-10 14:21:44: Require stack:
2026-06-10 14:21:44: - C:\Users\joshu\OneDrive\Documents\dnd\00 - Campaigns\Northwatch Wardens - (HomeBrew)\web\node_modules\pdfjs-dist\legacy\build\pdf.js
2026-06-10 14:21:44: - C:\Users\joshu\OneDrive\Documents\dnd\00 - Campaigns\Northwatch Wardens - (HomeBrew)\web\lib\pdf-indexer.js
2026-06-10 14:21:44: - C:\Users\joshu\OneDrive\Documents\dnd\00 - Campaigns\Northwatch Wardens - (HomeBrew)\web\server.js".
2026-06-10 14:21:48: Warning: Cannot polyfill `DOMMatrix`, rendering may be broken: "Error: Cannot find module 'canvas'
2026-06-10 14:21:48: Require stack:
2026-06-10 14:21:48: - C:\Users\joshu\OneDrive\Documents\dnd\00 - Campaigns\Northwatch Wardens - (HomeBrew)\web\node_modules\pdfjs-dist\legacy\build\pdf.js
2026-06-10 14:21:48: - C:\Users\joshu\OneDrive\Documents\dnd\00 - Campaigns\Northwatch Wardens - (HomeBrew)\web\lib\pdf-indexer.js
2026-06-10 14:21:48: - C:\Users\joshu\OneDrive\Documents\dnd\00 - Campaigns\Northwatch Wardens - (HomeBrew)\web\server.js".
2026-06-10 14:21:48: Warning: Cannot polyfill `Path2D`, rendering may be broken: "Error: Cannot find module 'canvas'
2026-06-10 14:21:48: Require stack:
2026-06-10 14:21:48: - C:\Users\joshu\OneDrive\Documents\dnd\00 - Campaigns\Northwatch Wardens - (HomeBrew)\web\node_modules\pdfjs-dist\legacy\build\pdf.js
2026-06-10 14:21:48: - C:\Users\joshu\OneDrive\Documents\dnd\00 - Campaigns\Northwatch Wardens - (HomeBrew)\web\lib\pdf-indexer.js
2026-06-10 14:21:48: - C:\Users\joshu\OneDrive\Documents\dnd\00 - Campaigns\Northwatch Wardens - (HomeBrew)\web\server.js".
2026-06-10 14:21:52: Warning: Cannot polyfill `DOMMatrix`, rendering may be broken: "Error: Cannot find module 'canvas'
2026-06-10 14:21:52: Require stack:
2026-06-10 14:21:52: - C:\Users\joshu\OneDrive\Documents\dnd\00 - Campaigns\Northwatch Wardens - (HomeBrew)\web\node_modules\pdfjs-dist\legacy\build\pdf.js
2026-06-10 14:21:52: - C:\Users\joshu\OneDrive\Documents\dnd\00 - Campaigns\Northwatch Wardens - (HomeBrew)\web\lib\pdf-indexer.js
2026-06-10 14:21:52: - C:\Users\joshu\OneDrive\Documents\dnd\00 - Campaigns\Northwatch Wardens - (HomeBrew)\web\server.js".
2026-06-10 14:21:52: Warning: Cannot polyfill `Path2D`, rendering may be broken: "Error: Cannot find module 'canvas'
2026-06-10 14:21:52: Require stack:
2026-06-10 14:21:52: - C:\Users\joshu\OneDrive\Documents\dnd\00 - Campaigns\Northwatch Wardens - (HomeBrew)\web\node_modules\pdfjs-dist\legacy\build\pdf.js
2026-06-10 14:21:52: - C:\Users\joshu\OneDrive\Documents\dnd\00 - Campaigns\Northwatch Wardens - (HomeBrew)\web\lib\pdf-indexer.js
2026-06-10 14:21:52: - C:\Users\joshu\OneDrive\Documents\dnd\00 - Campaigns\Northwatch Wardens - (HomeBrew)\web\server.js".
2026-06-10 14:21:56: Warning: Cannot polyfill `DOMMatrix`, rendering may be broken: "Error: Cannot find module 'canvas'
2026-06-10 14:21:56: Require stack:
2026-06-10 14:21:56: - C:\Users\joshu\OneDrive\Documents\dnd\00 - Campaigns\Northwatch Wardens - (HomeBrew)\web\node_modules\pdfjs-dist\legacy\build\pdf.js
2026-06-10 14:21:56: - C:\Users\joshu\OneDrive\Documents\dnd\00 - Campaigns\Northwatch Wardens - (HomeBrew)\web\lib\pdf-indexer.js
2026-06-10 14:21:56: - C:\Users\joshu\OneDrive\Documents\dnd\00 - Campaigns\Northwatch Wardens - (HomeBrew)\web\server.js".
2026-06-10 14:21:56: Warning: Cannot polyfill `Path2D`, rendering may be broken: "Error: Cannot find module 'canvas'
2026-06-10 14:21:56: Require stack:
2026-06-10 14:21:56: - C:\Users\joshu\OneDrive\Documents\dnd\00 - Campaigns\Northwatch Wardens - (HomeBrew)\web\node_modules\pdfjs-dist\legacy\build\pdf.js
2026-06-10 14:21:56: - C:\Users\joshu\OneDrive\Documents\dnd\00 - Campaigns\Northwatch Wardens - (HomeBrew)\web\lib\pdf-indexer.js
2026-06-10 14:21:56: - C:\Users\joshu\OneDrive\Documents\dnd\00 - Campaigns\Northwatch Wardens - (HomeBrew)\web\server.js".
2026-06-10 14:21:59: Warning: Cannot polyfill `DOMMatrix`, rendering may be broken: "Error: Cannot find module 'canvas'
2026-06-10 14:21:59: Require stack:
2026-06-10 14:21:59: - C:\Users\joshu\OneDrive\Documents\dnd\00 - Campaigns\Northwatch Wardens - (HomeBrew)\web\node_modules\pdfjs-dist\legacy\build\pdf.js
2026-06-10 14:21:59: - C:\Users\joshu\OneDrive\Documents\dnd\00 - Campaigns\Northwatch Wardens - (HomeBrew)\web\lib\pdf-indexer.js
2026-06-10 14:21:59: - C:\Users\joshu\OneDrive\Documents\dnd\00 - Campaigns\Northwatch Wardens - (HomeBrew)\web\server.js".
2026-06-10 14:21:59: Warning: Cannot polyfill `Path2D`, rendering may be broken: "Error: Cannot find module 'canvas'
2026-06-10 14:21:59: Require stack:
2026-06-10 14:21:59: - C:\Users\joshu\OneDrive\Documents\dnd\00 - Campaigns\Northwatch Wardens - (HomeBrew)\web\node_modules\pdfjs-dist\legacy\build\pdf.js
2026-06-10 14:21:59: - C:\Users\joshu\OneDrive\Documents\dnd\00 - Campaigns\Northwatch Wardens - (HomeBrew)\web\lib\pdf-indexer.js
2026-06-10 14:21:59: - C:\Users\joshu\OneDrive\Documents\dnd\00 - Campaigns\Northwatch Wardens - (HomeBrew)\web\server.js".
2026-06-10 14:22:02: Warning: Cannot polyfill `DOMMatrix`, rendering may be broken: "Error: Cannot find module 'canvas'
2026-06-10 14:22:02: Require stack:
2026-06-10 14:22:02: - C:\Users\joshu\OneDrive\Documents\dnd\00 - Campaigns\Northwatch Wardens - (HomeBrew)\web\node_modules\pdfjs-dist\legacy\build\pdf.js
2026-06-10 14:22:02: - C:\Users\joshu\OneDrive\Documents\dnd\00 - Campaigns\Northwatch Wardens - (HomeBrew)\web\lib\pdf-indexer.js
2026-06-10 14:22:02: - C:\Users\joshu\OneDrive\Documents\dnd\00 - Campaigns\Northwatch Wardens - (HomeBrew)\web\server.js".
2026-06-10 14:22:02: Warning: Cannot polyfill `Path2D`, rendering may be broken: "Error: Cannot find module 'canvas'
2026-06-10 14:22:02: Require stack:
2026-06-10 14:22:02: - C:\Users\joshu\OneDrive\Documents\dnd\00 - Campaigns\Northwatch Wardens - (HomeBrew)\web\node_modules\pdfjs-dist\legacy\build\pdf.js
2026-06-10 14:22:02: - C:\Users\joshu\OneDrive\Documents\dnd\00 - Campaigns\Northwatch Wardens - (HomeBrew)\web\lib\pdf-indexer.js
2026-06-10 14:22:02: - C:\Users\joshu\OneDrive\Documents\dnd\00 - Campaigns\Northwatch Wardens - (HomeBrew)\web\server.js".
2026-06-10 14:22:05: Warning: Cannot polyfill `DOMMatrix`, rendering may be broken: "Error: Cannot find module 'canvas'
2026-06-10 14:22:05: Require stack:
2026-06-10 14:22:05: - C:\Users\joshu\OneDrive\Documents\dnd\00 - Campaigns\Northwatch Wardens - (HomeBrew)\web\node_modules\pdfjs-dist\legacy\build\pdf.js
2026-06-10 14:22:05: - C:\Users\joshu\OneDrive\Documents\dnd\00 - Campaigns\Northwatch Wardens - (HomeBrew)\web\lib\pdf-indexer.js
2026-06-10 14:22:05: - C:\Users\joshu\OneDrive\Documents\dnd\00 - Campaigns\Northwatch Wardens - (HomeBrew)\web\server.js".
2026-06-10 14:22:05: Warning: Cannot polyfill `Path2D`, rendering may be broken: "Error: Cannot find module 'canvas'
2026-06-10 14:22:05: Require stack:
2026-06-10 14:22:05: - C:\Users\joshu\OneDrive\Documents\dnd\00 - Campaigns\Northwatch Wardens - (HomeBrew)\web\node_modules\pdfjs-dist\legacy\build\pdf.js
2026-06-10 14:22:05: - C:\Users\joshu\OneDrive\Documents\dnd\00 - Campaigns\Northwatch Wardens - (HomeBrew)\web\lib\pdf-indexer.js
2026-06-10 14:22:05: - C:\Users\joshu\OneDrive\Documents\dnd\00 - Campaigns\Northwatch Wardens - (HomeBrew)\web\server.js".
2026-06-10 14:22:10: Warning: Cannot polyfill `DOMMatrix`, rendering may be broken: "Error: Cannot find module 'canvas'
2026-06-10 14:22:10: Require stack:
2026-06-10 14:22:10: - C:\Users\joshu\OneDrive\Documents\dnd\00 - Campaigns\Northwatch Wardens - (HomeBrew)\web\node_modules\pdfjs-dist\legacy\build\pdf.js
2026-06-10 14:22:10: - C:\Users\joshu\OneDrive\Documents\dnd\00 - Campaigns\Northwatch Wardens - (HomeBrew)\web\lib\pdf-indexer.js
2026-06-10 14:22:10: - C:\Users\joshu\OneDrive\Documents\dnd\00 - Campaigns\Northwatch Wardens - (HomeBrew)\web\server.js".
2026-06-10 14:22:10: Warning: Cannot polyfill `Path2D`, rendering may be broken: "Error: Cannot find module 'canvas'
2026-06-10 14:22:10: Require stack:
2026-06-10 14:22:10: - C:\Users\joshu\OneDrive\Documents\dnd\00 - Campaigns\Northwatch Wardens - (HomeBrew)\web\node_modules\pdfjs-dist\legacy\build\pdf.js
2026-06-10 14:22:10: - C:\Users\joshu\OneDrive\Documents\dnd\00 - Campaigns\Northwatch Wardens - (HomeBrew)\web\lib\pdf-indexer.js
2026-06-10 14:22:10: - C:\Users\joshu\OneDrive\Documents\dnd\00 - Campaigns\Northwatch Wardens - (HomeBrew)\web\server.js".
2026-06-10 14:22:15: Warning: Cannot polyfill `DOMMatrix`, rendering may be broken: "Error: Cannot find module 'canvas'
2026-06-10 14:22:15: Require stack:
2026-06-10 14:22:15: - C:\Users\joshu\OneDrive\Documents\dnd\00 - Campaigns\Northwatch Wardens - (HomeBrew)\web\node_modules\pdfjs-dist\legacy\build\pdf.js
2026-06-10 14:22:15: - C:\Users\joshu\OneDrive\Documents\dnd\00 - Campaigns\Northwatch Wardens - (HomeBrew)\web\lib\pdf-indexer.js
2026-06-10 14:22:15: - C:\Users\joshu\OneDrive\Documents\dnd\00 - Campaigns\Northwatch Wardens - (HomeBrew)\web\server.js".
2026-06-10 14:22:15: Warning: Cannot polyfill `Path2D`, rendering may be broken: "Error: Cannot find module 'canvas'
2026-06-10 14:22:15: Require stack:
2026-06-10 14:22:15: - C:\Users\joshu\OneDrive\Documents\dnd\00 - Campaigns\Northwatch Wardens - (HomeBrew)\web\node_modules\pdfjs-dist\legacy\build\pdf.js
2026-06-10 14:22:15: - C:\Users\joshu\OneDrive\Documents\dnd\00 - Campaigns\Northwatch Wardens - (HomeBrew)\web\lib\pdf-indexer.js
2026-06-10 14:22:15: - C:\Users\joshu\OneDrive\Documents\dnd\00 - Campaigns\Northwatch Wardens - (HomeBrew)\web\server.js".
2026-06-10 14:22:17: Warning: Cannot polyfill `DOMMatrix`, rendering may be broken: "Error: Cannot find module 'canvas'
2026-06-10 14:22:17: Require stack:
2026-06-10 14:22:17: - C:\Users\joshu\OneDrive\Documents\dnd\00 - Campaigns\Northwatch Wardens - (HomeBrew)\web\node_modules\pdfjs-dist\legacy\build\pdf.js
2026-06-10 14:22:17: - C:\Users\joshu\OneDrive\Documents\dnd\00 - Campaigns\Northwatch Wardens - (HomeBrew)\web\lib\pdf-indexer.js
2026-06-10 14:22:17: - C:\Users\joshu\OneDrive\Documents\dnd\00 - Campaigns\Northwatch Wardens - (HomeBrew)\web\server.js".
2026-06-10 14:22:17: Warning: Cannot polyfill `Path2D`, rendering may be broken: "Error: Cannot find module 'canvas'
2026-06-10 14:22:17: Require stack:
2026-06-10 14:22:17: - C:\Users\joshu\OneDrive\Documents\dnd\00 - Campaigns\Northwatch Wardens - (HomeBrew)\web\node_modules\pdfjs-dist\legacy\build\pdf.js
2026-06-10 14:22:17: - C:\Users\joshu\OneDrive\Documents\dnd\00 - Campaigns\Northwatch Wardens - (HomeBrew)\web\lib\pdf-indexer.js
2026-06-10 14:22:17: - C:\Users\joshu\OneDrive\Documents\dnd\00 - Campaigns\Northwatch Wardens - (HomeBrew)\web\server.js".
2026-06-10 14:22:20: Warning: Cannot polyfill `DOMMatrix`, rendering may be broken: "Error: Cannot find module 'canvas'
2026-06-10 14:22:20: Require stack:
2026-06-10 14:22:20: - C:\Users\joshu\OneDrive\Documents\dnd\00 - Campaigns\Northwatch Wardens - (HomeBrew)\web\node_modules\pdfjs-dist\legacy\build\pdf.js
2026-06-10 14:22:20: - C:\Users\joshu\OneDrive\Documents\dnd\00 - Campaigns\Northwatch Wardens - (HomeBrew)\web\lib\pdf-indexer.js
2026-06-10 14:22:20: - C:\Users\joshu\OneDrive\Documents\dnd\00 - Campaigns\Northwatch Wardens - (HomeBrew)\web\server.js".
2026-06-10 14:22:20: Warning: Cannot polyfill `Path2D`, rendering may be broken: "Error: Cannot find module 'canvas'
2026-06-10 14:22:20: Require stack:
2026-06-10 14:22:20: - C:\Users\joshu\OneDrive\Documents\dnd\00 - Campaigns\Northwatch Wardens - (HomeBrew)\web\node_modules\pdfjs-dist\legacy\build\pdf.js
2026-06-10 14:22:20: - C:\Users\joshu\OneDrive\Documents\dnd\00 - Campaigns\Northwatch Wardens - (HomeBrew)\web\lib\pdf-indexer.js
2026-06-10 14:22:20: - C:\Users\joshu\OneDrive\Documents\dnd\00 - Campaigns\Northwatch Wardens - (HomeBrew)\web\server.js".
2026-06-10 14:22:22: Warning: Cannot polyfill `DOMMatrix`, rendering may be broken: "Error: Cannot find module 'canvas'
2026-06-10 14:22:22: Require stack:
2026-06-10 14:22:22: - C:\Users\joshu\OneDrive\Documents\dnd\00 - Campaigns\Northwatch Wardens - (HomeBrew)\web\node_modules\pdfjs-dist\legacy\build\pdf.js
2026-06-10 14:22:22: - C:\Users\joshu\OneDrive\Documents\dnd\00 - Campaigns\Northwatch Wardens - (HomeBrew)\web\lib\pdf-indexer.js
2026-06-10 14:22:22: - C:\Users\joshu\OneDrive\Documents\dnd\00 - Campaigns\Northwatch Wardens - (HomeBrew)\web\server.js".
2026-06-10 14:22:22: Warning: Cannot polyfill `Path2D`, rendering may be broken: "Error: Cannot find module 'canvas'
2026-06-10 14:22:22: Require stack:
2026-06-10 14:22:22: - C:\Users\joshu\OneDrive\Documents\dnd\00 - Campaigns\Northwatch Wardens - (HomeBrew)\web\node_modules\pdfjs-dist\legacy\build\pdf.js
2026-06-10 14:22:22: - C:\Users\joshu\OneDrive\Documents\dnd\00 - Campaigns\Northwatch Wardens - (HomeBrew)\web\lib\pdf-indexer.js
2026-06-10 14:22:22: - C:\Users\joshu\OneDrive\Documents\dnd\00 - Campaigns\Northwatch Wardens - (HomeBrew)\web\server.js".
2026-06-10 14:22:25: Warning: Cannot polyfill `DOMMatrix`, rendering may be broken: "Error: Cannot find module 'canvas'
2026-06-10 14:22:25: Require stack:
2026-06-10 14:22:25: - C:\Users\joshu\OneDrive\Documents\dnd\00 - Campaigns\Northwatch Wardens - (HomeBrew)\web\node_modules\pdfjs-dist\legacy\build\pdf.js
2026-06-10 14:22:25: - C:\Users\joshu\OneDrive\Documents\dnd\00 - Campaigns\Northwatch Wardens - (HomeBrew)\web\lib\pdf-indexer.js
2026-06-10 14:22:25: - C:\Users\joshu\OneDrive\Documents\dnd\00 - Campaigns\Northwatch Wardens - (HomeBrew)\web\server.js".
2026-06-10 14:22:25: Warning: Cannot polyfill `Path2D`, rendering may be broken: "Error: Cannot find module 'canvas'
2026-06-10 14:22:25: Require stack:
2026-06-10 14:22:25: - C:\Users\joshu\OneDrive\Documents\dnd\00 - Campaigns\Northwatch Wardens - (HomeBrew)\web\node_modules\pdfjs-dist\legacy\build\pdf.js
2026-06-10 14:22:25: - C:\Users\joshu\OneDrive\Documents\dnd\00 - Campaigns\Northwatch Wardens - (HomeBrew)\web\lib\pdf-indexer.js
2026-06-10 14:22:25: - C:\Users\joshu\OneDrive\Documents\dnd\00 - Campaigns\Northwatch Wardens - (HomeBrew)\web\server.js".
2026-06-10 14:22:28: Warning: Cannot polyfill `DOMMatrix`, rendering may be broken: "Error: Cannot find module 'canvas'
2026-06-10 14:22:28: Require stack:
2026-06-10 14:22:28: - C:\Users\joshu\OneDrive\Documents\dnd\00 - Campaigns\Northwatch Wardens - (HomeBrew)\web\node_modules\pdfjs-dist\legacy\build\pdf.js
2026-06-10 14:22:28: - C:\Users\joshu\OneDrive\Documents\dnd\00 - Campaigns\Northwatch Wardens - (HomeBrew)\web\lib\pdf-indexer.js
2026-06-10 14:22:28: - C:\Users\joshu\OneDrive\Documents\dnd\00 - Campaigns\Northwatch Wardens - (HomeBrew)\web\server.js".
2026-06-10 14:22:28: Warning: Cannot polyfill `Path2D`, rendering may be broken: "Error: Cannot find module 'canvas'
2026-06-10 14:22:28: Require stack:
2026-06-10 14:22:28: - C:\Users\joshu\OneDrive\Documents\dnd\00 - Campaigns\Northwatch Wardens - (HomeBrew)\web\node_modules\pdfjs-dist\legacy\build\pdf.js
2026-06-10 14:22:28: - C:\Users\joshu\OneDrive\Documents\dnd\00 - Campaigns\Northwatch Wardens - (HomeBrew)\web\lib\pdf-indexer.js
2026-06-10 14:22:28: - C:\Users\joshu\OneDrive\Documents\dnd\00 - Campaigns\Northwatch Wardens - (HomeBrew)\web\server.js".
2026-06-10 14:22:31: Warning: Cannot polyfill `DOMMatrix`, rendering may be broken: "Error: Cannot find module 'canvas'
2026-06-10 14:22:31: Require stack:
2026-06-10 14:22:31: - C:\Users\joshu\OneDrive\Documents\dnd\00 - Campaigns\Northwatch Wardens - (HomeBrew)\web\node_modules\pdfjs-dist\legacy\build\pdf.js
2026-06-10 14:22:31: - C:\Users\joshu\OneDrive\Documents\dnd\00 - Campaigns\Northwatch Wardens - (HomeBrew)\web\lib\pdf-indexer.js
2026-06-10 14:22:31: - C:\Users\joshu\OneDrive\Documents\dnd\00 - Campaigns\Northwatch Wardens - (HomeBrew)\web\server.js".
2026-06-10 14:22:31: Warning: Cannot polyfill `Path2D`, rendering may be broken: "Error: Cannot find module 'canvas'
2026-06-10 14:22:31: Require stack:
2026-06-10 14:22:31: - C:\Users\joshu\OneDrive\Documents\dnd\00 - Campaigns\Northwatch Wardens - (HomeBrew)\web\node_modules\pdfjs-dist\legacy\build\pdf.js
2026-06-10 14:22:31: - C:\Users\joshu\OneDrive\Documents\dnd\00 - Campaigns\Northwatch Wardens - (HomeBrew)\web\lib\pdf-indexer.js
2026-06-10 14:22:31: - C:\Users\joshu\OneDrive\Documents\dnd\00 - Campaigns\Northwatch Wardens - (HomeBrew)\web\server.js".
2026-06-10 14:22:35: Warning: Cannot polyfill `DOMMatrix`, rendering may be broken: "Error: Cannot find module 'canvas'
2026-06-10 14:22:35: Require stack:
2026-06-10 14:22:35: - C:\Users\joshu\OneDrive\Documents\dnd\00 - Campaigns\Northwatch Wardens - (HomeBrew)\web\node_modules\pdfjs-dist\legacy\build\pdf.js
2026-06-10 14:22:35: - C:\Users\joshu\OneDrive\Documents\dnd\00 - Campaigns\Northwatch Wardens - (HomeBrew)\web\lib\pdf-indexer.js
2026-06-10 14:22:35: - C:\Users\joshu\OneDrive\Documents\dnd\00 - Campaigns\Northwatch Wardens - (HomeBrew)\web\server.js".
2026-06-10 14:22:35: Warning: Cannot polyfill `Path2D`, rendering may be broken: "Error: Cannot find module 'canvas'
2026-06-10 14:22:35: Require stack:
2026-06-10 14:22:35: - C:\Users\joshu\OneDrive\Documents\dnd\00 - Campaigns\Northwatch Wardens - (HomeBrew)\web\node_modules\pdfjs-dist\legacy\build\pdf.js
2026-06-10 14:22:35: - C:\Users\joshu\OneDrive\Documents\dnd\00 - Campaigns\Northwatch Wardens - (HomeBrew)\web\lib\pdf-indexer.js
2026-06-10 14:22:35: - C:\Users\joshu\OneDrive\Documents\dnd\00 - Campaigns\Northwatch Wardens - (HomeBrew)\web\server.js".
2026-06-10 14:22:39: Warning: Cannot polyfill `DOMMatrix`, rendering may be broken: "Error: Cannot find module 'canvas'
2026-06-10 14:22:39: Require stack:
2026-06-10 14:22:39: - C:\Users\joshu\OneDrive\Documents\dnd\00 - Campaigns\Northwatch Wardens - (HomeBrew)\web\node_modules\pdfjs-dist\legacy\build\pdf.js
2026-06-10 14:22:39: - C:\Users\joshu\OneDrive\Documents\dnd\00 - Campaigns\Northwatch Wardens - (HomeBrew)\web\lib\pdf-indexer.js
2026-06-10 14:22:39: - C:\Users\joshu\OneDrive\Documents\dnd\00 - Campaigns\Northwatch Wardens - (HomeBrew)\web\server.js".
2026-06-10 14:22:39: Warning: Cannot polyfill `Path2D`, rendering may be broken: "Error: Cannot find module 'canvas'
2026-06-10 14:22:39: Require stack:
2026-06-10 14:22:39: - C:\Users\joshu\OneDrive\Documents\dnd\00 - Campaigns\Northwatch Wardens - (HomeBrew)\web\node_modules\pdfjs-dist\legacy\build\pdf.js
2026-06-10 14:22:39: - C:\Users\joshu\OneDrive\Documents\dnd\00 - Campaigns\Northwatch Wardens - (HomeBrew)\web\lib\pdf-indexer.js
2026-06-10 14:22:39: - C:\Users\joshu\OneDrive\Documents\dnd\00 - Campaigns\Northwatch Wardens - (HomeBrew)\web\server.js".
2026-06-10 14:22:42: Warning: Cannot polyfill `DOMMatrix`, rendering may be broken: "Error: Cannot find module 'canvas'
2026-06-10 14:22:42: Require stack:
2026-06-10 14:22:42: - C:\Users\joshu\OneDrive\Documents\dnd\00 - Campaigns\Northwatch Wardens - (HomeBrew)\web\node_modules\pdfjs-dist\legacy\build\pdf.js
2026-06-10 14:22:42: - C:\Users\joshu\OneDrive\Documents\dnd\00 - Campaigns\Northwatch Wardens - (HomeBrew)\web\lib\pdf-indexer.js
2026-06-10 14:22:42: - C:\Users\joshu\OneDrive\Documents\dnd\00 - Campaigns\Northwatch Wardens - (HomeBrew)\web\server.js".
2026-06-10 14:22:42: Warning: Cannot polyfill `Path2D`, rendering may be broken: "Error: Cannot find module 'canvas'
2026-06-10 14:22:42: Require stack:
2026-06-10 14:22:42: - C:\Users\joshu\OneDrive\Documents\dnd\00 - Campaigns\Northwatch Wardens - (HomeBrew)\web\node_modules\pdfjs-dist\legacy\build\pdf.js
2026-06-10 14:22:42: - C:\Users\joshu\OneDrive\Documents\dnd\00 - Campaigns\Northwatch Wardens - (HomeBrew)\web\lib\pdf-indexer.js
2026-06-10 14:22:42: - C:\Users\joshu\OneDrive\Documents\dnd\00 - Campaigns\Northwatch Wardens - (HomeBrew)\web\server.js".
2026-06-10 14:22:45: Warning: Cannot polyfill `DOMMatrix`, rendering may be broken: "Error: Cannot find module 'canvas'
2026-06-10 14:22:45: Require stack:
2026-06-10 14:22:45: - C:\Users\joshu\OneDrive\Documents\dnd\00 - Campaigns\Northwatch Wardens - (HomeBrew)\web\node_modules\pdfjs-dist\legacy\build\pdf.js
2026-06-10 14:22:45: - C:\Users\joshu\OneDrive\Documents\dnd\00 - Campaigns\Northwatch Wardens - (HomeBrew)\web\lib\pdf-indexer.js
2026-06-10 14:22:45: - C:\Users\joshu\OneDrive\Documents\dnd\00 - Campaigns\Northwatch Wardens - (HomeBrew)\web\server.js".
2026-06-10 14:22:45: Warning: Cannot polyfill `Path2D`, rendering may be broken: "Error: Cannot find module 'canvas'
2026-06-10 14:22:45: Require stack:
2026-06-10 14:22:45: - C:\Users\joshu\OneDrive\Documents\dnd\00 - Campaigns\Northwatch Wardens - (HomeBrew)\web\node_modules\pdfjs-dist\legacy\build\pdf.js
2026-06-10 14:22:45: - C:\Users\joshu\OneDrive\Documents\dnd\00 - Campaigns\Northwatch Wardens - (HomeBrew)\web\lib\pdf-indexer.js
2026-06-10 14:22:45: - C:\Users\joshu\OneDrive\Documents\dnd\00 - Campaigns\Northwatch Wardens - (HomeBrew)\web\server.js".
2026-06-10 14:22:48: Warning: Cannot polyfill `DOMMatrix`, rendering may be broken: "Error: Cannot find module 'canvas'
2026-06-10 14:22:48: Require stack:
2026-06-10 14:22:48: - C:\Users\joshu\OneDrive\Documents\dnd\00 - Campaigns\Northwatch Wardens - (HomeBrew)\web\node_modules\pdfjs-dist\legacy\build\pdf.js
2026-06-10 14:22:48: - C:\Users\joshu\OneDrive\Documents\dnd\00 - Campaigns\Northwatch Wardens - (HomeBrew)\web\lib\pdf-indexer.js
2026-06-10 14:22:48: - C:\Users\joshu\OneDrive\Documents\dnd\00 - Campaigns\Northwatch Wardens - (HomeBrew)\web\server.js".
2026-06-10 14:22:48: Warning: Cannot polyfill `Path2D`, rendering may be broken: "Error: Cannot find module 'canvas'
2026-06-10 14:22:48: Require stack:
2026-06-10 14:22:48: - C:\Users\joshu\OneDrive\Documents\dnd\00 - Campaigns\Northwatch Wardens - (HomeBrew)\web\node_modules\pdfjs-dist\legacy\build\pdf.js
2026-06-10 14:22:48: - C:\Users\joshu\OneDrive\Documents\dnd\00 - Campaigns\Northwatch Wardens - (HomeBrew)\web\lib\pdf-indexer.js
2026-06-10 14:22:48: - C:\Users\joshu\OneDrive\Documents\dnd\00 - Campaigns\Northwatch Wardens - (HomeBrew)\web\server.js".
2026-06-10 14:22:51: Warning: Cannot polyfill `DOMMatrix`, rendering may be broken: "Error: Cannot find module 'canvas'
2026-06-10 14:22:51: Require stack:
2026-06-10 14:22:51: - C:\Users\joshu\OneDrive\Documents\dnd\00 - Campaigns\Northwatch Wardens - (HomeBrew)\web\node_modules\pdfjs-dist\legacy\build\pdf.js
2026-06-10 14:22:51: - C:\Users\joshu\OneDrive\Documents\dnd\00 - Campaigns\Northwatch Wardens - (HomeBrew)\web\lib\pdf-indexer.js
2026-06-10 14:22:51: - C:\Users\joshu\OneDrive\Documents\dnd\00 - Campaigns\Northwatch Wardens - (HomeBrew)\web\server.js".
2026-06-10 14:22:51: Warning: Cannot polyfill `Path2D`, rendering may be broken: "Error: Cannot find module 'canvas'
2026-06-10 14:22:51: Require stack:
2026-06-10 14:22:51: - C:\Users\joshu\OneDrive\Documents\dnd\00 - Campaigns\Northwatch Wardens - (HomeBrew)\web\node_modules\pdfjs-dist\legacy\build\pdf.js
2026-06-10 14:22:51: - C:\Users\joshu\OneDrive\Documents\dnd\00 - Campaigns\Northwatch Wardens - (HomeBrew)\web\lib\pdf-indexer.js
2026-06-10 14:22:51: - C:\Users\joshu\OneDrive\Documents\dnd\00 - Campaigns\Northwatch Wardens - (HomeBrew)\web\server.js".
2026-06-10 14:22:54: Warning: Cannot polyfill `DOMMatrix`, rendering may be broken: "Error: Cannot find module 'canvas'
2026-06-10 14:22:54: Require stack:
2026-06-10 14:22:54: - C:\Users\joshu\OneDrive\Documents\dnd\00 - Campaigns\Northwatch Wardens - (HomeBrew)\web\node_modules\pdfjs-dist\legacy\build\pdf.js
2026-06-10 14:22:54: - C:\Users\joshu\OneDrive\Documents\dnd\00 - Campaigns\Northwatch Wardens - (HomeBrew)\web\lib\pdf-indexer.js
2026-06-10 14:22:54: - C:\Users\joshu\OneDrive\Documents\dnd\00 - Campaigns\Northwatch Wardens - (HomeBrew)\web\server.js".
2026-06-10 14:22:54: Warning: Cannot polyfill `Path2D`, rendering may be broken: "Error: Cannot find module 'canvas'
2026-06-10 14:22:54: Require stack:
2026-06-10 14:22:54: - C:\Users\joshu\OneDrive\Documents\dnd\00 - Campaigns\Northwatch Wardens - (HomeBrew)\web\node_modules\pdfjs-dist\legacy\build\pdf.js
2026-06-10 14:22:54: - C:\Users\joshu\OneDrive\Documents\dnd\00 - Campaigns\Northwatch Wardens - (HomeBrew)\web\lib\pdf-indexer.js
2026-06-10 14:22:54: - C:\Users\joshu\OneDrive\Documents\dnd\00 - Campaigns\Northwatch Wardens - (HomeBrew)\web\server.js".
2026-06-10 14:22:57: Warning: Cannot polyfill `DOMMatrix`, rendering may be broken: "Error: Cannot find module 'canvas'
2026-06-10 14:22:57: Require stack:
2026-06-10 14:22:57: - C:\Users\joshu\OneDrive\Documents\dnd\00 - Campaigns\Northwatch Wardens - (HomeBrew)\web\node_modules\pdfjs-dist\legacy\build\pdf.js
2026-06-10 14:22:57: - C:\Users\joshu\OneDrive\Documents\dnd\00 - Campaigns\Northwatch Wardens - (HomeBrew)\web\lib\pdf-indexer.js
2026-06-10 14:22:57: - C:\Users\joshu\OneDrive\Documents\dnd\00 - Campaigns\Northwatch Wardens - (HomeBrew)\web\server.js".
2026-06-10 14:22:57: Warning: Cannot polyfill `Path2D`, rendering may be broken: "Error: Cannot find module 'canvas'
2026-06-10 14:22:57: Require stack:
2026-06-10 14:22:57: - C:\Users\joshu\OneDrive\Documents\dnd\00 - Campaigns\Northwatch Wardens - (HomeBrew)\web\node_modules\pdfjs-dist\legacy\build\pdf.js
2026-06-10 14:22:57: - C:\Users\joshu\OneDrive\Documents\dnd\00 - Campaigns\Northwatch Wardens - (HomeBrew)\web\lib\pdf-indexer.js
2026-06-10 14:22:57: - C:\Users\joshu\OneDrive\Documents\dnd\00 - Campaigns\Northwatch Wardens - (HomeBrew)\web\server.js".
2026-06-10 14:23:02: Warning: Cannot polyfill `DOMMatrix`, rendering may be broken: "Error: Cannot find module 'canvas'
2026-06-10 14:23:02: Require stack:
2026-06-10 14:23:02: - C:\Users\joshu\OneDrive\Documents\dnd\00 - Campaigns\Northwatch Wardens - (HomeBrew)\web\node_modules\pdfjs-dist\legacy\build\pdf.js
2026-06-10 14:23:02: - C:\Users\joshu\OneDrive\Documents\dnd\00 - Campaigns\Northwatch Wardens - (HomeBrew)\web\lib\pdf-indexer.js
2026-06-10 14:23:02: - C:\Users\joshu\OneDrive\Documents\dnd\00 - Campaigns\Northwatch Wardens - (HomeBrew)\web\server.js".
2026-06-10 14:23:02: Warning: Cannot polyfill `Path2D`, rendering may be broken: "Error: Cannot find module 'canvas'
2026-06-10 14:23:02: Require stack:
2026-06-10 14:23:02: - C:\Users\joshu\OneDrive\Documents\dnd\00 - Campaigns\Northwatch Wardens - (HomeBrew)\web\node_modules\pdfjs-dist\legacy\build\pdf.js
2026-06-10 14:23:02: - C:\Users\joshu\OneDrive\Documents\dnd\00 - Campaigns\Northwatch Wardens - (HomeBrew)\web\lib\pdf-indexer.js
2026-06-10 14:23:02: - C:\Users\joshu\OneDrive\Documents\dnd\00 - Campaigns\Northwatch Wardens - (HomeBrew)\web\server.js".
2026-06-10 14:23:05: Warning: Cannot polyfill `DOMMatrix`, rendering may be broken: "Error: Cannot find module 'canvas'
2026-06-10 14:23:05: Require stack:
2026-06-10 14:23:05: - C:\Users\joshu\OneDrive\Documents\dnd\00 - Campaigns\Northwatch Wardens - (HomeBrew)\web\node_modules\pdfjs-dist\legacy\build\pdf.js
2026-06-10 14:23:05: - C:\Users\joshu\OneDrive\Documents\dnd\00 - Campaigns\Northwatch Wardens - (HomeBrew)\web\lib\pdf-indexer.js
2026-06-10 14:23:05: - C:\Users\joshu\OneDrive\Documents\dnd\00 - Campaigns\Northwatch Wardens - (HomeBrew)\web\server.js".
2026-06-10 14:23:05: Warning: Cannot polyfill `Path2D`, rendering may be broken: "Error: Cannot find module 'canvas'
2026-06-10 14:23:05: Require stack:
2026-06-10 14:23:05: - C:\Users\joshu\OneDrive\Documents\dnd\00 - Campaigns\Northwatch Wardens - (HomeBrew)\web\node_modules\pdfjs-dist\legacy\build\pdf.js
2026-06-10 14:23:05: - C:\Users\joshu\OneDrive\Documents\dnd\00 - Campaigns\Northwatch Wardens - (HomeBrew)\web\lib\pdf-indexer.js
2026-06-10 14:23:05: - C:\Users\joshu\OneDrive\Documents\dnd\00 - Campaigns\Northwatch Wardens - (HomeBrew)\web\server.js".
2026-06-10 14:23:10: Warning: Cannot polyfill `DOMMatrix`, rendering may be broken: "Error: Cannot find module 'canvas'
2026-06-10 14:23:10: Require stack:
2026-06-10 14:23:10: - C:\Users\joshu\OneDrive\Documents\dnd\00 - Campaigns\Northwatch Wardens - (HomeBrew)\web\node_modules\pdfjs-dist\legacy\build\pdf.js
2026-06-10 14:23:10: - C:\Users\joshu\OneDrive\Documents\dnd\00 - Campaigns\Northwatch Wardens - (HomeBrew)\web\lib\pdf-indexer.js
2026-06-10 14:23:10: - C:\Users\joshu\OneDrive\Documents\dnd\00 - Campaigns\Northwatch Wardens - (HomeBrew)\web\server.js".
2026-06-10 14:23:10: Warning: Cannot polyfill `Path2D`, rendering may be broken: "Error: Cannot find module 'canvas'
2026-06-10 14:23:10: Require stack:
2026-06-10 14:23:10: - C:\Users\joshu\OneDrive\Documents\dnd\00 - Campaigns\Northwatch Wardens - (HomeBrew)\web\node_modules\pdfjs-dist\legacy\build\pdf.js
2026-06-10 14:23:10: - C:\Users\joshu\OneDrive\Documents\dnd\00 - Campaigns\Northwatch Wardens - (HomeBrew)\web\lib\pdf-indexer.js
2026-06-10 14:23:10: - C:\Users\joshu\OneDrive\Documents\dnd\00 - Campaigns\Northwatch Wardens - (HomeBrew)\web\server.js".
2026-06-10 14:23:14: Warning: Cannot polyfill `DOMMatrix`, rendering may be broken: "Error: Cannot find module 'canvas'
2026-06-10 14:23:14: Require stack:
2026-06-10 14:23:14: - C:\Users\joshu\OneDrive\Documents\dnd\00 - Campaigns\Northwatch Wardens - (HomeBrew)\web\node_modules\pdfjs-dist\legacy\build\pdf.js
2026-06-10 14:23:14: - C:\Users\joshu\OneDrive\Documents\dnd\00 - Campaigns\Northwatch Wardens - (HomeBrew)\web\lib\pdf-indexer.js
2026-06-10 14:23:14: - C:\Users\joshu\OneDrive\Documents\dnd\00 - Campaigns\Northwatch Wardens - (HomeBrew)\web\server.js".
2026-06-10 14:23:14: Warning: Cannot polyfill `Path2D`, rendering may be broken: "Error: Cannot find module 'canvas'
2026-06-10 14:23:14: Require stack:
2026-06-10 14:23:14: - C:\Users\joshu\OneDrive\Documents\dnd\00 - Campaigns\Northwatch Wardens - (HomeBrew)\web\node_modules\pdfjs-dist\legacy\build\pdf.js
2026-06-10 14:23:14: - C:\Users\joshu\OneDrive\Documents\dnd\00 - Campaigns\Northwatch Wardens - (HomeBrew)\web\lib\pdf-indexer.js
2026-06-10 14:23:14: - C:\Users\joshu\OneDrive\Documents\dnd\00 - Campaigns\Northwatch Wardens - (HomeBrew)\web\server.js".
2026-06-10 14:23:18: Warning: Cannot polyfill `DOMMatrix`, rendering may be broken: "Error: Cannot find module 'canvas'
2026-06-10 14:23:18: Require stack:
2026-06-10 14:23:18: - C:\Users\joshu\OneDrive\Documents\dnd\00 - Campaigns\Northwatch Wardens - (HomeBrew)\web\node_modules\pdfjs-dist\legacy\build\pdf.js
2026-06-10 14:23:18: - C:\Users\joshu\OneDrive\Documents\dnd\00 - Campaigns\Northwatch Wardens - (HomeBrew)\web\lib\pdf-indexer.js
2026-06-10 14:23:18: - C:\Users\joshu\OneDrive\Documents\dnd\00 - Campaigns\Northwatch Wardens - (HomeBrew)\web\server.js".
2026-06-10 14:23:18: Warning: Cannot polyfill `Path2D`, rendering may be broken: "Error: Cannot find module 'canvas'
2026-06-10 14:23:18: Require stack:
2026-06-10 14:23:18: - C:\Users\joshu\OneDrive\Documents\dnd\00 - Campaigns\Northwatch Wardens - (HomeBrew)\web\node_modules\pdfjs-dist\legacy\build\pdf.js
2026-06-10 14:23:18: - C:\Users\joshu\OneDrive\Documents\dnd\00 - Campaigns\Northwatch Wardens - (HomeBrew)\web\lib\pdf-indexer.js
2026-06-10 14:23:18: - C:\Users\joshu\OneDrive\Documents\dnd\00 - Campaigns\Northwatch Wardens - (HomeBrew)\web\server.js".
2026-06-10 14:23:21: Warning: Cannot polyfill `DOMMatrix`, rendering may be broken: "Error: Cannot find module 'canvas'
2026-06-10 14:23:21: Require stack:
2026-06-10 14:23:21: - C:\Users\joshu\OneDrive\Documents\dnd\00 - Campaigns\Northwatch Wardens - (HomeBrew)\web\node_modules\pdfjs-dist\legacy\build\pdf.js
2026-06-10 14:23:21: - C:\Users\joshu\OneDrive\Documents\dnd\00 - Campaigns\Northwatch Wardens - (HomeBrew)\web\lib\pdf-indexer.js
2026-06-10 14:23:21: - C:\Users\joshu\OneDrive\Documents\dnd\00 - Campaigns\Northwatch Wardens - (HomeBrew)\web\server.js".
2026-06-10 14:23:21: Warning: Cannot polyfill `Path2D`, rendering may be broken: "Error: Cannot find module 'canvas'
2026-06-10 14:23:21: Require stack:
2026-06-10 14:23:21: - C:\Users\joshu\OneDrive\Documents\dnd\00 - Campaigns\Northwatch Wardens - (HomeBrew)\web\node_modules\pdfjs-dist\legacy\build\pdf.js
2026-06-10 14:23:21: - C:\Users\joshu\OneDrive\Documents\dnd\00 - Campaigns\Northwatch Wardens - (HomeBrew)\web\lib\pdf-indexer.js
2026-06-10 14:23:21: - C:\Users\joshu\OneDrive\Documents\dnd\00 - Campaigns\Northwatch Wardens - (HomeBrew)\web\server.js".
2026-06-10 14:23:24: Warning: Cannot polyfill `DOMMatrix`, rendering may be broken: "Error: Cannot find module 'canvas'
2026-06-10 14:23:24: Require stack:
2026-06-10 14:23:24: - C:\Users\joshu\OneDrive\Documents\dnd\00 - Campaigns\Northwatch Wardens - (HomeBrew)\web\node_modules\pdfjs-dist\legacy\build\pdf.js
2026-06-10 14:23:24: - C:\Users\joshu\OneDrive\Documents\dnd\00 - Campaigns\Northwatch Wardens - (HomeBrew)\web\lib\pdf-indexer.js
2026-06-10 14:23:24: - C:\Users\joshu\OneDrive\Documents\dnd\00 - Campaigns\Northwatch Wardens - (HomeBrew)\web\server.js".
2026-06-10 14:23:24: Warning: Cannot polyfill `Path2D`, rendering may be broken: "Error: Cannot find module 'canvas'
2026-06-10 14:23:24: Require stack:
2026-06-10 14:23:24: - C:\Users\joshu\OneDrive\Documents\dnd\00 - Campaigns\Northwatch Wardens - (HomeBrew)\web\node_modules\pdfjs-dist\legacy\build\pdf.js
2026-06-10 14:23:24: - C:\Users\joshu\OneDrive\Documents\dnd\00 - Campaigns\Northwatch Wardens - (HomeBrew)\web\lib\pdf-indexer.js
2026-06-10 14:23:24: - C:\Users\joshu\OneDrive\Documents\dnd\00 - Campaigns\Northwatch Wardens - (HomeBrew)\web\server.js".
2026-06-10 14:23:28: Warning: Cannot polyfill `DOMMatrix`, rendering may be broken: "Error: Cannot find module 'canvas'
2026-06-10 14:23:28: Require stack:
2026-06-10 14:23:28: - C:\Users\joshu\OneDrive\Documents\dnd\00 - Campaigns\Northwatch Wardens - (HomeBrew)\web\node_modules\pdfjs-dist\legacy\build\pdf.js
2026-06-10 14:23:28: - C:\Users\joshu\OneDrive\Documents\dnd\00 - Campaigns\Northwatch Wardens - (HomeBrew)\web\lib\pdf-indexer.js
2026-06-10 14:23:28: - C:\Users\joshu\OneDrive\Documents\dnd\00 - Campaigns\Northwatch Wardens - (HomeBrew)\web\server.js".
2026-06-10 14:23:28: Warning: Cannot polyfill `Path2D`, rendering may be broken: "Error: Cannot find module 'canvas'
2026-06-10 14:23:28: Require stack:
2026-06-10 14:23:28: - C:\Users\joshu\OneDrive\Documents\dnd\00 - Campaigns\Northwatch Wardens - (HomeBrew)\web\node_modules\pdfjs-dist\legacy\build\pdf.js
2026-06-10 14:23:28: - C:\Users\joshu\OneDrive\Documents\dnd\00 - Campaigns\Northwatch Wardens - (HomeBrew)\web\lib\pdf-indexer.js
2026-06-10 14:23:28: - C:\Users\joshu\OneDrive\Documents\dnd\00 - Campaigns\Northwatch Wardens - (HomeBrew)\web\server.js".
2026-06-10 14:23:31: Warning: Cannot polyfill `DOMMatrix`, rendering may be broken: "Error: Cannot find module 'canvas'
2026-06-10 14:23:31: Require stack:
2026-06-10 14:23:31: - C:\Users\joshu\OneDrive\Documents\dnd\00 - Campaigns\Northwatch Wardens - (HomeBrew)\web\node_modules\pdfjs-dist\legacy\build\pdf.js
2026-06-10 14:23:31: - C:\Users\joshu\OneDrive\Documents\dnd\00 - Campaigns\Northwatch Wardens - (HomeBrew)\web\lib\pdf-indexer.js
2026-06-10 14:23:31: - C:\Users\joshu\OneDrive\Documents\dnd\00 - Campaigns\Northwatch Wardens - (HomeBrew)\web\server.js".
2026-06-10 14:23:31: Warning: Cannot polyfill `Path2D`, rendering may be broken: "Error: Cannot find module 'canvas'
2026-06-10 14:23:31: Require stack:
2026-06-10 14:23:31: - C:\Users\joshu\OneDrive\Documents\dnd\00 - Campaigns\Northwatch Wardens - (HomeBrew)\web\node_modules\pdfjs-dist\legacy\build\pdf.js
2026-06-10 14:23:31: - C:\Users\joshu\OneDrive\Documents\dnd\00 - Campaigns\Northwatch Wardens - (HomeBrew)\web\lib\pdf-indexer.js
2026-06-10 14:23:31: - C:\Users\joshu\OneDrive\Documents\dnd\00 - Campaigns\Northwatch Wardens - (HomeBrew)\web\server.js".
2026-06-10 14:23:36: Warning: Cannot polyfill `DOMMatrix`, rendering may be broken: "Error: Cannot find module 'canvas'
2026-06-10 14:23:36: Require stack:
2026-06-10 14:23:36: - C:\Users\joshu\OneDrive\Documents\dnd\00 - Campaigns\Northwatch Wardens - (HomeBrew)\web\node_modules\pdfjs-dist\legacy\build\pdf.js
2026-06-10 14:23:36: - C:\Users\joshu\OneDrive\Documents\dnd\00 - Campaigns\Northwatch Wardens - (HomeBrew)\web\lib\pdf-indexer.js
2026-06-10 14:23:36: - C:\Users\joshu\OneDrive\Documents\dnd\00 - Campaigns\Northwatch Wardens - (HomeBrew)\web\server.js".
2026-06-10 14:23:36: Warning: Cannot polyfill `Path2D`, rendering may be broken: "Error: Cannot find module 'canvas'
2026-06-10 14:23:36: Require stack:
2026-06-10 14:23:36: - C:\Users\joshu\OneDrive\Documents\dnd\00 - Campaigns\Northwatch Wardens - (HomeBrew)\web\node_modules\pdfjs-dist\legacy\build\pdf.js
2026-06-10 14:23:36: - C:\Users\joshu\OneDrive\Documents\dnd\00 - Campaigns\Northwatch Wardens - (HomeBrew)\web\lib\pdf-indexer.js
2026-06-10 14:23:36: - C:\Users\joshu\OneDrive\Documents\dnd\00 - Campaigns\Northwatch Wardens - (HomeBrew)\web\server.js".
2026-06-10 14:23:40: Warning: Cannot polyfill `DOMMatrix`, rendering may be broken: "Error: Cannot find module 'canvas'
2026-06-10 14:23:40: Require stack:
2026-06-10 14:23:40: - C:\Users\joshu\OneDrive\Documents\dnd\00 - Campaigns\Northwatch Wardens - (HomeBrew)\web\node_modules\pdfjs-dist\legacy\build\pdf.js
2026-06-10 14:23:40: - C:\Users\joshu\OneDrive\Documents\dnd\00 - Campaigns\Northwatch Wardens - (HomeBrew)\web\lib\pdf-indexer.js
2026-06-10 14:23:40: - C:\Users\joshu\OneDrive\Documents\dnd\00 - Campaigns\Northwatch Wardens - (HomeBrew)\web\server.js".
2026-06-10 14:23:40: Warning: Cannot polyfill `Path2D`, rendering may be broken: "Error: Cannot find module 'canvas'
2026-06-10 14:23:40: Require stack:
2026-06-10 14:23:40: - C:\Users\joshu\OneDrive\Documents\dnd\00 - Campaigns\Northwatch Wardens - (HomeBrew)\web\node_modules\pdfjs-dist\legacy\build\pdf.js
2026-06-10 14:23:40: - C:\Users\joshu\OneDrive\Documents\dnd\00 - Campaigns\Northwatch Wardens - (HomeBrew)\web\lib\pdf-indexer.js
2026-06-10 14:23:40: - C:\Users\joshu\OneDrive\Documents\dnd\00 - Campaigns\Northwatch Wardens - (HomeBrew)\web\server.js".
2026-06-10 14:23:45: Warning: Cannot polyfill `DOMMatrix`, rendering may be broken: "Error: Cannot find module 'canvas'
2026-06-10 14:23:45: Require stack:
2026-06-10 14:23:45: - C:\Users\joshu\OneDrive\Documents\dnd\00 - Campaigns\Northwatch Wardens - (HomeBrew)\web\node_modules\pdfjs-dist\legacy\build\pdf.js
2026-06-10 14:23:45: - C:\Users\joshu\OneDrive\Documents\dnd\00 - Campaigns\Northwatch Wardens - (HomeBrew)\web\lib\pdf-indexer.js
2026-06-10 14:23:45: - C:\Users\joshu\OneDrive\Documents\dnd\00 - Campaigns\Northwatch Wardens - (HomeBrew)\web\server.js".
2026-06-10 14:23:45: Warning: Cannot polyfill `Path2D`, rendering may be broken: "Error: Cannot find module 'canvas'
2026-06-10 14:23:45: Require stack:
2026-06-10 14:23:45: - C:\Users\joshu\OneDrive\Documents\dnd\00 - Campaigns\Northwatch Wardens - (HomeBrew)\web\node_modules\pdfjs-dist\legacy\build\pdf.js
2026-06-10 14:23:45: - C:\Users\joshu\OneDrive\Documents\dnd\00 - Campaigns\Northwatch Wardens - (HomeBrew)\web\lib\pdf-indexer.js
2026-06-10 14:23:45: - C:\Users\joshu\OneDrive\Documents\dnd\00 - Campaigns\Northwatch Wardens - (HomeBrew)\web\server.js".
2026-06-10 14:23:48: Warning: Cannot polyfill `DOMMatrix`, rendering may be broken: "Error: Cannot find module 'canvas'
2026-06-10 14:23:48: Require stack:
2026-06-10 14:23:48: - C:\Users\joshu\OneDrive\Documents\dnd\00 - Campaigns\Northwatch Wardens - (HomeBrew)\web\node_modules\pdfjs-dist\legacy\build\pdf.js
2026-06-10 14:23:48: - C:\Users\joshu\OneDrive\Documents\dnd\00 - Campaigns\Northwatch Wardens - (HomeBrew)\web\lib\pdf-indexer.js
2026-06-10 14:23:48: - C:\Users\joshu\OneDrive\Documents\dnd\00 - Campaigns\Northwatch Wardens - (HomeBrew)\web\server.js".
2026-06-10 14:23:48: Warning: Cannot polyfill `Path2D`, rendering may be broken: "Error: Cannot find module 'canvas'
2026-06-10 14:23:48: Require stack:
2026-06-10 14:23:48: - C:\Users\joshu\OneDrive\Documents\dnd\00 - Campaigns\Northwatch Wardens - (HomeBrew)\web\node_modules\pdfjs-dist\legacy\build\pdf.js
2026-06-10 14:23:48: - C:\Users\joshu\OneDrive\Documents\dnd\00 - Campaigns\Northwatch Wardens - (HomeBrew)\web\lib\pdf-indexer.js
2026-06-10 14:23:48: - C:\Users\joshu\OneDrive\Documents\dnd\00 - Campaigns\Northwatch Wardens - (HomeBrew)\web\server.js".
2026-06-10 14:23:51: Warning: Cannot polyfill `DOMMatrix`, rendering may be broken: "Error: Cannot find module 'canvas'
2026-06-10 14:23:51: Require stack:
2026-06-10 14:23:51: - C:\Users\joshu\OneDrive\Documents\dnd\00 - Campaigns\Northwatch Wardens - (HomeBrew)\web\node_modules\pdfjs-dist\legacy\build\pdf.js
2026-06-10 14:23:51: - C:\Users\joshu\OneDrive\Documents\dnd\00 - Campaigns\Northwatch Wardens - (HomeBrew)\web\lib\pdf-indexer.js
2026-06-10 14:23:51: - C:\Users\joshu\OneDrive\Documents\dnd\00 - Campaigns\Northwatch Wardens - (HomeBrew)\web\server.js".
2026-06-10 14:23:51: Warning: Cannot polyfill `Path2D`, rendering may be broken: "Error: Cannot find module 'canvas'
2026-06-10 14:23:51: Require stack:
2026-06-10 14:23:51: - C:\Users\joshu\OneDrive\Documents\dnd\00 - Campaigns\Northwatch Wardens - (HomeBrew)\web\node_modules\pdfjs-dist\legacy\build\pdf.js
2026-06-10 14:23:51: - C:\Users\joshu\OneDrive\Documents\dnd\00 - Campaigns\Northwatch Wardens - (HomeBrew)\web\lib\pdf-indexer.js
2026-06-10 14:23:51: - C:\Users\joshu\OneDrive\Documents\dnd\00 - Campaigns\Northwatch Wardens - (HomeBrew)\web\server.js".
2026-06-10 14:23:54: Warning: Cannot polyfill `DOMMatrix`, rendering may be broken: "Error: Cannot find module 'canvas'
2026-06-10 14:23:54: Require stack:
2026-06-10 14:23:54: - C:\Users\joshu\OneDrive\Documents\dnd\00 - Campaigns\Northwatch Wardens - (HomeBrew)\web\node_modules\pdfjs-dist\legacy\build\pdf.js
2026-06-10 14:23:54: - C:\Users\joshu\OneDrive\Documents\dnd\00 - Campaigns\Northwatch Wardens - (HomeBrew)\web\lib\pdf-indexer.js
2026-06-10 14:23:54: - C:\Users\joshu\OneDrive\Documents\dnd\00 - Campaigns\Northwatch Wardens - (HomeBrew)\web\server.js".
2026-06-10 14:23:54: Warning: Cannot polyfill `Path2D`, rendering may be broken: "Error: Cannot find module 'canvas'
2026-06-10 14:23:54: Require stack:
2026-06-10 14:23:54: - C:\Users\joshu\OneDrive\Documents\dnd\00 - Campaigns\Northwatch Wardens - (HomeBrew)\web\node_modules\pdfjs-dist\legacy\build\pdf.js
2026-06-10 14:23:54: - C:\Users\joshu\OneDrive\Documents\dnd\00 - Campaigns\Northwatch Wardens - (HomeBrew)\web\lib\pdf-indexer.js
2026-06-10 14:23:54: - C:\Users\joshu\OneDrive\Documents\dnd\00 - Campaigns\Northwatch Wardens - (HomeBrew)\web\server.js".
2026-06-10 14:23:57: Warning: Cannot polyfill `DOMMatrix`, rendering may be broken: "Error: Cannot find module 'canvas'
2026-06-10 14:23:57: Require stack:
2026-06-10 14:23:57: - C:\Users\joshu\OneDrive\Documents\dnd\00 - Campaigns\Northwatch Wardens - (HomeBrew)\web\node_modules\pdfjs-dist\legacy\build\pdf.js
2026-06-10 14:23:57: - C:\Users\joshu\OneDrive\Documents\dnd\00 - Campaigns\Northwatch Wardens - (HomeBrew)\web\lib\pdf-indexer.js
2026-06-10 14:23:57: - C:\Users\joshu\OneDrive\Documents\dnd\00 - Campaigns\Northwatch Wardens - (HomeBrew)\web\server.js".
2026-06-10 14:23:57: Warning: Cannot polyfill `Path2D`, rendering may be broken: "Error: Cannot find module 'canvas'
2026-06-10 14:23:57: Require stack:
2026-06-10 14:23:57: - C:\Users\joshu\OneDrive\Documents\dnd\00 - Campaigns\Northwatch Wardens - (HomeBrew)\web\node_modules\pdfjs-dist\legacy\build\pdf.js
2026-06-10 14:23:57: - C:\Users\joshu\OneDrive\Documents\dnd\00 - Campaigns\Northwatch Wardens - (HomeBrew)\web\lib\pdf-indexer.js
2026-06-10 14:23:57: - C:\Users\joshu\OneDrive\Documents\dnd\00 - Campaigns\Northwatch Wardens - (HomeBrew)\web\server.js".
2026-06-10 14:24:00: Warning: Cannot polyfill `DOMMatrix`, rendering may be broken: "Error: Cannot find module 'canvas'
2026-06-10 14:24:00: Require stack:
2026-06-10 14:24:00: - C:\Users\joshu\OneDrive\Documents\dnd\00 - Campaigns\Northwatch Wardens - (HomeBrew)\web\node_modules\pdfjs-dist\legacy\build\pdf.js
2026-06-10 14:24:00: - C:\Users\joshu\OneDrive\Documents\dnd\00 - Campaigns\Northwatch Wardens - (HomeBrew)\web\lib\pdf-indexer.js
2026-06-10 14:24:00: - C:\Users\joshu\OneDrive\Documents\dnd\00 - Campaigns\Northwatch Wardens - (HomeBrew)\web\server.js".
2026-06-10 14:24:00: Warning: Cannot polyfill `Path2D`, rendering may be broken: "Error: Cannot find module 'canvas'
2026-06-10 14:24:00: Require stack:
2026-06-10 14:24:00: - C:\Users\joshu\OneDrive\Documents\dnd\00 - Campaigns\Northwatch Wardens - (HomeBrew)\web\node_modules\pdfjs-dist\legacy\build\pdf.js
2026-06-10 14:24:00: - C:\Users\joshu\OneDrive\Documents\dnd\00 - Campaigns\Northwatch Wardens - (HomeBrew)\web\lib\pdf-indexer.js
2026-06-10 14:24:00: - C:\Users\joshu\OneDrive\Documents\dnd\00 - Campaigns\Northwatch Wardens - (HomeBrew)\web\server.js".
2026-06-10 14:24:04: Warning: Cannot polyfill `DOMMatrix`, rendering may be broken: "Error: Cannot find module 'canvas'
2026-06-10 14:24:04: Require stack:
2026-06-10 14:24:04: - C:\Users\joshu\OneDrive\Documents\dnd\00 - Campaigns\Northwatch Wardens - (HomeBrew)\web\node_modules\pdfjs-dist\legacy\build\pdf.js
2026-06-10 14:24:04: - C:\Users\joshu\OneDrive\Documents\dnd\00 - Campaigns\Northwatch Wardens - (HomeBrew)\web\lib\pdf-indexer.js
2026-06-10 14:24:04: - C:\Users\joshu\OneDrive\Documents\dnd\00 - Campaigns\Northwatch Wardens - (HomeBrew)\web\server.js".
2026-06-10 14:24:04: Warning: Cannot polyfill `Path2D`, rendering may be broken: "Error: Cannot find module 'canvas'
2026-06-10 14:24:04: Require stack:
2026-06-10 14:24:04: - C:\Users\joshu\OneDrive\Documents\dnd\00 - Campaigns\Northwatch Wardens - (HomeBrew)\web\node_modules\pdfjs-dist\legacy\build\pdf.js
2026-06-10 14:24:04: - C:\Users\joshu\OneDrive\Documents\dnd\00 - Campaigns\Northwatch Wardens - (HomeBrew)\web\lib\pdf-indexer.js
2026-06-10 14:24:04: - C:\Users\joshu\OneDrive\Documents\dnd\00 - Campaigns\Northwatch Wardens - (HomeBrew)\web\server.js".
2026-06-10 14:24:08: Warning: Cannot polyfill `DOMMatrix`, rendering may be broken: "Error: Cannot find module 'canvas'
2026-06-10 14:24:08: Require stack:
2026-06-10 14:24:08: - C:\Users\joshu\OneDrive\Documents\dnd\00 - Campaigns\Northwatch Wardens - (HomeBrew)\web\node_modules\pdfjs-dist\legacy\build\pdf.js
2026-06-10 14:24:08: - C:\Users\joshu\OneDrive\Documents\dnd\00 - Campaigns\Northwatch Wardens - (HomeBrew)\web\lib\pdf-indexer.js
2026-06-10 14:24:08: - C:\Users\joshu\OneDrive\Documents\dnd\00 - Campaigns\Northwatch Wardens - (HomeBrew)\web\server.js".
2026-06-10 14:24:08: Warning: Cannot polyfill `Path2D`, rendering may be broken: "Error: Cannot find module 'canvas'
2026-06-10 14:24:08: Require stack:
2026-06-10 14:24:08: - C:\Users\joshu\OneDrive\Documents\dnd\00 - Campaigns\Northwatch Wardens - (HomeBrew)\web\node_modules\pdfjs-dist\legacy\build\pdf.js
2026-06-10 14:24:08: - C:\Users\joshu\OneDrive\Documents\dnd\00 - Campaigns\Northwatch Wardens - (HomeBrew)\web\lib\pdf-indexer.js
2026-06-10 14:24:08: - C:\Users\joshu\OneDrive\Documents\dnd\00 - Campaigns\Northwatch Wardens - (HomeBrew)\web\server.js".
2026-06-10 14:24:11: Warning: Cannot polyfill `DOMMatrix`, rendering may be broken: "Error: Cannot find module 'canvas'
2026-06-10 14:24:11: Require stack:
2026-06-10 14:24:11: - C:\Users\joshu\OneDrive\Documents\dnd\00 - Campaigns\Northwatch Wardens - (HomeBrew)\web\node_modules\pdfjs-dist\legacy\build\pdf.js
2026-06-10 14:24:11: - C:\Users\joshu\OneDrive\Documents\dnd\00 - Campaigns\Northwatch Wardens - (HomeBrew)\web\lib\pdf-indexer.js
2026-06-10 14:24:11: - C:\Users\joshu\OneDrive\Documents\dnd\00 - Campaigns\Northwatch Wardens - (HomeBrew)\web\server.js".
2026-06-10 14:24:11: Warning: Cannot polyfill `Path2D`, rendering may be broken: "Error: Cannot find module 'canvas'
2026-06-10 14:24:11: Require stack:
2026-06-10 14:24:11: - C:\Users\joshu\OneDrive\Documents\dnd\00 - Campaigns\Northwatch Wardens - (HomeBrew)\web\node_modules\pdfjs-dist\legacy\build\pdf.js
2026-06-10 14:24:11: - C:\Users\joshu\OneDrive\Documents\dnd\00 - Campaigns\Northwatch Wardens - (HomeBrew)\web\lib\pdf-indexer.js
2026-06-10 14:24:11: - C:\Users\joshu\OneDrive\Documents\dnd\00 - Campaigns\Northwatch Wardens - (HomeBrew)\web\server.js".
2026-06-10 14:24:14: Warning: Cannot polyfill `DOMMatrix`, rendering may be broken: "Error: Cannot find module 'canvas'
2026-06-10 14:24:14: Require stack:
2026-06-10 14:24:14: - C:\Users\joshu\OneDrive\Documents\dnd\00 - Campaigns\Northwatch Wardens - (HomeBrew)\web\node_modules\pdfjs-dist\legacy\build\pdf.js
2026-06-10 14:24:14: - C:\Users\joshu\OneDrive\Documents\dnd\00 - Campaigns\Northwatch Wardens - (HomeBrew)\web\lib\pdf-indexer.js
2026-06-10 14:24:14: - C:\Users\joshu\OneDrive\Documents\dnd\00 - Campaigns\Northwatch Wardens - (HomeBrew)\web\server.js".
2026-06-10 14:24:14: Warning: Cannot polyfill `Path2D`, rendering may be broken: "Error: Cannot find module 'canvas'
2026-06-10 14:24:14: Require stack:
2026-06-10 14:24:14: - C:\Users\joshu\OneDrive\Documents\dnd\00 - Campaigns\Northwatch Wardens - (HomeBrew)\web\node_modules\pdfjs-dist\legacy\build\pdf.js
2026-06-10 14:24:14: - C:\Users\joshu\OneDrive\Documents\dnd\00 - Campaigns\Northwatch Wardens - (HomeBrew)\web\lib\pdf-indexer.js
2026-06-10 14:24:14: - C:\Users\joshu\OneDrive\Documents\dnd\00 - Campaigns\Northwatch Wardens - (HomeBrew)\web\server.js".
2026-06-10 14:24:17: Warning: Cannot polyfill `DOMMatrix`, rendering may be broken: "Error: Cannot find module 'canvas'
2026-06-10 14:24:17: Require stack:
2026-06-10 14:24:17: - C:\Users\joshu\OneDrive\Documents\dnd\00 - Campaigns\Northwatch Wardens - (HomeBrew)\web\node_modules\pdfjs-dist\legacy\build\pdf.js
2026-06-10 14:24:17: - C:\Users\joshu\OneDrive\Documents\dnd\00 - Campaigns\Northwatch Wardens - (HomeBrew)\web\lib\pdf-indexer.js
2026-06-10 14:24:17: - C:\Users\joshu\OneDrive\Documents\dnd\00 - Campaigns\Northwatch Wardens - (HomeBrew)\web\server.js".
2026-06-10 14:24:17: Warning: Cannot polyfill `Path2D`, rendering may be broken: "Error: Cannot find module 'canvas'
2026-06-10 14:24:17: Require stack:
2026-06-10 14:24:17: - C:\Users\joshu\OneDrive\Documents\dnd\00 - Campaigns\Northwatch Wardens - (HomeBrew)\web\node_modules\pdfjs-dist\legacy\build\pdf.js
2026-06-10 14:24:17: - C:\Users\joshu\OneDrive\Documents\dnd\00 - Campaigns\Northwatch Wardens - (HomeBrew)\web\lib\pdf-indexer.js
2026-06-10 14:24:17: - C:\Users\joshu\OneDrive\Documents\dnd\00 - Campaigns\Northwatch Wardens - (HomeBrew)\web\server.js".
2026-06-10 14:24:20: Warning: Cannot polyfill `DOMMatrix`, rendering may be broken: "Error: Cannot find module 'canvas'
2026-06-10 14:24:20: Require stack:
2026-06-10 14:24:20: - C:\Users\joshu\OneDrive\Documents\dnd\00 - Campaigns\Northwatch Wardens - (HomeBrew)\web\node_modules\pdfjs-dist\legacy\build\pdf.js
2026-06-10 14:24:20: - C:\Users\joshu\OneDrive\Documents\dnd\00 - Campaigns\Northwatch Wardens - (HomeBrew)\web\lib\pdf-indexer.js
2026-06-10 14:24:20: - C:\Users\joshu\OneDrive\Documents\dnd\00 - Campaigns\Northwatch Wardens - (HomeBrew)\web\server.js".
2026-06-10 14:24:20: Warning: Cannot polyfill `Path2D`, rendering may be broken: "Error: Cannot find module 'canvas'
2026-06-10 14:24:20: Require stack:
2026-06-10 14:24:20: - C:\Users\joshu\OneDrive\Documents\dnd\00 - Campaigns\Northwatch Wardens - (HomeBrew)\web\node_modules\pdfjs-dist\legacy\build\pdf.js
2026-06-10 14:24:20: - C:\Users\joshu\OneDrive\Documents\dnd\00 - Campaigns\Northwatch Wardens - (HomeBrew)\web\lib\pdf-indexer.js
2026-06-10 14:24:20: - C:\Users\joshu\OneDrive\Documents\dnd\00 - Campaigns\Northwatch Wardens - (HomeBrew)\web\server.js".
2026-06-10 14:24:23: Warning: Cannot polyfill `DOMMatrix`, rendering may be broken: "Error: Cannot find module 'canvas'
2026-06-10 14:24:23: Require stack:
2026-06-10 14:24:23: - C:\Users\joshu\OneDrive\Documents\dnd\00 - Campaigns\Northwatch Wardens - (HomeBrew)\web\node_modules\pdfjs-dist\legacy\build\pdf.js
2026-06-10 14:24:23: - C:\Users\joshu\OneDrive\Documents\dnd\00 - Campaigns\Northwatch Wardens - (HomeBrew)\web\lib\pdf-indexer.js
2026-06-10 14:24:23: - C:\Users\joshu\OneDrive\Documents\dnd\00 - Campaigns\Northwatch Wardens - (HomeBrew)\web\server.js".
2026-06-10 14:24:23: Warning: Cannot polyfill `Path2D`, rendering may be broken: "Error: Cannot find module 'canvas'
2026-06-10 14:24:23: Require stack:
2026-06-10 14:24:23: - C:\Users\joshu\OneDrive\Documents\dnd\00 - Campaigns\Northwatch Wardens - (HomeBrew)\web\node_modules\pdfjs-dist\legacy\build\pdf.js
2026-06-10 14:24:23: - C:\Users\joshu\OneDrive\Documents\dnd\00 - Campaigns\Northwatch Wardens - (HomeBrew)\web\lib\pdf-indexer.js
2026-06-10 14:24:23: - C:\Users\joshu\OneDrive\Documents\dnd\00 - Campaigns\Northwatch Wardens - (HomeBrew)\web\server.js".
2026-06-10 14:24:27: Warning: Cannot polyfill `DOMMatrix`, rendering may be broken: "Error: Cannot find module 'canvas'
2026-06-10 14:24:27: Require stack:
2026-06-10 14:24:27: - C:\Users\joshu\OneDrive\Documents\dnd\00 - Campaigns\Northwatch Wardens - (HomeBrew)\web\node_modules\pdfjs-dist\legacy\build\pdf.js
2026-06-10 14:24:27: - C:\Users\joshu\OneDrive\Documents\dnd\00 - Campaigns\Northwatch Wardens - (HomeBrew)\web\lib\pdf-indexer.js
2026-06-10 14:24:27: - C:\Users\joshu\OneDrive\Documents\dnd\00 - Campaigns\Northwatch Wardens - (HomeBrew)\web\server.js".
2026-06-10 14:24:27: Warning: Cannot polyfill `Path2D`, rendering may be broken: "Error: Cannot find module 'canvas'
2026-06-10 14:24:27: Require stack:
2026-06-10 14:24:27: - C:\Users\joshu\OneDrive\Documents\dnd\00 - Campaigns\Northwatch Wardens - (HomeBrew)\web\node_modules\pdfjs-dist\legacy\build\pdf.js
2026-06-10 14:24:27: - C:\Users\joshu\OneDrive\Documents\dnd\00 - Campaigns\Northwatch Wardens - (HomeBrew)\web\lib\pdf-indexer.js
2026-06-10 14:24:27: - C:\Users\joshu\OneDrive\Documents\dnd\00 - Campaigns\Northwatch Wardens - (HomeBrew)\web\server.js".
2026-06-10 14:24:30: Warning: Cannot polyfill `DOMMatrix`, rendering may be broken: "Error: Cannot find module 'canvas'
2026-06-10 14:24:30: Require stack:
2026-06-10 14:24:30: - C:\Users\joshu\OneDrive\Documents\dnd\00 - Campaigns\Northwatch Wardens - (HomeBrew)\web\node_modules\pdfjs-dist\legacy\build\pdf.js
2026-06-10 14:24:30: - C:\Users\joshu\OneDrive\Documents\dnd\00 - Campaigns\Northwatch Wardens - (HomeBrew)\web\lib\pdf-indexer.js
2026-06-10 14:24:30: - C:\Users\joshu\OneDrive\Documents\dnd\00 - Campaigns\Northwatch Wardens - (HomeBrew)\web\server.js".
2026-06-10 14:24:30: Warning: Cannot polyfill `Path2D`, rendering may be broken: "Error: Cannot find module 'canvas'
2026-06-10 14:24:30: Require stack:
2026-06-10 14:24:30: - C:\Users\joshu\OneDrive\Documents\dnd\00 - Campaigns\Northwatch Wardens - (HomeBrew)\web\node_modules\pdfjs-dist\legacy\build\pdf.js
2026-06-10 14:24:30: - C:\Users\joshu\OneDrive\Documents\dnd\00 - Campaigns\Northwatch Wardens - (HomeBrew)\web\lib\pdf-indexer.js
2026-06-10 14:24:30: - C:\Users\joshu\OneDrive\Documents\dnd\00 - Campaigns\Northwatch Wardens - (HomeBrew)\web\server.js".
2026-06-10 14:24:33: Warning: Cannot polyfill `DOMMatrix`, rendering may be broken: "Error: Cannot find module 'canvas'
2026-06-10 14:24:33: Require stack:
2026-06-10 14:24:33: - C:\Users\joshu\OneDrive\Documents\dnd\00 - Campaigns\Northwatch Wardens - (HomeBrew)\web\node_modules\pdfjs-dist\legacy\build\pdf.js
2026-06-10 14:24:33: - C:\Users\joshu\OneDrive\Documents\dnd\00 - Campaigns\Northwatch Wardens - (HomeBrew)\web\lib\pdf-indexer.js
2026-06-10 14:24:33: - C:\Users\joshu\OneDrive\Documents\dnd\00 - Campaigns\Northwatch Wardens - (HomeBrew)\web\server.js".
2026-06-10 14:24:33: Warning: Cannot polyfill `Path2D`, rendering may be broken: "Error: Cannot find module 'canvas'
2026-06-10 14:24:33: Require stack:
2026-06-10 14:24:33: - C:\Users\joshu\OneDrive\Documents\dnd\00 - Campaigns\Northwatch Wardens - (HomeBrew)\web\node_modules\pdfjs-dist\legacy\build\pdf.js
2026-06-10 14:24:33: - C:\Users\joshu\OneDrive\Documents\dnd\00 - Campaigns\Northwatch Wardens - (HomeBrew)\web\lib\pdf-indexer.js
2026-06-10 14:24:33: - C:\Users\joshu\OneDrive\Documents\dnd\00 - Campaigns\Northwatch Wardens - (HomeBrew)\web\server.js".
2026-06-10 14:24:37: Warning: Cannot polyfill `DOMMatrix`, rendering may be broken: "Error: Cannot find module 'canvas'
2026-06-10 14:24:37: Require stack:
2026-06-10 14:24:37: - C:\Users\joshu\OneDrive\Documents\dnd\00 - Campaigns\Northwatch Wardens - (HomeBrew)\web\node_modules\pdfjs-dist\legacy\build\pdf.js
2026-06-10 14:24:37: - C:\Users\joshu\OneDrive\Documents\dnd\00 - Campaigns\Northwatch Wardens - (HomeBrew)\web\lib\pdf-indexer.js
2026-06-10 14:24:37: - C:\Users\joshu\OneDrive\Documents\dnd\00 - Campaigns\Northwatch Wardens - (HomeBrew)\web\server.js".
2026-06-10 14:24:37: Warning: Cannot polyfill `Path2D`, rendering may be broken: "Error: Cannot find module 'canvas'
2026-06-10 14:24:37: Require stack:
2026-06-10 14:24:37: - C:\Users\joshu\OneDrive\Documents\dnd\00 - Campaigns\Northwatch Wardens - (HomeBrew)\web\node_modules\pdfjs-dist\legacy\build\pdf.js
2026-06-10 14:24:37: - C:\Users\joshu\OneDrive\Documents\dnd\00 - Campaigns\Northwatch Wardens - (HomeBrew)\web\lib\pdf-indexer.js
2026-06-10 14:24:37: - C:\Users\joshu\OneDrive\Documents\dnd\00 - Campaigns\Northwatch Wardens - (HomeBrew)\web\server.js".
2026-06-10 14:24:39: Warning: Cannot polyfill `DOMMatrix`, rendering may be broken: "Error: Cannot find module 'canvas'
2026-06-10 14:24:39: Require stack:
2026-06-10 14:24:39: - C:\Users\joshu\OneDrive\Documents\dnd\00 - Campaigns\Northwatch Wardens - (HomeBrew)\web\node_modules\pdfjs-dist\legacy\build\pdf.js
2026-06-10 14:24:39: - C:\Users\joshu\OneDrive\Documents\dnd\00 - Campaigns\Northwatch Wardens - (HomeBrew)\web\lib\pdf-indexer.js
2026-06-10 14:24:39: - C:\Users\joshu\OneDrive\Documents\dnd\00 - Campaigns\Northwatch Wardens - (HomeBrew)\web\server.js".
2026-06-10 14:24:39: Warning: Cannot polyfill `Path2D`, rendering may be broken: "Error: Cannot find module 'canvas'
2026-06-10 14:24:39: Require stack:
2026-06-10 14:24:39: - C:\Users\joshu\OneDrive\Documents\dnd\00 - Campaigns\Northwatch Wardens - (HomeBrew)\web\node_modules\pdfjs-dist\legacy\build\pdf.js
2026-06-10 14:24:39: - C:\Users\joshu\OneDrive\Documents\dnd\00 - Campaigns\Northwatch Wardens - (HomeBrew)\web\lib\pdf-indexer.js
2026-06-10 14:24:39: - C:\Users\joshu\OneDrive\Documents\dnd\00 - Campaigns\Northwatch Wardens - (HomeBrew)\web\server.js".
2026-06-10 14:24:42: Warning: Cannot polyfill `DOMMatrix`, rendering may be broken: "Error: Cannot find module 'canvas'
2026-06-10 14:24:42: Require stack:
2026-06-10 14:24:42: - C:\Users\joshu\OneDrive\Documents\dnd\00 - Campaigns\Northwatch Wardens - (HomeBrew)\web\node_modules\pdfjs-dist\legacy\build\pdf.js
2026-06-10 14:24:42: - C:\Users\joshu\OneDrive\Documents\dnd\00 - Campaigns\Northwatch Wardens - (HomeBrew)\web\lib\pdf-indexer.js
2026-06-10 14:24:42: - C:\Users\joshu\OneDrive\Documents\dnd\00 - Campaigns\Northwatch Wardens - (HomeBrew)\web\server.js".
2026-06-10 14:24:42: Warning: Cannot polyfill `Path2D`, rendering may be broken: "Error: Cannot find module 'canvas'
2026-06-10 14:24:42: Require stack:
2026-06-10 14:24:42: - C:\Users\joshu\OneDrive\Documents\dnd\00 - Campaigns\Northwatch Wardens - (HomeBrew)\web\node_modules\pdfjs-dist\legacy\build\pdf.js
2026-06-10 14:24:42: - C:\Users\joshu\OneDrive\Documents\dnd\00 - Campaigns\Northwatch Wardens - (HomeBrew)\web\lib\pdf-indexer.js
2026-06-10 14:24:42: - C:\Users\joshu\OneDrive\Documents\dnd\00 - Campaigns\Northwatch Wardens - (HomeBrew)\web\server.js".
2026-06-10 14:24:45: Warning: Cannot polyfill `DOMMatrix`, rendering may be broken: "Error: Cannot find module 'canvas'
2026-06-10 14:24:45: Require stack:
2026-06-10 14:24:45: - C:\Users\joshu\OneDrive\Documents\dnd\00 - Campaigns\Northwatch Wardens - (HomeBrew)\web\node_modules\pdfjs-dist\legacy\build\pdf.js
2026-06-10 14:24:45: - C:\Users\joshu\OneDrive\Documents\dnd\00 - Campaigns\Northwatch Wardens - (HomeBrew)\web\lib\pdf-indexer.js
2026-06-10 14:24:45: - C:\Users\joshu\OneDrive\Documents\dnd\00 - Campaigns\Northwatch Wardens - (HomeBrew)\web\server.js".
2026-06-10 14:24:45: Warning: Cannot polyfill `Path2D`, rendering may be broken: "Error: Cannot find module 'canvas'
2026-06-10 14:24:45: Require stack:
2026-06-10 14:24:45: - C:\Users\joshu\OneDrive\Documents\dnd\00 - Campaigns\Northwatch Wardens - (HomeBrew)\web\node_modules\pdfjs-dist\legacy\build\pdf.js
2026-06-10 14:24:45: - C:\Users\joshu\OneDrive\Documents\dnd\00 - Campaigns\Northwatch Wardens - (HomeBrew)\web\lib\pdf-indexer.js
2026-06-10 14:24:45: - C:\Users\joshu\OneDrive\Documents\dnd\00 - Campaigns\Northwatch Wardens - (HomeBrew)\web\server.js".
2026-06-10 14:24:50: Warning: Cannot polyfill `DOMMatrix`, rendering may be broken: "Error: Cannot find module 'canvas'
2026-06-10 14:24:50: Require stack:
2026-06-10 14:24:50: - C:\Users\joshu\OneDrive\Documents\dnd\00 - Campaigns\Northwatch Wardens - (HomeBrew)\web\node_modules\pdfjs-dist\legacy\build\pdf.js
2026-06-10 14:24:50: - C:\Users\joshu\OneDrive\Documents\dnd\00 - Campaigns\Northwatch Wardens - (HomeBrew)\web\lib\pdf-indexer.js
2026-06-10 14:24:50: - C:\Users\joshu\OneDrive\Documents\dnd\00 - Campaigns\Northwatch Wardens - (HomeBrew)\web\server.js".
2026-06-10 14:24:50: Warning: Cannot polyfill `Path2D`, rendering may be broken: "Error: Cannot find module 'canvas'
2026-06-10 14:24:50: Require stack:
2026-06-10 14:24:50: - C:\Users\joshu\OneDrive\Documents\dnd\00 - Campaigns\Northwatch Wardens - (HomeBrew)\web\node_modules\pdfjs-dist\legacy\build\pdf.js
2026-06-10 14:24:50: - C:\Users\joshu\OneDrive\Documents\dnd\00 - Campaigns\Northwatch Wardens - (HomeBrew)\web\lib\pdf-indexer.js
2026-06-10 14:24:50: - C:\Users\joshu\OneDrive\Documents\dnd\00 - Campaigns\Northwatch Wardens - (HomeBrew)\web\server.js".
2026-06-10 14:24:54: Warning: Cannot polyfill `DOMMatrix`, rendering may be broken: "Error: Cannot find module 'canvas'
2026-06-10 14:24:54: Require stack:
2026-06-10 14:24:54: - C:\Users\joshu\OneDrive\Documents\dnd\00 - Campaigns\Northwatch Wardens - (HomeBrew)\web\node_modules\pdfjs-dist\legacy\build\pdf.js
2026-06-10 14:24:54: - C:\Users\joshu\OneDrive\Documents\dnd\00 - Campaigns\Northwatch Wardens - (HomeBrew)\web\lib\pdf-indexer.js
2026-06-10 14:24:54: - C:\Users\joshu\OneDrive\Documents\dnd\00 - Campaigns\Northwatch Wardens - (HomeBrew)\web\server.js".
2026-06-10 14:24:54: Warning: Cannot polyfill `Path2D`, rendering may be broken: "Error: Cannot find module 'canvas'
2026-06-10 14:24:54: Require stack:
2026-06-10 14:24:54: - C:\Users\joshu\OneDrive\Documents\dnd\00 - Campaigns\Northwatch Wardens - (HomeBrew)\web\node_modules\pdfjs-dist\legacy\build\pdf.js
2026-06-10 14:24:54: - C:\Users\joshu\OneDrive\Documents\dnd\00 - Campaigns\Northwatch Wardens - (HomeBrew)\web\lib\pdf-indexer.js
2026-06-10 14:24:54: - C:\Users\joshu\OneDrive\Documents\dnd\00 - Campaigns\Northwatch Wardens - (HomeBrew)\web\server.js".
2026-06-10 14:24:58: Warning: Cannot polyfill `DOMMatrix`, rendering may be broken: "Error: Cannot find module 'canvas'
2026-06-10 14:24:58: Require stack:
2026-06-10 14:24:58: - C:\Users\joshu\OneDrive\Documents\dnd\00 - Campaigns\Northwatch Wardens - (HomeBrew)\web\node_modules\pdfjs-dist\legacy\build\pdf.js
2026-06-10 14:24:58: - C:\Users\joshu\OneDrive\Documents\dnd\00 - Campaigns\Northwatch Wardens - (HomeBrew)\web\lib\pdf-indexer.js
2026-06-10 14:24:58: - C:\Users\joshu\OneDrive\Documents\dnd\00 - Campaigns\Northwatch Wardens - (HomeBrew)\web\server.js".
2026-06-10 14:24:58: Warning: Cannot polyfill `Path2D`, rendering may be broken: "Error: Cannot find module 'canvas'
2026-06-10 14:24:58: Require stack:
2026-06-10 14:24:58: - C:\Users\joshu\OneDrive\Documents\dnd\00 - Campaigns\Northwatch Wardens - (HomeBrew)\web\node_modules\pdfjs-dist\legacy\build\pdf.js
2026-06-10 14:24:58: - C:\Users\joshu\OneDrive\Documents\dnd\00 - Campaigns\Northwatch Wardens - (HomeBrew)\web\lib\pdf-indexer.js
2026-06-10 14:24:58: - C:\Users\joshu\OneDrive\Documents\dnd\00 - Campaigns\Northwatch Wardens - (HomeBrew)\web\server.js".
2026-06-10 14:25:02: Warning: Cannot polyfill `DOMMatrix`, rendering may be broken: "Error: Cannot find module 'canvas'
2026-06-10 14:25:02: Require stack:
2026-06-10 14:25:02: - C:\Users\joshu\OneDrive\Documents\dnd\00 - Campaigns\Northwatch Wardens - (HomeBrew)\web\node_modules\pdfjs-dist\legacy\build\pdf.js
2026-06-10 14:25:02: - C:\Users\joshu\OneDrive\Documents\dnd\00 - Campaigns\Northwatch Wardens - (HomeBrew)\web\lib\pdf-indexer.js
2026-06-10 14:25:02: - C:\Users\joshu\OneDrive\Documents\dnd\00 - Campaigns\Northwatch Wardens - (HomeBrew)\web\server.js".
2026-06-10 14:25:02: Warning: Cannot polyfill `Path2D`, rendering may be broken: "Error: Cannot find module 'canvas'
2026-06-10 14:25:02: Require stack:
2026-06-10 14:25:02: - C:\Users\joshu\OneDrive\Documents\dnd\00 - Campaigns\Northwatch Wardens - (HomeBrew)\web\node_modules\pdfjs-dist\legacy\build\pdf.js
2026-06-10 14:25:02: - C:\Users\joshu\OneDrive\Documents\dnd\00 - Campaigns\Northwatch Wardens - (HomeBrew)\web\lib\pdf-indexer.js
2026-06-10 14:25:02: - C:\Users\joshu\OneDrive\Documents\dnd\00 - Campaigns\Northwatch Wardens - (HomeBrew)\web\server.js".
2026-06-10 14:25:05: Warning: Cannot polyfill `DOMMatrix`, rendering may be broken: "Error: Cannot find module 'canvas'
2026-06-10 14:25:05: Require stack:
2026-06-10 14:25:05: - C:\Users\joshu\OneDrive\Documents\dnd\00 - Campaigns\Northwatch Wardens - (HomeBrew)\web\node_modules\pdfjs-dist\legacy\build\pdf.js
2026-06-10 14:25:05: - C:\Users\joshu\OneDrive\Documents\dnd\00 - Campaigns\Northwatch Wardens - (HomeBrew)\web\lib\pdf-indexer.js
2026-06-10 14:25:05: - C:\Users\joshu\OneDrive\Documents\dnd\00 - Campaigns\Northwatch Wardens - (HomeBrew)\web\server.js".
2026-06-10 14:25:05: Warning: Cannot polyfill `Path2D`, rendering may be broken: "Error: Cannot find module 'canvas'
2026-06-10 14:25:05: Require stack:
2026-06-10 14:25:05: - C:\Users\joshu\OneDrive\Documents\dnd\00 - Campaigns\Northwatch Wardens - (HomeBrew)\web\node_modules\pdfjs-dist\legacy\build\pdf.js
2026-06-10 14:25:05: - C:\Users\joshu\OneDrive\Documents\dnd\00 - Campaigns\Northwatch Wardens - (HomeBrew)\web\lib\pdf-indexer.js
2026-06-10 14:25:05: - C:\Users\joshu\OneDrive\Documents\dnd\00 - Campaigns\Northwatch Wardens - (HomeBrew)\web\server.js".
2026-06-10 14:25:08: Warning: Cannot polyfill `DOMMatrix`, rendering may be broken: "Error: Cannot find module 'canvas'
2026-06-10 14:25:08: Require stack:
2026-06-10 14:25:08: - C:\Users\joshu\OneDrive\Documents\dnd\00 - Campaigns\Northwatch Wardens - (HomeBrew)\web\node_modules\pdfjs-dist\legacy\build\pdf.js
2026-06-10 14:25:08: - C:\Users\joshu\OneDrive\Documents\dnd\00 - Campaigns\Northwatch Wardens - (HomeBrew)\web\lib\pdf-indexer.js
2026-06-10 14:25:08: - C:\Users\joshu\OneDrive\Documents\dnd\00 - Campaigns\Northwatch Wardens - (HomeBrew)\web\server.js".
2026-06-10 14:25:08: Warning: Cannot polyfill `Path2D`, rendering may be broken: "Error: Cannot find module 'canvas'
2026-06-10 14:25:08: Require stack:
2026-06-10 14:25:08: - C:\Users\joshu\OneDrive\Documents\dnd\00 - Campaigns\Northwatch Wardens - (HomeBrew)\web\node_modules\pdfjs-dist\legacy\build\pdf.js
2026-06-10 14:25:08: - C:\Users\joshu\OneDrive\Documents\dnd\00 - Campaigns\Northwatch Wardens - (HomeBrew)\web\lib\pdf-indexer.js
2026-06-10 14:25:08: - C:\Users\joshu\OneDrive\Documents\dnd\00 - Campaigns\Northwatch Wardens - (HomeBrew)\web\server.js".
2026-06-10 14:25:12: Warning: Cannot polyfill `DOMMatrix`, rendering may be broken: "Error: Cannot find module 'canvas'
2026-06-10 14:25:12: Require stack:
2026-06-10 14:25:12: - C:\Users\joshu\OneDrive\Documents\dnd\00 - Campaigns\Northwatch Wardens - (HomeBrew)\web\node_modules\pdfjs-dist\legacy\build\pdf.js
2026-06-10 14:25:12: - C:\Users\joshu\OneDrive\Documents\dnd\00 - Campaigns\Northwatch Wardens - (HomeBrew)\web\lib\pdf-indexer.js
2026-06-10 14:25:12: - C:\Users\joshu\OneDrive\Documents\dnd\00 - Campaigns\Northwatch Wardens - (HomeBrew)\web\server.js".
2026-06-10 14:25:12: Warning: Cannot polyfill `Path2D`, rendering may be broken: "Error: Cannot find module 'canvas'
2026-06-10 14:25:12: Require stack:
2026-06-10 14:25:12: - C:\Users\joshu\OneDrive\Documents\dnd\00 - Campaigns\Northwatch Wardens - (HomeBrew)\web\node_modules\pdfjs-dist\legacy\build\pdf.js
2026-06-10 14:25:12: - C:\Users\joshu\OneDrive\Documents\dnd\00 - Campaigns\Northwatch Wardens - (HomeBrew)\web\lib\pdf-indexer.js
2026-06-10 14:25:12: - C:\Users\joshu\OneDrive\Documents\dnd\00 - Campaigns\Northwatch Wardens - (HomeBrew)\web\server.js".
2026-06-10 14:25:15: Warning: Cannot polyfill `DOMMatrix`, rendering may be broken: "Error: Cannot find module 'canvas'
2026-06-10 14:25:15: Require stack:
2026-06-10 14:25:15: - C:\Users\joshu\OneDrive\Documents\dnd\00 - Campaigns\Northwatch Wardens - (HomeBrew)\web\node_modules\pdfjs-dist\legacy\build\pdf.js
2026-06-10 14:25:15: - C:\Users\joshu\OneDrive\Documents\dnd\00 - Campaigns\Northwatch Wardens - (HomeBrew)\web\lib\pdf-indexer.js
2026-06-10 14:25:15: - C:\Users\joshu\OneDrive\Documents\dnd\00 - Campaigns\Northwatch Wardens - (HomeBrew)\web\server.js".
2026-06-10 14:25:15: Warning: Cannot polyfill `Path2D`, rendering may be broken: "Error: Cannot find module 'canvas'
2026-06-10 14:25:15: Require stack:
2026-06-10 14:25:15: - C:\Users\joshu\OneDrive\Documents\dnd\00 - Campaigns\Northwatch Wardens - (HomeBrew)\web\node_modules\pdfjs-dist\legacy\build\pdf.js
2026-06-10 14:25:15: - C:\Users\joshu\OneDrive\Documents\dnd\00 - Campaigns\Northwatch Wardens - (HomeBrew)\web\lib\pdf-indexer.js
2026-06-10 14:25:15: - C:\Users\joshu\OneDrive\Documents\dnd\00 - Campaigns\Northwatch Wardens - (HomeBrew)\web\server.js".
2026-06-10 14:25:18: Warning: Cannot polyfill `DOMMatrix`, rendering may be broken: "Error: Cannot find module 'canvas'
2026-06-10 14:25:18: Require stack:
2026-06-10 14:25:18: - C:\Users\joshu\OneDrive\Documents\dnd\00 - Campaigns\Northwatch Wardens - (HomeBrew)\web\node_modules\pdfjs-dist\legacy\build\pdf.js
2026-06-10 14:25:18: - C:\Users\joshu\OneDrive\Documents\dnd\00 - Campaigns\Northwatch Wardens - (HomeBrew)\web\lib\pdf-indexer.js
2026-06-10 14:25:18: - C:\Users\joshu\OneDrive\Documents\dnd\00 - Campaigns\Northwatch Wardens - (HomeBrew)\web\server.js".
2026-06-10 14:25:18: Warning: Cannot polyfill `Path2D`, rendering may be broken: "Error: Cannot find module 'canvas'
2026-06-10 14:25:18: Require stack:
2026-06-10 14:25:18: - C:\Users\joshu\OneDrive\Documents\dnd\00 - Campaigns\Northwatch Wardens - (HomeBrew)\web\node_modules\pdfjs-dist\legacy\build\pdf.js
2026-06-10 14:25:18: - C:\Users\joshu\OneDrive\Documents\dnd\00 - Campaigns\Northwatch Wardens - (HomeBrew)\web\lib\pdf-indexer.js
2026-06-10 14:25:18: - C:\Users\joshu\OneDrive\Documents\dnd\00 - Campaigns\Northwatch Wardens - (HomeBrew)\web\server.js".
2026-06-10 14:25:21: Warning: Cannot polyfill `DOMMatrix`, rendering may be broken: "Error: Cannot find module 'canvas'
2026-06-10 14:25:21: Require stack:
2026-06-10 14:25:21: - C:\Users\joshu\OneDrive\Documents\dnd\00 - Campaigns\Northwatch Wardens - (HomeBrew)\web\node_modules\pdfjs-dist\legacy\build\pdf.js
2026-06-10 14:25:21: - C:\Users\joshu\OneDrive\Documents\dnd\00 - Campaigns\Northwatch Wardens - (HomeBrew)\web\lib\pdf-indexer.js
2026-06-10 14:25:21: - C:\Users\joshu\OneDrive\Documents\dnd\00 - Campaigns\Northwatch Wardens - (HomeBrew)\web\server.js".
2026-06-10 14:25:21: Warning: Cannot polyfill `Path2D`, rendering may be broken: "Error: Cannot find module 'canvas'
2026-06-10 14:25:21: Require stack:
2026-06-10 14:25:21: - C:\Users\joshu\OneDrive\Documents\dnd\00 - Campaigns\Northwatch Wardens - (HomeBrew)\web\node_modules\pdfjs-dist\legacy\build\pdf.js
2026-06-10 14:25:21: - C:\Users\joshu\OneDrive\Documents\dnd\00 - Campaigns\Northwatch Wardens - (HomeBrew)\web\lib\pdf-indexer.js
2026-06-10 14:25:21: - C:\Users\joshu\OneDrive\Documents\dnd\00 - Campaigns\Northwatch Wardens - (HomeBrew)\web\server.js".
2026-06-10 14:25:24: Warning: Cannot polyfill `DOMMatrix`, rendering may be broken: "Error: Cannot find module 'canvas'
2026-06-10 14:25:24: Require stack:
2026-06-10 14:25:24: - C:\Users\joshu\OneDrive\Documents\dnd\00 - Campaigns\Northwatch Wardens - (HomeBrew)\web\node_modules\pdfjs-dist\legacy\build\pdf.js
2026-06-10 14:25:24: - C:\Users\joshu\OneDrive\Documents\dnd\00 - Campaigns\Northwatch Wardens - (HomeBrew)\web\lib\pdf-indexer.js
2026-06-10 14:25:24: - C:\Users\joshu\OneDrive\Documents\dnd\00 - Campaigns\Northwatch Wardens - (HomeBrew)\web\server.js".
2026-06-10 14:25:24: Warning: Cannot polyfill `Path2D`, rendering may be broken: "Error: Cannot find module 'canvas'
2026-06-10 14:25:24: Require stack:
2026-06-10 14:25:24: - C:\Users\joshu\OneDrive\Documents\dnd\00 - Campaigns\Northwatch Wardens - (HomeBrew)\web\node_modules\pdfjs-dist\legacy\build\pdf.js
2026-06-10 14:25:24: - C:\Users\joshu\OneDrive\Documents\dnd\00 - Campaigns\Northwatch Wardens - (HomeBrew)\web\lib\pdf-indexer.js
2026-06-10 14:25:24: - C:\Users\joshu\OneDrive\Documents\dnd\00 - Campaigns\Northwatch Wardens - (HomeBrew)\web\server.js".
2026-06-10 14:25:27: Warning: Cannot polyfill `DOMMatrix`, rendering may be broken: "Error: Cannot find module 'canvas'
2026-06-10 14:25:27: Require stack:
2026-06-10 14:25:27: - C:\Users\joshu\OneDrive\Documents\dnd\00 - Campaigns\Northwatch Wardens - (HomeBrew)\web\node_modules\pdfjs-dist\legacy\build\pdf.js
2026-06-10 14:25:27: - C:\Users\joshu\OneDrive\Documents\dnd\00 - Campaigns\Northwatch Wardens - (HomeBrew)\web\lib\pdf-indexer.js
2026-06-10 14:25:27: - C:\Users\joshu\OneDrive\Documents\dnd\00 - Campaigns\Northwatch Wardens - (HomeBrew)\web\server.js".
2026-06-10 14:25:27: Warning: Cannot polyfill `Path2D`, rendering may be broken: "Error: Cannot find module 'canvas'
2026-06-10 14:25:27: Require stack:
2026-06-10 14:25:27: - C:\Users\joshu\OneDrive\Documents\dnd\00 - Campaigns\Northwatch Wardens - (HomeBrew)\web\node_modules\pdfjs-dist\legacy\build\pdf.js
2026-06-10 14:25:27: - C:\Users\joshu\OneDrive\Documents\dnd\00 - Campaigns\Northwatch Wardens - (HomeBrew)\web\lib\pdf-indexer.js
2026-06-10 14:25:27: - C:\Users\joshu\OneDrive\Documents\dnd\00 - Campaigns\Northwatch Wardens - (HomeBrew)\web\server.js".
2026-06-10 14:25:30: Warning: Cannot polyfill `DOMMatrix`, rendering may be broken: "Error: Cannot find module 'canvas'
2026-06-10 14:25:30: Require stack:
2026-06-10 14:25:30: - C:\Users\joshu\OneDrive\Documents\dnd\00 - Campaigns\Northwatch Wardens - (HomeBrew)\web\node_modules\pdfjs-dist\legacy\build\pdf.js
2026-06-10 14:25:30: - C:\Users\joshu\OneDrive\Documents\dnd\00 - Campaigns\Northwatch Wardens - (HomeBrew)\web\lib\pdf-indexer.js
2026-06-10 14:25:30: - C:\Users\joshu\OneDrive\Documents\dnd\00 - Campaigns\Northwatch Wardens - (HomeBrew)\web\server.js".
2026-06-10 14:25:30: Warning: Cannot polyfill `Path2D`, rendering may be broken: "Error: Cannot find module 'canvas'
2026-06-10 14:25:30: Require stack:
2026-06-10 14:25:30: - C:\Users\joshu\OneDrive\Documents\dnd\00 - Campaigns\Northwatch Wardens - (HomeBrew)\web\node_modules\pdfjs-dist\legacy\build\pdf.js
2026-06-10 14:25:30: - C:\Users\joshu\OneDrive\Documents\dnd\00 - Campaigns\Northwatch Wardens - (HomeBrew)\web\lib\pdf-indexer.js
2026-06-10 14:25:30: - C:\Users\joshu\OneDrive\Documents\dnd\00 - Campaigns\Northwatch Wardens - (HomeBrew)\web\server.js".
2026-06-10 14:25:32: Warning: Cannot polyfill `DOMMatrix`, rendering may be broken: "Error: Cannot find module 'canvas'
2026-06-10 14:25:32: Require stack:
2026-06-10 14:25:32: - C:\Users\joshu\OneDrive\Documents\dnd\00 - Campaigns\Northwatch Wardens - (HomeBrew)\web\node_modules\pdfjs-dist\legacy\build\pdf.js
2026-06-10 14:25:32: - C:\Users\joshu\OneDrive\Documents\dnd\00 - Campaigns\Northwatch Wardens - (HomeBrew)\web\lib\pdf-indexer.js
2026-06-10 14:25:32: - C:\Users\joshu\OneDrive\Documents\dnd\00 - Campaigns\Northwatch Wardens - (HomeBrew)\web\server.js".
2026-06-10 14:25:33: Warning: Cannot polyfill `Path2D`, rendering may be broken: "Error: Cannot find module 'canvas'
2026-06-10 14:25:33: Require stack:
2026-06-10 14:25:33: - C:\Users\joshu\OneDrive\Documents\dnd\00 - Campaigns\Northwatch Wardens - (HomeBrew)\web\node_modules\pdfjs-dist\legacy\build\pdf.js
2026-06-10 14:25:33: - C:\Users\joshu\OneDrive\Documents\dnd\00 - Campaigns\Northwatch Wardens - (HomeBrew)\web\lib\pdf-indexer.js
2026-06-10 14:25:33: - C:\Users\joshu\OneDrive\Documents\dnd\00 - Campaigns\Northwatch Wardens - (HomeBrew)\web\server.js".
2026-06-10 14:25:36: Warning: Cannot polyfill `DOMMatrix`, rendering may be broken: "Error: Cannot find module 'canvas'
2026-06-10 14:25:36: Require stack:
2026-06-10 14:25:36: - C:\Users\joshu\OneDrive\Documents\dnd\00 - Campaigns\Northwatch Wardens - (HomeBrew)\web\node_modules\pdfjs-dist\legacy\build\pdf.js
2026-06-10 14:25:36: - C:\Users\joshu\OneDrive\Documents\dnd\00 - Campaigns\Northwatch Wardens - (HomeBrew)\web\lib\pdf-indexer.js
2026-06-10 14:25:36: - C:\Users\joshu\OneDrive\Documents\dnd\00 - Campaigns\Northwatch Wardens - (HomeBrew)\web\server.js".
2026-06-10 14:25:36: Warning: Cannot polyfill `Path2D`, rendering may be broken: "Error: Cannot find module 'canvas'
2026-06-10 14:25:36: Require stack:
2026-06-10 14:25:36: - C:\Users\joshu\OneDrive\Documents\dnd\00 - Campaigns\Northwatch Wardens - (HomeBrew)\web\node_modules\pdfjs-dist\legacy\build\pdf.js
2026-06-10 14:25:36: - C:\Users\joshu\OneDrive\Documents\dnd\00 - Campaigns\Northwatch Wardens - (HomeBrew)\web\lib\pdf-indexer.js
2026-06-10 14:25:36: - C:\Users\joshu\OneDrive\Documents\dnd\00 - Campaigns\Northwatch Wardens - (HomeBrew)\web\server.js".
2026-06-10 14:25:41: Warning: Cannot polyfill `DOMMatrix`, rendering may be broken: "Error: Cannot find module 'canvas'
2026-06-10 14:25:41: Require stack:
2026-06-10 14:25:41: - C:\Users\joshu\OneDrive\Documents\dnd\00 - Campaigns\Northwatch Wardens - (HomeBrew)\web\node_modules\pdfjs-dist\legacy\build\pdf.js
2026-06-10 14:25:41: - C:\Users\joshu\OneDrive\Documents\dnd\00 - Campaigns\Northwatch Wardens - (HomeBrew)\web\lib\pdf-indexer.js
2026-06-10 14:25:41: - C:\Users\joshu\OneDrive\Documents\dnd\00 - Campaigns\Northwatch Wardens - (HomeBrew)\web\server.js".
2026-06-10 14:25:41: Warning: Cannot polyfill `Path2D`, rendering may be broken: "Error: Cannot find module 'canvas'
2026-06-10 14:25:41: Require stack:
2026-06-10 14:25:41: - C:\Users\joshu\OneDrive\Documents\dnd\00 - Campaigns\Northwatch Wardens - (HomeBrew)\web\node_modules\pdfjs-dist\legacy\build\pdf.js
2026-06-10 14:25:41: - C:\Users\joshu\OneDrive\Documents\dnd\00 - Campaigns\Northwatch Wardens - (HomeBrew)\web\lib\pdf-indexer.js
2026-06-10 14:25:41: - C:\Users\joshu\OneDrive\Documents\dnd\00 - Campaigns\Northwatch Wardens - (HomeBrew)\web\server.js".
2026-06-10 14:25:44: Warning: Cannot polyfill `DOMMatrix`, rendering may be broken: "Error: Cannot find module 'canvas'
2026-06-10 14:25:44: Require stack:
2026-06-10 14:25:44: - C:\Users\joshu\OneDrive\Documents\dnd\00 - Campaigns\Northwatch Wardens - (HomeBrew)\web\node_modules\pdfjs-dist\legacy\build\pdf.js
2026-06-10 14:25:44: - C:\Users\joshu\OneDrive\Documents\dnd\00 - Campaigns\Northwatch Wardens - (HomeBrew)\web\lib\pdf-indexer.js
2026-06-10 14:25:44: - C:\Users\joshu\OneDrive\Documents\dnd\00 - Campaigns\Northwatch Wardens - (HomeBrew)\web\server.js".
2026-06-10 14:25:44: Warning: Cannot polyfill `Path2D`, rendering may be broken: "Error: Cannot find module 'canvas'
2026-06-10 14:25:44: Require stack:
2026-06-10 14:25:44: - C:\Users\joshu\OneDrive\Documents\dnd\00 - Campaigns\Northwatch Wardens - (HomeBrew)\web\node_modules\pdfjs-dist\legacy\build\pdf.js
2026-06-10 14:25:44: - C:\Users\joshu\OneDrive\Documents\dnd\00 - Campaigns\Northwatch Wardens - (HomeBrew)\web\lib\pdf-indexer.js
2026-06-10 14:25:44: - C:\Users\joshu\OneDrive\Documents\dnd\00 - Campaigns\Northwatch Wardens - (HomeBrew)\web\server.js".
2026-06-10 14:25:48: Warning: Cannot polyfill `DOMMatrix`, rendering may be broken: "Error: Cannot find module 'canvas'
2026-06-10 14:25:48: Require stack:
2026-06-10 14:25:48: - C:\Users\joshu\OneDrive\Documents\dnd\00 - Campaigns\Northwatch Wardens - (HomeBrew)\web\node_modules\pdfjs-dist\legacy\build\pdf.js
2026-06-10 14:25:48: - C:\Users\joshu\OneDrive\Documents\dnd\00 - Campaigns\Northwatch Wardens - (HomeBrew)\web\lib\pdf-indexer.js
2026-06-10 14:25:48: - C:\Users\joshu\OneDrive\Documents\dnd\00 - Campaigns\Northwatch Wardens - (HomeBrew)\web\server.js".
2026-06-10 14:25:48: Warning: Cannot polyfill `Path2D`, rendering may be broken: "Error: Cannot find module 'canvas'
2026-06-10 14:25:48: Require stack:
2026-06-10 14:25:48: - C:\Users\joshu\OneDrive\Documents\dnd\00 - Campaigns\Northwatch Wardens - (HomeBrew)\web\node_modules\pdfjs-dist\legacy\build\pdf.js
2026-06-10 14:25:48: - C:\Users\joshu\OneDrive\Documents\dnd\00 - Campaigns\Northwatch Wardens - (HomeBrew)\web\lib\pdf-indexer.js
2026-06-10 14:25:48: - C:\Users\joshu\OneDrive\Documents\dnd\00 - Campaigns\Northwatch Wardens - (HomeBrew)\web\server.js".
2026-06-10 14:25:51: Warning: Cannot polyfill `DOMMatrix`, rendering may be broken: "Error: Cannot find module 'canvas'
2026-06-10 14:25:51: Require stack:
2026-06-10 14:25:51: - C:\Users\joshu\OneDrive\Documents\dnd\00 - Campaigns\Northwatch Wardens - (HomeBrew)\web\node_modules\pdfjs-dist\legacy\build\pdf.js
2026-06-10 14:25:51: - C:\Users\joshu\OneDrive\Documents\dnd\00 - Campaigns\Northwatch Wardens - (HomeBrew)\web\lib\pdf-indexer.js
2026-06-10 14:25:51: - C:\Users\joshu\OneDrive\Documents\dnd\00 - Campaigns\Northwatch Wardens - (HomeBrew)\web\server.js".
2026-06-10 14:25:51: Warning: Cannot polyfill `Path2D`, rendering may be broken: "Error: Cannot find module 'canvas'
2026-06-10 14:25:51: Require stack:
2026-06-10 14:25:51: - C:\Users\joshu\OneDrive\Documents\dnd\00 - Campaigns\Northwatch Wardens - (HomeBrew)\web\node_modules\pdfjs-dist\legacy\build\pdf.js
2026-06-10 14:25:51: - C:\Users\joshu\OneDrive\Documents\dnd\00 - Campaigns\Northwatch Wardens - (HomeBrew)\web\lib\pdf-indexer.js
2026-06-10 14:25:51: - C:\Users\joshu\OneDrive\Documents\dnd\00 - Campaigns\Northwatch Wardens - (HomeBrew)\web\server.js".
2026-06-10 14:25:56: Warning: Cannot polyfill `DOMMatrix`, rendering may be broken: "Error: Cannot find module 'canvas'
2026-06-10 14:25:56: Require stack:
2026-06-10 14:25:56: - C:\Users\joshu\OneDrive\Documents\dnd\00 - Campaigns\Northwatch Wardens - (HomeBrew)\web\node_modules\pdfjs-dist\legacy\build\pdf.js
2026-06-10 14:25:56: - C:\Users\joshu\OneDrive\Documents\dnd\00 - Campaigns\Northwatch Wardens - (HomeBrew)\web\lib\pdf-indexer.js
2026-06-10 14:25:56: - C:\Users\joshu\OneDrive\Documents\dnd\00 - Campaigns\Northwatch Wardens - (HomeBrew)\web\server.js".
2026-06-10 14:25:56: Warning: Cannot polyfill `Path2D`, rendering may be broken: "Error: Cannot find module 'canvas'
2026-06-10 14:25:56: Require stack:
2026-06-10 14:25:56: - C:\Users\joshu\OneDrive\Documents\dnd\00 - Campaigns\Northwatch Wardens - (HomeBrew)\web\node_modules\pdfjs-dist\legacy\build\pdf.js
2026-06-10 14:25:56: - C:\Users\joshu\OneDrive\Documents\dnd\00 - Campaigns\Northwatch Wardens - (HomeBrew)\web\lib\pdf-indexer.js
2026-06-10 14:25:56: - C:\Users\joshu\OneDrive\Documents\dnd\00 - Campaigns\Northwatch Wardens - (HomeBrew)\web\server.js".
2026-06-10 14:26:00: Warning: Cannot polyfill `DOMMatrix`, rendering may be broken: "Error: Cannot find module 'canvas'
2026-06-10 14:26:00: Require stack:
2026-06-10 14:26:00: - C:\Users\joshu\OneDrive\Documents\dnd\00 - Campaigns\Northwatch Wardens - (HomeBrew)\web\node_modules\pdfjs-dist\legacy\build\pdf.js
2026-06-10 14:26:00: - C:\Users\joshu\OneDrive\Documents\dnd\00 - Campaigns\Northwatch Wardens - (HomeBrew)\web\lib\pdf-indexer.js
2026-06-10 14:26:00: - C:\Users\joshu\OneDrive\Documents\dnd\00 - Campaigns\Northwatch Wardens - (HomeBrew)\web\server.js".
2026-06-10 14:26:00: Warning: Cannot polyfill `Path2D`, rendering may be broken: "Error: Cannot find module 'canvas'
2026-06-10 14:26:00: Require stack:
2026-06-10 14:26:00: - C:\Users\joshu\OneDrive\Documents\dnd\00 - Campaigns\Northwatch Wardens - (HomeBrew)\web\node_modules\pdfjs-dist\legacy\build\pdf.js
2026-06-10 14:26:00: - C:\Users\joshu\OneDrive\Documents\dnd\00 - Campaigns\Northwatch Wardens - (HomeBrew)\web\lib\pdf-indexer.js
2026-06-10 14:26:00: - C:\Users\joshu\OneDrive\Documents\dnd\00 - Campaigns\Northwatch Wardens - (HomeBrew)\web\server.js".
2026-06-10 14:26:04: Warning: Cannot polyfill `DOMMatrix`, rendering may be broken: "Error: Cannot find module 'canvas'
2026-06-10 14:26:04: Require stack:
2026-06-10 14:26:04: - C:\Users\joshu\OneDrive\Documents\dnd\00 - Campaigns\Northwatch Wardens - (HomeBrew)\web\node_modules\pdfjs-dist\legacy\build\pdf.js
2026-06-10 14:26:04: - C:\Users\joshu\OneDrive\Documents\dnd\00 - Campaigns\Northwatch Wardens - (HomeBrew)\web\lib\pdf-indexer.js
2026-06-10 14:26:04: - C:\Users\joshu\OneDrive\Documents\dnd\00 - Campaigns\Northwatch Wardens - (HomeBrew)\web\server.js".
2026-06-10 14:26:04: Warning: Cannot polyfill `Path2D`, rendering may be broken: "Error: Cannot find module 'canvas'
2026-06-10 14:26:04: Require stack:
2026-06-10 14:26:04: - C:\Users\joshu\OneDrive\Documents\dnd\00 - Campaigns\Northwatch Wardens - (HomeBrew)\web\node_modules\pdfjs-dist\legacy\build\pdf.js
2026-06-10 14:26:04: - C:\Users\joshu\OneDrive\Documents\dnd\00 - Campaigns\Northwatch Wardens - (HomeBrew)\web\lib\pdf-indexer.js
2026-06-10 14:26:04: - C:\Users\joshu\OneDrive\Documents\dnd\00 - Campaigns\Northwatch Wardens - (HomeBrew)\web\server.js".
2026-06-10 14:26:07: Warning: Cannot polyfill `DOMMatrix`, rendering may be broken: "Error: Cannot find module 'canvas'
2026-06-10 14:26:07: Require stack:
2026-06-10 14:26:07: - C:\Users\joshu\OneDrive\Documents\dnd\00 - Campaigns\Northwatch Wardens - (HomeBrew)\web\node_modules\pdfjs-dist\legacy\build\pdf.js
2026-06-10 14:26:07: - C:\Users\joshu\OneDrive\Documents\dnd\00 - Campaigns\Northwatch Wardens - (HomeBrew)\web\lib\pdf-indexer.js
2026-06-10 14:26:07: - C:\Users\joshu\OneDrive\Documents\dnd\00 - Campaigns\Northwatch Wardens - (HomeBrew)\web\server.js".
2026-06-10 14:26:07: Warning: Cannot polyfill `Path2D`, rendering may be broken: "Error: Cannot find module 'canvas'
2026-06-10 14:26:07: Require stack:
2026-06-10 14:26:07: - C:\Users\joshu\OneDrive\Documents\dnd\00 - Campaigns\Northwatch Wardens - (HomeBrew)\web\node_modules\pdfjs-dist\legacy\build\pdf.js
2026-06-10 14:26:07: - C:\Users\joshu\OneDrive\Documents\dnd\00 - Campaigns\Northwatch Wardens - (HomeBrew)\web\lib\pdf-indexer.js
2026-06-10 14:26:07: - C:\Users\joshu\OneDrive\Documents\dnd\00 - Campaigns\Northwatch Wardens - (HomeBrew)\web\server.js".
2026-06-10 14:26:11: Warning: Cannot polyfill `DOMMatrix`, rendering may be broken: "Error: Cannot find module 'canvas'
2026-06-10 14:26:11: Require stack:
2026-06-10 14:26:11: - C:\Users\joshu\OneDrive\Documents\dnd\00 - Campaigns\Northwatch Wardens - (HomeBrew)\web\node_modules\pdfjs-dist\legacy\build\pdf.js
2026-06-10 14:26:11: - C:\Users\joshu\OneDrive\Documents\dnd\00 - Campaigns\Northwatch Wardens - (HomeBrew)\web\lib\pdf-indexer.js
2026-06-10 14:26:11: - C:\Users\joshu\OneDrive\Documents\dnd\00 - Campaigns\Northwatch Wardens - (HomeBrew)\web\server.js".
2026-06-10 14:26:11: Warning: Cannot polyfill `Path2D`, rendering may be broken: "Error: Cannot find module 'canvas'
2026-06-10 14:26:11: Require stack:
2026-06-10 14:26:11: - C:\Users\joshu\OneDrive\Documents\dnd\00 - Campaigns\Northwatch Wardens - (HomeBrew)\web\node_modules\pdfjs-dist\legacy\build\pdf.js
2026-06-10 14:26:11: - C:\Users\joshu\OneDrive\Documents\dnd\00 - Campaigns\Northwatch Wardens - (HomeBrew)\web\lib\pdf-indexer.js
2026-06-10 14:26:11: - C:\Users\joshu\OneDrive\Documents\dnd\00 - Campaigns\Northwatch Wardens - (HomeBrew)\web\server.js".
2026-06-10 14:26:16: Warning: Cannot polyfill `DOMMatrix`, rendering may be broken: "Error: Cannot find module 'canvas'
2026-06-10 14:26:16: Require stack:
2026-06-10 14:26:16: - C:\Users\joshu\OneDrive\Documents\dnd\00 - Campaigns\Northwatch Wardens - (HomeBrew)\web\node_modules\pdfjs-dist\legacy\build\pdf.js
2026-06-10 14:26:16: - C:\Users\joshu\OneDrive\Documents\dnd\00 - Campaigns\Northwatch Wardens - (HomeBrew)\web\lib\pdf-indexer.js
2026-06-10 14:26:16: - C:\Users\joshu\OneDrive\Documents\dnd\00 - Campaigns\Northwatch Wardens - (HomeBrew)\web\server.js".
2026-06-10 14:26:16: Warning: Cannot polyfill `Path2D`, rendering may be broken: "Error: Cannot find module 'canvas'
2026-06-10 14:26:16: Require stack:
2026-06-10 14:26:16: - C:\Users\joshu\OneDrive\Documents\dnd\00 - Campaigns\Northwatch Wardens - (HomeBrew)\web\node_modules\pdfjs-dist\legacy\build\pdf.js
2026-06-10 14:26:16: - C:\Users\joshu\OneDrive\Documents\dnd\00 - Campaigns\Northwatch Wardens - (HomeBrew)\web\lib\pdf-indexer.js
2026-06-10 14:26:16: - C:\Users\joshu\OneDrive\Documents\dnd\00 - Campaigns\Northwatch Wardens - (HomeBrew)\web\server.js".
2026-06-10 14:26:18: Warning: Cannot polyfill `DOMMatrix`, rendering may be broken: "Error: Cannot find module 'canvas'
2026-06-10 14:26:18: Require stack:
2026-06-10 14:26:18: - C:\Users\joshu\OneDrive\Documents\dnd\00 - Campaigns\Northwatch Wardens - (HomeBrew)\web\node_modules\pdfjs-dist\legacy\build\pdf.js
2026-06-10 14:26:18: - C:\Users\joshu\OneDrive\Documents\dnd\00 - Campaigns\Northwatch Wardens - (HomeBrew)\web\lib\pdf-indexer.js
2026-06-10 14:26:18: - C:\Users\joshu\OneDrive\Documents\dnd\00 - Campaigns\Northwatch Wardens - (HomeBrew)\web\server.js".
2026-06-10 14:26:18: Warning: Cannot polyfill `Path2D`, rendering may be broken: "Error: Cannot find module 'canvas'
2026-06-10 14:26:18: Require stack:
2026-06-10 14:26:18: - C:\Users\joshu\OneDrive\Documents\dnd\00 - Campaigns\Northwatch Wardens - (HomeBrew)\web\node_modules\pdfjs-dist\legacy\build\pdf.js
2026-06-10 14:26:18: - C:\Users\joshu\OneDrive\Documents\dnd\00 - Campaigns\Northwatch Wardens - (HomeBrew)\web\lib\pdf-indexer.js
2026-06-10 14:26:18: - C:\Users\joshu\OneDrive\Documents\dnd\00 - Campaigns\Northwatch Wardens - (HomeBrew)\web\server.js".
2026-06-10 14:26:21: Warning: Cannot polyfill `DOMMatrix`, rendering may be broken: "Error: Cannot find module 'canvas'
2026-06-10 14:26:21: Require stack:
2026-06-10 14:26:21: - C:\Users\joshu\OneDrive\Documents\dnd\00 - Campaigns\Northwatch Wardens - (HomeBrew)\web\node_modules\pdfjs-dist\legacy\build\pdf.js
2026-06-10 14:26:21: - C:\Users\joshu\OneDrive\Documents\dnd\00 - Campaigns\Northwatch Wardens - (HomeBrew)\web\lib\pdf-indexer.js
2026-06-10 14:26:21: - C:\Users\joshu\OneDrive\Documents\dnd\00 - Campaigns\Northwatch Wardens - (HomeBrew)\web\server.js".
2026-06-10 14:26:21: Warning: Cannot polyfill `Path2D`, rendering may be broken: "Error: Cannot find module 'canvas'
2026-06-10 14:26:21: Require stack:
2026-06-10 14:26:21: - C:\Users\joshu\OneDrive\Documents\dnd\00 - Campaigns\Northwatch Wardens - (HomeBrew)\web\node_modules\pdfjs-dist\legacy\build\pdf.js
2026-06-10 14:26:21: - C:\Users\joshu\OneDrive\Documents\dnd\00 - Campaigns\Northwatch Wardens - (HomeBrew)\web\lib\pdf-indexer.js
2026-06-10 14:26:21: - C:\Users\joshu\OneDrive\Documents\dnd\00 - Campaigns\Northwatch Wardens - (HomeBrew)\web\server.js".
2026-06-10 14:26:24: Warning: Cannot polyfill `DOMMatrix`, rendering may be broken: "Error: Cannot find module 'canvas'
2026-06-10 14:26:24: Require stack:
2026-06-10 14:26:24: - C:\Users\joshu\OneDrive\Documents\dnd\00 - Campaigns\Northwatch Wardens - (HomeBrew)\web\node_modules\pdfjs-dist\legacy\build\pdf.js
2026-06-10 14:26:24: - C:\Users\joshu\OneDrive\Documents\dnd\00 - Campaigns\Northwatch Wardens - (HomeBrew)\web\lib\pdf-indexer.js
2026-06-10 14:26:24: - C:\Users\joshu\OneDrive\Documents\dnd\00 - Campaigns\Northwatch Wardens - (HomeBrew)\web\server.js".
2026-06-10 14:26:24: Warning: Cannot polyfill `Path2D`, rendering may be broken: "Error: Cannot find module 'canvas'
2026-06-10 14:26:24: Require stack:
2026-06-10 14:26:24: - C:\Users\joshu\OneDrive\Documents\dnd\00 - Campaigns\Northwatch Wardens - (HomeBrew)\web\node_modules\pdfjs-dist\legacy\build\pdf.js
2026-06-10 14:26:24: - C:\Users\joshu\OneDrive\Documents\dnd\00 - Campaigns\Northwatch Wardens - (HomeBrew)\web\lib\pdf-indexer.js
2026-06-10 14:26:24: - C:\Users\joshu\OneDrive\Documents\dnd\00 - Campaigns\Northwatch Wardens - (HomeBrew)\web\server.js".
2026-06-10 14:26:27: Warning: Cannot polyfill `DOMMatrix`, rendering may be broken: "Error: Cannot find module 'canvas'
2026-06-10 14:26:27: Require stack:
2026-06-10 14:26:27: - C:\Users\joshu\OneDrive\Documents\dnd\00 - Campaigns\Northwatch Wardens - (HomeBrew)\web\node_modules\pdfjs-dist\legacy\build\pdf.js
2026-06-10 14:26:27: - C:\Users\joshu\OneDrive\Documents\dnd\00 - Campaigns\Northwatch Wardens - (HomeBrew)\web\lib\pdf-indexer.js
2026-06-10 14:26:27: - C:\Users\joshu\OneDrive\Documents\dnd\00 - Campaigns\Northwatch Wardens - (HomeBrew)\web\server.js".
2026-06-10 14:26:27: Warning: Cannot polyfill `Path2D`, rendering may be broken: "Error: Cannot find module 'canvas'
2026-06-10 14:26:27: Require stack:
2026-06-10 14:26:27: - C:\Users\joshu\OneDrive\Documents\dnd\00 - Campaigns\Northwatch Wardens - (HomeBrew)\web\node_modules\pdfjs-dist\legacy\build\pdf.js
2026-06-10 14:26:27: - C:\Users\joshu\OneDrive\Documents\dnd\00 - Campaigns\Northwatch Wardens - (HomeBrew)\web\lib\pdf-indexer.js
2026-06-10 14:26:27: - C:\Users\joshu\OneDrive\Documents\dnd\00 - Campaigns\Northwatch Wardens - (HomeBrew)\web\server.js".
2026-06-10 14:26:30: Warning: Cannot polyfill `DOMMatrix`, rendering may be broken: "Error: Cannot find module 'canvas'
2026-06-10 14:26:30: Require stack:
2026-06-10 14:26:30: - C:\Users\joshu\OneDrive\Documents\dnd\00 - Campaigns\Northwatch Wardens - (HomeBrew)\web\node_modules\pdfjs-dist\legacy\build\pdf.js
2026-06-10 14:26:30: - C:\Users\joshu\OneDrive\Documents\dnd\00 - Campaigns\Northwatch Wardens - (HomeBrew)\web\lib\pdf-indexer.js
2026-06-10 14:26:30: - C:\Users\joshu\OneDrive\Documents\dnd\00 - Campaigns\Northwatch Wardens - (HomeBrew)\web\server.js".
2026-06-10 14:26:30: Warning: Cannot polyfill `Path2D`, rendering may be broken: "Error: Cannot find module 'canvas'
2026-06-10 14:26:30: Require stack:
2026-06-10 14:26:30: - C:\Users\joshu\OneDrive\Documents\dnd\00 - Campaigns\Northwatch Wardens - (HomeBrew)\web\node_modules\pdfjs-dist\legacy\build\pdf.js
2026-06-10 14:26:30: - C:\Users\joshu\OneDrive\Documents\dnd\00 - Campaigns\Northwatch Wardens - (HomeBrew)\web\lib\pdf-indexer.js
2026-06-10 14:26:30: - C:\Users\joshu\OneDrive\Documents\dnd\00 - Campaigns\Northwatch Wardens - (HomeBrew)\web\server.js".
2026-06-10 14:26:33: Warning: Cannot polyfill `DOMMatrix`, rendering may be broken: "Error: Cannot find module 'canvas'
2026-06-10 14:26:33: Require stack:
2026-06-10 14:26:33: - C:\Users\joshu\OneDrive\Documents\dnd\00 - Campaigns\Northwatch Wardens - (HomeBrew)\web\node_modules\pdfjs-dist\legacy\build\pdf.js
2026-06-10 14:26:33: - C:\Users\joshu\OneDrive\Documents\dnd\00 - Campaigns\Northwatch Wardens - (HomeBrew)\web\lib\pdf-indexer.js
2026-06-10 14:26:33: - C:\Users\joshu\OneDrive\Documents\dnd\00 - Campaigns\Northwatch Wardens - (HomeBrew)\web\server.js".
2026-06-10 14:26:33: Warning: Cannot polyfill `Path2D`, rendering may be broken: "Error: Cannot find module 'canvas'
2026-06-10 14:26:33: Require stack:
2026-06-10 14:26:33: - C:\Users\joshu\OneDrive\Documents\dnd\00 - Campaigns\Northwatch Wardens - (HomeBrew)\web\node_modules\pdfjs-dist\legacy\build\pdf.js
2026-06-10 14:26:33: - C:\Users\joshu\OneDrive\Documents\dnd\00 - Campaigns\Northwatch Wardens - (HomeBrew)\web\lib\pdf-indexer.js
2026-06-10 14:26:33: - C:\Users\joshu\OneDrive\Documents\dnd\00 - Campaigns\Northwatch Wardens - (HomeBrew)\web\server.js".
2026-06-10 14:26:37: Warning: Cannot polyfill `DOMMatrix`, rendering may be broken: "Error: Cannot find module 'canvas'
2026-06-10 14:26:37: Require stack:
2026-06-10 14:26:37: - C:\Users\joshu\OneDrive\Documents\dnd\00 - Campaigns\Northwatch Wardens - (HomeBrew)\web\node_modules\pdfjs-dist\legacy\build\pdf.js
2026-06-10 14:26:37: - C:\Users\joshu\OneDrive\Documents\dnd\00 - Campaigns\Northwatch Wardens - (HomeBrew)\web\lib\pdf-indexer.js
2026-06-10 14:26:37: - C:\Users\joshu\OneDrive\Documents\dnd\00 - Campaigns\Northwatch Wardens - (HomeBrew)\web\server.js".
2026-06-10 14:26:37: Warning: Cannot polyfill `Path2D`, rendering may be broken: "Error: Cannot find module 'canvas'
2026-06-10 14:26:37: Require stack:
2026-06-10 14:26:37: - C:\Users\joshu\OneDrive\Documents\dnd\00 - Campaigns\Northwatch Wardens - (HomeBrew)\web\node_modules\pdfjs-dist\legacy\build\pdf.js
2026-06-10 14:26:37: - C:\Users\joshu\OneDrive\Documents\dnd\00 - Campaigns\Northwatch Wardens - (HomeBrew)\web\lib\pdf-indexer.js
2026-06-10 14:26:37: - C:\Users\joshu\OneDrive\Documents\dnd\00 - Campaigns\Northwatch Wardens - (HomeBrew)\web\server.js".
2026-06-10 14:26:41: Warning: Cannot polyfill `DOMMatrix`, rendering may be broken: "Error: Cannot find module 'canvas'
2026-06-10 14:26:41: Require stack:
2026-06-10 14:26:41: - C:\Users\joshu\OneDrive\Documents\dnd\00 - Campaigns\Northwatch Wardens - (HomeBrew)\web\node_modules\pdfjs-dist\legacy\build\pdf.js
2026-06-10 14:26:41: - C:\Users\joshu\OneDrive\Documents\dnd\00 - Campaigns\Northwatch Wardens - (HomeBrew)\web\lib\pdf-indexer.js
2026-06-10 14:26:41: - C:\Users\joshu\OneDrive\Documents\dnd\00 - Campaigns\Northwatch Wardens - (HomeBrew)\web\server.js".
2026-06-10 14:26:41: Warning: Cannot polyfill `Path2D`, rendering may be broken: "Error: Cannot find module 'canvas'
2026-06-10 14:26:41: Require stack:
2026-06-10 14:26:41: - C:\Users\joshu\OneDrive\Documents\dnd\00 - Campaigns\Northwatch Wardens - (HomeBrew)\web\node_modules\pdfjs-dist\legacy\build\pdf.js
2026-06-10 14:26:41: - C:\Users\joshu\OneDrive\Documents\dnd\00 - Campaigns\Northwatch Wardens - (HomeBrew)\web\lib\pdf-indexer.js
2026-06-10 14:26:41: - C:\Users\joshu\OneDrive\Documents\dnd\00 - Campaigns\Northwatch Wardens - (HomeBrew)\web\server.js".
2026-06-10 14:26:45: Warning: Cannot polyfill `DOMMatrix`, rendering may be broken: "Error: Cannot find module 'canvas'
2026-06-10 14:26:45: Require stack:
2026-06-10 14:26:45: - C:\Users\joshu\OneDrive\Documents\dnd\00 - Campaigns\Northwatch Wardens - (HomeBrew)\web\node_modules\pdfjs-dist\legacy\build\pdf.js
2026-06-10 14:26:45: - C:\Users\joshu\OneDrive\Documents\dnd\00 - Campaigns\Northwatch Wardens - (HomeBrew)\web\lib\pdf-indexer.js
2026-06-10 14:26:45: - C:\Users\joshu\OneDrive\Documents\dnd\00 - Campaigns\Northwatch Wardens - (HomeBrew)\web\server.js".
2026-06-10 14:26:45: Warning: Cannot polyfill `Path2D`, rendering may be broken: "Error: Cannot find module 'canvas'
2026-06-10 14:26:45: Require stack:
2026-06-10 14:26:45: - C:\Users\joshu\OneDrive\Documents\dnd\00 - Campaigns\Northwatch Wardens - (HomeBrew)\web\node_modules\pdfjs-dist\legacy\build\pdf.js
2026-06-10 14:26:45: - C:\Users\joshu\OneDrive\Documents\dnd\00 - Campaigns\Northwatch Wardens - (HomeBrew)\web\lib\pdf-indexer.js
2026-06-10 14:26:45: - C:\Users\joshu\OneDrive\Documents\dnd\00 - Campaigns\Northwatch Wardens - (HomeBrew)\web\server.js".
2026-06-10 14:26:48: Warning: Cannot polyfill `DOMMatrix`, rendering may be broken: "Error: Cannot find module 'canvas'
2026-06-10 14:26:48: Require stack:
2026-06-10 14:26:48: - C:\Users\joshu\OneDrive\Documents\dnd\00 - Campaigns\Northwatch Wardens - (HomeBrew)\web\node_modules\pdfjs-dist\legacy\build\pdf.js
2026-06-10 14:26:48: - C:\Users\joshu\OneDrive\Documents\dnd\00 - Campaigns\Northwatch Wardens - (HomeBrew)\web\lib\pdf-indexer.js
2026-06-10 14:26:48: - C:\Users\joshu\OneDrive\Documents\dnd\00 - Campaigns\Northwatch Wardens - (HomeBrew)\web\server.js".
2026-06-10 14:26:48: Warning: Cannot polyfill `Path2D`, rendering may be broken: "Error: Cannot find module 'canvas'
2026-06-10 14:26:48: Require stack:
2026-06-10 14:26:48: - C:\Users\joshu\OneDrive\Documents\dnd\00 - Campaigns\Northwatch Wardens - (HomeBrew)\web\node_modules\pdfjs-dist\legacy\build\pdf.js
2026-06-10 14:26:48: - C:\Users\joshu\OneDrive\Documents\dnd\00 - Campaigns\Northwatch Wardens - (HomeBrew)\web\lib\pdf-indexer.js
2026-06-10 14:26:48: - C:\Users\joshu\OneDrive\Documents\dnd\00 - Campaigns\Northwatch Wardens - (HomeBrew)\web\server.js".
2026-06-10 14:26:51: Warning: Cannot polyfill `DOMMatrix`, rendering may be broken: "Error: Cannot find module 'canvas'
2026-06-10 14:26:51: Require stack:
2026-06-10 14:26:51: - C:\Users\joshu\OneDrive\Documents\dnd\00 - Campaigns\Northwatch Wardens - (HomeBrew)\web\node_modules\pdfjs-dist\legacy\build\pdf.js
2026-06-10 14:26:51: - C:\Users\joshu\OneDrive\Documents\dnd\00 - Campaigns\Northwatch Wardens - (HomeBrew)\web\lib\pdf-indexer.js
2026-06-10 14:26:51: - C:\Users\joshu\OneDrive\Documents\dnd\00 - Campaigns\Northwatch Wardens - (HomeBrew)\web\server.js".
2026-06-10 14:26:51: Warning: Cannot polyfill `Path2D`, rendering may be broken: "Error: Cannot find module 'canvas'
2026-06-10 14:26:51: Require stack:
2026-06-10 14:26:51: - C:\Users\joshu\OneDrive\Documents\dnd\00 - Campaigns\Northwatch Wardens - (HomeBrew)\web\node_modules\pdfjs-dist\legacy\build\pdf.js
2026-06-10 14:26:51: - C:\Users\joshu\OneDrive\Documents\dnd\00 - Campaigns\Northwatch Wardens - (HomeBrew)\web\lib\pdf-indexer.js
2026-06-10 14:26:51: - C:\Users\joshu\OneDrive\Documents\dnd\00 - Campaigns\Northwatch Wardens - (HomeBrew)\web\server.js".
2026-06-10 14:26:54: Warning: Cannot polyfill `DOMMatrix`, rendering may be broken: "Error: Cannot find module 'canvas'
2026-06-10 14:26:54: Require stack:
2026-06-10 14:26:54: - C:\Users\joshu\OneDrive\Documents\dnd\00 - Campaigns\Northwatch Wardens - (HomeBrew)\web\node_modules\pdfjs-dist\legacy\build\pdf.js
2026-06-10 14:26:54: - C:\Users\joshu\OneDrive\Documents\dnd\00 - Campaigns\Northwatch Wardens - (HomeBrew)\web\lib\pdf-indexer.js
2026-06-10 14:26:54: - C:\Users\joshu\OneDrive\Documents\dnd\00 - Campaigns\Northwatch Wardens - (HomeBrew)\web\server.js".
2026-06-10 14:26:54: Warning: Cannot polyfill `Path2D`, rendering may be broken: "Error: Cannot find module 'canvas'
2026-06-10 14:26:54: Require stack:
2026-06-10 14:26:54: - C:\Users\joshu\OneDrive\Documents\dnd\00 - Campaigns\Northwatch Wardens - (HomeBrew)\web\node_modules\pdfjs-dist\legacy\build\pdf.js
2026-06-10 14:26:54: - C:\Users\joshu\OneDrive\Documents\dnd\00 - Campaigns\Northwatch Wardens - (HomeBrew)\web\lib\pdf-indexer.js
2026-06-10 14:26:54: - C:\Users\joshu\OneDrive\Documents\dnd\00 - Campaigns\Northwatch Wardens - (HomeBrew)\web\server.js".
2026-06-10 14:26:57: Warning: Cannot polyfill `DOMMatrix`, rendering may be broken: "Error: Cannot find module 'canvas'
2026-06-10 14:26:57: Require stack:
2026-06-10 14:26:57: - C:\Users\joshu\OneDrive\Documents\dnd\00 - Campaigns\Northwatch Wardens - (HomeBrew)\web\node_modules\pdfjs-dist\legacy\build\pdf.js
2026-06-10 14:26:57: - C:\Users\joshu\OneDrive\Documents\dnd\00 - Campaigns\Northwatch Wardens - (HomeBrew)\web\lib\pdf-indexer.js
2026-06-10 14:26:57: - C:\Users\joshu\OneDrive\Documents\dnd\00 - Campaigns\Northwatch Wardens - (HomeBrew)\web\server.js".
2026-06-10 14:26:57: Warning: Cannot polyfill `Path2D`, rendering may be broken: "Error: Cannot find module 'canvas'
2026-06-10 14:26:57: Require stack:
2026-06-10 14:26:57: - C:\Users\joshu\OneDrive\Documents\dnd\00 - Campaigns\Northwatch Wardens - (HomeBrew)\web\node_modules\pdfjs-dist\legacy\build\pdf.js
2026-06-10 14:26:57: - C:\Users\joshu\OneDrive\Documents\dnd\00 - Campaigns\Northwatch Wardens - (HomeBrew)\web\lib\pdf-indexer.js
2026-06-10 14:26:57: - C:\Users\joshu\OneDrive\Documents\dnd\00 - Campaigns\Northwatch Wardens - (HomeBrew)\web\server.js".
2026-06-10 14:27:00: Warning: Cannot polyfill `DOMMatrix`, rendering may be broken: "Error: Cannot find module 'canvas'
2026-06-10 14:27:00: Require stack:
2026-06-10 14:27:00: - C:\Users\joshu\OneDrive\Documents\dnd\00 - Campaigns\Northwatch Wardens - (HomeBrew)\web\node_modules\pdfjs-dist\legacy\build\pdf.js
2026-06-10 14:27:00: - C:\Users\joshu\OneDrive\Documents\dnd\00 - Campaigns\Northwatch Wardens - (HomeBrew)\web\lib\pdf-indexer.js
2026-06-10 14:27:00: - C:\Users\joshu\OneDrive\Documents\dnd\00 - Campaigns\Northwatch Wardens - (HomeBrew)\web\server.js".
2026-06-10 14:27:00: Warning: Cannot polyfill `Path2D`, rendering may be broken: "Error: Cannot find module 'canvas'
2026-06-10 14:27:00: Require stack:
2026-06-10 14:27:00: - C:\Users\joshu\OneDrive\Documents\dnd\00 - Campaigns\Northwatch Wardens - (HomeBrew)\web\node_modules\pdfjs-dist\legacy\build\pdf.js
2026-06-10 14:27:00: - C:\Users\joshu\OneDrive\Documents\dnd\00 - Campaigns\Northwatch Wardens - (HomeBrew)\web\lib\pdf-indexer.js
2026-06-10 14:27:00: - C:\Users\joshu\OneDrive\Documents\dnd\00 - Campaigns\Northwatch Wardens - (HomeBrew)\web\server.js".
2026-06-10 14:27:03: Warning: Cannot polyfill `DOMMatrix`, rendering may be broken: "Error: Cannot find module 'canvas'
2026-06-10 14:27:03: Require stack:
2026-06-10 14:27:03: - C:\Users\joshu\OneDrive\Documents\dnd\00 - Campaigns\Northwatch Wardens - (HomeBrew)\web\node_modules\pdfjs-dist\legacy\build\pdf.js
2026-06-10 14:27:03: - C:\Users\joshu\OneDrive\Documents\dnd\00 - Campaigns\Northwatch Wardens - (HomeBrew)\web\lib\pdf-indexer.js
2026-06-10 14:27:03: - C:\Users\joshu\OneDrive\Documents\dnd\00 - Campaigns\Northwatch Wardens - (HomeBrew)\web\server.js".
2026-06-10 14:27:03: Warning: Cannot polyfill `Path2D`, rendering may be broken: "Error: Cannot find module 'canvas'
2026-06-10 14:27:03: Require stack:
2026-06-10 14:27:03: - C:\Users\joshu\OneDrive\Documents\dnd\00 - Campaigns\Northwatch Wardens - (HomeBrew)\web\node_modules\pdfjs-dist\legacy\build\pdf.js
2026-06-10 14:27:03: - C:\Users\joshu\OneDrive\Documents\dnd\00 - Campaigns\Northwatch Wardens - (HomeBrew)\web\lib\pdf-indexer.js
2026-06-10 14:27:03: - C:\Users\joshu\OneDrive\Documents\dnd\00 - Campaigns\Northwatch Wardens - (HomeBrew)\web\server.js".
2026-06-10 14:27:05: Warning: Cannot polyfill `DOMMatrix`, rendering may be broken: "Error: Cannot find module 'canvas'
2026-06-10 14:27:05: Require stack:
2026-06-10 14:27:05: - C:\Users\joshu\OneDrive\Documents\dnd\00 - Campaigns\Northwatch Wardens - (HomeBrew)\web\node_modules\pdfjs-dist\legacy\build\pdf.js
2026-06-10 14:27:05: - C:\Users\joshu\OneDrive\Documents\dnd\00 - Campaigns\Northwatch Wardens - (HomeBrew)\web\lib\pdf-indexer.js
2026-06-10 14:27:05: - C:\Users\joshu\OneDrive\Documents\dnd\00 - Campaigns\Northwatch Wardens - (HomeBrew)\web\server.js".
2026-06-10 14:27:05: Warning: Cannot polyfill `Path2D`, rendering may be broken: "Error: Cannot find module 'canvas'
2026-06-10 14:27:05: Require stack:
2026-06-10 14:27:05: - C:\Users\joshu\OneDrive\Documents\dnd\00 - Campaigns\Northwatch Wardens - (HomeBrew)\web\node_modules\pdfjs-dist\legacy\build\pdf.js
2026-06-10 14:27:05: - C:\Users\joshu\OneDrive\Documents\dnd\00 - Campaigns\Northwatch Wardens - (HomeBrew)\web\lib\pdf-indexer.js
2026-06-10 14:27:05: - C:\Users\joshu\OneDrive\Documents\dnd\00 - Campaigns\Northwatch Wardens - (HomeBrew)\web\server.js".
2026-06-10 14:27:08: Warning: Cannot polyfill `DOMMatrix`, rendering may be broken: "Error: Cannot find module 'canvas'
2026-06-10 14:27:08: Require stack:
2026-06-10 14:27:08: - C:\Users\joshu\OneDrive\Documents\dnd\00 - Campaigns\Northwatch Wardens - (HomeBrew)\web\node_modules\pdfjs-dist\legacy\build\pdf.js
2026-06-10 14:27:08: - C:\Users\joshu\OneDrive\Documents\dnd\00 - Campaigns\Northwatch Wardens - (HomeBrew)\web\lib\pdf-indexer.js
2026-06-10 14:27:08: - C:\Users\joshu\OneDrive\Documents\dnd\00 - Campaigns\Northwatch Wardens - (HomeBrew)\web\server.js".
2026-06-10 14:27:08: Warning: Cannot polyfill `Path2D`, rendering may be broken: "Error: Cannot find module 'canvas'
2026-06-10 14:27:08: Require stack:
2026-06-10 14:27:08: - C:\Users\joshu\OneDrive\Documents\dnd\00 - Campaigns\Northwatch Wardens - (HomeBrew)\web\node_modules\pdfjs-dist\legacy\build\pdf.js
2026-06-10 14:27:08: - C:\Users\joshu\OneDrive\Documents\dnd\00 - Campaigns\Northwatch Wardens - (HomeBrew)\web\lib\pdf-indexer.js
2026-06-10 14:27:08: - C:\Users\joshu\OneDrive\Documents\dnd\00 - Campaigns\Northwatch Wardens - (HomeBrew)\web\server.js".
2026-06-10 14:27:12: Warning: Cannot polyfill `DOMMatrix`, rendering may be broken: "Error: Cannot find module 'canvas'
2026-06-10 14:27:12: Require stack:
2026-06-10 14:27:12: - C:\Users\joshu\OneDrive\Documents\dnd\00 - Campaigns\Northwatch Wardens - (HomeBrew)\web\node_modules\pdfjs-dist\legacy\build\pdf.js
2026-06-10 14:27:12: - C:\Users\joshu\OneDrive\Documents\dnd\00 - Campaigns\Northwatch Wardens - (HomeBrew)\web\lib\pdf-indexer.js
2026-06-10 14:27:12: - C:\Users\joshu\OneDrive\Documents\dnd\00 - Campaigns\Northwatch Wardens - (HomeBrew)\web\server.js".
2026-06-10 14:27:12: Warning: Cannot polyfill `Path2D`, rendering may be broken: "Error: Cannot find module 'canvas'
2026-06-10 14:27:12: Require stack:
2026-06-10 14:27:12: - C:\Users\joshu\OneDrive\Documents\dnd\00 - Campaigns\Northwatch Wardens - (HomeBrew)\web\node_modules\pdfjs-dist\legacy\build\pdf.js
2026-06-10 14:27:12: - C:\Users\joshu\OneDrive\Documents\dnd\00 - Campaigns\Northwatch Wardens - (HomeBrew)\web\lib\pdf-indexer.js
2026-06-10 14:27:12: - C:\Users\joshu\OneDrive\Documents\dnd\00 - Campaigns\Northwatch Wardens - (HomeBrew)\web\server.js".
2026-06-10 14:27:14: Warning: Cannot polyfill `DOMMatrix`, rendering may be broken: "Error: Cannot find module 'canvas'
2026-06-10 14:27:14: Require stack:
2026-06-10 14:27:14: - C:\Users\joshu\OneDrive\Documents\dnd\00 - Campaigns\Northwatch Wardens - (HomeBrew)\web\node_modules\pdfjs-dist\legacy\build\pdf.js
2026-06-10 14:27:14: - C:\Users\joshu\OneDrive\Documents\dnd\00 - Campaigns\Northwatch Wardens - (HomeBrew)\web\lib\pdf-indexer.js
2026-06-10 14:27:14: - C:\Users\joshu\OneDrive\Documents\dnd\00 - Campaigns\Northwatch Wardens - (HomeBrew)\web\server.js".
2026-06-10 14:27:14: Warning: Cannot polyfill `Path2D`, rendering may be broken: "Error: Cannot find module 'canvas'
2026-06-10 14:27:14: Require stack:
2026-06-10 14:27:14: - C:\Users\joshu\OneDrive\Documents\dnd\00 - Campaigns\Northwatch Wardens - (HomeBrew)\web\node_modules\pdfjs-dist\legacy\build\pdf.js
2026-06-10 14:27:14: - C:\Users\joshu\OneDrive\Documents\dnd\00 - Campaigns\Northwatch Wardens - (HomeBrew)\web\lib\pdf-indexer.js
2026-06-10 14:27:14: - C:\Users\joshu\OneDrive\Documents\dnd\00 - Campaigns\Northwatch Wardens - (HomeBrew)\web\server.js".
2026-06-10 14:27:18: Warning: Cannot polyfill `DOMMatrix`, rendering may be broken: "Error: Cannot find module 'canvas'
2026-06-10 14:27:18: Require stack:
2026-06-10 14:27:18: - C:\Users\joshu\OneDrive\Documents\dnd\00 - Campaigns\Northwatch Wardens - (HomeBrew)\web\node_modules\pdfjs-dist\legacy\build\pdf.js
2026-06-10 14:27:18: - C:\Users\joshu\OneDrive\Documents\dnd\00 - Campaigns\Northwatch Wardens - (HomeBrew)\web\lib\pdf-indexer.js
2026-06-10 14:27:18: - C:\Users\joshu\OneDrive\Documents\dnd\00 - Campaigns\Northwatch Wardens - (HomeBrew)\web\server.js".
2026-06-10 14:27:18: Warning: Cannot polyfill `Path2D`, rendering may be broken: "Error: Cannot find module 'canvas'
2026-06-10 14:27:18: Require stack:
2026-06-10 14:27:18: - C:\Users\joshu\OneDrive\Documents\dnd\00 - Campaigns\Northwatch Wardens - (HomeBrew)\web\node_modules\pdfjs-dist\legacy\build\pdf.js
2026-06-10 14:27:18: - C:\Users\joshu\OneDrive\Documents\dnd\00 - Campaigns\Northwatch Wardens - (HomeBrew)\web\lib\pdf-indexer.js
2026-06-10 14:27:18: - C:\Users\joshu\OneDrive\Documents\dnd\00 - Campaigns\Northwatch Wardens - (HomeBrew)\web\server.js".
2026-06-10 14:27:21: Warning: Cannot polyfill `DOMMatrix`, rendering may be broken: "Error: Cannot find module 'canvas'
2026-06-10 14:27:21: Require stack:
2026-06-10 14:27:21: - C:\Users\joshu\OneDrive\Documents\dnd\00 - Campaigns\Northwatch Wardens - (HomeBrew)\web\node_modules\pdfjs-dist\legacy\build\pdf.js
2026-06-10 14:27:21: - C:\Users\joshu\OneDrive\Documents\dnd\00 - Campaigns\Northwatch Wardens - (HomeBrew)\web\lib\pdf-indexer.js
2026-06-10 14:27:21: - C:\Users\joshu\OneDrive\Documents\dnd\00 - Campaigns\Northwatch Wardens - (HomeBrew)\web\server.js".
2026-06-10 14:27:21: Warning: Cannot polyfill `Path2D`, rendering may be broken: "Error: Cannot find module 'canvas'
2026-06-10 14:27:21: Require stack:
2026-06-10 14:27:21: - C:\Users\joshu\OneDrive\Documents\dnd\00 - Campaigns\Northwatch Wardens - (HomeBrew)\web\node_modules\pdfjs-dist\legacy\build\pdf.js
2026-06-10 14:27:21: - C:\Users\joshu\OneDrive\Documents\dnd\00 - Campaigns\Northwatch Wardens - (HomeBrew)\web\lib\pdf-indexer.js
2026-06-10 14:27:21: - C:\Users\joshu\OneDrive\Documents\dnd\00 - Campaigns\Northwatch Wardens - (HomeBrew)\web\server.js".
2026-06-10 14:27:23: Warning: Cannot polyfill `DOMMatrix`, rendering may be broken: "Error: Cannot find module 'canvas'
2026-06-10 14:27:23: Require stack:
2026-06-10 14:27:23: - C:\Users\joshu\OneDrive\Documents\dnd\00 - Campaigns\Northwatch Wardens - (HomeBrew)\web\node_modules\pdfjs-dist\legacy\build\pdf.js
2026-06-10 14:27:23: - C:\Users\joshu\OneDrive\Documents\dnd\00 - Campaigns\Northwatch Wardens - (HomeBrew)\web\lib\pdf-indexer.js
2026-06-10 14:27:23: - C:\Users\joshu\OneDrive\Documents\dnd\00 - Campaigns\Northwatch Wardens - (HomeBrew)\web\server.js".
2026-06-10 14:27:23: Warning: Cannot polyfill `Path2D`, rendering may be broken: "Error: Cannot find module 'canvas'
2026-06-10 14:27:23: Require stack:
2026-06-10 14:27:23: - C:\Users\joshu\OneDrive\Documents\dnd\00 - Campaigns\Northwatch Wardens - (HomeBrew)\web\node_modules\pdfjs-dist\legacy\build\pdf.js
2026-06-10 14:27:23: - C:\Users\joshu\OneDrive\Documents\dnd\00 - Campaigns\Northwatch Wardens - (HomeBrew)\web\lib\pdf-indexer.js
2026-06-10 14:27:23: - C:\Users\joshu\OneDrive\Documents\dnd\00 - Campaigns\Northwatch Wardens - (HomeBrew)\web\server.js".
2026-06-10 14:27:26: Warning: Cannot polyfill `DOMMatrix`, rendering may be broken: "Error: Cannot find module 'canvas'
2026-06-10 14:27:26: Require stack:
2026-06-10 14:27:26: - C:\Users\joshu\OneDrive\Documents\dnd\00 - Campaigns\Northwatch Wardens - (HomeBrew)\web\node_modules\pdfjs-dist\legacy\build\pdf.js
2026-06-10 14:27:26: - C:\Users\joshu\OneDrive\Documents\dnd\00 - Campaigns\Northwatch Wardens - (HomeBrew)\web\lib\pdf-indexer.js
2026-06-10 14:27:26: - C:\Users\joshu\OneDrive\Documents\dnd\00 - Campaigns\Northwatch Wardens - (HomeBrew)\web\server.js".
2026-06-10 14:27:26: Warning: Cannot polyfill `Path2D`, rendering may be broken: "Error: Cannot find module 'canvas'
2026-06-10 14:27:26: Require stack:
2026-06-10 14:27:26: - C:\Users\joshu\OneDrive\Documents\dnd\00 - Campaigns\Northwatch Wardens - (HomeBrew)\web\node_modules\pdfjs-dist\legacy\build\pdf.js
2026-06-10 14:27:26: - C:\Users\joshu\OneDrive\Documents\dnd\00 - Campaigns\Northwatch Wardens - (HomeBrew)\web\lib\pdf-indexer.js
2026-06-10 14:27:26: - C:\Users\joshu\OneDrive\Documents\dnd\00 - Campaigns\Northwatch Wardens - (HomeBrew)\web\server.js".
2026-06-10 14:27:28: Warning: Cannot polyfill `DOMMatrix`, rendering may be broken: "Error: Cannot find module 'canvas'
2026-06-10 14:27:28: Require stack:
2026-06-10 14:27:28: - C:\Users\joshu\OneDrive\Documents\dnd\00 - Campaigns\Northwatch Wardens - (HomeBrew)\web\node_modules\pdfjs-dist\legacy\build\pdf.js
2026-06-10 14:27:28: - C:\Users\joshu\OneDrive\Documents\dnd\00 - Campaigns\Northwatch Wardens - (HomeBrew)\web\lib\pdf-indexer.js
2026-06-10 14:27:28: - C:\Users\joshu\OneDrive\Documents\dnd\00 - Campaigns\Northwatch Wardens - (HomeBrew)\web\server.js".
2026-06-10 14:27:28: Warning: Cannot polyfill `Path2D`, rendering may be broken: "Error: Cannot find module 'canvas'
2026-06-10 14:27:28: Require stack:
2026-06-10 14:27:28: - C:\Users\joshu\OneDrive\Documents\dnd\00 - Campaigns\Northwatch Wardens - (HomeBrew)\web\node_modules\pdfjs-dist\legacy\build\pdf.js
2026-06-10 14:27:28: - C:\Users\joshu\OneDrive\Documents\dnd\00 - Campaigns\Northwatch Wardens - (HomeBrew)\web\lib\pdf-indexer.js
2026-06-10 14:27:28: - C:\Users\joshu\OneDrive\Documents\dnd\00 - Campaigns\Northwatch Wardens - (HomeBrew)\web\server.js".
2026-06-10 14:27:32: Warning: Cannot polyfill `DOMMatrix`, rendering may be broken: "Error: Cannot find module 'canvas'
2026-06-10 14:27:32: Require stack:
2026-06-10 14:27:32: - C:\Users\joshu\OneDrive\Documents\dnd\00 - Campaigns\Northwatch Wardens - (HomeBrew)\web\node_modules\pdfjs-dist\legacy\build\pdf.js
2026-06-10 14:27:32: - C:\Users\joshu\OneDrive\Documents\dnd\00 - Campaigns\Northwatch Wardens - (HomeBrew)\web\lib\pdf-indexer.js
2026-06-10 14:27:32: - C:\Users\joshu\OneDrive\Documents\dnd\00 - Campaigns\Northwatch Wardens - (HomeBrew)\web\server.js".
2026-06-10 14:27:32: Warning: Cannot polyfill `Path2D`, rendering may be broken: "Error: Cannot find module 'canvas'
2026-06-10 14:27:32: Require stack:
2026-06-10 14:27:32: - C:\Users\joshu\OneDrive\Documents\dnd\00 - Campaigns\Northwatch Wardens - (HomeBrew)\web\node_modules\pdfjs-dist\legacy\build\pdf.js
2026-06-10 14:27:32: - C:\Users\joshu\OneDrive\Documents\dnd\00 - Campaigns\Northwatch Wardens - (HomeBrew)\web\lib\pdf-indexer.js
2026-06-10 14:27:32: - C:\Users\joshu\OneDrive\Documents\dnd\00 - Campaigns\Northwatch Wardens - (HomeBrew)\web\server.js".
2026-06-10 14:27:37: Warning: Cannot polyfill `DOMMatrix`, rendering may be broken: "Error: Cannot find module 'canvas'
2026-06-10 14:27:37: Require stack:
2026-06-10 14:27:37: - C:\Users\joshu\OneDrive\Documents\dnd\00 - Campaigns\Northwatch Wardens - (HomeBrew)\web\node_modules\pdfjs-dist\legacy\build\pdf.js
2026-06-10 14:27:37: - C:\Users\joshu\OneDrive\Documents\dnd\00 - Campaigns\Northwatch Wardens - (HomeBrew)\web\lib\pdf-indexer.js
2026-06-10 14:27:37: - C:\Users\joshu\OneDrive\Documents\dnd\00 - Campaigns\Northwatch Wardens - (HomeBrew)\web\server.js".
2026-06-10 14:27:37: Warning: Cannot polyfill `Path2D`, rendering may be broken: "Error: Cannot find module 'canvas'
2026-06-10 14:27:37: Require stack:
2026-06-10 14:27:37: - C:\Users\joshu\OneDrive\Documents\dnd\00 - Campaigns\Northwatch Wardens - (HomeBrew)\web\node_modules\pdfjs-dist\legacy\build\pdf.js
2026-06-10 14:27:37: - C:\Users\joshu\OneDrive\Documents\dnd\00 - Campaigns\Northwatch Wardens - (HomeBrew)\web\lib\pdf-indexer.js
2026-06-10 14:27:37: - C:\Users\joshu\OneDrive\Documents\dnd\00 - Campaigns\Northwatch Wardens - (HomeBrew)\web\server.js".
2026-06-10 14:27:43: Warning: Cannot polyfill `DOMMatrix`, rendering may be broken: "Error: Cannot find module 'canvas'
2026-06-10 14:27:43: Require stack:
2026-06-10 14:27:43: - C:\Users\joshu\OneDrive\Documents\dnd\00 - Campaigns\Northwatch Wardens - (HomeBrew)\web\node_modules\pdfjs-dist\legacy\build\pdf.js
2026-06-10 14:27:43: - C:\Users\joshu\OneDrive\Documents\dnd\00 - Campaigns\Northwatch Wardens - (HomeBrew)\web\lib\pdf-indexer.js
2026-06-10 14:27:43: - C:\Users\joshu\OneDrive\Documents\dnd\00 - Campaigns\Northwatch Wardens - (HomeBrew)\web\server.js".
2026-06-10 14:27:43: Warning: Cannot polyfill `Path2D`, rendering may be broken: "Error: Cannot find module 'canvas'
2026-06-10 14:27:43: Require stack:
2026-06-10 14:27:43: - C:\Users\joshu\OneDrive\Documents\dnd\00 - Campaigns\Northwatch Wardens - (HomeBrew)\web\node_modules\pdfjs-dist\legacy\build\pdf.js
2026-06-10 14:27:43: - C:\Users\joshu\OneDrive\Documents\dnd\00 - Campaigns\Northwatch Wardens - (HomeBrew)\web\lib\pdf-indexer.js
2026-06-10 14:27:43: - C:\Users\joshu\OneDrive\Documents\dnd\00 - Campaigns\Northwatch Wardens - (HomeBrew)\web\server.js".
2026-06-10 14:27:49: Warning: Cannot polyfill `DOMMatrix`, rendering may be broken: "Error: Cannot find module 'canvas'
2026-06-10 14:27:49: Require stack:
2026-06-10 14:27:49: - C:\Users\joshu\OneDrive\Documents\dnd\00 - Campaigns\Northwatch Wardens - (HomeBrew)\web\node_modules\pdfjs-dist\legacy\build\pdf.js
2026-06-10 14:27:49: - C:\Users\joshu\OneDrive\Documents\dnd\00 - Campaigns\Northwatch Wardens - (HomeBrew)\web\lib\pdf-indexer.js
2026-06-10 14:27:49: - C:\Users\joshu\OneDrive\Documents\dnd\00 - Campaigns\Northwatch Wardens - (HomeBrew)\web\server.js".
2026-06-10 14:27:49: Warning: Cannot polyfill `Path2D`, rendering may be broken: "Error: Cannot find module 'canvas'
2026-06-10 14:27:49: Require stack:
2026-06-10 14:27:49: - C:\Users\joshu\OneDrive\Documents\dnd\00 - Campaigns\Northwatch Wardens - (HomeBrew)\web\node_modules\pdfjs-dist\legacy\build\pdf.js
2026-06-10 14:27:49: - C:\Users\joshu\OneDrive\Documents\dnd\00 - Campaigns\Northwatch Wardens - (HomeBrew)\web\lib\pdf-indexer.js
2026-06-10 14:27:49: - C:\Users\joshu\OneDrive\Documents\dnd\00 - Campaigns\Northwatch Wardens - (HomeBrew)\web\server.js".
2026-06-10 14:27:52: Warning: Cannot polyfill `DOMMatrix`, rendering may be broken: "Error: Cannot find module 'canvas'
2026-06-10 14:27:52: Require stack:
2026-06-10 14:27:52: - C:\Users\joshu\OneDrive\Documents\dnd\00 - Campaigns\Northwatch Wardens - (HomeBrew)\web\node_modules\pdfjs-dist\legacy\build\pdf.js
2026-06-10 14:27:52: - C:\Users\joshu\OneDrive\Documents\dnd\00 - Campaigns\Northwatch Wardens - (HomeBrew)\web\lib\pdf-indexer.js
2026-06-10 14:27:52: - C:\Users\joshu\OneDrive\Documents\dnd\00 - Campaigns\Northwatch Wardens - (HomeBrew)\web\server.js".
2026-06-10 14:27:52: Warning: Cannot polyfill `Path2D`, rendering may be broken: "Error: Cannot find module 'canvas'
2026-06-10 14:27:52: Require stack:
2026-06-10 14:27:52: - C:\Users\joshu\OneDrive\Documents\dnd\00 - Campaigns\Northwatch Wardens - (HomeBrew)\web\node_modules\pdfjs-dist\legacy\build\pdf.js
2026-06-10 14:27:52: - C:\Users\joshu\OneDrive\Documents\dnd\00 - Campaigns\Northwatch Wardens - (HomeBrew)\web\lib\pdf-indexer.js
2026-06-10 14:27:52: - C:\Users\joshu\OneDrive\Documents\dnd\00 - Campaigns\Northwatch Wardens - (HomeBrew)\web\server.js".
2026-06-10 14:27:56: Warning: Cannot polyfill `DOMMatrix`, rendering may be broken: "Error: Cannot find module 'canvas'
2026-06-10 14:27:56: Require stack:
2026-06-10 14:27:56: - C:\Users\joshu\OneDrive\Documents\dnd\00 - Campaigns\Northwatch Wardens - (HomeBrew)\web\node_modules\pdfjs-dist\legacy\build\pdf.js
2026-06-10 14:27:56: - C:\Users\joshu\OneDrive\Documents\dnd\00 - Campaigns\Northwatch Wardens - (HomeBrew)\web\lib\pdf-indexer.js
2026-06-10 14:27:56: - C:\Users\joshu\OneDrive\Documents\dnd\00 - Campaigns\Northwatch Wardens - (HomeBrew)\web\server.js".
2026-06-10 14:27:56: Warning: Cannot polyfill `Path2D`, rendering may be broken: "Error: Cannot find module 'canvas'
2026-06-10 14:27:56: Require stack:
2026-06-10 14:27:56: - C:\Users\joshu\OneDrive\Documents\dnd\00 - Campaigns\Northwatch Wardens - (HomeBrew)\web\node_modules\pdfjs-dist\legacy\build\pdf.js
2026-06-10 14:27:56: - C:\Users\joshu\OneDrive\Documents\dnd\00 - Campaigns\Northwatch Wardens - (HomeBrew)\web\lib\pdf-indexer.js
2026-06-10 14:27:56: - C:\Users\joshu\OneDrive\Documents\dnd\00 - Campaigns\Northwatch Wardens - (HomeBrew)\web\server.js".
2026-06-10 14:28:00: Warning: Cannot polyfill `DOMMatrix`, rendering may be broken: "Error: Cannot find module 'canvas'
2026-06-10 14:28:00: Require stack:
2026-06-10 14:28:00: - C:\Users\joshu\OneDrive\Documents\dnd\00 - Campaigns\Northwatch Wardens - (HomeBrew)\web\node_modules\pdfjs-dist\legacy\build\pdf.js
2026-06-10 14:28:00: - C:\Users\joshu\OneDrive\Documents\dnd\00 - Campaigns\Northwatch Wardens - (HomeBrew)\web\lib\pdf-indexer.js
2026-06-10 14:28:00: - C:\Users\joshu\OneDrive\Documents\dnd\00 - Campaigns\Northwatch Wardens - (HomeBrew)\web\server.js".
2026-06-10 14:28:00: Warning: Cannot polyfill `Path2D`, rendering may be broken: "Error: Cannot find module 'canvas'
2026-06-10 14:28:00: Require stack:
2026-06-10 14:28:00: - C:\Users\joshu\OneDrive\Documents\dnd\00 - Campaigns\Northwatch Wardens - (HomeBrew)\web\node_modules\pdfjs-dist\legacy\build\pdf.js
2026-06-10 14:28:00: - C:\Users\joshu\OneDrive\Documents\dnd\00 - Campaigns\Northwatch Wardens - (HomeBrew)\web\lib\pdf-indexer.js
2026-06-10 14:28:00: - C:\Users\joshu\OneDrive\Documents\dnd\00 - Campaigns\Northwatch Wardens - (HomeBrew)\web\server.js".
2026-06-10 14:28:06: Warning: Cannot polyfill `DOMMatrix`, rendering may be broken: "Error: Cannot find module 'canvas'
2026-06-10 14:28:06: Require stack:
2026-06-10 14:28:06: - C:\Users\joshu\OneDrive\Documents\dnd\00 - Campaigns\Northwatch Wardens - (HomeBrew)\web\node_modules\pdfjs-dist\legacy\build\pdf.js
2026-06-10 14:28:06: - C:\Users\joshu\OneDrive\Documents\dnd\00 - Campaigns\Northwatch Wardens - (HomeBrew)\web\lib\pdf-indexer.js
2026-06-10 14:28:06: - C:\Users\joshu\OneDrive\Documents\dnd\00 - Campaigns\Northwatch Wardens - (HomeBrew)\web\server.js".
2026-06-10 14:28:06: Warning: Cannot polyfill `Path2D`, rendering may be broken: "Error: Cannot find module 'canvas'
2026-06-10 14:28:06: Require stack:
2026-06-10 14:28:06: - C:\Users\joshu\OneDrive\Documents\dnd\00 - Campaigns\Northwatch Wardens - (HomeBrew)\web\node_modules\pdfjs-dist\legacy\build\pdf.js
2026-06-10 14:28:06: - C:\Users\joshu\OneDrive\Documents\dnd\00 - Campaigns\Northwatch Wardens - (HomeBrew)\web\lib\pdf-indexer.js
2026-06-10 14:28:06: - C:\Users\joshu\OneDrive\Documents\dnd\00 - Campaigns\Northwatch Wardens - (HomeBrew)\web\server.js".
2026-06-10 14:28:10: Warning: Cannot polyfill `DOMMatrix`, rendering may be broken: "Error: Cannot find module 'canvas'
2026-06-10 14:28:10: Require stack:
2026-06-10 14:28:10: - C:\Users\joshu\OneDrive\Documents\dnd\00 - Campaigns\Northwatch Wardens - (HomeBrew)\web\node_modules\pdfjs-dist\legacy\build\pdf.js
2026-06-10 14:28:10: - C:\Users\joshu\OneDrive\Documents\dnd\00 - Campaigns\Northwatch Wardens - (HomeBrew)\web\lib\pdf-indexer.js
2026-06-10 14:28:10: - C:\Users\joshu\OneDrive\Documents\dnd\00 - Campaigns\Northwatch Wardens - (HomeBrew)\web\server.js".
2026-06-10 14:28:10: Warning: Cannot polyfill `Path2D`, rendering may be broken: "Error: Cannot find module 'canvas'
2026-06-10 14:28:10: Require stack:
2026-06-10 14:28:10: - C:\Users\joshu\OneDrive\Documents\dnd\00 - Campaigns\Northwatch Wardens - (HomeBrew)\web\node_modules\pdfjs-dist\legacy\build\pdf.js
2026-06-10 14:28:10: - C:\Users\joshu\OneDrive\Documents\dnd\00 - Campaigns\Northwatch Wardens - (HomeBrew)\web\lib\pdf-indexer.js
2026-06-10 14:28:10: - C:\Users\joshu\OneDrive\Documents\dnd\00 - Campaigns\Northwatch Wardens - (HomeBrew)\web\server.js".
2026-06-10 14:28:14: Warning: Cannot polyfill `DOMMatrix`, rendering may be broken: "Error: Cannot find module 'canvas'
2026-06-10 14:28:14: Require stack:
2026-06-10 14:28:14: - C:\Users\joshu\OneDrive\Documents\dnd\00 - Campaigns\Northwatch Wardens - (HomeBrew)\web\node_modules\pdfjs-dist\legacy\build\pdf.js
2026-06-10 14:28:14: - C:\Users\joshu\OneDrive\Documents\dnd\00 - Campaigns\Northwatch Wardens - (HomeBrew)\web\lib\pdf-indexer.js
2026-06-10 14:28:14: - C:\Users\joshu\OneDrive\Documents\dnd\00 - Campaigns\Northwatch Wardens - (HomeBrew)\web\server.js".
2026-06-10 14:28:14: Warning: Cannot polyfill `Path2D`, rendering may be broken: "Error: Cannot find module 'canvas'
2026-06-10 14:28:14: Require stack:
2026-06-10 14:28:14: - C:\Users\joshu\OneDrive\Documents\dnd\00 - Campaigns\Northwatch Wardens - (HomeBrew)\web\node_modules\pdfjs-dist\legacy\build\pdf.js
2026-06-10 14:28:14: - C:\Users\joshu\OneDrive\Documents\dnd\00 - Campaigns\Northwatch Wardens - (HomeBrew)\web\lib\pdf-indexer.js
2026-06-10 14:28:14: - C:\Users\joshu\OneDrive\Documents\dnd\00 - Campaigns\Northwatch Wardens - (HomeBrew)\web\server.js".
2026-06-10 14:28:17: Warning: Cannot polyfill `DOMMatrix`, rendering may be broken: "Error: Cannot find module 'canvas'
2026-06-10 14:28:17: Require stack:
2026-06-10 14:28:17: - C:\Users\joshu\OneDrive\Documents\dnd\00 - Campaigns\Northwatch Wardens - (HomeBrew)\web\node_modules\pdfjs-dist\legacy\build\pdf.js
2026-06-10 14:28:17: - C:\Users\joshu\OneDrive\Documents\dnd\00 - Campaigns\Northwatch Wardens - (HomeBrew)\web\lib\pdf-indexer.js
2026-06-10 14:28:17: - C:\Users\joshu\OneDrive\Documents\dnd\00 - Campaigns\Northwatch Wardens - (HomeBrew)\web\server.js".
2026-06-10 14:28:17: Warning: Cannot polyfill `Path2D`, rendering may be broken: "Error: Cannot find module 'canvas'
2026-06-10 14:28:17: Require stack:
2026-06-10 14:28:17: - C:\Users\joshu\OneDrive\Documents\dnd\00 - Campaigns\Northwatch Wardens - (HomeBrew)\web\node_modules\pdfjs-dist\legacy\build\pdf.js
2026-06-10 14:28:17: - C:\Users\joshu\OneDrive\Documents\dnd\00 - Campaigns\Northwatch Wardens - (HomeBrew)\web\lib\pdf-indexer.js
2026-06-10 14:28:17: - C:\Users\joshu\OneDrive\Documents\dnd\00 - Campaigns\Northwatch Wardens - (HomeBrew)\web\server.js".
2026-06-10 14:28:21: Warning: Cannot polyfill `DOMMatrix`, rendering may be broken: "Error: Cannot find module 'canvas'
2026-06-10 14:28:21: Require stack:
2026-06-10 14:28:21: - C:\Users\joshu\OneDrive\Documents\dnd\00 - Campaigns\Northwatch Wardens - (HomeBrew)\web\node_modules\pdfjs-dist\legacy\build\pdf.js
2026-06-10 14:28:21: - C:\Users\joshu\OneDrive\Documents\dnd\00 - Campaigns\Northwatch Wardens - (HomeBrew)\web\lib\pdf-indexer.js
2026-06-10 14:28:21: - C:\Users\joshu\OneDrive\Documents\dnd\00 - Campaigns\Northwatch Wardens - (HomeBrew)\web\server.js".
2026-06-10 14:28:21: Warning: Cannot polyfill `Path2D`, rendering may be broken: "Error: Cannot find module 'canvas'
2026-06-10 14:28:21: Require stack:
2026-06-10 14:28:21: - C:\Users\joshu\OneDrive\Documents\dnd\00 - Campaigns\Northwatch Wardens - (HomeBrew)\web\node_modules\pdfjs-dist\legacy\build\pdf.js
2026-06-10 14:28:21: - C:\Users\joshu\OneDrive\Documents\dnd\00 - Campaigns\Northwatch Wardens - (HomeBrew)\web\lib\pdf-indexer.js
2026-06-10 14:28:21: - C:\Users\joshu\OneDrive\Documents\dnd\00 - Campaigns\Northwatch Wardens - (HomeBrew)\web\server.js".
2026-06-10 14:28:24: Warning: Cannot polyfill `DOMMatrix`, rendering may be broken: "Error: Cannot find module 'canvas'
2026-06-10 14:28:24: Require stack:
2026-06-10 14:28:24: - C:\Users\joshu\OneDrive\Documents\dnd\00 - Campaigns\Northwatch Wardens - (HomeBrew)\web\node_modules\pdfjs-dist\legacy\build\pdf.js
2026-06-10 14:28:24: - C:\Users\joshu\OneDrive\Documents\dnd\00 - Campaigns\Northwatch Wardens - (HomeBrew)\web\lib\pdf-indexer.js
2026-06-10 14:28:24: - C:\Users\joshu\OneDrive\Documents\dnd\00 - Campaigns\Northwatch Wardens - (HomeBrew)\web\server.js".
2026-06-10 14:28:24: Warning: Cannot polyfill `Path2D`, rendering may be broken: "Error: Cannot find module 'canvas'
2026-06-10 14:28:24: Require stack:
2026-06-10 14:28:24: - C:\Users\joshu\OneDrive\Documents\dnd\00 - Campaigns\Northwatch Wardens - (HomeBrew)\web\node_modules\pdfjs-dist\legacy\build\pdf.js
2026-06-10 14:28:24: - C:\Users\joshu\OneDrive\Documents\dnd\00 - Campaigns\Northwatch Wardens - (HomeBrew)\web\lib\pdf-indexer.js
2026-06-10 14:28:24: - C:\Users\joshu\OneDrive\Documents\dnd\00 - Campaigns\Northwatch Wardens - (HomeBrew)\web\server.js".
2026-06-10 14:28:26: Warning: Cannot polyfill `DOMMatrix`, rendering may be broken: "Error: Cannot find module 'canvas'
2026-06-10 14:28:26: Require stack:
2026-06-10 14:28:26: - C:\Users\joshu\OneDrive\Documents\dnd\00 - Campaigns\Northwatch Wardens - (HomeBrew)\web\node_modules\pdfjs-dist\legacy\build\pdf.js
2026-06-10 14:28:26: - C:\Users\joshu\OneDrive\Documents\dnd\00 - Campaigns\Northwatch Wardens - (HomeBrew)\web\lib\pdf-indexer.js
2026-06-10 14:28:26: - C:\Users\joshu\OneDrive\Documents\dnd\00 - Campaigns\Northwatch Wardens - (HomeBrew)\web\server.js".
2026-06-10 14:28:26: Warning: Cannot polyfill `Path2D`, rendering may be broken: "Error: Cannot find module 'canvas'
2026-06-10 14:28:26: Require stack:
2026-06-10 14:28:26: - C:\Users\joshu\OneDrive\Documents\dnd\00 - Campaigns\Northwatch Wardens - (HomeBrew)\web\node_modules\pdfjs-dist\legacy\build\pdf.js
2026-06-10 14:28:26: - C:\Users\joshu\OneDrive\Documents\dnd\00 - Campaigns\Northwatch Wardens - (HomeBrew)\web\lib\pdf-indexer.js
2026-06-10 14:28:26: - C:\Users\joshu\OneDrive\Documents\dnd\00 - Campaigns\Northwatch Wardens - (HomeBrew)\web\server.js".
2026-06-10 14:28:29: Warning: Cannot polyfill `DOMMatrix`, rendering may be broken: "Error: Cannot find module 'canvas'
2026-06-10 14:28:29: Require stack:
2026-06-10 14:28:29: - C:\Users\joshu\OneDrive\Documents\dnd\00 - Campaigns\Northwatch Wardens - (HomeBrew)\web\node_modules\pdfjs-dist\legacy\build\pdf.js
2026-06-10 14:28:29: - C:\Users\joshu\OneDrive\Documents\dnd\00 - Campaigns\Northwatch Wardens - (HomeBrew)\web\lib\pdf-indexer.js
2026-06-10 14:28:29: - C:\Users\joshu\OneDrive\Documents\dnd\00 - Campaigns\Northwatch Wardens - (HomeBrew)\web\server.js".
2026-06-10 14:28:29: Warning: Cannot polyfill `Path2D`, rendering may be broken: "Error: Cannot find module 'canvas'
2026-06-10 14:28:29: Require stack:
2026-06-10 14:28:29: - C:\Users\joshu\OneDrive\Documents\dnd\00 - Campaigns\Northwatch Wardens - (HomeBrew)\web\node_modules\pdfjs-dist\legacy\build\pdf.js
2026-06-10 14:28:29: - C:\Users\joshu\OneDrive\Documents\dnd\00 - Campaigns\Northwatch Wardens - (HomeBrew)\web\lib\pdf-indexer.js
2026-06-10 14:28:29: - C:\Users\joshu\OneDrive\Documents\dnd\00 - Campaigns\Northwatch Wardens - (HomeBrew)\web\server.js".
2026-06-10 14:28:33: Warning: Cannot polyfill `DOMMatrix`, rendering may be broken: "Error: Cannot find module 'canvas'
2026-06-10 14:28:33: Require stack:
2026-06-10 14:28:33: - C:\Users\joshu\OneDrive\Documents\dnd\00 - Campaigns\Northwatch Wardens - (HomeBrew)\web\node_modules\pdfjs-dist\legacy\build\pdf.js
2026-06-10 14:28:33: - C:\Users\joshu\OneDrive\Documents\dnd\00 - Campaigns\Northwatch Wardens - (HomeBrew)\web\lib\pdf-indexer.js
2026-06-10 14:28:33: - C:\Users\joshu\OneDrive\Documents\dnd\00 - Campaigns\Northwatch Wardens - (HomeBrew)\web\server.js".
2026-06-10 14:28:33: Warning: Cannot polyfill `Path2D`, rendering may be broken: "Error: Cannot find module 'canvas'
2026-06-10 14:28:33: Require stack:
2026-06-10 14:28:33: - C:\Users\joshu\OneDrive\Documents\dnd\00 - Campaigns\Northwatch Wardens - (HomeBrew)\web\node_modules\pdfjs-dist\legacy\build\pdf.js
2026-06-10 14:28:33: - C:\Users\joshu\OneDrive\Documents\dnd\00 - Campaigns\Northwatch Wardens - (HomeBrew)\web\lib\pdf-indexer.js
2026-06-10 14:28:33: - C:\Users\joshu\OneDrive\Documents\dnd\00 - Campaigns\Northwatch Wardens - (HomeBrew)\web\server.js".
2026-06-10 14:28:36: Warning: Cannot polyfill `DOMMatrix`, rendering may be broken: "Error: Cannot find module 'canvas'
2026-06-10 14:28:36: Require stack:
2026-06-10 14:28:36: - C:\Users\joshu\OneDrive\Documents\dnd\00 - Campaigns\Northwatch Wardens - (HomeBrew)\web\node_modules\pdfjs-dist\legacy\build\pdf.js
2026-06-10 14:28:36: - C:\Users\joshu\OneDrive\Documents\dnd\00 - Campaigns\Northwatch Wardens - (HomeBrew)\web\lib\pdf-indexer.js
2026-06-10 14:28:36: - C:\Users\joshu\OneDrive\Documents\dnd\00 - Campaigns\Northwatch Wardens - (HomeBrew)\web\server.js".
2026-06-10 14:28:36: Warning: Cannot polyfill `Path2D`, rendering may be broken: "Error: Cannot find module 'canvas'
2026-06-10 14:28:36: Require stack:
2026-06-10 14:28:36: - C:\Users\joshu\OneDrive\Documents\dnd\00 - Campaigns\Northwatch Wardens - (HomeBrew)\web\node_modules\pdfjs-dist\legacy\build\pdf.js
2026-06-10 14:28:36: - C:\Users\joshu\OneDrive\Documents\dnd\00 - Campaigns\Northwatch Wardens - (HomeBrew)\web\lib\pdf-indexer.js
2026-06-10 14:28:36: - C:\Users\joshu\OneDrive\Documents\dnd\00 - Campaigns\Northwatch Wardens - (HomeBrew)\web\server.js".
2026-06-10 14:28:38: Warning: Cannot polyfill `DOMMatrix`, rendering may be broken: "Error: Cannot find module 'canvas'
2026-06-10 14:28:38: Require stack:
2026-06-10 14:28:38: - C:\Users\joshu\OneDrive\Documents\dnd\00 - Campaigns\Northwatch Wardens - (HomeBrew)\web\node_modules\pdfjs-dist\legacy\build\pdf.js
2026-06-10 14:28:38: - C:\Users\joshu\OneDrive\Documents\dnd\00 - Campaigns\Northwatch Wardens - (HomeBrew)\web\lib\pdf-indexer.js
2026-06-10 14:28:38: - C:\Users\joshu\OneDrive\Documents\dnd\00 - Campaigns\Northwatch Wardens - (HomeBrew)\web\server.js".
2026-06-10 14:28:38: Warning: Cannot polyfill `Path2D`, rendering may be broken: "Error: Cannot find module 'canvas'
2026-06-10 14:28:38: Require stack:
2026-06-10 14:28:38: - C:\Users\joshu\OneDrive\Documents\dnd\00 - Campaigns\Northwatch Wardens - (HomeBrew)\web\node_modules\pdfjs-dist\legacy\build\pdf.js
2026-06-10 14:28:38: - C:\Users\joshu\OneDrive\Documents\dnd\00 - Campaigns\Northwatch Wardens - (HomeBrew)\web\lib\pdf-indexer.js
2026-06-10 14:28:38: - C:\Users\joshu\OneDrive\Documents\dnd\00 - Campaigns\Northwatch Wardens - (HomeBrew)\web\server.js".
2026-06-10 14:28:42: Warning: Cannot polyfill `DOMMatrix`, rendering may be broken: "Error: Cannot find module 'canvas'
2026-06-10 14:28:42: Require stack:
2026-06-10 14:28:42: - C:\Users\joshu\OneDrive\Documents\dnd\00 - Campaigns\Northwatch Wardens - (HomeBrew)\web\node_modules\pdfjs-dist\legacy\build\pdf.js
2026-06-10 14:28:42: - C:\Users\joshu\OneDrive\Documents\dnd\00 - Campaigns\Northwatch Wardens - (HomeBrew)\web\lib\pdf-indexer.js
2026-06-10 14:28:42: - C:\Users\joshu\OneDrive\Documents\dnd\00 - Campaigns\Northwatch Wardens - (HomeBrew)\web\server.js".
2026-06-10 14:28:42: Warning: Cannot polyfill `Path2D`, rendering may be broken: "Error: Cannot find module 'canvas'
2026-06-10 14:28:42: Require stack:
2026-06-10 14:28:42: - C:\Users\joshu\OneDrive\Documents\dnd\00 - Campaigns\Northwatch Wardens - (HomeBrew)\web\node_modules\pdfjs-dist\legacy\build\pdf.js
2026-06-10 14:28:42: - C:\Users\joshu\OneDrive\Documents\dnd\00 - Campaigns\Northwatch Wardens - (HomeBrew)\web\lib\pdf-indexer.js
2026-06-10 14:28:42: - C:\Users\joshu\OneDrive\Documents\dnd\00 - Campaigns\Northwatch Wardens - (HomeBrew)\web\server.js".
2026-06-10 14:28:45: Warning: Cannot polyfill `DOMMatrix`, rendering may be broken: "Error: Cannot find module 'canvas'
2026-06-10 14:28:45: Require stack:
2026-06-10 14:28:45: - C:\Users\joshu\OneDrive\Documents\dnd\00 - Campaigns\Northwatch Wardens - (HomeBrew)\web\node_modules\pdfjs-dist\legacy\build\pdf.js
2026-06-10 14:28:45: - C:\Users\joshu\OneDrive\Documents\dnd\00 - Campaigns\Northwatch Wardens - (HomeBrew)\web\lib\pdf-indexer.js
2026-06-10 14:28:45: - C:\Users\joshu\OneDrive\Documents\dnd\00 - Campaigns\Northwatch Wardens - (HomeBrew)\web\server.js".
2026-06-10 14:28:45: Warning: Cannot polyfill `Path2D`, rendering may be broken: "Error: Cannot find module 'canvas'
2026-06-10 14:28:45: Require stack:
2026-06-10 14:28:45: - C:\Users\joshu\OneDrive\Documents\dnd\00 - Campaigns\Northwatch Wardens - (HomeBrew)\web\node_modules\pdfjs-dist\legacy\build\pdf.js
2026-06-10 14:28:45: - C:\Users\joshu\OneDrive\Documents\dnd\00 - Campaigns\Northwatch Wardens - (HomeBrew)\web\lib\pdf-indexer.js
2026-06-10 14:28:45: - C:\Users\joshu\OneDrive\Documents\dnd\00 - Campaigns\Northwatch Wardens - (HomeBrew)\web\server.js".
2026-06-10 14:28:48: Warning: Cannot polyfill `DOMMatrix`, rendering may be broken: "Error: Cannot find module 'canvas'
2026-06-10 14:28:48: Require stack:
2026-06-10 14:28:48: - C:\Users\joshu\OneDrive\Documents\dnd\00 - Campaigns\Northwatch Wardens - (HomeBrew)\web\node_modules\pdfjs-dist\legacy\build\pdf.js
2026-06-10 14:28:48: - C:\Users\joshu\OneDrive\Documents\dnd\00 - Campaigns\Northwatch Wardens - (HomeBrew)\web\lib\pdf-indexer.js
2026-06-10 14:28:48: - C:\Users\joshu\OneDrive\Documents\dnd\00 - Campaigns\Northwatch Wardens - (HomeBrew)\web\server.js".
2026-06-10 14:28:48: Warning: Cannot polyfill `Path2D`, rendering may be broken: "Error: Cannot find module 'canvas'
2026-06-10 14:28:48: Require stack:
2026-06-10 14:28:48: - C:\Users\joshu\OneDrive\Documents\dnd\00 - Campaigns\Northwatch Wardens - (HomeBrew)\web\node_modules\pdfjs-dist\legacy\build\pdf.js
2026-06-10 14:28:48: - C:\Users\joshu\OneDrive\Documents\dnd\00 - Campaigns\Northwatch Wardens - (HomeBrew)\web\lib\pdf-indexer.js
2026-06-10 14:28:48: - C:\Users\joshu\OneDrive\Documents\dnd\00 - Campaigns\Northwatch Wardens - (HomeBrew)\web\server.js".
2026-06-10 14:28:50: Warning: Cannot polyfill `DOMMatrix`, rendering may be broken: "Error: Cannot find module 'canvas'
2026-06-10 14:28:50: Require stack:
2026-06-10 14:28:50: - C:\Users\joshu\OneDrive\Documents\dnd\00 - Campaigns\Northwatch Wardens - (HomeBrew)\web\node_modules\pdfjs-dist\legacy\build\pdf.js
2026-06-10 14:28:50: - C:\Users\joshu\OneDrive\Documents\dnd\00 - Campaigns\Northwatch Wardens - (HomeBrew)\web\lib\pdf-indexer.js
2026-06-10 14:28:50: - C:\Users\joshu\OneDrive\Documents\dnd\00 - Campaigns\Northwatch Wardens - (HomeBrew)\web\server.js".
2026-06-10 14:28:50: Warning: Cannot polyfill `Path2D`, rendering may be broken: "Error: Cannot find module 'canvas'
2026-06-10 14:28:50: Require stack:
2026-06-10 14:28:50: - C:\Users\joshu\OneDrive\Documents\dnd\00 - Campaigns\Northwatch Wardens - (HomeBrew)\web\node_modules\pdfjs-dist\legacy\build\pdf.js
2026-06-10 14:28:50: - C:\Users\joshu\OneDrive\Documents\dnd\00 - Campaigns\Northwatch Wardens - (HomeBrew)\web\lib\pdf-indexer.js
2026-06-10 14:28:50: - C:\Users\joshu\OneDrive\Documents\dnd\00 - Campaigns\Northwatch Wardens - (HomeBrew)\web\server.js".
2026-06-10 14:28:53: Warning: Cannot polyfill `DOMMatrix`, rendering may be broken: "Error: Cannot find module 'canvas'
2026-06-10 14:28:53: Require stack:
2026-06-10 14:28:53: - C:\Users\joshu\OneDrive\Documents\dnd\00 - Campaigns\Northwatch Wardens - (HomeBrew)\web\node_modules\pdfjs-dist\legacy\build\pdf.js
2026-06-10 14:28:53: - C:\Users\joshu\OneDrive\Documents\dnd\00 - Campaigns\Northwatch Wardens - (HomeBrew)\web\lib\pdf-indexer.js
2026-06-10 14:28:53: - C:\Users\joshu\OneDrive\Documents\dnd\00 - Campaigns\Northwatch Wardens - (HomeBrew)\web\server.js".
2026-06-10 14:28:53: Warning: Cannot polyfill `Path2D`, rendering may be broken: "Error: Cannot find module 'canvas'
2026-06-10 14:28:53: Require stack:
2026-06-10 14:28:53: - C:\Users\joshu\OneDrive\Documents\dnd\00 - Campaigns\Northwatch Wardens - (HomeBrew)\web\node_modules\pdfjs-dist\legacy\build\pdf.js
2026-06-10 14:28:53: - C:\Users\joshu\OneDrive\Documents\dnd\00 - Campaigns\Northwatch Wardens - (HomeBrew)\web\lib\pdf-indexer.js
2026-06-10 14:28:53: - C:\Users\joshu\OneDrive\Documents\dnd\00 - Campaigns\Northwatch Wardens - (HomeBrew)\web\server.js".
2026-06-10 14:28:56: Warning: Cannot polyfill `DOMMatrix`, rendering may be broken: "Error: Cannot find module 'canvas'
2026-06-10 14:28:56: Require stack:
2026-06-10 14:28:56: - C:\Users\joshu\OneDrive\Documents\dnd\00 - Campaigns\Northwatch Wardens - (HomeBrew)\web\node_modules\pdfjs-dist\legacy\build\pdf.js
2026-06-10 14:28:56: - C:\Users\joshu\OneDrive\Documents\dnd\00 - Campaigns\Northwatch Wardens - (HomeBrew)\web\lib\pdf-indexer.js
2026-06-10 14:28:56: - C:\Users\joshu\OneDrive\Documents\dnd\00 - Campaigns\Northwatch Wardens - (HomeBrew)\web\server.js".
2026-06-10 14:28:56: Warning: Cannot polyfill `Path2D`, rendering may be broken: "Error: Cannot find module 'canvas'
2026-06-10 14:28:56: Require stack:
2026-06-10 14:28:56: - C:\Users\joshu\OneDrive\Documents\dnd\00 - Campaigns\Northwatch Wardens - (HomeBrew)\web\node_modules\pdfjs-dist\legacy\build\pdf.js
2026-06-10 14:28:56: - C:\Users\joshu\OneDrive\Documents\dnd\00 - Campaigns\Northwatch Wardens - (HomeBrew)\web\lib\pdf-indexer.js
2026-06-10 14:28:56: - C:\Users\joshu\OneDrive\Documents\dnd\00 - Campaigns\Northwatch Wardens - (HomeBrew)\web\server.js".
2026-06-10 14:28:59: Warning: Cannot polyfill `DOMMatrix`, rendering may be broken: "Error: Cannot find module 'canvas'
2026-06-10 14:28:59: Require stack:
2026-06-10 14:28:59: - C:\Users\joshu\OneDrive\Documents\dnd\00 - Campaigns\Northwatch Wardens - (HomeBrew)\web\node_modules\pdfjs-dist\legacy\build\pdf.js
2026-06-10 14:28:59: - C:\Users\joshu\OneDrive\Documents\dnd\00 - Campaigns\Northwatch Wardens - (HomeBrew)\web\lib\pdf-indexer.js
2026-06-10 14:28:59: - C:\Users\joshu\OneDrive\Documents\dnd\00 - Campaigns\Northwatch Wardens - (HomeBrew)\web\server.js".
2026-06-10 14:28:59: Warning: Cannot polyfill `Path2D`, rendering may be broken: "Error: Cannot find module 'canvas'
2026-06-10 14:28:59: Require stack:
2026-06-10 14:28:59: - C:\Users\joshu\OneDrive\Documents\dnd\00 - Campaigns\Northwatch Wardens - (HomeBrew)\web\node_modules\pdfjs-dist\legacy\build\pdf.js
2026-06-10 14:28:59: - C:\Users\joshu\OneDrive\Documents\dnd\00 - Campaigns\Northwatch Wardens - (HomeBrew)\web\lib\pdf-indexer.js
2026-06-10 14:28:59: - C:\Users\joshu\OneDrive\Documents\dnd\00 - Campaigns\Northwatch Wardens - (HomeBrew)\web\server.js".
2026-06-10 14:29:02: Warning: Cannot polyfill `DOMMatrix`, rendering may be broken: "Error: Cannot find module 'canvas'
2026-06-10 14:29:02: Require stack:
2026-06-10 14:29:02: - C:\Users\joshu\OneDrive\Documents\dnd\00 - Campaigns\Northwatch Wardens - (HomeBrew)\web\node_modules\pdfjs-dist\legacy\build\pdf.js
2026-06-10 14:29:02: - C:\Users\joshu\OneDrive\Documents\dnd\00 - Campaigns\Northwatch Wardens - (HomeBrew)\web\lib\pdf-indexer.js
2026-06-10 14:29:02: - C:\Users\joshu\OneDrive\Documents\dnd\00 - Campaigns\Northwatch Wardens - (HomeBrew)\web\server.js".
2026-06-10 14:29:02: Warning: Cannot polyfill `Path2D`, rendering may be broken: "Error: Cannot find module 'canvas'
2026-06-10 14:29:02: Require stack:
2026-06-10 14:29:02: - C:\Users\joshu\OneDrive\Documents\dnd\00 - Campaigns\Northwatch Wardens - (HomeBrew)\web\node_modules\pdfjs-dist\legacy\build\pdf.js
2026-06-10 14:29:02: - C:\Users\joshu\OneDrive\Documents\dnd\00 - Campaigns\Northwatch Wardens - (HomeBrew)\web\lib\pdf-indexer.js
2026-06-10 14:29:02: - C:\Users\joshu\OneDrive\Documents\dnd\00 - Campaigns\Northwatch Wardens - (HomeBrew)\web\server.js".
2026-06-10 14:29:05: Warning: Cannot polyfill `DOMMatrix`, rendering may be broken: "Error: Cannot find module 'canvas'
2026-06-10 14:29:05: Require stack:
2026-06-10 14:29:05: - C:\Users\joshu\OneDrive\Documents\dnd\00 - Campaigns\Northwatch Wardens - (HomeBrew)\web\node_modules\pdfjs-dist\legacy\build\pdf.js
2026-06-10 14:29:05: - C:\Users\joshu\OneDrive\Documents\dnd\00 - Campaigns\Northwatch Wardens - (HomeBrew)\web\lib\pdf-indexer.js
2026-06-10 14:29:05: - C:\Users\joshu\OneDrive\Documents\dnd\00 - Campaigns\Northwatch Wardens - (HomeBrew)\web\server.js".
2026-06-10 14:29:05: Warning: Cannot polyfill `Path2D`, rendering may be broken: "Error: Cannot find module 'canvas'
2026-06-10 14:29:05: Require stack:
2026-06-10 14:29:05: - C:\Users\joshu\OneDrive\Documents\dnd\00 - Campaigns\Northwatch Wardens - (HomeBrew)\web\node_modules\pdfjs-dist\legacy\build\pdf.js
2026-06-10 14:29:05: - C:\Users\joshu\OneDrive\Documents\dnd\00 - Campaigns\Northwatch Wardens - (HomeBrew)\web\lib\pdf-indexer.js
2026-06-10 14:29:05: - C:\Users\joshu\OneDrive\Documents\dnd\00 - Campaigns\Northwatch Wardens - (HomeBrew)\web\server.js".
2026-06-10 14:29:08: Warning: Cannot polyfill `DOMMatrix`, rendering may be broken: "Error: Cannot find module 'canvas'
2026-06-10 14:29:08: Require stack:
2026-06-10 14:29:08: - C:\Users\joshu\OneDrive\Documents\dnd\00 - Campaigns\Northwatch Wardens - (HomeBrew)\web\node_modules\pdfjs-dist\legacy\build\pdf.js
2026-06-10 14:29:08: - C:\Users\joshu\OneDrive\Documents\dnd\00 - Campaigns\Northwatch Wardens - (HomeBrew)\web\lib\pdf-indexer.js
2026-06-10 14:29:08: - C:\Users\joshu\OneDrive\Documents\dnd\00 - Campaigns\Northwatch Wardens - (HomeBrew)\web\server.js".
2026-06-10 14:29:08: Warning: Cannot polyfill `Path2D`, rendering may be broken: "Error: Cannot find module 'canvas'
2026-06-10 14:29:08: Require stack:
2026-06-10 14:29:08: - C:\Users\joshu\OneDrive\Documents\dnd\00 - Campaigns\Northwatch Wardens - (HomeBrew)\web\node_modules\pdfjs-dist\legacy\build\pdf.js
2026-06-10 14:29:08: - C:\Users\joshu\OneDrive\Documents\dnd\00 - Campaigns\Northwatch Wardens - (HomeBrew)\web\lib\pdf-indexer.js
2026-06-10 14:29:08: - C:\Users\joshu\OneDrive\Documents\dnd\00 - Campaigns\Northwatch Wardens - (HomeBrew)\web\server.js".
2026-06-10 14:29:11: Warning: Cannot polyfill `DOMMatrix`, rendering may be broken: "Error: Cannot find module 'canvas'
2026-06-10 14:29:11: Require stack:
2026-06-10 14:29:11: - C:\Users\joshu\OneDrive\Documents\dnd\00 - Campaigns\Northwatch Wardens - (HomeBrew)\web\node_modules\pdfjs-dist\legacy\build\pdf.js
2026-06-10 14:29:11: - C:\Users\joshu\OneDrive\Documents\dnd\00 - Campaigns\Northwatch Wardens - (HomeBrew)\web\lib\pdf-indexer.js
2026-06-10 14:29:11: - C:\Users\joshu\OneDrive\Documents\dnd\00 - Campaigns\Northwatch Wardens - (HomeBrew)\web\server.js".
2026-06-10 14:29:11: Warning: Cannot polyfill `Path2D`, rendering may be broken: "Error: Cannot find module 'canvas'
2026-06-10 14:29:11: Require stack:
2026-06-10 14:29:11: - C:\Users\joshu\OneDrive\Documents\dnd\00 - Campaigns\Northwatch Wardens - (HomeBrew)\web\node_modules\pdfjs-dist\legacy\build\pdf.js
2026-06-10 14:29:11: - C:\Users\joshu\OneDrive\Documents\dnd\00 - Campaigns\Northwatch Wardens - (HomeBrew)\web\lib\pdf-indexer.js
2026-06-10 14:29:11: - C:\Users\joshu\OneDrive\Documents\dnd\00 - Campaigns\Northwatch Wardens - (HomeBrew)\web\server.js".
2026-06-10 14:29:14: Warning: Cannot polyfill `DOMMatrix`, rendering may be broken: "Error: Cannot find module 'canvas'
2026-06-10 14:29:14: Require stack:
2026-06-10 14:29:14: - C:\Users\joshu\OneDrive\Documents\dnd\00 - Campaigns\Northwatch Wardens - (HomeBrew)\web\node_modules\pdfjs-dist\legacy\build\pdf.js
2026-06-10 14:29:14: - C:\Users\joshu\OneDrive\Documents\dnd\00 - Campaigns\Northwatch Wardens - (HomeBrew)\web\lib\pdf-indexer.js
2026-06-10 14:29:14: - C:\Users\joshu\OneDrive\Documents\dnd\00 - Campaigns\Northwatch Wardens - (HomeBrew)\web\server.js".
2026-06-10 14:29:14: Warning: Cannot polyfill `Path2D`, rendering may be broken: "Error: Cannot find module 'canvas'
2026-06-10 14:29:14: Require stack:
2026-06-10 14:29:14: - C:\Users\joshu\OneDrive\Documents\dnd\00 - Campaigns\Northwatch Wardens - (HomeBrew)\web\node_modules\pdfjs-dist\legacy\build\pdf.js
2026-06-10 14:29:14: - C:\Users\joshu\OneDrive\Documents\dnd\00 - Campaigns\Northwatch Wardens - (HomeBrew)\web\lib\pdf-indexer.js
2026-06-10 14:29:14: - C:\Users\joshu\OneDrive\Documents\dnd\00 - Campaigns\Northwatch Wardens - (HomeBrew)\web\server.js".
2026-06-10 14:29:17: Warning: Cannot polyfill `DOMMatrix`, rendering may be broken: "Error: Cannot find module 'canvas'
2026-06-10 14:29:17: Require stack:
2026-06-10 14:29:17: - C:\Users\joshu\OneDrive\Documents\dnd\00 - Campaigns\Northwatch Wardens - (HomeBrew)\web\node_modules\pdfjs-dist\legacy\build\pdf.js
2026-06-10 14:29:17: - C:\Users\joshu\OneDrive\Documents\dnd\00 - Campaigns\Northwatch Wardens - (HomeBrew)\web\lib\pdf-indexer.js
2026-06-10 14:29:17: - C:\Users\joshu\OneDrive\Documents\dnd\00 - Campaigns\Northwatch Wardens - (HomeBrew)\web\server.js".
2026-06-10 14:29:17: Warning: Cannot polyfill `Path2D`, rendering may be broken: "Error: Cannot find module 'canvas'
2026-06-10 14:29:17: Require stack:
2026-06-10 14:29:17: - C:\Users\joshu\OneDrive\Documents\dnd\00 - Campaigns\Northwatch Wardens - (HomeBrew)\web\node_modules\pdfjs-dist\legacy\build\pdf.js
2026-06-10 14:29:17: - C:\Users\joshu\OneDrive\Documents\dnd\00 - Campaigns\Northwatch Wardens - (HomeBrew)\web\lib\pdf-indexer.js
2026-06-10 14:29:17: - C:\Users\joshu\OneDrive\Documents\dnd\00 - Campaigns\Northwatch Wardens - (HomeBrew)\web\server.js".
2026-06-10 14:29:21: Warning: Cannot polyfill `DOMMatrix`, rendering may be broken: "Error: Cannot find module 'canvas'
2026-06-10 14:29:21: Require stack:
2026-06-10 14:29:21: - C:\Users\joshu\OneDrive\Documents\dnd\00 - Campaigns\Northwatch Wardens - (HomeBrew)\web\node_modules\pdfjs-dist\legacy\build\pdf.js
2026-06-10 14:29:21: - C:\Users\joshu\OneDrive\Documents\dnd\00 - Campaigns\Northwatch Wardens - (HomeBrew)\web\lib\pdf-indexer.js
2026-06-10 14:29:21: - C:\Users\joshu\OneDrive\Documents\dnd\00 - Campaigns\Northwatch Wardens - (HomeBrew)\web\server.js".
2026-06-10 14:29:21: Warning: Cannot polyfill `Path2D`, rendering may be broken: "Error: Cannot find module 'canvas'
2026-06-10 14:29:21: Require stack:
2026-06-10 14:29:21: - C:\Users\joshu\OneDrive\Documents\dnd\00 - Campaigns\Northwatch Wardens - (HomeBrew)\web\node_modules\pdfjs-dist\legacy\build\pdf.js
2026-06-10 14:29:21: - C:\Users\joshu\OneDrive\Documents\dnd\00 - Campaigns\Northwatch Wardens - (HomeBrew)\web\lib\pdf-indexer.js
2026-06-10 14:29:21: - C:\Users\joshu\OneDrive\Documents\dnd\00 - Campaigns\Northwatch Wardens - (HomeBrew)\web\server.js".
2026-06-10 14:29:24: Warning: Cannot polyfill `DOMMatrix`, rendering may be broken: "Error: Cannot find module 'canvas'
2026-06-10 14:29:24: Require stack:
2026-06-10 14:29:24: - C:\Users\joshu\OneDrive\Documents\dnd\00 - Campaigns\Northwatch Wardens - (HomeBrew)\web\node_modules\pdfjs-dist\legacy\build\pdf.js
2026-06-10 14:29:24: - C:\Users\joshu\OneDrive\Documents\dnd\00 - Campaigns\Northwatch Wardens - (HomeBrew)\web\lib\pdf-indexer.js
2026-06-10 14:29:24: - C:\Users\joshu\OneDrive\Documents\dnd\00 - Campaigns\Northwatch Wardens - (HomeBrew)\web\server.js".
2026-06-10 14:29:24: Warning: Cannot polyfill `Path2D`, rendering may be broken: "Error: Cannot find module 'canvas'
2026-06-10 14:29:24: Require stack:
2026-06-10 14:29:24: - C:\Users\joshu\OneDrive\Documents\dnd\00 - Campaigns\Northwatch Wardens - (HomeBrew)\web\node_modules\pdfjs-dist\legacy\build\pdf.js
2026-06-10 14:29:24: - C:\Users\joshu\OneDrive\Documents\dnd\00 - Campaigns\Northwatch Wardens - (HomeBrew)\web\lib\pdf-indexer.js
2026-06-10 14:29:24: - C:\Users\joshu\OneDrive\Documents\dnd\00 - Campaigns\Northwatch Wardens - (HomeBrew)\web\server.js".
2026-06-10 14:29:27: Warning: Cannot polyfill `DOMMatrix`, rendering may be broken: "Error: Cannot find module 'canvas'
2026-06-10 14:29:27: Require stack:
2026-06-10 14:29:27: - C:\Users\joshu\OneDrive\Documents\dnd\00 - Campaigns\Northwatch Wardens - (HomeBrew)\web\node_modules\pdfjs-dist\legacy\build\pdf.js
2026-06-10 14:29:27: - C:\Users\joshu\OneDrive\Documents\dnd\00 - Campaigns\Northwatch Wardens - (HomeBrew)\web\lib\pdf-indexer.js
2026-06-10 14:29:27: - C:\Users\joshu\OneDrive\Documents\dnd\00 - Campaigns\Northwatch Wardens - (HomeBrew)\web\server.js".
2026-06-10 14:29:27: Warning: Cannot polyfill `Path2D`, rendering may be broken: "Error: Cannot find module 'canvas'
2026-06-10 14:29:27: Require stack:
2026-06-10 14:29:27: - C:\Users\joshu\OneDrive\Documents\dnd\00 - Campaigns\Northwatch Wardens - (HomeBrew)\web\node_modules\pdfjs-dist\legacy\build\pdf.js
2026-06-10 14:29:27: - C:\Users\joshu\OneDrive\Documents\dnd\00 - Campaigns\Northwatch Wardens - (HomeBrew)\web\lib\pdf-indexer.js
2026-06-10 14:29:27: - C:\Users\joshu\OneDrive\Documents\dnd\00 - Campaigns\Northwatch Wardens - (HomeBrew)\web\server.js".
2026-06-10 14:29:30: Warning: Cannot polyfill `DOMMatrix`, rendering may be broken: "Error: Cannot find module 'canvas'
2026-06-10 14:29:30: Require stack:
2026-06-10 14:29:30: - C:\Users\joshu\OneDrive\Documents\dnd\00 - Campaigns\Northwatch Wardens - (HomeBrew)\web\node_modules\pdfjs-dist\legacy\build\pdf.js
2026-06-10 14:29:30: - C:\Users\joshu\OneDrive\Documents\dnd\00 - Campaigns\Northwatch Wardens - (HomeBrew)\web\lib\pdf-indexer.js
2026-06-10 14:29:30: - C:\Users\joshu\OneDrive\Documents\dnd\00 - Campaigns\Northwatch Wardens - (HomeBrew)\web\server.js".
2026-06-10 14:29:30: Warning: Cannot polyfill `Path2D`, rendering may be broken: "Error: Cannot find module 'canvas'
2026-06-10 14:29:30: Require stack:
2026-06-10 14:29:30: - C:\Users\joshu\OneDrive\Documents\dnd\00 - Campaigns\Northwatch Wardens - (HomeBrew)\web\node_modules\pdfjs-dist\legacy\build\pdf.js
2026-06-10 14:29:30: - C:\Users\joshu\OneDrive\Documents\dnd\00 - Campaigns\Northwatch Wardens - (HomeBrew)\web\lib\pdf-indexer.js
2026-06-10 14:29:30: - C:\Users\joshu\OneDrive\Documents\dnd\00 - Campaigns\Northwatch Wardens - (HomeBrew)\web\server.js".
2026-06-10 14:29:34: Warning: Cannot polyfill `DOMMatrix`, rendering may be broken: "Error: Cannot find module 'canvas'
2026-06-10 14:29:34: Require stack:
2026-06-10 14:29:34: - C:\Users\joshu\OneDrive\Documents\dnd\00 - Campaigns\Northwatch Wardens - (HomeBrew)\web\node_modules\pdfjs-dist\legacy\build\pdf.js
2026-06-10 14:29:34: - C:\Users\joshu\OneDrive\Documents\dnd\00 - Campaigns\Northwatch Wardens - (HomeBrew)\web\lib\pdf-indexer.js
2026-06-10 14:29:34: - C:\Users\joshu\OneDrive\Documents\dnd\00 - Campaigns\Northwatch Wardens - (HomeBrew)\web\server.js".
2026-06-10 14:29:34: Warning: Cannot polyfill `Path2D`, rendering may be broken: "Error: Cannot find module 'canvas'
2026-06-10 14:29:34: Require stack:
2026-06-10 14:29:34: - C:\Users\joshu\OneDrive\Documents\dnd\00 - Campaigns\Northwatch Wardens - (HomeBrew)\web\node_modules\pdfjs-dist\legacy\build\pdf.js
2026-06-10 14:29:34: - C:\Users\joshu\OneDrive\Documents\dnd\00 - Campaigns\Northwatch Wardens - (HomeBrew)\web\lib\pdf-indexer.js
2026-06-10 14:29:34: - C:\Users\joshu\OneDrive\Documents\dnd\00 - Campaigns\Northwatch Wardens - (HomeBrew)\web\server.js".
2026-06-10 14:29:38: Warning: Cannot polyfill `DOMMatrix`, rendering may be broken: "Error: Cannot find module 'canvas'
2026-06-10 14:29:38: Require stack:
2026-06-10 14:29:38: - C:\Users\joshu\OneDrive\Documents\dnd\00 - Campaigns\Northwatch Wardens - (HomeBrew)\web\node_modules\pdfjs-dist\legacy\build\pdf.js
2026-06-10 14:29:38: - C:\Users\joshu\OneDrive\Documents\dnd\00 - Campaigns\Northwatch Wardens - (HomeBrew)\web\lib\pdf-indexer.js
2026-06-10 14:29:38: - C:\Users\joshu\OneDrive\Documents\dnd\00 - Campaigns\Northwatch Wardens - (HomeBrew)\web\server.js".
2026-06-10 14:29:38: Warning: Cannot polyfill `Path2D`, rendering may be broken: "Error: Cannot find module 'canvas'
2026-06-10 14:29:38: Require stack:
2026-06-10 14:29:38: - C:\Users\joshu\OneDrive\Documents\dnd\00 - Campaigns\Northwatch Wardens - (HomeBrew)\web\node_modules\pdfjs-dist\legacy\build\pdf.js
2026-06-10 14:29:38: - C:\Users\joshu\OneDrive\Documents\dnd\00 - Campaigns\Northwatch Wardens - (HomeBrew)\web\lib\pdf-indexer.js
2026-06-10 14:29:38: - C:\Users\joshu\OneDrive\Documents\dnd\00 - Campaigns\Northwatch Wardens - (HomeBrew)\web\server.js".
2026-06-10 14:29:42: Warning: Cannot polyfill `DOMMatrix`, rendering may be broken: "Error: Cannot find module 'canvas'
2026-06-10 14:29:42: Require stack:
2026-06-10 14:29:42: - C:\Users\joshu\OneDrive\Documents\dnd\00 - Campaigns\Northwatch Wardens - (HomeBrew)\web\node_modules\pdfjs-dist\legacy\build\pdf.js
2026-06-10 14:29:42: - C:\Users\joshu\OneDrive\Documents\dnd\00 - Campaigns\Northwatch Wardens - (HomeBrew)\web\lib\pdf-indexer.js
2026-06-10 14:29:42: - C:\Users\joshu\OneDrive\Documents\dnd\00 - Campaigns\Northwatch Wardens - (HomeBrew)\web\server.js".
2026-06-10 14:29:42: Warning: Cannot polyfill `Path2D`, rendering may be broken: "Error: Cannot find module 'canvas'
2026-06-10 14:29:42: Require stack:
2026-06-10 14:29:42: - C:\Users\joshu\OneDrive\Documents\dnd\00 - Campaigns\Northwatch Wardens - (HomeBrew)\web\node_modules\pdfjs-dist\legacy\build\pdf.js
2026-06-10 14:29:42: - C:\Users\joshu\OneDrive\Documents\dnd\00 - Campaigns\Northwatch Wardens - (HomeBrew)\web\lib\pdf-indexer.js
2026-06-10 14:29:42: - C:\Users\joshu\OneDrive\Documents\dnd\00 - Campaigns\Northwatch Wardens - (HomeBrew)\web\server.js".
2026-06-10 14:29:45: Warning: Cannot polyfill `DOMMatrix`, rendering may be broken: "Error: Cannot find module 'canvas'
2026-06-10 14:29:45: Require stack:
2026-06-10 14:29:45: - C:\Users\joshu\OneDrive\Documents\dnd\00 - Campaigns\Northwatch Wardens - (HomeBrew)\web\node_modules\pdfjs-dist\legacy\build\pdf.js
2026-06-10 14:29:45: - C:\Users\joshu\OneDrive\Documents\dnd\00 - Campaigns\Northwatch Wardens - (HomeBrew)\web\lib\pdf-indexer.js
2026-06-10 14:29:45: - C:\Users\joshu\OneDrive\Documents\dnd\00 - Campaigns\Northwatch Wardens - (HomeBrew)\web\server.js".
2026-06-10 14:29:45: Warning: Cannot polyfill `Path2D`, rendering may be broken: "Error: Cannot find module 'canvas'
2026-06-10 14:29:45: Require stack:
2026-06-10 14:29:45: - C:\Users\joshu\OneDrive\Documents\dnd\00 - Campaigns\Northwatch Wardens - (HomeBrew)\web\node_modules\pdfjs-dist\legacy\build\pdf.js
2026-06-10 14:29:45: - C:\Users\joshu\OneDrive\Documents\dnd\00 - Campaigns\Northwatch Wardens - (HomeBrew)\web\lib\pdf-indexer.js
2026-06-10 14:29:45: - C:\Users\joshu\OneDrive\Documents\dnd\00 - Campaigns\Northwatch Wardens - (HomeBrew)\web\server.js".
2026-06-10 14:29:49: Warning: Cannot polyfill `DOMMatrix`, rendering may be broken: "Error: Cannot find module 'canvas'
2026-06-10 14:29:49: Require stack:
2026-06-10 14:29:49: - C:\Users\joshu\OneDrive\Documents\dnd\00 - Campaigns\Northwatch Wardens - (HomeBrew)\web\node_modules\pdfjs-dist\legacy\build\pdf.js
2026-06-10 14:29:49: - C:\Users\joshu\OneDrive\Documents\dnd\00 - Campaigns\Northwatch Wardens - (HomeBrew)\web\lib\pdf-indexer.js
2026-06-10 14:29:49: - C:\Users\joshu\OneDrive\Documents\dnd\00 - Campaigns\Northwatch Wardens - (HomeBrew)\web\server.js".
2026-06-10 14:29:49: Warning: Cannot polyfill `Path2D`, rendering may be broken: "Error: Cannot find module 'canvas'
2026-06-10 14:29:49: Require stack:
2026-06-10 14:29:49: - C:\Users\joshu\OneDrive\Documents\dnd\00 - Campaigns\Northwatch Wardens - (HomeBrew)\web\node_modules\pdfjs-dist\legacy\build\pdf.js
2026-06-10 14:29:49: - C:\Users\joshu\OneDrive\Documents\dnd\00 - Campaigns\Northwatch Wardens - (HomeBrew)\web\lib\pdf-indexer.js
2026-06-10 14:29:49: - C:\Users\joshu\OneDrive\Documents\dnd\00 - Campaigns\Northwatch Wardens - (HomeBrew)\web\server.js".
2026-06-10 14:29:52: Warning: Cannot polyfill `DOMMatrix`, rendering may be broken: "Error: Cannot find module 'canvas'
2026-06-10 14:29:52: Require stack:
2026-06-10 14:29:52: - C:\Users\joshu\OneDrive\Documents\dnd\00 - Campaigns\Northwatch Wardens - (HomeBrew)\web\node_modules\pdfjs-dist\legacy\build\pdf.js
2026-06-10 14:29:52: - C:\Users\joshu\OneDrive\Documents\dnd\00 - Campaigns\Northwatch Wardens - (HomeBrew)\web\lib\pdf-indexer.js
2026-06-10 14:29:52: - C:\Users\joshu\OneDrive\Documents\dnd\00 - Campaigns\Northwatch Wardens - (HomeBrew)\web\server.js".
2026-06-10 14:29:52: Warning: Cannot polyfill `Path2D`, rendering may be broken: "Error: Cannot find module 'canvas'
2026-06-10 14:29:52: Require stack:
2026-06-10 14:29:52: - C:\Users\joshu\OneDrive\Documents\dnd\00 - Campaigns\Northwatch Wardens - (HomeBrew)\web\node_modules\pdfjs-dist\legacy\build\pdf.js
2026-06-10 14:29:52: - C:\Users\joshu\OneDrive\Documents\dnd\00 - Campaigns\Northwatch Wardens - (HomeBrew)\web\lib\pdf-indexer.js
2026-06-10 14:29:52: - C:\Users\joshu\OneDrive\Documents\dnd\00 - Campaigns\Northwatch Wardens - (HomeBrew)\web\server.js".
2026-06-10 14:29:54: Warning: Cannot polyfill `DOMMatrix`, rendering may be broken: "Error: Cannot find module 'canvas'
2026-06-10 14:29:54: Require stack:
2026-06-10 14:29:54: - C:\Users\joshu\OneDrive\Documents\dnd\00 - Campaigns\Northwatch Wardens - (HomeBrew)\web\node_modules\pdfjs-dist\legacy\build\pdf.js
2026-06-10 14:29:54: - C:\Users\joshu\OneDrive\Documents\dnd\00 - Campaigns\Northwatch Wardens - (HomeBrew)\web\lib\pdf-indexer.js
2026-06-10 14:29:54: - C:\Users\joshu\OneDrive\Documents\dnd\00 - Campaigns\Northwatch Wardens - (HomeBrew)\web\server.js".
2026-06-10 14:29:54: Warning: Cannot polyfill `Path2D`, rendering may be broken: "Error: Cannot find module 'canvas'
2026-06-10 14:29:54: Require stack:
2026-06-10 14:29:54: - C:\Users\joshu\OneDrive\Documents\dnd\00 - Campaigns\Northwatch Wardens - (HomeBrew)\web\node_modules\pdfjs-dist\legacy\build\pdf.js
2026-06-10 14:29:54: - C:\Users\joshu\OneDrive\Documents\dnd\00 - Campaigns\Northwatch Wardens - (HomeBrew)\web\lib\pdf-indexer.js
2026-06-10 14:29:54: - C:\Users\joshu\OneDrive\Documents\dnd\00 - Campaigns\Northwatch Wardens - (HomeBrew)\web\server.js".
2026-06-10 14:29:57: Warning: Cannot polyfill `DOMMatrix`, rendering may be broken: "Error: Cannot find module 'canvas'
2026-06-10 14:29:57: Require stack:
2026-06-10 14:29:57: - C:\Users\joshu\OneDrive\Documents\dnd\00 - Campaigns\Northwatch Wardens - (HomeBrew)\web\node_modules\pdfjs-dist\legacy\build\pdf.js
2026-06-10 14:29:57: - C:\Users\joshu\OneDrive\Documents\dnd\00 - Campaigns\Northwatch Wardens - (HomeBrew)\web\lib\pdf-indexer.js
2026-06-10 14:29:57: - C:\Users\joshu\OneDrive\Documents\dnd\00 - Campaigns\Northwatch Wardens - (HomeBrew)\web\server.js".
2026-06-10 14:29:57: Warning: Cannot polyfill `Path2D`, rendering may be broken: "Error: Cannot find module 'canvas'
2026-06-10 14:29:57: Require stack:
2026-06-10 14:29:57: - C:\Users\joshu\OneDrive\Documents\dnd\00 - Campaigns\Northwatch Wardens - (HomeBrew)\web\node_modules\pdfjs-dist\legacy\build\pdf.js
2026-06-10 14:29:57: - C:\Users\joshu\OneDrive\Documents\dnd\00 - Campaigns\Northwatch Wardens - (HomeBrew)\web\lib\pdf-indexer.js
2026-06-10 14:29:57: - C:\Users\joshu\OneDrive\Documents\dnd\00 - Campaigns\Northwatch Wardens - (HomeBrew)\web\server.js".
2026-06-10 14:30:01: Warning: Cannot polyfill `DOMMatrix`, rendering may be broken: "Error: Cannot find module 'canvas'
2026-06-10 14:30:01: Require stack:
2026-06-10 14:30:01: - C:\Users\joshu\OneDrive\Documents\dnd\00 - Campaigns\Northwatch Wardens - (HomeBrew)\web\node_modules\pdfjs-dist\legacy\build\pdf.js
2026-06-10 14:30:01: - C:\Users\joshu\OneDrive\Documents\dnd\00 - Campaigns\Northwatch Wardens - (HomeBrew)\web\lib\pdf-indexer.js
2026-06-10 14:30:01: - C:\Users\joshu\OneDrive\Documents\dnd\00 - Campaigns\Northwatch Wardens - (HomeBrew)\web\server.js".
2026-06-10 14:30:01: Warning: Cannot polyfill `Path2D`, rendering may be broken: "Error: Cannot find module 'canvas'
2026-06-10 14:30:01: Require stack:
2026-06-10 14:30:01: - C:\Users\joshu\OneDrive\Documents\dnd\00 - Campaigns\Northwatch Wardens - (HomeBrew)\web\node_modules\pdfjs-dist\legacy\build\pdf.js
2026-06-10 14:30:01: - C:\Users\joshu\OneDrive\Documents\dnd\00 - Campaigns\Northwatch Wardens - (HomeBrew)\web\lib\pdf-indexer.js
2026-06-10 14:30:01: - C:\Users\joshu\OneDrive\Documents\dnd\00 - Campaigns\Northwatch Wardens - (HomeBrew)\web\server.js".
2026-06-10 14:30:04: Warning: Cannot polyfill `DOMMatrix`, rendering may be broken: "Error: Cannot find module 'canvas'
2026-06-10 14:30:04: Require stack:
2026-06-10 14:30:04: - C:\Users\joshu\OneDrive\Documents\dnd\00 - Campaigns\Northwatch Wardens - (HomeBrew)\web\node_modules\pdfjs-dist\legacy\build\pdf.js
2026-06-10 14:30:04: - C:\Users\joshu\OneDrive\Documents\dnd\00 - Campaigns\Northwatch Wardens - (HomeBrew)\web\lib\pdf-indexer.js
2026-06-10 14:30:04: - C:\Users\joshu\OneDrive\Documents\dnd\00 - Campaigns\Northwatch Wardens - (HomeBrew)\web\server.js".
2026-06-10 14:30:04: Warning: Cannot polyfill `Path2D`, rendering may be broken: "Error: Cannot find module 'canvas'
2026-06-10 14:30:04: Require stack:
2026-06-10 14:30:04: - C:\Users\joshu\OneDrive\Documents\dnd\00 - Campaigns\Northwatch Wardens - (HomeBrew)\web\node_modules\pdfjs-dist\legacy\build\pdf.js
2026-06-10 14:30:04: - C:\Users\joshu\OneDrive\Documents\dnd\00 - Campaigns\Northwatch Wardens - (HomeBrew)\web\lib\pdf-indexer.js
2026-06-10 14:30:04: - C:\Users\joshu\OneDrive\Documents\dnd\00 - Campaigns\Northwatch Wardens - (HomeBrew)\web\server.js".
2026-06-10 14:30:08: Warning: Cannot polyfill `DOMMatrix`, rendering may be broken: "Error: Cannot find module 'canvas'
2026-06-10 14:30:08: Require stack:
2026-06-10 14:30:08: - C:\Users\joshu\OneDrive\Documents\dnd\00 - Campaigns\Northwatch Wardens - (HomeBrew)\web\node_modules\pdfjs-dist\legacy\build\pdf.js
2026-06-10 14:30:08: - C:\Users\joshu\OneDrive\Documents\dnd\00 - Campaigns\Northwatch Wardens - (HomeBrew)\web\lib\pdf-indexer.js
2026-06-10 14:30:08: - C:\Users\joshu\OneDrive\Documents\dnd\00 - Campaigns\Northwatch Wardens - (HomeBrew)\web\server.js".
2026-06-10 14:30:08: Warning: Cannot polyfill `Path2D`, rendering may be broken: "Error: Cannot find module 'canvas'
2026-06-10 14:30:08: Require stack:
2026-06-10 14:30:08: - C:\Users\joshu\OneDrive\Documents\dnd\00 - Campaigns\Northwatch Wardens - (HomeBrew)\web\node_modules\pdfjs-dist\legacy\build\pdf.js
2026-06-10 14:30:08: - C:\Users\joshu\OneDrive\Documents\dnd\00 - Campaigns\Northwatch Wardens - (HomeBrew)\web\lib\pdf-indexer.js
2026-06-10 14:30:08: - C:\Users\joshu\OneDrive\Documents\dnd\00 - Campaigns\Northwatch Wardens - (HomeBrew)\web\server.js".
2026-06-10 14:30:10: Warning: Cannot polyfill `DOMMatrix`, rendering may be broken: "Error: Cannot find module 'canvas'
2026-06-10 14:30:10: Require stack:
2026-06-10 14:30:10: - C:\Users\joshu\OneDrive\Documents\dnd\00 - Campaigns\Northwatch Wardens - (HomeBrew)\web\node_modules\pdfjs-dist\legacy\build\pdf.js
2026-06-10 14:30:10: - C:\Users\joshu\OneDrive\Documents\dnd\00 - Campaigns\Northwatch Wardens - (HomeBrew)\web\lib\pdf-indexer.js
2026-06-10 14:30:10: - C:\Users\joshu\OneDrive\Documents\dnd\00 - Campaigns\Northwatch Wardens - (HomeBrew)\web\server.js".
2026-06-10 14:30:10: Warning: Cannot polyfill `Path2D`, rendering may be broken: "Error: Cannot find module 'canvas'
2026-06-10 14:30:10: Require stack:
2026-06-10 14:30:10: - C:\Users\joshu\OneDrive\Documents\dnd\00 - Campaigns\Northwatch Wardens - (HomeBrew)\web\node_modules\pdfjs-dist\legacy\build\pdf.js
2026-06-10 14:30:10: - C:\Users\joshu\OneDrive\Documents\dnd\00 - Campaigns\Northwatch Wardens - (HomeBrew)\web\lib\pdf-indexer.js
2026-06-10 14:30:10: - C:\Users\joshu\OneDrive\Documents\dnd\00 - Campaigns\Northwatch Wardens - (HomeBrew)\web\server.js".
2026-06-10 14:30:13: Warning: Cannot polyfill `DOMMatrix`, rendering may be broken: "Error: Cannot find module 'canvas'
2026-06-10 14:30:13: Require stack:
2026-06-10 14:30:13: - C:\Users\joshu\OneDrive\Documents\dnd\00 - Campaigns\Northwatch Wardens - (HomeBrew)\web\node_modules\pdfjs-dist\legacy\build\pdf.js
2026-06-10 14:30:13: - C:\Users\joshu\OneDrive\Documents\dnd\00 - Campaigns\Northwatch Wardens - (HomeBrew)\web\lib\pdf-indexer.js
2026-06-10 14:30:13: - C:\Users\joshu\OneDrive\Documents\dnd\00 - Campaigns\Northwatch Wardens - (HomeBrew)\web\server.js".
2026-06-10 14:30:13: Warning: Cannot polyfill `Path2D`, rendering may be broken: "Error: Cannot find module 'canvas'
2026-06-10 14:30:13: Require stack:
2026-06-10 14:30:13: - C:\Users\joshu\OneDrive\Documents\dnd\00 - Campaigns\Northwatch Wardens - (HomeBrew)\web\node_modules\pdfjs-dist\legacy\build\pdf.js
2026-06-10 14:30:13: - C:\Users\joshu\OneDrive\Documents\dnd\00 - Campaigns\Northwatch Wardens - (HomeBrew)\web\lib\pdf-indexer.js
2026-06-10 14:30:13: - C:\Users\joshu\OneDrive\Documents\dnd\00 - Campaigns\Northwatch Wardens - (HomeBrew)\web\server.js".
2026-06-10 14:30:16: Warning: Cannot polyfill `DOMMatrix`, rendering may be broken: "Error: Cannot find module 'canvas'
2026-06-10 14:30:16: Require stack:
2026-06-10 14:30:16: - C:\Users\joshu\OneDrive\Documents\dnd\00 - Campaigns\Northwatch Wardens - (HomeBrew)\web\node_modules\pdfjs-dist\legacy\build\pdf.js
2026-06-10 14:30:16: - C:\Users\joshu\OneDrive\Documents\dnd\00 - Campaigns\Northwatch Wardens - (HomeBrew)\web\lib\pdf-indexer.js
2026-06-10 14:30:16: - C:\Users\joshu\OneDrive\Documents\dnd\00 - Campaigns\Northwatch Wardens - (HomeBrew)\web\server.js".
2026-06-10 14:30:16: Warning: Cannot polyfill `Path2D`, rendering may be broken: "Error: Cannot find module 'canvas'
2026-06-10 14:30:16: Require stack:
2026-06-10 14:30:16: - C:\Users\joshu\OneDrive\Documents\dnd\00 - Campaigns\Northwatch Wardens - (HomeBrew)\web\node_modules\pdfjs-dist\legacy\build\pdf.js
2026-06-10 14:30:16: - C:\Users\joshu\OneDrive\Documents\dnd\00 - Campaigns\Northwatch Wardens - (HomeBrew)\web\lib\pdf-indexer.js
2026-06-10 14:30:16: - C:\Users\joshu\OneDrive\Documents\dnd\00 - Campaigns\Northwatch Wardens - (HomeBrew)\web\server.js".
2026-06-10 14:30:19: Warning: Cannot polyfill `DOMMatrix`, rendering may be broken: "Error: Cannot find module 'canvas'
2026-06-10 14:30:19: Require stack:
2026-06-10 14:30:19: - C:\Users\joshu\OneDrive\Documents\dnd\00 - Campaigns\Northwatch Wardens - (HomeBrew)\web\node_modules\pdfjs-dist\legacy\build\pdf.js
2026-06-10 14:30:19: - C:\Users\joshu\OneDrive\Documents\dnd\00 - Campaigns\Northwatch Wardens - (HomeBrew)\web\lib\pdf-indexer.js
2026-06-10 14:30:19: - C:\Users\joshu\OneDrive\Documents\dnd\00 - Campaigns\Northwatch Wardens - (HomeBrew)\web\server.js".
2026-06-10 14:30:19: Warning: Cannot polyfill `Path2D`, rendering may be broken: "Error: Cannot find module 'canvas'
2026-06-10 14:30:19: Require stack:
2026-06-10 14:30:19: - C:\Users\joshu\OneDrive\Documents\dnd\00 - Campaigns\Northwatch Wardens - (HomeBrew)\web\node_modules\pdfjs-dist\legacy\build\pdf.js
2026-06-10 14:30:19: - C:\Users\joshu\OneDrive\Documents\dnd\00 - Campaigns\Northwatch Wardens - (HomeBrew)\web\lib\pdf-indexer.js
2026-06-10 14:30:19: - C:\Users\joshu\OneDrive\Documents\dnd\00 - Campaigns\Northwatch Wardens - (HomeBrew)\web\server.js".
2026-06-10 14:30:23: Warning: Cannot polyfill `DOMMatrix`, rendering may be broken: "Error: Cannot find module 'canvas'
2026-06-10 14:30:23: Require stack:
2026-06-10 14:30:23: - C:\Users\joshu\OneDrive\Documents\dnd\00 - Campaigns\Northwatch Wardens - (HomeBrew)\web\node_modules\pdfjs-dist\legacy\build\pdf.js
2026-06-10 14:30:23: - C:\Users\joshu\OneDrive\Documents\dnd\00 - Campaigns\Northwatch Wardens - (HomeBrew)\web\lib\pdf-indexer.js
2026-06-10 14:30:23: - C:\Users\joshu\OneDrive\Documents\dnd\00 - Campaigns\Northwatch Wardens - (HomeBrew)\web\server.js".
2026-06-10 14:30:23: Warning: Cannot polyfill `Path2D`, rendering may be broken: "Error: Cannot find module 'canvas'
2026-06-10 14:30:23: Require stack:
2026-06-10 14:30:23: - C:\Users\joshu\OneDrive\Documents\dnd\00 - Campaigns\Northwatch Wardens - (HomeBrew)\web\node_modules\pdfjs-dist\legacy\build\pdf.js
2026-06-10 14:30:23: - C:\Users\joshu\OneDrive\Documents\dnd\00 - Campaigns\Northwatch Wardens - (HomeBrew)\web\lib\pdf-indexer.js
2026-06-10 14:30:23: - C:\Users\joshu\OneDrive\Documents\dnd\00 - Campaigns\Northwatch Wardens - (HomeBrew)\web\server.js".
2026-06-10 14:30:27: Warning: Cannot polyfill `DOMMatrix`, rendering may be broken: "Error: Cannot find module 'canvas'
2026-06-10 14:30:27: Require stack:
2026-06-10 14:30:27: - C:\Users\joshu\OneDrive\Documents\dnd\00 - Campaigns\Northwatch Wardens - (HomeBrew)\web\node_modules\pdfjs-dist\legacy\build\pdf.js
2026-06-10 14:30:27: - C:\Users\joshu\OneDrive\Documents\dnd\00 - Campaigns\Northwatch Wardens - (HomeBrew)\web\lib\pdf-indexer.js
2026-06-10 14:30:27: - C:\Users\joshu\OneDrive\Documents\dnd\00 - Campaigns\Northwatch Wardens - (HomeBrew)\web\server.js".
2026-06-10 14:30:27: Warning: Cannot polyfill `Path2D`, rendering may be broken: "Error: Cannot find module 'canvas'
2026-06-10 14:30:27: Require stack:
2026-06-10 14:30:27: - C:\Users\joshu\OneDrive\Documents\dnd\00 - Campaigns\Northwatch Wardens - (HomeBrew)\web\node_modules\pdfjs-dist\legacy\build\pdf.js
2026-06-10 14:30:27: - C:\Users\joshu\OneDrive\Documents\dnd\00 - Campaigns\Northwatch Wardens - (HomeBrew)\web\lib\pdf-indexer.js
2026-06-10 14:30:27: - C:\Users\joshu\OneDrive\Documents\dnd\00 - Campaigns\Northwatch Wardens - (HomeBrew)\web\server.js".
2026-06-10 14:30:30: Warning: Cannot polyfill `DOMMatrix`, rendering may be broken: "Error: Cannot find module 'canvas'
2026-06-10 14:30:30: Require stack:
2026-06-10 14:30:30: - C:\Users\joshu\OneDrive\Documents\dnd\00 - Campaigns\Northwatch Wardens - (HomeBrew)\web\node_modules\pdfjs-dist\legacy\build\pdf.js
2026-06-10 14:30:30: - C:\Users\joshu\OneDrive\Documents\dnd\00 - Campaigns\Northwatch Wardens - (HomeBrew)\web\lib\pdf-indexer.js
2026-06-10 14:30:30: - C:\Users\joshu\OneDrive\Documents\dnd\00 - Campaigns\Northwatch Wardens - (HomeBrew)\web\server.js".
2026-06-10 14:30:30: Warning: Cannot polyfill `Path2D`, rendering may be broken: "Error: Cannot find module 'canvas'
2026-06-10 14:30:30: Require stack:
2026-06-10 14:30:30: - C:\Users\joshu\OneDrive\Documents\dnd\00 - Campaigns\Northwatch Wardens - (HomeBrew)\web\node_modules\pdfjs-dist\legacy\build\pdf.js
2026-06-10 14:30:30: - C:\Users\joshu\OneDrive\Documents\dnd\00 - Campaigns\Northwatch Wardens - (HomeBrew)\web\lib\pdf-indexer.js
2026-06-10 14:30:30: - C:\Users\joshu\OneDrive\Documents\dnd\00 - Campaigns\Northwatch Wardens - (HomeBrew)\web\server.js".
2026-06-10 14:30:32: Warning: Cannot polyfill `DOMMatrix`, rendering may be broken: "Error: Cannot find module 'canvas'
2026-06-10 14:30:32: Require stack:
2026-06-10 14:30:32: - C:\Users\joshu\OneDrive\Documents\dnd\00 - Campaigns\Northwatch Wardens - (HomeBrew)\web\node_modules\pdfjs-dist\legacy\build\pdf.js
2026-06-10 14:30:32: - C:\Users\joshu\OneDrive\Documents\dnd\00 - Campaigns\Northwatch Wardens - (HomeBrew)\web\lib\pdf-indexer.js
2026-06-10 14:30:32: - C:\Users\joshu\OneDrive\Documents\dnd\00 - Campaigns\Northwatch Wardens - (HomeBrew)\web\server.js".
2026-06-10 14:30:32: Warning: Cannot polyfill `Path2D`, rendering may be broken: "Error: Cannot find module 'canvas'
2026-06-10 14:30:32: Require stack:
2026-06-10 14:30:32: - C:\Users\joshu\OneDrive\Documents\dnd\00 - Campaigns\Northwatch Wardens - (HomeBrew)\web\node_modules\pdfjs-dist\legacy\build\pdf.js
2026-06-10 14:30:32: - C:\Users\joshu\OneDrive\Documents\dnd\00 - Campaigns\Northwatch Wardens - (HomeBrew)\web\lib\pdf-indexer.js
2026-06-10 14:30:32: - C:\Users\joshu\OneDrive\Documents\dnd\00 - Campaigns\Northwatch Wardens - (HomeBrew)\web\server.js".
2026-06-10 14:30:35: Warning: Cannot polyfill `DOMMatrix`, rendering may be broken: "Error: Cannot find module 'canvas'
2026-06-10 14:30:35: Require stack:
2026-06-10 14:30:35: - C:\Users\joshu\OneDrive\Documents\dnd\00 - Campaigns\Northwatch Wardens - (HomeBrew)\web\node_modules\pdfjs-dist\legacy\build\pdf.js
2026-06-10 14:30:35: - C:\Users\joshu\OneDrive\Documents\dnd\00 - Campaigns\Northwatch Wardens - (HomeBrew)\web\lib\pdf-indexer.js
2026-06-10 14:30:35: - C:\Users\joshu\OneDrive\Documents\dnd\00 - Campaigns\Northwatch Wardens - (HomeBrew)\web\server.js".
2026-06-10 14:30:35: Warning: Cannot polyfill `Path2D`, rendering may be broken: "Error: Cannot find module 'canvas'
2026-06-10 14:30:35: Require stack:
2026-06-10 14:30:35: - C:\Users\joshu\OneDrive\Documents\dnd\00 - Campaigns\Northwatch Wardens - (HomeBrew)\web\node_modules\pdfjs-dist\legacy\build\pdf.js
2026-06-10 14:30:35: - C:\Users\joshu\OneDrive\Documents\dnd\00 - Campaigns\Northwatch Wardens - (HomeBrew)\web\lib\pdf-indexer.js
2026-06-10 14:30:35: - C:\Users\joshu\OneDrive\Documents\dnd\00 - Campaigns\Northwatch Wardens - (HomeBrew)\web\server.js".
2026-06-10 14:30:38: Warning: Cannot polyfill `DOMMatrix`, rendering may be broken: "Error: Cannot find module 'canvas'
2026-06-10 14:30:38: Require stack:
2026-06-10 14:30:38: - C:\Users\joshu\OneDrive\Documents\dnd\00 - Campaigns\Northwatch Wardens - (HomeBrew)\web\node_modules\pdfjs-dist\legacy\build\pdf.js
2026-06-10 14:30:38: - C:\Users\joshu\OneDrive\Documents\dnd\00 - Campaigns\Northwatch Wardens - (HomeBrew)\web\lib\pdf-indexer.js
2026-06-10 14:30:38: - C:\Users\joshu\OneDrive\Documents\dnd\00 - Campaigns\Northwatch Wardens - (HomeBrew)\web\server.js".
2026-06-10 14:30:38: Warning: Cannot polyfill `Path2D`, rendering may be broken: "Error: Cannot find module 'canvas'
2026-06-10 14:30:38: Require stack:
2026-06-10 14:30:38: - C:\Users\joshu\OneDrive\Documents\dnd\00 - Campaigns\Northwatch Wardens - (HomeBrew)\web\node_modules\pdfjs-dist\legacy\build\pdf.js
2026-06-10 14:30:38: - C:\Users\joshu\OneDrive\Documents\dnd\00 - Campaigns\Northwatch Wardens - (HomeBrew)\web\lib\pdf-indexer.js
2026-06-10 14:30:38: - C:\Users\joshu\OneDrive\Documents\dnd\00 - Campaigns\Northwatch Wardens - (HomeBrew)\web\server.js".
2026-06-10 14:30:42: Warning: Cannot polyfill `DOMMatrix`, rendering may be broken: "Error: Cannot find module 'canvas'
2026-06-10 14:30:42: Require stack:
2026-06-10 14:30:42: - C:\Users\joshu\OneDrive\Documents\dnd\00 - Campaigns\Northwatch Wardens - (HomeBrew)\web\node_modules\pdfjs-dist\legacy\build\pdf.js
2026-06-10 14:30:42: - C:\Users\joshu\OneDrive\Documents\dnd\00 - Campaigns\Northwatch Wardens - (HomeBrew)\web\lib\pdf-indexer.js
2026-06-10 14:30:42: - C:\Users\joshu\OneDrive\Documents\dnd\00 - Campaigns\Northwatch Wardens - (HomeBrew)\web\server.js".
2026-06-10 14:30:42: Warning: Cannot polyfill `Path2D`, rendering may be broken: "Error: Cannot find module 'canvas'
2026-06-10 14:30:42: Require stack:
2026-06-10 14:30:42: - C:\Users\joshu\OneDrive\Documents\dnd\00 - Campaigns\Northwatch Wardens - (HomeBrew)\web\node_modules\pdfjs-dist\legacy\build\pdf.js
2026-06-10 14:30:42: - C:\Users\joshu\OneDrive\Documents\dnd\00 - Campaigns\Northwatch Wardens - (HomeBrew)\web\lib\pdf-indexer.js
2026-06-10 14:30:42: - C:\Users\joshu\OneDrive\Documents\dnd\00 - Campaigns\Northwatch Wardens - (HomeBrew)\web\server.js".
2026-06-10 14:30:45: Warning: Cannot polyfill `DOMMatrix`, rendering may be broken: "Error: Cannot find module 'canvas'
2026-06-10 14:30:45: Require stack:
2026-06-10 14:30:45: - C:\Users\joshu\OneDrive\Documents\dnd\00 - Campaigns\Northwatch Wardens - (HomeBrew)\web\node_modules\pdfjs-dist\legacy\build\pdf.js
2026-06-10 14:30:45: - C:\Users\joshu\OneDrive\Documents\dnd\00 - Campaigns\Northwatch Wardens - (HomeBrew)\web\lib\pdf-indexer.js
2026-06-10 14:30:45: - C:\Users\joshu\OneDrive\Documents\dnd\00 - Campaigns\Northwatch Wardens - (HomeBrew)\web\server.js".
2026-06-10 14:30:45: Warning: Cannot polyfill `Path2D`, rendering may be broken: "Error: Cannot find module 'canvas'
2026-06-10 14:30:45: Require stack:
2026-06-10 14:30:45: - C:\Users\joshu\OneDrive\Documents\dnd\00 - Campaigns\Northwatch Wardens - (HomeBrew)\web\node_modules\pdfjs-dist\legacy\build\pdf.js
2026-06-10 14:30:45: - C:\Users\joshu\OneDrive\Documents\dnd\00 - Campaigns\Northwatch Wardens - (HomeBrew)\web\lib\pdf-indexer.js
2026-06-10 14:30:45: - C:\Users\joshu\OneDrive\Documents\dnd\00 - Campaigns\Northwatch Wardens - (HomeBrew)\web\server.js".
2026-06-10 14:30:48: Warning: Cannot polyfill `DOMMatrix`, rendering may be broken: "Error: Cannot find module 'canvas'
2026-06-10 14:30:48: Require stack:
2026-06-10 14:30:48: - C:\Users\joshu\OneDrive\Documents\dnd\00 - Campaigns\Northwatch Wardens - (HomeBrew)\web\node_modules\pdfjs-dist\legacy\build\pdf.js
2026-06-10 14:30:48: - C:\Users\joshu\OneDrive\Documents\dnd\00 - Campaigns\Northwatch Wardens - (HomeBrew)\web\lib\pdf-indexer.js
2026-06-10 14:30:48: - C:\Users\joshu\OneDrive\Documents\dnd\00 - Campaigns\Northwatch Wardens - (HomeBrew)\web\server.js".
2026-06-10 14:30:48: Warning: Cannot polyfill `Path2D`, rendering may be broken: "Error: Cannot find module 'canvas'
2026-06-10 14:30:48: Require stack:
2026-06-10 14:30:48: - C:\Users\joshu\OneDrive\Documents\dnd\00 - Campaigns\Northwatch Wardens - (HomeBrew)\web\node_modules\pdfjs-dist\legacy\build\pdf.js
2026-06-10 14:30:48: - C:\Users\joshu\OneDrive\Documents\dnd\00 - Campaigns\Northwatch Wardens - (HomeBrew)\web\lib\pdf-indexer.js
2026-06-10 14:30:48: - C:\Users\joshu\OneDrive\Documents\dnd\00 - Campaigns\Northwatch Wardens - (HomeBrew)\web\server.js".
2026-06-10 14:30:50: Warning: Cannot polyfill `DOMMatrix`, rendering may be broken: "Error: Cannot find module 'canvas'
2026-06-10 14:30:50: Require stack:
2026-06-10 14:30:50: - C:\Users\joshu\OneDrive\Documents\dnd\00 - Campaigns\Northwatch Wardens - (HomeBrew)\web\node_modules\pdfjs-dist\legacy\build\pdf.js
2026-06-10 14:30:50: - C:\Users\joshu\OneDrive\Documents\dnd\00 - Campaigns\Northwatch Wardens - (HomeBrew)\web\lib\pdf-indexer.js
2026-06-10 14:30:50: - C:\Users\joshu\OneDrive\Documents\dnd\00 - Campaigns\Northwatch Wardens - (HomeBrew)\web\server.js".
2026-06-10 14:30:50: Warning: Cannot polyfill `Path2D`, rendering may be broken: "Error: Cannot find module 'canvas'
2026-06-10 14:30:50: Require stack:
2026-06-10 14:30:50: - C:\Users\joshu\OneDrive\Documents\dnd\00 - Campaigns\Northwatch Wardens - (HomeBrew)\web\node_modules\pdfjs-dist\legacy\build\pdf.js
2026-06-10 14:30:50: - C:\Users\joshu\OneDrive\Documents\dnd\00 - Campaigns\Northwatch Wardens - (HomeBrew)\web\lib\pdf-indexer.js
2026-06-10 14:30:50: - C:\Users\joshu\OneDrive\Documents\dnd\00 - Campaigns\Northwatch Wardens - (HomeBrew)\web\server.js".
2026-06-10 14:30:53: Warning: Cannot polyfill `DOMMatrix`, rendering may be broken: "Error: Cannot find module 'canvas'
2026-06-10 14:30:53: Require stack:
2026-06-10 14:30:53: - C:\Users\joshu\OneDrive\Documents\dnd\00 - Campaigns\Northwatch Wardens - (HomeBrew)\web\node_modules\pdfjs-dist\legacy\build\pdf.js
2026-06-10 14:30:53: - C:\Users\joshu\OneDrive\Documents\dnd\00 - Campaigns\Northwatch Wardens - (HomeBrew)\web\lib\pdf-indexer.js
2026-06-10 14:30:53: - C:\Users\joshu\OneDrive\Documents\dnd\00 - Campaigns\Northwatch Wardens - (HomeBrew)\web\server.js".
2026-06-10 14:30:53: Warning: Cannot polyfill `Path2D`, rendering may be broken: "Error: Cannot find module 'canvas'
2026-06-10 14:30:53: Require stack:
2026-06-10 14:30:53: - C:\Users\joshu\OneDrive\Documents\dnd\00 - Campaigns\Northwatch Wardens - (HomeBrew)\web\node_modules\pdfjs-dist\legacy\build\pdf.js
2026-06-10 14:30:53: - C:\Users\joshu\OneDrive\Documents\dnd\00 - Campaigns\Northwatch Wardens - (HomeBrew)\web\lib\pdf-indexer.js
2026-06-10 14:30:53: - C:\Users\joshu\OneDrive\Documents\dnd\00 - Campaigns\Northwatch Wardens - (HomeBrew)\web\server.js".
2026-06-10 14:30:56: Warning: Cannot polyfill `DOMMatrix`, rendering may be broken: "Error: Cannot find module 'canvas'
2026-06-10 14:30:56: Require stack:
2026-06-10 14:30:56: - C:\Users\joshu\OneDrive\Documents\dnd\00 - Campaigns\Northwatch Wardens - (HomeBrew)\web\node_modules\pdfjs-dist\legacy\build\pdf.js
2026-06-10 14:30:56: - C:\Users\joshu\OneDrive\Documents\dnd\00 - Campaigns\Northwatch Wardens - (HomeBrew)\web\lib\pdf-indexer.js
2026-06-10 14:30:56: - C:\Users\joshu\OneDrive\Documents\dnd\00 - Campaigns\Northwatch Wardens - (HomeBrew)\web\server.js".
2026-06-10 14:30:56: Warning: Cannot polyfill `Path2D`, rendering may be broken: "Error: Cannot find module 'canvas'
2026-06-10 14:30:56: Require stack:
2026-06-10 14:30:56: - C:\Users\joshu\OneDrive\Documents\dnd\00 - Campaigns\Northwatch Wardens - (HomeBrew)\web\node_modules\pdfjs-dist\legacy\build\pdf.js
2026-06-10 14:30:56: - C:\Users\joshu\OneDrive\Documents\dnd\00 - Campaigns\Northwatch Wardens - (HomeBrew)\web\lib\pdf-indexer.js
2026-06-10 14:30:56: - C:\Users\joshu\OneDrive\Documents\dnd\00 - Campaigns\Northwatch Wardens - (HomeBrew)\web\server.js".
2026-06-10 14:30:59: Warning: Cannot polyfill `DOMMatrix`, rendering may be broken: "Error: Cannot find module 'canvas'
2026-06-10 14:30:59: Require stack:
2026-06-10 14:30:59: - C:\Users\joshu\OneDrive\Documents\dnd\00 - Campaigns\Northwatch Wardens - (HomeBrew)\web\node_modules\pdfjs-dist\legacy\build\pdf.js
2026-06-10 14:30:59: - C:\Users\joshu\OneDrive\Documents\dnd\00 - Campaigns\Northwatch Wardens - (HomeBrew)\web\lib\pdf-indexer.js
2026-06-10 14:30:59: - C:\Users\joshu\OneDrive\Documents\dnd\00 - Campaigns\Northwatch Wardens - (HomeBrew)\web\server.js".
2026-06-10 14:30:59: Warning: Cannot polyfill `Path2D`, rendering may be broken: "Error: Cannot find module 'canvas'
2026-06-10 14:30:59: Require stack:
2026-06-10 14:30:59: - C:\Users\joshu\OneDrive\Documents\dnd\00 - Campaigns\Northwatch Wardens - (HomeBrew)\web\node_modules\pdfjs-dist\legacy\build\pdf.js
2026-06-10 14:30:59: - C:\Users\joshu\OneDrive\Documents\dnd\00 - Campaigns\Northwatch Wardens - (HomeBrew)\web\lib\pdf-indexer.js
2026-06-10 14:30:59: - C:\Users\joshu\OneDrive\Documents\dnd\00 - Campaigns\Northwatch Wardens - (HomeBrew)\web\server.js".
2026-06-10 14:31:03: Warning: Cannot polyfill `DOMMatrix`, rendering may be broken: "Error: Cannot find module 'canvas'
2026-06-10 14:31:03: Require stack:
2026-06-10 14:31:03: - C:\Users\joshu\OneDrive\Documents\dnd\00 - Campaigns\Northwatch Wardens - (HomeBrew)\web\node_modules\pdfjs-dist\legacy\build\pdf.js
2026-06-10 14:31:03: - C:\Users\joshu\OneDrive\Documents\dnd\00 - Campaigns\Northwatch Wardens - (HomeBrew)\web\lib\pdf-indexer.js
2026-06-10 14:31:03: - C:\Users\joshu\OneDrive\Documents\dnd\00 - Campaigns\Northwatch Wardens - (HomeBrew)\web\server.js".
2026-06-10 14:31:03: Warning: Cannot polyfill `Path2D`, rendering may be broken: "Error: Cannot find module 'canvas'
2026-06-10 14:31:03: Require stack:
2026-06-10 14:31:03: - C:\Users\joshu\OneDrive\Documents\dnd\00 - Campaigns\Northwatch Wardens - (HomeBrew)\web\node_modules\pdfjs-dist\legacy\build\pdf.js
2026-06-10 14:31:03: - C:\Users\joshu\OneDrive\Documents\dnd\00 - Campaigns\Northwatch Wardens - (HomeBrew)\web\lib\pdf-indexer.js
2026-06-10 14:31:03: - C:\Users\joshu\OneDrive\Documents\dnd\00 - Campaigns\Northwatch Wardens - (HomeBrew)\web\server.js".
2026-06-10 14:31:06: Warning: Cannot polyfill `DOMMatrix`, rendering may be broken: "Error: Cannot find module 'canvas'
2026-06-10 14:31:06: Require stack:
2026-06-10 14:31:06: - C:\Users\joshu\OneDrive\Documents\dnd\00 - Campaigns\Northwatch Wardens - (HomeBrew)\web\node_modules\pdfjs-dist\legacy\build\pdf.js
2026-06-10 14:31:06: - C:\Users\joshu\OneDrive\Documents\dnd\00 - Campaigns\Northwatch Wardens - (HomeBrew)\web\lib\pdf-indexer.js
2026-06-10 14:31:06: - C:\Users\joshu\OneDrive\Documents\dnd\00 - Campaigns\Northwatch Wardens - (HomeBrew)\web\server.js".
2026-06-10 14:31:06: Warning: Cannot polyfill `Path2D`, rendering may be broken: "Error: Cannot find module 'canvas'
2026-06-10 14:31:06: Require stack:
2026-06-10 14:31:06: - C:\Users\joshu\OneDrive\Documents\dnd\00 - Campaigns\Northwatch Wardens - (HomeBrew)\web\node_modules\pdfjs-dist\legacy\build\pdf.js
2026-06-10 14:31:06: - C:\Users\joshu\OneDrive\Documents\dnd\00 - Campaigns\Northwatch Wardens - (HomeBrew)\web\lib\pdf-indexer.js
2026-06-10 14:31:06: - C:\Users\joshu\OneDrive\Documents\dnd\00 - Campaigns\Northwatch Wardens - (HomeBrew)\web\server.js".
2026-06-10 14:31:08: Warning: Cannot polyfill `DOMMatrix`, rendering may be broken: "Error: Cannot find module 'canvas'
2026-06-10 14:31:08: Require stack:
2026-06-10 14:31:08: - C:\Users\joshu\OneDrive\Documents\dnd\00 - Campaigns\Northwatch Wardens - (HomeBrew)\web\node_modules\pdfjs-dist\legacy\build\pdf.js
2026-06-10 14:31:08: - C:\Users\joshu\OneDrive\Documents\dnd\00 - Campaigns\Northwatch Wardens - (HomeBrew)\web\lib\pdf-indexer.js
2026-06-10 14:31:08: - C:\Users\joshu\OneDrive\Documents\dnd\00 - Campaigns\Northwatch Wardens - (HomeBrew)\web\server.js".
2026-06-10 14:31:08: Warning: Cannot polyfill `Path2D`, rendering may be broken: "Error: Cannot find module 'canvas'
2026-06-10 14:31:08: Require stack:
2026-06-10 14:31:08: - C:\Users\joshu\OneDrive\Documents\dnd\00 - Campaigns\Northwatch Wardens - (HomeBrew)\web\node_modules\pdfjs-dist\legacy\build\pdf.js
2026-06-10 14:31:08: - C:\Users\joshu\OneDrive\Documents\dnd\00 - Campaigns\Northwatch Wardens - (HomeBrew)\web\lib\pdf-indexer.js
2026-06-10 14:31:08: - C:\Users\joshu\OneDrive\Documents\dnd\00 - Campaigns\Northwatch Wardens - (HomeBrew)\web\server.js".
2026-06-10 14:31:11: Warning: Cannot polyfill `DOMMatrix`, rendering may be broken: "Error: Cannot find module 'canvas'
2026-06-10 14:31:11: Require stack:
2026-06-10 14:31:11: - C:\Users\joshu\OneDrive\Documents\dnd\00 - Campaigns\Northwatch Wardens - (HomeBrew)\web\node_modules\pdfjs-dist\legacy\build\pdf.js
2026-06-10 14:31:11: - C:\Users\joshu\OneDrive\Documents\dnd\00 - Campaigns\Northwatch Wardens - (HomeBrew)\web\lib\pdf-indexer.js
2026-06-10 14:31:11: - C:\Users\joshu\OneDrive\Documents\dnd\00 - Campaigns\Northwatch Wardens - (HomeBrew)\web\server.js".
2026-06-10 14:31:11: Warning: Cannot polyfill `Path2D`, rendering may be broken: "Error: Cannot find module 'canvas'
2026-06-10 14:31:11: Require stack:
2026-06-10 14:31:11: - C:\Users\joshu\OneDrive\Documents\dnd\00 - Campaigns\Northwatch Wardens - (HomeBrew)\web\node_modules\pdfjs-dist\legacy\build\pdf.js
2026-06-10 14:31:11: - C:\Users\joshu\OneDrive\Documents\dnd\00 - Campaigns\Northwatch Wardens - (HomeBrew)\web\lib\pdf-indexer.js
2026-06-10 14:31:11: - C:\Users\joshu\OneDrive\Documents\dnd\00 - Campaigns\Northwatch Wardens - (HomeBrew)\web\server.js".
2026-06-10 14:31:14: Warning: Cannot polyfill `DOMMatrix`, rendering may be broken: "Error: Cannot find module 'canvas'
2026-06-10 14:31:14: Require stack:
2026-06-10 14:31:14: - C:\Users\joshu\OneDrive\Documents\dnd\00 - Campaigns\Northwatch Wardens - (HomeBrew)\web\node_modules\pdfjs-dist\legacy\build\pdf.js
2026-06-10 14:31:14: - C:\Users\joshu\OneDrive\Documents\dnd\00 - Campaigns\Northwatch Wardens - (HomeBrew)\web\lib\pdf-indexer.js
2026-06-10 14:31:14: - C:\Users\joshu\OneDrive\Documents\dnd\00 - Campaigns\Northwatch Wardens - (HomeBrew)\web\server.js".
2026-06-10 14:31:14: Warning: Cannot polyfill `Path2D`, rendering may be broken: "Error: Cannot find module 'canvas'
2026-06-10 14:31:14: Require stack:
2026-06-10 14:31:14: - C:\Users\joshu\OneDrive\Documents\dnd\00 - Campaigns\Northwatch Wardens - (HomeBrew)\web\node_modules\pdfjs-dist\legacy\build\pdf.js
2026-06-10 14:31:14: - C:\Users\joshu\OneDrive\Documents\dnd\00 - Campaigns\Northwatch Wardens - (HomeBrew)\web\lib\pdf-indexer.js
2026-06-10 14:31:14: - C:\Users\joshu\OneDrive\Documents\dnd\00 - Campaigns\Northwatch Wardens - (HomeBrew)\web\server.js".
2026-06-10 14:31:17: Warning: Cannot polyfill `DOMMatrix`, rendering may be broken: "Error: Cannot find module 'canvas'
2026-06-10 14:31:17: Require stack:
2026-06-10 14:31:17: - C:\Users\joshu\OneDrive\Documents\dnd\00 - Campaigns\Northwatch Wardens - (HomeBrew)\web\node_modules\pdfjs-dist\legacy\build\pdf.js
2026-06-10 14:31:17: - C:\Users\joshu\OneDrive\Documents\dnd\00 - Campaigns\Northwatch Wardens - (HomeBrew)\web\lib\pdf-indexer.js
2026-06-10 14:31:17: - C:\Users\joshu\OneDrive\Documents\dnd\00 - Campaigns\Northwatch Wardens - (HomeBrew)\web\server.js".
2026-06-10 14:31:17: Warning: Cannot polyfill `Path2D`, rendering may be broken: "Error: Cannot find module 'canvas'
2026-06-10 14:31:17: Require stack:
2026-06-10 14:31:17: - C:\Users\joshu\OneDrive\Documents\dnd\00 - Campaigns\Northwatch Wardens - (HomeBrew)\web\node_modules\pdfjs-dist\legacy\build\pdf.js
2026-06-10 14:31:17: - C:\Users\joshu\OneDrive\Documents\dnd\00 - Campaigns\Northwatch Wardens - (HomeBrew)\web\lib\pdf-indexer.js
2026-06-10 14:31:17: - C:\Users\joshu\OneDrive\Documents\dnd\00 - Campaigns\Northwatch Wardens - (HomeBrew)\web\server.js".
2026-06-10 14:31:19: Warning: Cannot polyfill `DOMMatrix`, rendering may be broken: "Error: Cannot find module 'canvas'
2026-06-10 14:31:19: Require stack:
2026-06-10 14:31:19: - C:\Users\joshu\OneDrive\Documents\dnd\00 - Campaigns\Northwatch Wardens - (HomeBrew)\web\node_modules\pdfjs-dist\legacy\build\pdf.js
2026-06-10 14:31:19: - C:\Users\joshu\OneDrive\Documents\dnd\00 - Campaigns\Northwatch Wardens - (HomeBrew)\web\lib\pdf-indexer.js
2026-06-10 14:31:19: - C:\Users\joshu\OneDrive\Documents\dnd\00 - Campaigns\Northwatch Wardens - (HomeBrew)\web\server.js".
2026-06-10 14:31:19: Warning: Cannot polyfill `Path2D`, rendering may be broken: "Error: Cannot find module 'canvas'
2026-06-10 14:31:19: Require stack:
2026-06-10 14:31:19: - C:\Users\joshu\OneDrive\Documents\dnd\00 - Campaigns\Northwatch Wardens - (HomeBrew)\web\node_modules\pdfjs-dist\legacy\build\pdf.js
2026-06-10 14:31:19: - C:\Users\joshu\OneDrive\Documents\dnd\00 - Campaigns\Northwatch Wardens - (HomeBrew)\web\lib\pdf-indexer.js
2026-06-10 14:31:19: - C:\Users\joshu\OneDrive\Documents\dnd\00 - Campaigns\Northwatch Wardens - (HomeBrew)\web\server.js".
2026-06-10 14:31:22: Warning: Cannot polyfill `DOMMatrix`, rendering may be broken: "Error: Cannot find module 'canvas'
2026-06-10 14:31:22: Require stack:
2026-06-10 14:31:22: - C:\Users\joshu\OneDrive\Documents\dnd\00 - Campaigns\Northwatch Wardens - (HomeBrew)\web\node_modules\pdfjs-dist\legacy\build\pdf.js
2026-06-10 14:31:22: - C:\Users\joshu\OneDrive\Documents\dnd\00 - Campaigns\Northwatch Wardens - (HomeBrew)\web\lib\pdf-indexer.js
2026-06-10 14:31:22: - C:\Users\joshu\OneDrive\Documents\dnd\00 - Campaigns\Northwatch Wardens - (HomeBrew)\web\server.js".
2026-06-10 14:31:22: Warning: Cannot polyfill `Path2D`, rendering may be broken: "Error: Cannot find module 'canvas'
2026-06-10 14:31:22: Require stack:
2026-06-10 14:31:22: - C:\Users\joshu\OneDrive\Documents\dnd\00 - Campaigns\Northwatch Wardens - (HomeBrew)\web\node_modules\pdfjs-dist\legacy\build\pdf.js
2026-06-10 14:31:22: - C:\Users\joshu\OneDrive\Documents\dnd\00 - Campaigns\Northwatch Wardens - (HomeBrew)\web\lib\pdf-indexer.js
2026-06-10 14:31:22: - C:\Users\joshu\OneDrive\Documents\dnd\00 - Campaigns\Northwatch Wardens - (HomeBrew)\web\server.js".
2026-06-10 14:31:25: Warning: Cannot polyfill `DOMMatrix`, rendering may be broken: "Error: Cannot find module 'canvas'
2026-06-10 14:31:25: Require stack:
2026-06-10 14:31:25: - C:\Users\joshu\OneDrive\Documents\dnd\00 - Campaigns\Northwatch Wardens - (HomeBrew)\web\node_modules\pdfjs-dist\legacy\build\pdf.js
2026-06-10 14:31:25: - C:\Users\joshu\OneDrive\Documents\dnd\00 - Campaigns\Northwatch Wardens - (HomeBrew)\web\lib\pdf-indexer.js
2026-06-10 14:31:25: - C:\Users\joshu\OneDrive\Documents\dnd\00 - Campaigns\Northwatch Wardens - (HomeBrew)\web\server.js".
2026-06-10 14:31:25: Warning: Cannot polyfill `Path2D`, rendering may be broken: "Error: Cannot find module 'canvas'
2026-06-10 14:31:25: Require stack:
2026-06-10 14:31:25: - C:\Users\joshu\OneDrive\Documents\dnd\00 - Campaigns\Northwatch Wardens - (HomeBrew)\web\node_modules\pdfjs-dist\legacy\build\pdf.js
2026-06-10 14:31:25: - C:\Users\joshu\OneDrive\Documents\dnd\00 - Campaigns\Northwatch Wardens - (HomeBrew)\web\lib\pdf-indexer.js
2026-06-10 14:31:25: - C:\Users\joshu\OneDrive\Documents\dnd\00 - Campaigns\Northwatch Wardens - (HomeBrew)\web\server.js".
2026-06-10 14:31:29: Warning: Cannot polyfill `DOMMatrix`, rendering may be broken: "Error: Cannot find module 'canvas'
2026-06-10 14:31:29: Require stack:
2026-06-10 14:31:29: - C:\Users\joshu\OneDrive\Documents\dnd\00 - Campaigns\Northwatch Wardens - (HomeBrew)\web\node_modules\pdfjs-dist\legacy\build\pdf.js
2026-06-10 14:31:29: - C:\Users\joshu\OneDrive\Documents\dnd\00 - Campaigns\Northwatch Wardens - (HomeBrew)\web\lib\pdf-indexer.js
2026-06-10 14:31:29: - C:\Users\joshu\OneDrive\Documents\dnd\00 - Campaigns\Northwatch Wardens - (HomeBrew)\web\server.js".
2026-06-10 14:31:29: Warning: Cannot polyfill `Path2D`, rendering may be broken: "Error: Cannot find module 'canvas'
2026-06-10 14:31:29: Require stack:
2026-06-10 14:31:29: - C:\Users\joshu\OneDrive\Documents\dnd\00 - Campaigns\Northwatch Wardens - (HomeBrew)\web\node_modules\pdfjs-dist\legacy\build\pdf.js
2026-06-10 14:31:29: - C:\Users\joshu\OneDrive\Documents\dnd\00 - Campaigns\Northwatch Wardens - (HomeBrew)\web\lib\pdf-indexer.js
2026-06-10 14:31:29: - C:\Users\joshu\OneDrive\Documents\dnd\00 - Campaigns\Northwatch Wardens - (HomeBrew)\web\server.js".
2026-06-10 14:31:32: Warning: Cannot polyfill `DOMMatrix`, rendering may be broken: "Error: Cannot find module 'canvas'
2026-06-10 14:31:32: Require stack:
2026-06-10 14:31:32: - C:\Users\joshu\OneDrive\Documents\dnd\00 - Campaigns\Northwatch Wardens - (HomeBrew)\web\node_modules\pdfjs-dist\legacy\build\pdf.js
2026-06-10 14:31:32: - C:\Users\joshu\OneDrive\Documents\dnd\00 - Campaigns\Northwatch Wardens - (HomeBrew)\web\lib\pdf-indexer.js
2026-06-10 14:31:32: - C:\Users\joshu\OneDrive\Documents\dnd\00 - Campaigns\Northwatch Wardens - (HomeBrew)\web\server.js".
2026-06-10 14:31:32: Warning: Cannot polyfill `Path2D`, rendering may be broken: "Error: Cannot find module 'canvas'
2026-06-10 14:31:32: Require stack:
2026-06-10 14:31:32: - C:\Users\joshu\OneDrive\Documents\dnd\00 - Campaigns\Northwatch Wardens - (HomeBrew)\web\node_modules\pdfjs-dist\legacy\build\pdf.js
2026-06-10 14:31:32: - C:\Users\joshu\OneDrive\Documents\dnd\00 - Campaigns\Northwatch Wardens - (HomeBrew)\web\lib\pdf-indexer.js
2026-06-10 14:31:32: - C:\Users\joshu\OneDrive\Documents\dnd\00 - Campaigns\Northwatch Wardens - (HomeBrew)\web\server.js".
2026-06-10 14:31:36: Warning: Cannot polyfill `DOMMatrix`, rendering may be broken: "Error: Cannot find module 'canvas'
2026-06-10 14:31:36: Require stack:
2026-06-10 14:31:36: - C:\Users\joshu\OneDrive\Documents\dnd\00 - Campaigns\Northwatch Wardens - (HomeBrew)\web\node_modules\pdfjs-dist\legacy\build\pdf.js
2026-06-10 14:31:36: - C:\Users\joshu\OneDrive\Documents\dnd\00 - Campaigns\Northwatch Wardens - (HomeBrew)\web\lib\pdf-indexer.js
2026-06-10 14:31:36: - C:\Users\joshu\OneDrive\Documents\dnd\00 - Campaigns\Northwatch Wardens - (HomeBrew)\web\server.js".
2026-06-10 14:31:36: Warning: Cannot polyfill `Path2D`, rendering may be broken: "Error: Cannot find module 'canvas'
2026-06-10 14:31:36: Require stack:
2026-06-10 14:31:36: - C:\Users\joshu\OneDrive\Documents\dnd\00 - Campaigns\Northwatch Wardens - (HomeBrew)\web\node_modules\pdfjs-dist\legacy\build\pdf.js
2026-06-10 14:31:36: - C:\Users\joshu\OneDrive\Documents\dnd\00 - Campaigns\Northwatch Wardens - (HomeBrew)\web\lib\pdf-indexer.js
2026-06-10 14:31:36: - C:\Users\joshu\OneDrive\Documents\dnd\00 - Campaigns\Northwatch Wardens - (HomeBrew)\web\server.js".
2026-06-10 14:31:41: Warning: Cannot polyfill `DOMMatrix`, rendering may be broken: "Error: Cannot find module 'canvas'
2026-06-10 14:31:41: Require stack:
2026-06-10 14:31:41: - C:\Users\joshu\OneDrive\Documents\dnd\00 - Campaigns\Northwatch Wardens - (HomeBrew)\web\node_modules\pdfjs-dist\legacy\build\pdf.js
2026-06-10 14:31:41: - C:\Users\joshu\OneDrive\Documents\dnd\00 - Campaigns\Northwatch Wardens - (HomeBrew)\web\lib\pdf-indexer.js
2026-06-10 14:31:41: - C:\Users\joshu\OneDrive\Documents\dnd\00 - Campaigns\Northwatch Wardens - (HomeBrew)\web\server.js".
2026-06-10 14:31:41: Warning: Cannot polyfill `Path2D`, rendering may be broken: "Error: Cannot find module 'canvas'
2026-06-10 14:31:41: Require stack:
2026-06-10 14:31:41: - C:\Users\joshu\OneDrive\Documents\dnd\00 - Campaigns\Northwatch Wardens - (HomeBrew)\web\node_modules\pdfjs-dist\legacy\build\pdf.js
2026-06-10 14:31:41: - C:\Users\joshu\OneDrive\Documents\dnd\00 - Campaigns\Northwatch Wardens - (HomeBrew)\web\lib\pdf-indexer.js
2026-06-10 14:31:41: - C:\Users\joshu\OneDrive\Documents\dnd\00 - Campaigns\Northwatch Wardens - (HomeBrew)\web\server.js".
2026-06-10 14:31:45: Warning: Cannot polyfill `DOMMatrix`, rendering may be broken: "Error: Cannot find module 'canvas'
2026-06-10 14:31:45: Require stack:
2026-06-10 14:31:45: - C:\Users\joshu\OneDrive\Documents\dnd\00 - Campaigns\Northwatch Wardens - (HomeBrew)\web\node_modules\pdfjs-dist\legacy\build\pdf.js
2026-06-10 14:31:45: - C:\Users\joshu\OneDrive\Documents\dnd\00 - Campaigns\Northwatch Wardens - (HomeBrew)\web\lib\pdf-indexer.js
2026-06-10 14:31:45: - C:\Users\joshu\OneDrive\Documents\dnd\00 - Campaigns\Northwatch Wardens - (HomeBrew)\web\server.js".
2026-06-10 14:31:45: Warning: Cannot polyfill `Path2D`, rendering may be broken: "Error: Cannot find module 'canvas'
2026-06-10 14:31:45: Require stack:
2026-06-10 14:31:45: - C:\Users\joshu\OneDrive\Documents\dnd\00 - Campaigns\Northwatch Wardens - (HomeBrew)\web\node_modules\pdfjs-dist\legacy\build\pdf.js
2026-06-10 14:31:45: - C:\Users\joshu\OneDrive\Documents\dnd\00 - Campaigns\Northwatch Wardens - (HomeBrew)\web\lib\pdf-indexer.js
2026-06-10 14:31:45: - C:\Users\joshu\OneDrive\Documents\dnd\00 - Campaigns\Northwatch Wardens - (HomeBrew)\web\server.js".
2026-06-10 14:31:49: Warning: Cannot polyfill `DOMMatrix`, rendering may be broken: "Error: Cannot find module 'canvas'
2026-06-10 14:31:49: Require stack:
2026-06-10 14:31:49: - C:\Users\joshu\OneDrive\Documents\dnd\00 - Campaigns\Northwatch Wardens - (HomeBrew)\web\node_modules\pdfjs-dist\legacy\build\pdf.js
2026-06-10 14:31:49: - C:\Users\joshu\OneDrive\Documents\dnd\00 - Campaigns\Northwatch Wardens - (HomeBrew)\web\lib\pdf-indexer.js
2026-06-10 14:31:49: - C:\Users\joshu\OneDrive\Documents\dnd\00 - Campaigns\Northwatch Wardens - (HomeBrew)\web\server.js".
2026-06-10 14:31:49: Warning: Cannot polyfill `Path2D`, rendering may be broken: "Error: Cannot find module 'canvas'
2026-06-10 14:31:49: Require stack:
2026-06-10 14:31:49: - C:\Users\joshu\OneDrive\Documents\dnd\00 - Campaigns\Northwatch Wardens - (HomeBrew)\web\node_modules\pdfjs-dist\legacy\build\pdf.js
2026-06-10 14:31:49: - C:\Users\joshu\OneDrive\Documents\dnd\00 - Campaigns\Northwatch Wardens - (HomeBrew)\web\lib\pdf-indexer.js
2026-06-10 14:31:49: - C:\Users\joshu\OneDrive\Documents\dnd\00 - Campaigns\Northwatch Wardens - (HomeBrew)\web\server.js".
2026-06-10 14:31:53: Warning: Cannot polyfill `DOMMatrix`, rendering may be broken: "Error: Cannot find module 'canvas'
2026-06-10 14:31:53: Require stack:
2026-06-10 14:31:53: - C:\Users\joshu\OneDrive\Documents\dnd\00 - Campaigns\Northwatch Wardens - (HomeBrew)\web\node_modules\pdfjs-dist\legacy\build\pdf.js
2026-06-10 14:31:53: - C:\Users\joshu\OneDrive\Documents\dnd\00 - Campaigns\Northwatch Wardens - (HomeBrew)\web\lib\pdf-indexer.js
2026-06-10 14:31:53: - C:\Users\joshu\OneDrive\Documents\dnd\00 - Campaigns\Northwatch Wardens - (HomeBrew)\web\server.js".
2026-06-10 14:31:53: Warning: Cannot polyfill `Path2D`, rendering may be broken: "Error: Cannot find module 'canvas'
2026-06-10 14:31:53: Require stack:
2026-06-10 14:31:53: - C:\Users\joshu\OneDrive\Documents\dnd\00 - Campaigns\Northwatch Wardens - (HomeBrew)\web\node_modules\pdfjs-dist\legacy\build\pdf.js
2026-06-10 14:31:53: - C:\Users\joshu\OneDrive\Documents\dnd\00 - Campaigns\Northwatch Wardens - (HomeBrew)\web\lib\pdf-indexer.js
2026-06-10 14:31:53: - C:\Users\joshu\OneDrive\Documents\dnd\00 - Campaigns\Northwatch Wardens - (HomeBrew)\web\server.js".
2026-06-10 14:31:57: Warning: Cannot polyfill `DOMMatrix`, rendering may be broken: "Error: Cannot find module 'canvas'
2026-06-10 14:31:57: Require stack:
2026-06-10 14:31:57: - C:\Users\joshu\OneDrive\Documents\dnd\00 - Campaigns\Northwatch Wardens - (HomeBrew)\web\node_modules\pdfjs-dist\legacy\build\pdf.js
2026-06-10 14:31:57: - C:\Users\joshu\OneDrive\Documents\dnd\00 - Campaigns\Northwatch Wardens - (HomeBrew)\web\lib\pdf-indexer.js
2026-06-10 14:31:57: - C:\Users\joshu\OneDrive\Documents\dnd\00 - Campaigns\Northwatch Wardens - (HomeBrew)\web\server.js".
2026-06-10 14:31:57: Warning: Cannot polyfill `Path2D`, rendering may be broken: "Error: Cannot find module 'canvas'
2026-06-10 14:31:57: Require stack:
2026-06-10 14:31:57: - C:\Users\joshu\OneDrive\Documents\dnd\00 - Campaigns\Northwatch Wardens - (HomeBrew)\web\node_modules\pdfjs-dist\legacy\build\pdf.js
2026-06-10 14:31:57: - C:\Users\joshu\OneDrive\Documents\dnd\00 - Campaigns\Northwatch Wardens - (HomeBrew)\web\lib\pdf-indexer.js
2026-06-10 14:31:57: - C:\Users\joshu\OneDrive\Documents\dnd\00 - Campaigns\Northwatch Wardens - (HomeBrew)\web\server.js".
2026-06-10 14:32:00: Warning: Cannot polyfill `DOMMatrix`, rendering may be broken: "Error: Cannot find module 'canvas'
2026-06-10 14:32:00: Require stack:
2026-06-10 14:32:00: - C:\Users\joshu\OneDrive\Documents\dnd\00 - Campaigns\Northwatch Wardens - (HomeBrew)\web\node_modules\pdfjs-dist\legacy\build\pdf.js
2026-06-10 14:32:00: - C:\Users\joshu\OneDrive\Documents\dnd\00 - Campaigns\Northwatch Wardens - (HomeBrew)\web\lib\pdf-indexer.js
2026-06-10 14:32:00: - C:\Users\joshu\OneDrive\Documents\dnd\00 - Campaigns\Northwatch Wardens - (HomeBrew)\web\server.js".
2026-06-10 14:32:00: Warning: Cannot polyfill `Path2D`, rendering may be broken: "Error: Cannot find module 'canvas'
2026-06-10 14:32:00: Require stack:
2026-06-10 14:32:00: - C:\Users\joshu\OneDrive\Documents\dnd\00 - Campaigns\Northwatch Wardens - (HomeBrew)\web\node_modules\pdfjs-dist\legacy\build\pdf.js
2026-06-10 14:32:00: - C:\Users\joshu\OneDrive\Documents\dnd\00 - Campaigns\Northwatch Wardens - (HomeBrew)\web\lib\pdf-indexer.js
2026-06-10 14:32:00: - C:\Users\joshu\OneDrive\Documents\dnd\00 - Campaigns\Northwatch Wardens - (HomeBrew)\web\server.js".
2026-06-10 14:32:05: Warning: Cannot polyfill `DOMMatrix`, rendering may be broken: "Error: Cannot find module 'canvas'
2026-06-10 14:32:05: Require stack:
2026-06-10 14:32:05: - C:\Users\joshu\OneDrive\Documents\dnd\00 - Campaigns\Northwatch Wardens - (HomeBrew)\web\node_modules\pdfjs-dist\legacy\build\pdf.js
2026-06-10 14:32:05: - C:\Users\joshu\OneDrive\Documents\dnd\00 - Campaigns\Northwatch Wardens - (HomeBrew)\web\lib\pdf-indexer.js
2026-06-10 14:32:05: - C:\Users\joshu\OneDrive\Documents\dnd\00 - Campaigns\Northwatch Wardens - (HomeBrew)\web\server.js".
2026-06-10 14:32:05: Warning: Cannot polyfill `Path2D`, rendering may be broken: "Error: Cannot find module 'canvas'
2026-06-10 14:32:05: Require stack:
2026-06-10 14:32:05: - C:\Users\joshu\OneDrive\Documents\dnd\00 - Campaigns\Northwatch Wardens - (HomeBrew)\web\node_modules\pdfjs-dist\legacy\build\pdf.js
2026-06-10 14:32:05: - C:\Users\joshu\OneDrive\Documents\dnd\00 - Campaigns\Northwatch Wardens - (HomeBrew)\web\lib\pdf-indexer.js
2026-06-10 14:32:05: - C:\Users\joshu\OneDrive\Documents\dnd\00 - Campaigns\Northwatch Wardens - (HomeBrew)\web\server.js".
2026-06-10 14:32:09: Warning: Cannot polyfill `DOMMatrix`, rendering may be broken: "Error: Cannot find module 'canvas'
2026-06-10 14:32:09: Require stack:
2026-06-10 14:32:09: - C:\Users\joshu\OneDrive\Documents\dnd\00 - Campaigns\Northwatch Wardens - (HomeBrew)\web\node_modules\pdfjs-dist\legacy\build\pdf.js
2026-06-10 14:32:09: - C:\Users\joshu\OneDrive\Documents\dnd\00 - Campaigns\Northwatch Wardens - (HomeBrew)\web\lib\pdf-indexer.js
2026-06-10 14:32:09: - C:\Users\joshu\OneDrive\Documents\dnd\00 - Campaigns\Northwatch Wardens - (HomeBrew)\web\server.js".
2026-06-10 14:32:09: Warning: Cannot polyfill `Path2D`, rendering may be broken: "Error: Cannot find module 'canvas'
2026-06-10 14:32:09: Require stack:
2026-06-10 14:32:09: - C:\Users\joshu\OneDrive\Documents\dnd\00 - Campaigns\Northwatch Wardens - (HomeBrew)\web\node_modules\pdfjs-dist\legacy\build\pdf.js
2026-06-10 14:32:09: - C:\Users\joshu\OneDrive\Documents\dnd\00 - Campaigns\Northwatch Wardens - (HomeBrew)\web\lib\pdf-indexer.js
2026-06-10 14:32:09: - C:\Users\joshu\OneDrive\Documents\dnd\00 - Campaigns\Northwatch Wardens - (HomeBrew)\web\server.js".
2026-06-10 14:32:13: Warning: Cannot polyfill `DOMMatrix`, rendering may be broken: "Error: Cannot find module 'canvas'
2026-06-10 14:32:13: Require stack:
2026-06-10 14:32:13: - C:\Users\joshu\OneDrive\Documents\dnd\00 - Campaigns\Northwatch Wardens - (HomeBrew)\web\node_modules\pdfjs-dist\legacy\build\pdf.js
2026-06-10 14:32:13: - C:\Users\joshu\OneDrive\Documents\dnd\00 - Campaigns\Northwatch Wardens - (HomeBrew)\web\lib\pdf-indexer.js
2026-06-10 14:32:13: - C:\Users\joshu\OneDrive\Documents\dnd\00 - Campaigns\Northwatch Wardens - (HomeBrew)\web\server.js".
2026-06-10 14:32:13: Warning: Cannot polyfill `Path2D`, rendering may be broken: "Error: Cannot find module 'canvas'
2026-06-10 14:32:13: Require stack:
2026-06-10 14:32:13: - C:\Users\joshu\OneDrive\Documents\dnd\00 - Campaigns\Northwatch Wardens - (HomeBrew)\web\node_modules\pdfjs-dist\legacy\build\pdf.js
2026-06-10 14:32:13: - C:\Users\joshu\OneDrive\Documents\dnd\00 - Campaigns\Northwatch Wardens - (HomeBrew)\web\lib\pdf-indexer.js
2026-06-10 14:32:13: - C:\Users\joshu\OneDrive\Documents\dnd\00 - Campaigns\Northwatch Wardens - (HomeBrew)\web\server.js".
2026-06-10 14:32:16: Warning: Cannot polyfill `DOMMatrix`, rendering may be broken: "Error: Cannot find module 'canvas'
2026-06-10 14:32:16: Require stack:
2026-06-10 14:32:16: - C:\Users\joshu\OneDrive\Documents\dnd\00 - Campaigns\Northwatch Wardens - (HomeBrew)\web\node_modules\pdfjs-dist\legacy\build\pdf.js
2026-06-10 14:32:16: - C:\Users\joshu\OneDrive\Documents\dnd\00 - Campaigns\Northwatch Wardens - (HomeBrew)\web\lib\pdf-indexer.js
2026-06-10 14:32:16: - C:\Users\joshu\OneDrive\Documents\dnd\00 - Campaigns\Northwatch Wardens - (HomeBrew)\web\server.js".
2026-06-10 14:32:16: Warning: Cannot polyfill `Path2D`, rendering may be broken: "Error: Cannot find module 'canvas'
2026-06-10 14:32:16: Require stack:
2026-06-10 14:32:16: - C:\Users\joshu\OneDrive\Documents\dnd\00 - Campaigns\Northwatch Wardens - (HomeBrew)\web\node_modules\pdfjs-dist\legacy\build\pdf.js
2026-06-10 14:32:16: - C:\Users\joshu\OneDrive\Documents\dnd\00 - Campaigns\Northwatch Wardens - (HomeBrew)\web\lib\pdf-indexer.js
2026-06-10 14:32:16: - C:\Users\joshu\OneDrive\Documents\dnd\00 - Campaigns\Northwatch Wardens - (HomeBrew)\web\server.js".
2026-06-10 14:32:19: Warning: Cannot polyfill `DOMMatrix`, rendering may be broken: "Error: Cannot find module 'canvas'
2026-06-10 14:32:19: Require stack:
2026-06-10 14:32:19: - C:\Users\joshu\OneDrive\Documents\dnd\00 - Campaigns\Northwatch Wardens - (HomeBrew)\web\node_modules\pdfjs-dist\legacy\build\pdf.js
2026-06-10 14:32:19: - C:\Users\joshu\OneDrive\Documents\dnd\00 - Campaigns\Northwatch Wardens - (HomeBrew)\web\lib\pdf-indexer.js
2026-06-10 14:32:19: - C:\Users\joshu\OneDrive\Documents\dnd\00 - Campaigns\Northwatch Wardens - (HomeBrew)\web\server.js".
2026-06-10 14:32:19: Warning: Cannot polyfill `Path2D`, rendering may be broken: "Error: Cannot find module 'canvas'
2026-06-10 14:32:19: Require stack:
2026-06-10 14:32:19: - C:\Users\joshu\OneDrive\Documents\dnd\00 - Campaigns\Northwatch Wardens - (HomeBrew)\web\node_modules\pdfjs-dist\legacy\build\pdf.js
2026-06-10 14:32:19: - C:\Users\joshu\OneDrive\Documents\dnd\00 - Campaigns\Northwatch Wardens - (HomeBrew)\web\lib\pdf-indexer.js
2026-06-10 14:32:19: - C:\Users\joshu\OneDrive\Documents\dnd\00 - Campaigns\Northwatch Wardens - (HomeBrew)\web\server.js".
2026-06-10 14:32:23: Warning: Cannot polyfill `DOMMatrix`, rendering may be broken: "Error: Cannot find module 'canvas'
2026-06-10 14:32:23: Require stack:
2026-06-10 14:32:23: - C:\Users\joshu\OneDrive\Documents\dnd\00 - Campaigns\Northwatch Wardens - (HomeBrew)\web\node_modules\pdfjs-dist\legacy\build\pdf.js
2026-06-10 14:32:23: - C:\Users\joshu\OneDrive\Documents\dnd\00 - Campaigns\Northwatch Wardens - (HomeBrew)\web\lib\pdf-indexer.js
2026-06-10 14:32:23: - C:\Users\joshu\OneDrive\Documents\dnd\00 - Campaigns\Northwatch Wardens - (HomeBrew)\web\server.js".
2026-06-10 14:32:23: Warning: Cannot polyfill `Path2D`, rendering may be broken: "Error: Cannot find module 'canvas'
2026-06-10 14:32:23: Require stack:
2026-06-10 14:32:23: - C:\Users\joshu\OneDrive\Documents\dnd\00 - Campaigns\Northwatch Wardens - (HomeBrew)\web\node_modules\pdfjs-dist\legacy\build\pdf.js
2026-06-10 14:32:23: - C:\Users\joshu\OneDrive\Documents\dnd\00 - Campaigns\Northwatch Wardens - (HomeBrew)\web\lib\pdf-indexer.js
2026-06-10 14:32:23: - C:\Users\joshu\OneDrive\Documents\dnd\00 - Campaigns\Northwatch Wardens - (HomeBrew)\web\server.js".
2026-06-10 14:32:26: Warning: Cannot polyfill `DOMMatrix`, rendering may be broken: "Error: Cannot find module 'canvas'
2026-06-10 14:32:26: Require stack:
2026-06-10 14:32:26: - C:\Users\joshu\OneDrive\Documents\dnd\00 - Campaigns\Northwatch Wardens - (HomeBrew)\web\node_modules\pdfjs-dist\legacy\build\pdf.js
2026-06-10 14:32:26: - C:\Users\joshu\OneDrive\Documents\dnd\00 - Campaigns\Northwatch Wardens - (HomeBrew)\web\lib\pdf-indexer.js
2026-06-10 14:32:26: - C:\Users\joshu\OneDrive\Documents\dnd\00 - Campaigns\Northwatch Wardens - (HomeBrew)\web\server.js".
2026-06-10 14:32:26: Warning: Cannot polyfill `Path2D`, rendering may be broken: "Error: Cannot find module 'canvas'
2026-06-10 14:32:26: Require stack:
2026-06-10 14:32:26: - C:\Users\joshu\OneDrive\Documents\dnd\00 - Campaigns\Northwatch Wardens - (HomeBrew)\web\node_modules\pdfjs-dist\legacy\build\pdf.js
2026-06-10 14:32:26: - C:\Users\joshu\OneDrive\Documents\dnd\00 - Campaigns\Northwatch Wardens - (HomeBrew)\web\lib\pdf-indexer.js
2026-06-10 14:32:26: - C:\Users\joshu\OneDrive\Documents\dnd\00 - Campaigns\Northwatch Wardens - (HomeBrew)\web\server.js".
2026-06-10 14:32:30: Warning: Cannot polyfill `DOMMatrix`, rendering may be broken: "Error: Cannot find module 'canvas'
2026-06-10 14:32:30: Require stack:
2026-06-10 14:32:30: - C:\Users\joshu\OneDrive\Documents\dnd\00 - Campaigns\Northwatch Wardens - (HomeBrew)\web\node_modules\pdfjs-dist\legacy\build\pdf.js
2026-06-10 14:32:30: - C:\Users\joshu\OneDrive\Documents\dnd\00 - Campaigns\Northwatch Wardens - (HomeBrew)\web\lib\pdf-indexer.js
2026-06-10 14:32:30: - C:\Users\joshu\OneDrive\Documents\dnd\00 - Campaigns\Northwatch Wardens - (HomeBrew)\web\server.js".
2026-06-10 14:32:30: Warning: Cannot polyfill `Path2D`, rendering may be broken: "Error: Cannot find module 'canvas'
2026-06-10 14:32:30: Require stack:
2026-06-10 14:32:30: - C:\Users\joshu\OneDrive\Documents\dnd\00 - Campaigns\Northwatch Wardens - (HomeBrew)\web\node_modules\pdfjs-dist\legacy\build\pdf.js
2026-06-10 14:32:30: - C:\Users\joshu\OneDrive\Documents\dnd\00 - Campaigns\Northwatch Wardens - (HomeBrew)\web\lib\pdf-indexer.js
2026-06-10 14:32:30: - C:\Users\joshu\OneDrive\Documents\dnd\00 - Campaigns\Northwatch Wardens - (HomeBrew)\web\server.js".
2026-06-10 14:32:33: Warning: Cannot polyfill `DOMMatrix`, rendering may be broken: "Error: Cannot find module 'canvas'
2026-06-10 14:32:33: Require stack:
2026-06-10 14:32:33: - C:\Users\joshu\OneDrive\Documents\dnd\00 - Campaigns\Northwatch Wardens - (HomeBrew)\web\node_modules\pdfjs-dist\legacy\build\pdf.js
2026-06-10 14:32:33: - C:\Users\joshu\OneDrive\Documents\dnd\00 - Campaigns\Northwatch Wardens - (HomeBrew)\web\lib\pdf-indexer.js
2026-06-10 14:32:33: - C:\Users\joshu\OneDrive\Documents\dnd\00 - Campaigns\Northwatch Wardens - (HomeBrew)\web\server.js".
2026-06-10 14:32:33: Warning: Cannot polyfill `Path2D`, rendering may be broken: "Error: Cannot find module 'canvas'
2026-06-10 14:32:33: Require stack:
2026-06-10 14:32:33: - C:\Users\joshu\OneDrive\Documents\dnd\00 - Campaigns\Northwatch Wardens - (HomeBrew)\web\node_modules\pdfjs-dist\legacy\build\pdf.js
2026-06-10 14:32:33: - C:\Users\joshu\OneDrive\Documents\dnd\00 - Campaigns\Northwatch Wardens - (HomeBrew)\web\lib\pdf-indexer.js
2026-06-10 14:32:33: - C:\Users\joshu\OneDrive\Documents\dnd\00 - Campaigns\Northwatch Wardens - (HomeBrew)\web\server.js".
2026-06-10 14:32:35: Warning: Cannot polyfill `DOMMatrix`, rendering may be broken: "Error: Cannot find module 'canvas'
2026-06-10 14:32:35: Require stack:
2026-06-10 14:32:35: - C:\Users\joshu\OneDrive\Documents\dnd\00 - Campaigns\Northwatch Wardens - (HomeBrew)\web\node_modules\pdfjs-dist\legacy\build\pdf.js
2026-06-10 14:32:35: - C:\Users\joshu\OneDrive\Documents\dnd\00 - Campaigns\Northwatch Wardens - (HomeBrew)\web\lib\pdf-indexer.js
2026-06-10 14:32:35: - C:\Users\joshu\OneDrive\Documents\dnd\00 - Campaigns\Northwatch Wardens - (HomeBrew)\web\server.js".
2026-06-10 14:32:35: Warning: Cannot polyfill `Path2D`, rendering may be broken: "Error: Cannot find module 'canvas'
2026-06-10 14:32:35: Require stack:
2026-06-10 14:32:35: - C:\Users\joshu\OneDrive\Documents\dnd\00 - Campaigns\Northwatch Wardens - (HomeBrew)\web\node_modules\pdfjs-dist\legacy\build\pdf.js
2026-06-10 14:32:35: - C:\Users\joshu\OneDrive\Documents\dnd\00 - Campaigns\Northwatch Wardens - (HomeBrew)\web\lib\pdf-indexer.js
2026-06-10 14:32:35: - C:\Users\joshu\OneDrive\Documents\dnd\00 - Campaigns\Northwatch Wardens - (HomeBrew)\web\server.js".
2026-06-10 14:32:38: Warning: Cannot polyfill `DOMMatrix`, rendering may be broken: "Error: Cannot find module 'canvas'
2026-06-10 14:32:38: Require stack:
2026-06-10 14:32:38: - C:\Users\joshu\OneDrive\Documents\dnd\00 - Campaigns\Northwatch Wardens - (HomeBrew)\web\node_modules\pdfjs-dist\legacy\build\pdf.js
2026-06-10 14:32:38: - C:\Users\joshu\OneDrive\Documents\dnd\00 - Campaigns\Northwatch Wardens - (HomeBrew)\web\lib\pdf-indexer.js
2026-06-10 14:32:38: - C:\Users\joshu\OneDrive\Documents\dnd\00 - Campaigns\Northwatch Wardens - (HomeBrew)\web\server.js".
2026-06-10 14:32:38: Warning: Cannot polyfill `Path2D`, rendering may be broken: "Error: Cannot find module 'canvas'
2026-06-10 14:32:38: Require stack:
2026-06-10 14:32:38: - C:\Users\joshu\OneDrive\Documents\dnd\00 - Campaigns\Northwatch Wardens - (HomeBrew)\web\node_modules\pdfjs-dist\legacy\build\pdf.js
2026-06-10 14:32:38: - C:\Users\joshu\OneDrive\Documents\dnd\00 - Campaigns\Northwatch Wardens - (HomeBrew)\web\lib\pdf-indexer.js
2026-06-10 14:32:38: - C:\Users\joshu\OneDrive\Documents\dnd\00 - Campaigns\Northwatch Wardens - (HomeBrew)\web\server.js".
2026-06-10 14:32:42: Warning: Cannot polyfill `DOMMatrix`, rendering may be broken: "Error: Cannot find module 'canvas'
2026-06-10 14:32:42: Require stack:
2026-06-10 14:32:42: - C:\Users\joshu\OneDrive\Documents\dnd\00 - Campaigns\Northwatch Wardens - (HomeBrew)\web\node_modules\pdfjs-dist\legacy\build\pdf.js
2026-06-10 14:32:42: - C:\Users\joshu\OneDrive\Documents\dnd\00 - Campaigns\Northwatch Wardens - (HomeBrew)\web\lib\pdf-indexer.js
2026-06-10 14:32:42: - C:\Users\joshu\OneDrive\Documents\dnd\00 - Campaigns\Northwatch Wardens - (HomeBrew)\web\server.js".
2026-06-10 14:32:42: Warning: Cannot polyfill `Path2D`, rendering may be broken: "Error: Cannot find module 'canvas'
2026-06-10 14:32:42: Require stack:
2026-06-10 14:32:42: - C:\Users\joshu\OneDrive\Documents\dnd\00 - Campaigns\Northwatch Wardens - (HomeBrew)\web\node_modules\pdfjs-dist\legacy\build\pdf.js
2026-06-10 14:32:42: - C:\Users\joshu\OneDrive\Documents\dnd\00 - Campaigns\Northwatch Wardens - (HomeBrew)\web\lib\pdf-indexer.js
2026-06-10 14:32:42: - C:\Users\joshu\OneDrive\Documents\dnd\00 - Campaigns\Northwatch Wardens - (HomeBrew)\web\server.js".
2026-06-10 14:32:44: Warning: Cannot polyfill `DOMMatrix`, rendering may be broken: "Error: Cannot find module 'canvas'
2026-06-10 14:32:44: Require stack:
2026-06-10 14:32:44: - C:\Users\joshu\OneDrive\Documents\dnd\00 - Campaigns\Northwatch Wardens - (HomeBrew)\web\node_modules\pdfjs-dist\legacy\build\pdf.js
2026-06-10 14:32:44: - C:\Users\joshu\OneDrive\Documents\dnd\00 - Campaigns\Northwatch Wardens - (HomeBrew)\web\lib\pdf-indexer.js
2026-06-10 14:32:44: - C:\Users\joshu\OneDrive\Documents\dnd\00 - Campaigns\Northwatch Wardens - (HomeBrew)\web\server.js".
2026-06-10 14:32:44: Warning: Cannot polyfill `Path2D`, rendering may be broken: "Error: Cannot find module 'canvas'
2026-06-10 14:32:44: Require stack:
2026-06-10 14:32:44: - C:\Users\joshu\OneDrive\Documents\dnd\00 - Campaigns\Northwatch Wardens - (HomeBrew)\web\node_modules\pdfjs-dist\legacy\build\pdf.js
2026-06-10 14:32:44: - C:\Users\joshu\OneDrive\Documents\dnd\00 - Campaigns\Northwatch Wardens - (HomeBrew)\web\lib\pdf-indexer.js
2026-06-10 14:32:44: - C:\Users\joshu\OneDrive\Documents\dnd\00 - Campaigns\Northwatch Wardens - (HomeBrew)\web\server.js".
2026-06-10 14:32:47: Warning: Cannot polyfill `DOMMatrix`, rendering may be broken: "Error: Cannot find module 'canvas'
2026-06-10 14:32:47: Require stack:
2026-06-10 14:32:47: - C:\Users\joshu\OneDrive\Documents\dnd\00 - Campaigns\Northwatch Wardens - (HomeBrew)\web\node_modules\pdfjs-dist\legacy\build\pdf.js
2026-06-10 14:32:47: - C:\Users\joshu\OneDrive\Documents\dnd\00 - Campaigns\Northwatch Wardens - (HomeBrew)\web\lib\pdf-indexer.js
2026-06-10 14:32:47: - C:\Users\joshu\OneDrive\Documents\dnd\00 - Campaigns\Northwatch Wardens - (HomeBrew)\web\server.js".
2026-06-10 14:32:47: Warning: Cannot polyfill `Path2D`, rendering may be broken: "Error: Cannot find module 'canvas'
2026-06-10 14:32:47: Require stack:
2026-06-10 14:32:47: - C:\Users\joshu\OneDrive\Documents\dnd\00 - Campaigns\Northwatch Wardens - (HomeBrew)\web\node_modules\pdfjs-dist\legacy\build\pdf.js
2026-06-10 14:32:47: - C:\Users\joshu\OneDrive\Documents\dnd\00 - Campaigns\Northwatch Wardens - (HomeBrew)\web\lib\pdf-indexer.js
2026-06-10 14:32:47: - C:\Users\joshu\OneDrive\Documents\dnd\00 - Campaigns\Northwatch Wardens - (HomeBrew)\web\server.js".
2026-06-10 14:32:50: Warning: Cannot polyfill `DOMMatrix`, rendering may be broken: "Error: Cannot find module 'canvas'
2026-06-10 14:32:50: Require stack:
2026-06-10 14:32:50: - C:\Users\joshu\OneDrive\Documents\dnd\00 - Campaigns\Northwatch Wardens - (HomeBrew)\web\node_modules\pdfjs-dist\legacy\build\pdf.js
2026-06-10 14:32:50: - C:\Users\joshu\OneDrive\Documents\dnd\00 - Campaigns\Northwatch Wardens - (HomeBrew)\web\lib\pdf-indexer.js
2026-06-10 14:32:50: - C:\Users\joshu\OneDrive\Documents\dnd\00 - Campaigns\Northwatch Wardens - (HomeBrew)\web\server.js".
2026-06-10 14:32:50: Warning: Cannot polyfill `Path2D`, rendering may be broken: "Error: Cannot find module 'canvas'
2026-06-10 14:32:50: Require stack:
2026-06-10 14:32:50: - C:\Users\joshu\OneDrive\Documents\dnd\00 - Campaigns\Northwatch Wardens - (HomeBrew)\web\node_modules\pdfjs-dist\legacy\build\pdf.js
2026-06-10 14:32:50: - C:\Users\joshu\OneDrive\Documents\dnd\00 - Campaigns\Northwatch Wardens - (HomeBrew)\web\lib\pdf-indexer.js
2026-06-10 14:32:50: - C:\Users\joshu\OneDrive\Documents\dnd\00 - Campaigns\Northwatch Wardens - (HomeBrew)\web\server.js".
2026-06-10 14:32:53: Warning: Cannot polyfill `DOMMatrix`, rendering may be broken: "Error: Cannot find module 'canvas'
2026-06-10 14:32:53: Require stack:
2026-06-10 14:32:53: - C:\Users\joshu\OneDrive\Documents\dnd\00 - Campaigns\Northwatch Wardens - (HomeBrew)\web\node_modules\pdfjs-dist\legacy\build\pdf.js
2026-06-10 14:32:53: - C:\Users\joshu\OneDrive\Documents\dnd\00 - Campaigns\Northwatch Wardens - (HomeBrew)\web\lib\pdf-indexer.js
2026-06-10 14:32:53: - C:\Users\joshu\OneDrive\Documents\dnd\00 - Campaigns\Northwatch Wardens - (HomeBrew)\web\server.js".
2026-06-10 14:32:53: Warning: Cannot polyfill `Path2D`, rendering may be broken: "Error: Cannot find module 'canvas'
2026-06-10 14:32:53: Require stack:
2026-06-10 14:32:53: - C:\Users\joshu\OneDrive\Documents\dnd\00 - Campaigns\Northwatch Wardens - (HomeBrew)\web\node_modules\pdfjs-dist\legacy\build\pdf.js
2026-06-10 14:32:53: - C:\Users\joshu\OneDrive\Documents\dnd\00 - Campaigns\Northwatch Wardens - (HomeBrew)\web\lib\pdf-indexer.js
2026-06-10 14:32:53: - C:\Users\joshu\OneDrive\Documents\dnd\00 - Campaigns\Northwatch Wardens - (HomeBrew)\web\server.js".
2026-06-10 14:32:56: Warning: Cannot polyfill `DOMMatrix`, rendering may be broken: "Error: Cannot find module 'canvas'
2026-06-10 14:32:56: Require stack:
2026-06-10 14:32:56: - C:\Users\joshu\OneDrive\Documents\dnd\00 - Campaigns\Northwatch Wardens - (HomeBrew)\web\node_modules\pdfjs-dist\legacy\build\pdf.js
2026-06-10 14:32:56: - C:\Users\joshu\OneDrive\Documents\dnd\00 - Campaigns\Northwatch Wardens - (HomeBrew)\web\lib\pdf-indexer.js
2026-06-10 14:32:56: - C:\Users\joshu\OneDrive\Documents\dnd\00 - Campaigns\Northwatch Wardens - (HomeBrew)\web\server.js".
2026-06-10 14:32:56: Warning: Cannot polyfill `Path2D`, rendering may be broken: "Error: Cannot find module 'canvas'
2026-06-10 14:32:56: Require stack:
2026-06-10 14:32:56: - C:\Users\joshu\OneDrive\Documents\dnd\00 - Campaigns\Northwatch Wardens - (HomeBrew)\web\node_modules\pdfjs-dist\legacy\build\pdf.js
2026-06-10 14:32:56: - C:\Users\joshu\OneDrive\Documents\dnd\00 - Campaigns\Northwatch Wardens - (HomeBrew)\web\lib\pdf-indexer.js
2026-06-10 14:32:56: - C:\Users\joshu\OneDrive\Documents\dnd\00 - Campaigns\Northwatch Wardens - (HomeBrew)\web\server.js".
2026-06-10 14:32:58: Warning: Cannot polyfill `DOMMatrix`, rendering may be broken: "Error: Cannot find module 'canvas'
2026-06-10 14:32:58: Require stack:
2026-06-10 14:32:58: - C:\Users\joshu\OneDrive\Documents\dnd\00 - Campaigns\Northwatch Wardens - (HomeBrew)\web\node_modules\pdfjs-dist\legacy\build\pdf.js
2026-06-10 14:32:58: - C:\Users\joshu\OneDrive\Documents\dnd\00 - Campaigns\Northwatch Wardens - (HomeBrew)\web\lib\pdf-indexer.js
2026-06-10 14:32:58: - C:\Users\joshu\OneDrive\Documents\dnd\00 - Campaigns\Northwatch Wardens - (HomeBrew)\web\server.js".
2026-06-10 14:32:58: Warning: Cannot polyfill `Path2D`, rendering may be broken: "Error: Cannot find module 'canvas'
2026-06-10 14:32:58: Require stack:
2026-06-10 14:32:58: - C:\Users\joshu\OneDrive\Documents\dnd\00 - Campaigns\Northwatch Wardens - (HomeBrew)\web\node_modules\pdfjs-dist\legacy\build\pdf.js
2026-06-10 14:32:58: - C:\Users\joshu\OneDrive\Documents\dnd\00 - Campaigns\Northwatch Wardens - (HomeBrew)\web\lib\pdf-indexer.js
2026-06-10 14:32:58: - C:\Users\joshu\OneDrive\Documents\dnd\00 - Campaigns\Northwatch Wardens - (HomeBrew)\web\server.js".
2026-06-10 14:33:01: Warning: Cannot polyfill `DOMMatrix`, rendering may be broken: "Error: Cannot find module 'canvas'
2026-06-10 14:33:01: Require stack:
2026-06-10 14:33:01: - C:\Users\joshu\OneDrive\Documents\dnd\00 - Campaigns\Northwatch Wardens - (HomeBrew)\web\node_modules\pdfjs-dist\legacy\build\pdf.js
2026-06-10 14:33:01: - C:\Users\joshu\OneDrive\Documents\dnd\00 - Campaigns\Northwatch Wardens - (HomeBrew)\web\lib\pdf-indexer.js
2026-06-10 14:33:01: - C:\Users\joshu\OneDrive\Documents\dnd\00 - Campaigns\Northwatch Wardens - (HomeBrew)\web\server.js".
2026-06-10 14:33:01: Warning: Cannot polyfill `Path2D`, rendering may be broken: "Error: Cannot find module 'canvas'
2026-06-10 14:33:01: Require stack:
2026-06-10 14:33:01: - C:\Users\joshu\OneDrive\Documents\dnd\00 - Campaigns\Northwatch Wardens - (HomeBrew)\web\node_modules\pdfjs-dist\legacy\build\pdf.js
2026-06-10 14:33:01: - C:\Users\joshu\OneDrive\Documents\dnd\00 - Campaigns\Northwatch Wardens - (HomeBrew)\web\lib\pdf-indexer.js
2026-06-10 14:33:01: - C:\Users\joshu\OneDrive\Documents\dnd\00 - Campaigns\Northwatch Wardens - (HomeBrew)\web\server.js".
2026-06-10 14:33:04: Warning: Cannot polyfill `DOMMatrix`, rendering may be broken: "Error: Cannot find module 'canvas'
2026-06-10 14:33:04: Require stack:
2026-06-10 14:33:04: - C:\Users\joshu\OneDrive\Documents\dnd\00 - Campaigns\Northwatch Wardens - (HomeBrew)\web\node_modules\pdfjs-dist\legacy\build\pdf.js
2026-06-10 14:33:04: - C:\Users\joshu\OneDrive\Documents\dnd\00 - Campaigns\Northwatch Wardens - (HomeBrew)\web\lib\pdf-indexer.js
2026-06-10 14:33:04: - C:\Users\joshu\OneDrive\Documents\dnd\00 - Campaigns\Northwatch Wardens - (HomeBrew)\web\server.js".
2026-06-10 14:33:04: Warning: Cannot polyfill `Path2D`, rendering may be broken: "Error: Cannot find module 'canvas'
2026-06-10 14:33:04: Require stack:
2026-06-10 14:33:04: - C:\Users\joshu\OneDrive\Documents\dnd\00 - Campaigns\Northwatch Wardens - (HomeBrew)\web\node_modules\pdfjs-dist\legacy\build\pdf.js
2026-06-10 14:33:04: - C:\Users\joshu\OneDrive\Documents\dnd\00 - Campaigns\Northwatch Wardens - (HomeBrew)\web\lib\pdf-indexer.js
2026-06-10 14:33:04: - C:\Users\joshu\OneDrive\Documents\dnd\00 - Campaigns\Northwatch Wardens - (HomeBrew)\web\server.js".
2026-06-10 14:33:07: Warning: Cannot polyfill `DOMMatrix`, rendering may be broken: "Error: Cannot find module 'canvas'
2026-06-10 14:33:07: Require stack:
2026-06-10 14:33:07: - C:\Users\joshu\OneDrive\Documents\dnd\00 - Campaigns\Northwatch Wardens - (HomeBrew)\web\node_modules\pdfjs-dist\legacy\build\pdf.js
2026-06-10 14:33:07: - C:\Users\joshu\OneDrive\Documents\dnd\00 - Campaigns\Northwatch Wardens - (HomeBrew)\web\lib\pdf-indexer.js
2026-06-10 14:33:07: - C:\Users\joshu\OneDrive\Documents\dnd\00 - Campaigns\Northwatch Wardens - (HomeBrew)\web\server.js".
2026-06-10 14:33:07: Warning: Cannot polyfill `Path2D`, rendering may be broken: "Error: Cannot find module 'canvas'
2026-06-10 14:33:07: Require stack:
2026-06-10 14:33:07: - C:\Users\joshu\OneDrive\Documents\dnd\00 - Campaigns\Northwatch Wardens - (HomeBrew)\web\node_modules\pdfjs-dist\legacy\build\pdf.js
2026-06-10 14:33:07: - C:\Users\joshu\OneDrive\Documents\dnd\00 - Campaigns\Northwatch Wardens - (HomeBrew)\web\lib\pdf-indexer.js
2026-06-10 14:33:07: - C:\Users\joshu\OneDrive\Documents\dnd\00 - Campaigns\Northwatch Wardens - (HomeBrew)\web\server.js".
2026-06-10 14:33:10: Warning: Cannot polyfill `DOMMatrix`, rendering may be broken: "Error: Cannot find module 'canvas'
2026-06-10 14:33:10: Require stack:
2026-06-10 14:33:10: - C:\Users\joshu\OneDrive\Documents\dnd\00 - Campaigns\Northwatch Wardens - (HomeBrew)\web\node_modules\pdfjs-dist\legacy\build\pdf.js
2026-06-10 14:33:10: - C:\Users\joshu\OneDrive\Documents\dnd\00 - Campaigns\Northwatch Wardens - (HomeBrew)\web\lib\pdf-indexer.js
2026-06-10 14:33:10: - C:\Users\joshu\OneDrive\Documents\dnd\00 - Campaigns\Northwatch Wardens - (HomeBrew)\web\server.js".
2026-06-10 14:33:10: Warning: Cannot polyfill `Path2D`, rendering may be broken: "Error: Cannot find module 'canvas'
2026-06-10 14:33:10: Require stack:
2026-06-10 14:33:10: - C:\Users\joshu\OneDrive\Documents\dnd\00 - Campaigns\Northwatch Wardens - (HomeBrew)\web\node_modules\pdfjs-dist\legacy\build\pdf.js
2026-06-10 14:33:10: - C:\Users\joshu\OneDrive\Documents\dnd\00 - Campaigns\Northwatch Wardens - (HomeBrew)\web\lib\pdf-indexer.js
2026-06-10 14:33:10: - C:\Users\joshu\OneDrive\Documents\dnd\00 - Campaigns\Northwatch Wardens - (HomeBrew)\web\server.js".
2026-06-10 14:33:12: Warning: Cannot polyfill `DOMMatrix`, rendering may be broken: "Error: Cannot find module 'canvas'
2026-06-10 14:33:12: Require stack:
2026-06-10 14:33:12: - C:\Users\joshu\OneDrive\Documents\dnd\00 - Campaigns\Northwatch Wardens - (HomeBrew)\web\node_modules\pdfjs-dist\legacy\build\pdf.js
2026-06-10 14:33:12: - C:\Users\joshu\OneDrive\Documents\dnd\00 - Campaigns\Northwatch Wardens - (HomeBrew)\web\lib\pdf-indexer.js
2026-06-10 14:33:12: - C:\Users\joshu\OneDrive\Documents\dnd\00 - Campaigns\Northwatch Wardens - (HomeBrew)\web\server.js".
2026-06-10 14:33:12: Warning: Cannot polyfill `Path2D`, rendering may be broken: "Error: Cannot find module 'canvas'
2026-06-10 14:33:12: Require stack:
2026-06-10 14:33:12: - C:\Users\joshu\OneDrive\Documents\dnd\00 - Campaigns\Northwatch Wardens - (HomeBrew)\web\node_modules\pdfjs-dist\legacy\build\pdf.js
2026-06-10 14:33:12: - C:\Users\joshu\OneDrive\Documents\dnd\00 - Campaigns\Northwatch Wardens - (HomeBrew)\web\lib\pdf-indexer.js
2026-06-10 14:33:12: - C:\Users\joshu\OneDrive\Documents\dnd\00 - Campaigns\Northwatch Wardens - (HomeBrew)\web\server.js".
2026-06-10 14:33:16: Warning: Cannot polyfill `DOMMatrix`, rendering may be broken: "Error: Cannot find module 'canvas'
2026-06-10 14:33:16: Require stack:
2026-06-10 14:33:16: - C:\Users\joshu\OneDrive\Documents\dnd\00 - Campaigns\Northwatch Wardens - (HomeBrew)\web\node_modules\pdfjs-dist\legacy\build\pdf.js
2026-06-10 14:33:16: - C:\Users\joshu\OneDrive\Documents\dnd\00 - Campaigns\Northwatch Wardens - (HomeBrew)\web\lib\pdf-indexer.js
2026-06-10 14:33:16: - C:\Users\joshu\OneDrive\Documents\dnd\00 - Campaigns\Northwatch Wardens - (HomeBrew)\web\server.js".
2026-06-10 14:33:16: Warning: Cannot polyfill `Path2D`, rendering may be broken: "Error: Cannot find module 'canvas'
2026-06-10 14:33:16: Require stack:
2026-06-10 14:33:16: - C:\Users\joshu\OneDrive\Documents\dnd\00 - Campaigns\Northwatch Wardens - (HomeBrew)\web\node_modules\pdfjs-dist\legacy\build\pdf.js
2026-06-10 14:33:16: - C:\Users\joshu\OneDrive\Documents\dnd\00 - Campaigns\Northwatch Wardens - (HomeBrew)\web\lib\pdf-indexer.js
2026-06-10 14:33:16: - C:\Users\joshu\OneDrive\Documents\dnd\00 - Campaigns\Northwatch Wardens - (HomeBrew)\web\server.js".
2026-06-10 14:33:19: Warning: Cannot polyfill `DOMMatrix`, rendering may be broken: "Error: Cannot find module 'canvas'
2026-06-10 14:33:19: Require stack:
2026-06-10 14:33:19: - C:\Users\joshu\OneDrive\Documents\dnd\00 - Campaigns\Northwatch Wardens - (HomeBrew)\web\node_modules\pdfjs-dist\legacy\build\pdf.js
2026-06-10 14:33:19: - C:\Users\joshu\OneDrive\Documents\dnd\00 - Campaigns\Northwatch Wardens - (HomeBrew)\web\lib\pdf-indexer.js
2026-06-10 14:33:19: - C:\Users\joshu\OneDrive\Documents\dnd\00 - Campaigns\Northwatch Wardens - (HomeBrew)\web\server.js".
2026-06-10 14:33:19: Warning: Cannot polyfill `Path2D`, rendering may be broken: "Error: Cannot find module 'canvas'
2026-06-10 14:33:19: Require stack:
2026-06-10 14:33:19: - C:\Users\joshu\OneDrive\Documents\dnd\00 - Campaigns\Northwatch Wardens - (HomeBrew)\web\node_modules\pdfjs-dist\legacy\build\pdf.js
2026-06-10 14:33:19: - C:\Users\joshu\OneDrive\Documents\dnd\00 - Campaigns\Northwatch Wardens - (HomeBrew)\web\lib\pdf-indexer.js
2026-06-10 14:33:19: - C:\Users\joshu\OneDrive\Documents\dnd\00 - Campaigns\Northwatch Wardens - (HomeBrew)\web\server.js".
2026-06-10 14:33:23: Warning: Cannot polyfill `DOMMatrix`, rendering may be broken: "Error: Cannot find module 'canvas'
2026-06-10 14:33:23: Require stack:
2026-06-10 14:33:23: - C:\Users\joshu\OneDrive\Documents\dnd\00 - Campaigns\Northwatch Wardens - (HomeBrew)\web\node_modules\pdfjs-dist\legacy\build\pdf.js
2026-06-10 14:33:23: - C:\Users\joshu\OneDrive\Documents\dnd\00 - Campaigns\Northwatch Wardens - (HomeBrew)\web\lib\pdf-indexer.js
2026-06-10 14:33:23: - C:\Users\joshu\OneDrive\Documents\dnd\00 - Campaigns\Northwatch Wardens - (HomeBrew)\web\server.js".
2026-06-10 14:33:23: Warning: Cannot polyfill `Path2D`, rendering may be broken: "Error: Cannot find module 'canvas'
2026-06-10 14:33:23: Require stack:
2026-06-10 14:33:23: - C:\Users\joshu\OneDrive\Documents\dnd\00 - Campaigns\Northwatch Wardens - (HomeBrew)\web\node_modules\pdfjs-dist\legacy\build\pdf.js
2026-06-10 14:33:23: - C:\Users\joshu\OneDrive\Documents\dnd\00 - Campaigns\Northwatch Wardens - (HomeBrew)\web\lib\pdf-indexer.js
2026-06-10 14:33:23: - C:\Users\joshu\OneDrive\Documents\dnd\00 - Campaigns\Northwatch Wardens - (HomeBrew)\web\server.js".
2026-06-10 14:33:26: Warning: Cannot polyfill `DOMMatrix`, rendering may be broken: "Error: Cannot find module 'canvas'
2026-06-10 14:33:26: Require stack:
2026-06-10 14:33:26: - C:\Users\joshu\OneDrive\Documents\dnd\00 - Campaigns\Northwatch Wardens - (HomeBrew)\web\node_modules\pdfjs-dist\legacy\build\pdf.js
2026-06-10 14:33:26: - C:\Users\joshu\OneDrive\Documents\dnd\00 - Campaigns\Northwatch Wardens - (HomeBrew)\web\lib\pdf-indexer.js
2026-06-10 14:33:26: - C:\Users\joshu\OneDrive\Documents\dnd\00 - Campaigns\Northwatch Wardens - (HomeBrew)\web\server.js".
2026-06-10 14:33:26: Warning: Cannot polyfill `Path2D`, rendering may be broken: "Error: Cannot find module 'canvas'
2026-06-10 14:33:26: Require stack:
2026-06-10 14:33:26: - C:\Users\joshu\OneDrive\Documents\dnd\00 - Campaigns\Northwatch Wardens - (HomeBrew)\web\node_modules\pdfjs-dist\legacy\build\pdf.js
2026-06-10 14:33:26: - C:\Users\joshu\OneDrive\Documents\dnd\00 - Campaigns\Northwatch Wardens - (HomeBrew)\web\lib\pdf-indexer.js
2026-06-10 14:33:26: - C:\Users\joshu\OneDrive\Documents\dnd\00 - Campaigns\Northwatch Wardens - (HomeBrew)\web\server.js".
2026-06-10 14:33:30: Warning: Cannot polyfill `DOMMatrix`, rendering may be broken: "Error: Cannot find module 'canvas'
2026-06-10 14:33:30: Require stack:
2026-06-10 14:33:30: - C:\Users\joshu\OneDrive\Documents\dnd\00 - Campaigns\Northwatch Wardens - (HomeBrew)\web\node_modules\pdfjs-dist\legacy\build\pdf.js
2026-06-10 14:33:30: - C:\Users\joshu\OneDrive\Documents\dnd\00 - Campaigns\Northwatch Wardens - (HomeBrew)\web\lib\pdf-indexer.js
2026-06-10 14:33:30: - C:\Users\joshu\OneDrive\Documents\dnd\00 - Campaigns\Northwatch Wardens - (HomeBrew)\web\server.js".
2026-06-10 14:33:30: Warning: Cannot polyfill `Path2D`, rendering may be broken: "Error: Cannot find module 'canvas'
2026-06-10 14:33:30: Require stack:
2026-06-10 14:33:30: - C:\Users\joshu\OneDrive\Documents\dnd\00 - Campaigns\Northwatch Wardens - (HomeBrew)\web\node_modules\pdfjs-dist\legacy\build\pdf.js
2026-06-10 14:33:30: - C:\Users\joshu\OneDrive\Documents\dnd\00 - Campaigns\Northwatch Wardens - (HomeBrew)\web\lib\pdf-indexer.js
2026-06-10 14:33:30: - C:\Users\joshu\OneDrive\Documents\dnd\00 - Campaigns\Northwatch Wardens - (HomeBrew)\web\server.js".
2026-06-10 14:33:33: Warning: Cannot polyfill `DOMMatrix`, rendering may be broken: "Error: Cannot find module 'canvas'
2026-06-10 14:33:33: Require stack:
2026-06-10 14:33:33: - C:\Users\joshu\OneDrive\Documents\dnd\00 - Campaigns\Northwatch Wardens - (HomeBrew)\web\node_modules\pdfjs-dist\legacy\build\pdf.js
2026-06-10 14:33:33: - C:\Users\joshu\OneDrive\Documents\dnd\00 - Campaigns\Northwatch Wardens - (HomeBrew)\web\lib\pdf-indexer.js
2026-06-10 14:33:33: - C:\Users\joshu\OneDrive\Documents\dnd\00 - Campaigns\Northwatch Wardens - (HomeBrew)\web\server.js".
2026-06-10 14:33:33: Warning: Cannot polyfill `Path2D`, rendering may be broken: "Error: Cannot find module 'canvas'
2026-06-10 14:33:33: Require stack:
2026-06-10 14:33:33: - C:\Users\joshu\OneDrive\Documents\dnd\00 - Campaigns\Northwatch Wardens - (HomeBrew)\web\node_modules\pdfjs-dist\legacy\build\pdf.js
2026-06-10 14:33:33: - C:\Users\joshu\OneDrive\Documents\dnd\00 - Campaigns\Northwatch Wardens - (HomeBrew)\web\lib\pdf-indexer.js
2026-06-10 14:33:33: - C:\Users\joshu\OneDrive\Documents\dnd\00 - Campaigns\Northwatch Wardens - (HomeBrew)\web\server.js".
2026-06-10 14:33:36: Warning: Cannot polyfill `DOMMatrix`, rendering may be broken: "Error: Cannot find module 'canvas'
2026-06-10 14:33:36: Require stack:
2026-06-10 14:33:36: - C:\Users\joshu\OneDrive\Documents\dnd\00 - Campaigns\Northwatch Wardens - (HomeBrew)\web\node_modules\pdfjs-dist\legacy\build\pdf.js
2026-06-10 14:33:36: - C:\Users\joshu\OneDrive\Documents\dnd\00 - Campaigns\Northwatch Wardens - (HomeBrew)\web\lib\pdf-indexer.js
2026-06-10 14:33:36: - C:\Users\joshu\OneDrive\Documents\dnd\00 - Campaigns\Northwatch Wardens - (HomeBrew)\web\server.js".
2026-06-10 14:33:36: Warning: Cannot polyfill `Path2D`, rendering may be broken: "Error: Cannot find module 'canvas'
2026-06-10 14:33:36: Require stack:
2026-06-10 14:33:36: - C:\Users\joshu\OneDrive\Documents\dnd\00 - Campaigns\Northwatch Wardens - (HomeBrew)\web\node_modules\pdfjs-dist\legacy\build\pdf.js
2026-06-10 14:33:36: - C:\Users\joshu\OneDrive\Documents\dnd\00 - Campaigns\Northwatch Wardens - (HomeBrew)\web\lib\pdf-indexer.js
2026-06-10 14:33:36: - C:\Users\joshu\OneDrive\Documents\dnd\00 - Campaigns\Northwatch Wardens - (HomeBrew)\web\server.js".
2026-06-10 14:33:40: Warning: Cannot polyfill `DOMMatrix`, rendering may be broken: "Error: Cannot find module 'canvas'
2026-06-10 14:33:40: Require stack:
2026-06-10 14:33:40: - C:\Users\joshu\OneDrive\Documents\dnd\00 - Campaigns\Northwatch Wardens - (HomeBrew)\web\node_modules\pdfjs-dist\legacy\build\pdf.js
2026-06-10 14:33:40: - C:\Users\joshu\OneDrive\Documents\dnd\00 - Campaigns\Northwatch Wardens - (HomeBrew)\web\lib\pdf-indexer.js
2026-06-10 14:33:40: - C:\Users\joshu\OneDrive\Documents\dnd\00 - Campaigns\Northwatch Wardens - (HomeBrew)\web\server.js".
2026-06-10 14:33:40: Warning: Cannot polyfill `Path2D`, rendering may be broken: "Error: Cannot find module 'canvas'
2026-06-10 14:33:40: Require stack:
2026-06-10 14:33:40: - C:\Users\joshu\OneDrive\Documents\dnd\00 - Campaigns\Northwatch Wardens - (HomeBrew)\web\node_modules\pdfjs-dist\legacy\build\pdf.js
2026-06-10 14:33:40: - C:\Users\joshu\OneDrive\Documents\dnd\00 - Campaigns\Northwatch Wardens - (HomeBrew)\web\lib\pdf-indexer.js
2026-06-10 14:33:40: - C:\Users\joshu\OneDrive\Documents\dnd\00 - Campaigns\Northwatch Wardens - (HomeBrew)\web\server.js".
2026-06-10 14:33:44: Warning: Cannot polyfill `DOMMatrix`, rendering may be broken: "Error: Cannot find module 'canvas'
2026-06-10 14:33:44: Require stack:
2026-06-10 14:33:44: - C:\Users\joshu\OneDrive\Documents\dnd\00 - Campaigns\Northwatch Wardens - (HomeBrew)\web\node_modules\pdfjs-dist\legacy\build\pdf.js
2026-06-10 14:33:44: - C:\Users\joshu\OneDrive\Documents\dnd\00 - Campaigns\Northwatch Wardens - (HomeBrew)\web\lib\pdf-indexer.js
2026-06-10 14:33:44: - C:\Users\joshu\OneDrive\Documents\dnd\00 - Campaigns\Northwatch Wardens - (HomeBrew)\web\server.js".
2026-06-10 14:33:44: Warning: Cannot polyfill `Path2D`, rendering may be broken: "Error: Cannot find module 'canvas'
2026-06-10 14:33:44: Require stack:
2026-06-10 14:33:44: - C:\Users\joshu\OneDrive\Documents\dnd\00 - Campaigns\Northwatch Wardens - (HomeBrew)\web\node_modules\pdfjs-dist\legacy\build\pdf.js
2026-06-10 14:33:44: - C:\Users\joshu\OneDrive\Documents\dnd\00 - Campaigns\Northwatch Wardens - (HomeBrew)\web\lib\pdf-indexer.js
2026-06-10 14:33:44: - C:\Users\joshu\OneDrive\Documents\dnd\00 - Campaigns\Northwatch Wardens - (HomeBrew)\web\server.js".
2026-06-10 14:33:48: Warning: Cannot polyfill `DOMMatrix`, rendering may be broken: "Error: Cannot find module 'canvas'
2026-06-10 14:33:48: Require stack:
2026-06-10 14:33:48: - C:\Users\joshu\OneDrive\Documents\dnd\00 - Campaigns\Northwatch Wardens - (HomeBrew)\web\node_modules\pdfjs-dist\legacy\build\pdf.js
2026-06-10 14:33:48: - C:\Users\joshu\OneDrive\Documents\dnd\00 - Campaigns\Northwatch Wardens - (HomeBrew)\web\lib\pdf-indexer.js
2026-06-10 14:33:48: - C:\Users\joshu\OneDrive\Documents\dnd\00 - Campaigns\Northwatch Wardens - (HomeBrew)\web\server.js".
2026-06-10 14:33:48: Warning: Cannot polyfill `Path2D`, rendering may be broken: "Error: Cannot find module 'canvas'
2026-06-10 14:33:48: Require stack:
2026-06-10 14:33:48: - C:\Users\joshu\OneDrive\Documents\dnd\00 - Campaigns\Northwatch Wardens - (HomeBrew)\web\node_modules\pdfjs-dist\legacy\build\pdf.js
2026-06-10 14:33:48: - C:\Users\joshu\OneDrive\Documents\dnd\00 - Campaigns\Northwatch Wardens - (HomeBrew)\web\lib\pdf-indexer.js
2026-06-10 14:33:48: - C:\Users\joshu\OneDrive\Documents\dnd\00 - Campaigns\Northwatch Wardens - (HomeBrew)\web\server.js".
2026-06-10 14:33:52: Warning: Cannot polyfill `DOMMatrix`, rendering may be broken: "Error: Cannot find module 'canvas'
2026-06-10 14:33:52: Require stack:
2026-06-10 14:33:52: - C:\Users\joshu\OneDrive\Documents\dnd\00 - Campaigns\Northwatch Wardens - (HomeBrew)\web\node_modules\pdfjs-dist\legacy\build\pdf.js
2026-06-10 14:33:52: - C:\Users\joshu\OneDrive\Documents\dnd\00 - Campaigns\Northwatch Wardens - (HomeBrew)\web\lib\pdf-indexer.js
2026-06-10 14:33:52: - C:\Users\joshu\OneDrive\Documents\dnd\00 - Campaigns\Northwatch Wardens - (HomeBrew)\web\server.js".
2026-06-10 14:33:52: Warning: Cannot polyfill `Path2D`, rendering may be broken: "Error: Cannot find module 'canvas'
2026-06-10 14:33:52: Require stack:
2026-06-10 14:33:52: - C:\Users\joshu\OneDrive\Documents\dnd\00 - Campaigns\Northwatch Wardens - (HomeBrew)\web\node_modules\pdfjs-dist\legacy\build\pdf.js
2026-06-10 14:33:52: - C:\Users\joshu\OneDrive\Documents\dnd\00 - Campaigns\Northwatch Wardens - (HomeBrew)\web\lib\pdf-indexer.js
2026-06-10 14:33:52: - C:\Users\joshu\OneDrive\Documents\dnd\00 - Campaigns\Northwatch Wardens - (HomeBrew)\web\server.js".
2026-06-10 14:33:56: Warning: Cannot polyfill `DOMMatrix`, rendering may be broken: "Error: Cannot find module 'canvas'
2026-06-10 14:33:56: Require stack:
2026-06-10 14:33:56: - C:\Users\joshu\OneDrive\Documents\dnd\00 - Campaigns\Northwatch Wardens - (HomeBrew)\web\node_modules\pdfjs-dist\legacy\build\pdf.js
2026-06-10 14:33:56: - C:\Users\joshu\OneDrive\Documents\dnd\00 - Campaigns\Northwatch Wardens - (HomeBrew)\web\lib\pdf-indexer.js
2026-06-10 14:33:56: - C:\Users\joshu\OneDrive\Documents\dnd\00 - Campaigns\Northwatch Wardens - (HomeBrew)\web\server.js".
2026-06-10 14:33:56: Warning: Cannot polyfill `Path2D`, rendering may be broken: "Error: Cannot find module 'canvas'
2026-06-10 14:33:56: Require stack:
2026-06-10 14:33:56: - C:\Users\joshu\OneDrive\Documents\dnd\00 - Campaigns\Northwatch Wardens - (HomeBrew)\web\node_modules\pdfjs-dist\legacy\build\pdf.js
2026-06-10 14:33:56: - C:\Users\joshu\OneDrive\Documents\dnd\00 - Campaigns\Northwatch Wardens - (HomeBrew)\web\lib\pdf-indexer.js
2026-06-10 14:33:56: - C:\Users\joshu\OneDrive\Documents\dnd\00 - Campaigns\Northwatch Wardens - (HomeBrew)\web\server.js".
2026-06-10 14:34:01: Warning: Cannot polyfill `DOMMatrix`, rendering may be broken: "Error: Cannot find module 'canvas'
2026-06-10 14:34:01: Require stack:
2026-06-10 14:34:01: - C:\Users\joshu\OneDrive\Documents\dnd\00 - Campaigns\Northwatch Wardens - (HomeBrew)\web\node_modules\pdfjs-dist\legacy\build\pdf.js
2026-06-10 14:34:01: - C:\Users\joshu\OneDrive\Documents\dnd\00 - Campaigns\Northwatch Wardens - (HomeBrew)\web\lib\pdf-indexer.js
2026-06-10 14:34:01: - C:\Users\joshu\OneDrive\Documents\dnd\00 - Campaigns\Northwatch Wardens - (HomeBrew)\web\server.js".
2026-06-10 14:34:01: Warning: Cannot polyfill `Path2D`, rendering may be broken: "Error: Cannot find module 'canvas'
2026-06-10 14:34:01: Require stack:
2026-06-10 14:34:01: - C:\Users\joshu\OneDrive\Documents\dnd\00 - Campaigns\Northwatch Wardens - (HomeBrew)\web\node_modules\pdfjs-dist\legacy\build\pdf.js
2026-06-10 14:34:01: - C:\Users\joshu\OneDrive\Documents\dnd\00 - Campaigns\Northwatch Wardens - (HomeBrew)\web\lib\pdf-indexer.js
2026-06-10 14:34:01: - C:\Users\joshu\OneDrive\Documents\dnd\00 - Campaigns\Northwatch Wardens - (HomeBrew)\web\server.js".
2026-06-10 14:34:05: Warning: Cannot polyfill `DOMMatrix`, rendering may be broken: "Error: Cannot find module 'canvas'
2026-06-10 14:34:05: Require stack:
2026-06-10 14:34:05: - C:\Users\joshu\OneDrive\Documents\dnd\00 - Campaigns\Northwatch Wardens - (HomeBrew)\web\node_modules\pdfjs-dist\legacy\build\pdf.js
2026-06-10 14:34:05: - C:\Users\joshu\OneDrive\Documents\dnd\00 - Campaigns\Northwatch Wardens - (HomeBrew)\web\lib\pdf-indexer.js
2026-06-10 14:34:05: - C:\Users\joshu\OneDrive\Documents\dnd\00 - Campaigns\Northwatch Wardens - (HomeBrew)\web\server.js".
2026-06-10 14:34:05: Warning: Cannot polyfill `Path2D`, rendering may be broken: "Error: Cannot find module 'canvas'
2026-06-10 14:34:05: Require stack:
2026-06-10 14:34:05: - C:\Users\joshu\OneDrive\Documents\dnd\00 - Campaigns\Northwatch Wardens - (HomeBrew)\web\node_modules\pdfjs-dist\legacy\build\pdf.js
2026-06-10 14:34:05: - C:\Users\joshu\OneDrive\Documents\dnd\00 - Campaigns\Northwatch Wardens - (HomeBrew)\web\lib\pdf-indexer.js
2026-06-10 14:34:05: - C:\Users\joshu\OneDrive\Documents\dnd\00 - Campaigns\Northwatch Wardens - (HomeBrew)\web\server.js".
2026-06-10 14:34:08: Warning: Cannot polyfill `DOMMatrix`, rendering may be broken: "Error: Cannot find module 'canvas'
2026-06-10 14:34:08: Require stack:
2026-06-10 14:34:08: - C:\Users\joshu\OneDrive\Documents\dnd\00 - Campaigns\Northwatch Wardens - (HomeBrew)\web\node_modules\pdfjs-dist\legacy\build\pdf.js
2026-06-10 14:34:08: - C:\Users\joshu\OneDrive\Documents\dnd\00 - Campaigns\Northwatch Wardens - (HomeBrew)\web\lib\pdf-indexer.js
2026-06-10 14:34:08: - C:\Users\joshu\OneDrive\Documents\dnd\00 - Campaigns\Northwatch Wardens - (HomeBrew)\web\server.js".
2026-06-10 14:34:09: Warning: Cannot polyfill `Path2D`, rendering may be broken: "Error: Cannot find module 'canvas'
2026-06-10 14:34:09: Require stack:
2026-06-10 14:34:09: - C:\Users\joshu\OneDrive\Documents\dnd\00 - Campaigns\Northwatch Wardens - (HomeBrew)\web\node_modules\pdfjs-dist\legacy\build\pdf.js
2026-06-10 14:34:09: - C:\Users\joshu\OneDrive\Documents\dnd\00 - Campaigns\Northwatch Wardens - (HomeBrew)\web\lib\pdf-indexer.js
2026-06-10 14:34:09: - C:\Users\joshu\OneDrive\Documents\dnd\00 - Campaigns\Northwatch Wardens - (HomeBrew)\web\server.js".
2026-06-10 14:34:12: Warning: Cannot polyfill `DOMMatrix`, rendering may be broken: "Error: Cannot find module 'canvas'
2026-06-10 14:34:12: Require stack:
2026-06-10 14:34:12: - C:\Users\joshu\OneDrive\Documents\dnd\00 - Campaigns\Northwatch Wardens - (HomeBrew)\web\node_modules\pdfjs-dist\legacy\build\pdf.js
2026-06-10 14:34:12: - C:\Users\joshu\OneDrive\Documents\dnd\00 - Campaigns\Northwatch Wardens - (HomeBrew)\web\lib\pdf-indexer.js
2026-06-10 14:34:12: - C:\Users\joshu\OneDrive\Documents\dnd\00 - Campaigns\Northwatch Wardens - (HomeBrew)\web\server.js".
2026-06-10 14:34:12: Warning: Cannot polyfill `Path2D`, rendering may be broken: "Error: Cannot find module 'canvas'
2026-06-10 14:34:12: Require stack:
2026-06-10 14:34:12: - C:\Users\joshu\OneDrive\Documents\dnd\00 - Campaigns\Northwatch Wardens - (HomeBrew)\web\node_modules\pdfjs-dist\legacy\build\pdf.js
2026-06-10 14:34:12: - C:\Users\joshu\OneDrive\Documents\dnd\00 - Campaigns\Northwatch Wardens - (HomeBrew)\web\lib\pdf-indexer.js
2026-06-10 14:34:12: - C:\Users\joshu\OneDrive\Documents\dnd\00 - Campaigns\Northwatch Wardens - (HomeBrew)\web\server.js".
2026-06-10 14:34:15: Warning: Cannot polyfill `DOMMatrix`, rendering may be broken: "Error: Cannot find module 'canvas'
2026-06-10 14:34:15: Require stack:
2026-06-10 14:34:15: - C:\Users\joshu\OneDrive\Documents\dnd\00 - Campaigns\Northwatch Wardens - (HomeBrew)\web\node_modules\pdfjs-dist\legacy\build\pdf.js
2026-06-10 14:34:15: - C:\Users\joshu\OneDrive\Documents\dnd\00 - Campaigns\Northwatch Wardens - (HomeBrew)\web\lib\pdf-indexer.js
2026-06-10 14:34:15: - C:\Users\joshu\OneDrive\Documents\dnd\00 - Campaigns\Northwatch Wardens - (HomeBrew)\web\server.js".
2026-06-10 14:34:15: Warning: Cannot polyfill `Path2D`, rendering may be broken: "Error: Cannot find module 'canvas'
2026-06-10 14:34:15: Require stack:
2026-06-10 14:34:15: - C:\Users\joshu\OneDrive\Documents\dnd\00 - Campaigns\Northwatch Wardens - (HomeBrew)\web\node_modules\pdfjs-dist\legacy\build\pdf.js
2026-06-10 14:34:15: - C:\Users\joshu\OneDrive\Documents\dnd\00 - Campaigns\Northwatch Wardens - (HomeBrew)\web\lib\pdf-indexer.js
2026-06-10 14:34:15: - C:\Users\joshu\OneDrive\Documents\dnd\00 - Campaigns\Northwatch Wardens - (HomeBrew)\web\server.js".
2026-06-10 14:34:18: Warning: Cannot polyfill `DOMMatrix`, rendering may be broken: "Error: Cannot find module 'canvas'
2026-06-10 14:34:18: Require stack:
2026-06-10 14:34:18: - C:\Users\joshu\OneDrive\Documents\dnd\00 - Campaigns\Northwatch Wardens - (HomeBrew)\web\node_modules\pdfjs-dist\legacy\build\pdf.js
2026-06-10 14:34:18: - C:\Users\joshu\OneDrive\Documents\dnd\00 - Campaigns\Northwatch Wardens - (HomeBrew)\web\lib\pdf-indexer.js
2026-06-10 14:34:18: - C:\Users\joshu\OneDrive\Documents\dnd\00 - Campaigns\Northwatch Wardens - (HomeBrew)\web\server.js".
2026-06-10 14:34:18: Warning: Cannot polyfill `Path2D`, rendering may be broken: "Error: Cannot find module 'canvas'
2026-06-10 14:34:18: Require stack:
2026-06-10 14:34:18: - C:\Users\joshu\OneDrive\Documents\dnd\00 - Campaigns\Northwatch Wardens - (HomeBrew)\web\node_modules\pdfjs-dist\legacy\build\pdf.js
2026-06-10 14:34:18: - C:\Users\joshu\OneDrive\Documents\dnd\00 - Campaigns\Northwatch Wardens - (HomeBrew)\web\lib\pdf-indexer.js
2026-06-10 14:34:18: - C:\Users\joshu\OneDrive\Documents\dnd\00 - Campaigns\Northwatch Wardens - (HomeBrew)\web\server.js".
2026-06-10 14:34:21: Warning: Cannot polyfill `DOMMatrix`, rendering may be broken: "Error: Cannot find module 'canvas'
2026-06-10 14:34:21: Require stack:
2026-06-10 14:34:21: - C:\Users\joshu\OneDrive\Documents\dnd\00 - Campaigns\Northwatch Wardens - (HomeBrew)\web\node_modules\pdfjs-dist\legacy\build\pdf.js
2026-06-10 14:34:21: - C:\Users\joshu\OneDrive\Documents\dnd\00 - Campaigns\Northwatch Wardens - (HomeBrew)\web\lib\pdf-indexer.js
2026-06-10 14:34:21: - C:\Users\joshu\OneDrive\Documents\dnd\00 - Campaigns\Northwatch Wardens - (HomeBrew)\web\server.js".
2026-06-10 14:34:21: Warning: Cannot polyfill `Path2D`, rendering may be broken: "Error: Cannot find module 'canvas'
2026-06-10 14:34:21: Require stack:
2026-06-10 14:34:21: - C:\Users\joshu\OneDrive\Documents\dnd\00 - Campaigns\Northwatch Wardens - (HomeBrew)\web\node_modules\pdfjs-dist\legacy\build\pdf.js
2026-06-10 14:34:21: - C:\Users\joshu\OneDrive\Documents\dnd\00 - Campaigns\Northwatch Wardens - (HomeBrew)\web\lib\pdf-indexer.js
2026-06-10 14:34:21: - C:\Users\joshu\OneDrive\Documents\dnd\00 - Campaigns\Northwatch Wardens - (HomeBrew)\web\server.js".
2026-06-10 14:34:24: Warning: Cannot polyfill `DOMMatrix`, rendering may be broken: "Error: Cannot find module 'canvas'
2026-06-10 14:34:24: Require stack:
2026-06-10 14:34:24: - C:\Users\joshu\OneDrive\Documents\dnd\00 - Campaigns\Northwatch Wardens - (HomeBrew)\web\node_modules\pdfjs-dist\legacy\build\pdf.js
2026-06-10 14:34:24: - C:\Users\joshu\OneDrive\Documents\dnd\00 - Campaigns\Northwatch Wardens - (HomeBrew)\web\lib\pdf-indexer.js
2026-06-10 14:34:24: - C:\Users\joshu\OneDrive\Documents\dnd\00 - Campaigns\Northwatch Wardens - (HomeBrew)\web\server.js".
2026-06-10 14:34:24: Warning: Cannot polyfill `Path2D`, rendering may be broken: "Error: Cannot find module 'canvas'
2026-06-10 14:34:24: Require stack:
2026-06-10 14:34:24: - C:\Users\joshu\OneDrive\Documents\dnd\00 - Campaigns\Northwatch Wardens - (HomeBrew)\web\node_modules\pdfjs-dist\legacy\build\pdf.js
2026-06-10 14:34:24: - C:\Users\joshu\OneDrive\Documents\dnd\00 - Campaigns\Northwatch Wardens - (HomeBrew)\web\lib\pdf-indexer.js
2026-06-10 14:34:24: - C:\Users\joshu\OneDrive\Documents\dnd\00 - Campaigns\Northwatch Wardens - (HomeBrew)\web\server.js".
2026-06-10 14:34:27: Warning: Cannot polyfill `DOMMatrix`, rendering may be broken: "Error: Cannot find module 'canvas'
2026-06-10 14:34:27: Require stack:
2026-06-10 14:34:27: - C:\Users\joshu\OneDrive\Documents\dnd\00 - Campaigns\Northwatch Wardens - (HomeBrew)\web\node_modules\pdfjs-dist\legacy\build\pdf.js
2026-06-10 14:34:27: - C:\Users\joshu\OneDrive\Documents\dnd\00 - Campaigns\Northwatch Wardens - (HomeBrew)\web\lib\pdf-indexer.js
2026-06-10 14:34:27: - C:\Users\joshu\OneDrive\Documents\dnd\00 - Campaigns\Northwatch Wardens - (HomeBrew)\web\server.js".
2026-06-10 14:34:27: Warning: Cannot polyfill `Path2D`, rendering may be broken: "Error: Cannot find module 'canvas'
2026-06-10 14:34:27: Require stack:
2026-06-10 14:34:27: - C:\Users\joshu\OneDrive\Documents\dnd\00 - Campaigns\Northwatch Wardens - (HomeBrew)\web\node_modules\pdfjs-dist\legacy\build\pdf.js
2026-06-10 14:34:27: - C:\Users\joshu\OneDrive\Documents\dnd\00 - Campaigns\Northwatch Wardens - (HomeBrew)\web\lib\pdf-indexer.js
2026-06-10 14:34:27: - C:\Users\joshu\OneDrive\Documents\dnd\00 - Campaigns\Northwatch Wardens - (HomeBrew)\web\server.js".
2026-06-10 14:34:31: Warning: Cannot polyfill `DOMMatrix`, rendering may be broken: "Error: Cannot find module 'canvas'
2026-06-10 14:34:31: Require stack:
2026-06-10 14:34:31: - C:\Users\joshu\OneDrive\Documents\dnd\00 - Campaigns\Northwatch Wardens - (HomeBrew)\web\node_modules\pdfjs-dist\legacy\build\pdf.js
2026-06-10 14:34:31: - C:\Users\joshu\OneDrive\Documents\dnd\00 - Campaigns\Northwatch Wardens - (HomeBrew)\web\lib\pdf-indexer.js
2026-06-10 14:34:31: - C:\Users\joshu\OneDrive\Documents\dnd\00 - Campaigns\Northwatch Wardens - (HomeBrew)\web\server.js".
2026-06-10 14:34:31: Warning: Cannot polyfill `Path2D`, rendering may be broken: "Error: Cannot find module 'canvas'
2026-06-10 14:34:31: Require stack:
2026-06-10 14:34:31: - C:\Users\joshu\OneDrive\Documents\dnd\00 - Campaigns\Northwatch Wardens - (HomeBrew)\web\node_modules\pdfjs-dist\legacy\build\pdf.js
2026-06-10 14:34:31: - C:\Users\joshu\OneDrive\Documents\dnd\00 - Campaigns\Northwatch Wardens - (HomeBrew)\web\lib\pdf-indexer.js
2026-06-10 14:34:31: - C:\Users\joshu\OneDrive\Documents\dnd\00 - Campaigns\Northwatch Wardens - (HomeBrew)\web\server.js".
2026-06-10 14:34:34: Warning: Cannot polyfill `DOMMatrix`, rendering may be broken: "Error: Cannot find module 'canvas'
2026-06-10 14:34:34: Require stack:
2026-06-10 14:34:34: - C:\Users\joshu\OneDrive\Documents\dnd\00 - Campaigns\Northwatch Wardens - (HomeBrew)\web\node_modules\pdfjs-dist\legacy\build\pdf.js
2026-06-10 14:34:34: - C:\Users\joshu\OneDrive\Documents\dnd\00 - Campaigns\Northwatch Wardens - (HomeBrew)\web\lib\pdf-indexer.js
2026-06-10 14:34:34: - C:\Users\joshu\OneDrive\Documents\dnd\00 - Campaigns\Northwatch Wardens - (HomeBrew)\web\server.js".
2026-06-10 14:34:34: Warning: Cannot polyfill `Path2D`, rendering may be broken: "Error: Cannot find module 'canvas'
2026-06-10 14:34:34: Require stack:
2026-06-10 14:34:34: - C:\Users\joshu\OneDrive\Documents\dnd\00 - Campaigns\Northwatch Wardens - (HomeBrew)\web\node_modules\pdfjs-dist\legacy\build\pdf.js
2026-06-10 14:34:34: - C:\Users\joshu\OneDrive\Documents\dnd\00 - Campaigns\Northwatch Wardens - (HomeBrew)\web\lib\pdf-indexer.js
2026-06-10 14:34:34: - C:\Users\joshu\OneDrive\Documents\dnd\00 - Campaigns\Northwatch Wardens - (HomeBrew)\web\server.js".
2026-06-10 14:34:37: Warning: Cannot polyfill `DOMMatrix`, rendering may be broken: "Error: Cannot find module 'canvas'
2026-06-10 14:34:37: Require stack:
2026-06-10 14:34:37: - C:\Users\joshu\OneDrive\Documents\dnd\00 - Campaigns\Northwatch Wardens - (HomeBrew)\web\node_modules\pdfjs-dist\legacy\build\pdf.js
2026-06-10 14:34:37: - C:\Users\joshu\OneDrive\Documents\dnd\00 - Campaigns\Northwatch Wardens - (HomeBrew)\web\lib\pdf-indexer.js
2026-06-10 14:34:37: - C:\Users\joshu\OneDrive\Documents\dnd\00 - Campaigns\Northwatch Wardens - (HomeBrew)\web\server.js".
2026-06-10 14:34:37: Warning: Cannot polyfill `Path2D`, rendering may be broken: "Error: Cannot find module 'canvas'
2026-06-10 14:34:37: Require stack:
2026-06-10 14:34:37: - C:\Users\joshu\OneDrive\Documents\dnd\00 - Campaigns\Northwatch Wardens - (HomeBrew)\web\node_modules\pdfjs-dist\legacy\build\pdf.js
2026-06-10 14:34:37: - C:\Users\joshu\OneDrive\Documents\dnd\00 - Campaigns\Northwatch Wardens - (HomeBrew)\web\lib\pdf-indexer.js
2026-06-10 14:34:37: - C:\Users\joshu\OneDrive\Documents\dnd\00 - Campaigns\Northwatch Wardens - (HomeBrew)\web\server.js".
2026-06-10 14:34:40: Warning: Cannot polyfill `DOMMatrix`, rendering may be broken: "Error: Cannot find module 'canvas'
2026-06-10 14:34:40: Require stack:
2026-06-10 14:34:40: - C:\Users\joshu\OneDrive\Documents\dnd\00 - Campaigns\Northwatch Wardens - (HomeBrew)\web\node_modules\pdfjs-dist\legacy\build\pdf.js
2026-06-10 14:34:40: - C:\Users\joshu\OneDrive\Documents\dnd\00 - Campaigns\Northwatch Wardens - (HomeBrew)\web\lib\pdf-indexer.js
2026-06-10 14:34:40: - C:\Users\joshu\OneDrive\Documents\dnd\00 - Campaigns\Northwatch Wardens - (HomeBrew)\web\server.js".
2026-06-10 14:34:40: Warning: Cannot polyfill `Path2D`, rendering may be broken: "Error: Cannot find module 'canvas'
2026-06-10 14:34:40: Require stack:
2026-06-10 14:34:40: - C:\Users\joshu\OneDrive\Documents\dnd\00 - Campaigns\Northwatch Wardens - (HomeBrew)\web\node_modules\pdfjs-dist\legacy\build\pdf.js
2026-06-10 14:34:40: - C:\Users\joshu\OneDrive\Documents\dnd\00 - Campaigns\Northwatch Wardens - (HomeBrew)\web\lib\pdf-indexer.js
2026-06-10 14:34:40: - C:\Users\joshu\OneDrive\Documents\dnd\00 - Campaigns\Northwatch Wardens - (HomeBrew)\web\server.js".
2026-06-10 14:34:43: Warning: Cannot polyfill `DOMMatrix`, rendering may be broken: "Error: Cannot find module 'canvas'
2026-06-10 14:34:43: Require stack:
2026-06-10 14:34:43: - C:\Users\joshu\OneDrive\Documents\dnd\00 - Campaigns\Northwatch Wardens - (HomeBrew)\web\node_modules\pdfjs-dist\legacy\build\pdf.js
2026-06-10 14:34:43: - C:\Users\joshu\OneDrive\Documents\dnd\00 - Campaigns\Northwatch Wardens - (HomeBrew)\web\lib\pdf-indexer.js
2026-06-10 14:34:43: - C:\Users\joshu\OneDrive\Documents\dnd\00 - Campaigns\Northwatch Wardens - (HomeBrew)\web\server.js".
2026-06-10 14:34:43: Warning: Cannot polyfill `Path2D`, rendering may be broken: "Error: Cannot find module 'canvas'
2026-06-10 14:34:43: Require stack:
2026-06-10 14:34:43: - C:\Users\joshu\OneDrive\Documents\dnd\00 - Campaigns\Northwatch Wardens - (HomeBrew)\web\node_modules\pdfjs-dist\legacy\build\pdf.js
2026-06-10 14:34:43: - C:\Users\joshu\OneDrive\Documents\dnd\00 - Campaigns\Northwatch Wardens - (HomeBrew)\web\lib\pdf-indexer.js
2026-06-10 14:34:43: - C:\Users\joshu\OneDrive\Documents\dnd\00 - Campaigns\Northwatch Wardens - (HomeBrew)\web\server.js".
2026-06-10 14:34:46: Warning: Cannot polyfill `DOMMatrix`, rendering may be broken: "Error: Cannot find module 'canvas'
2026-06-10 14:34:46: Require stack:
2026-06-10 14:34:46: - C:\Users\joshu\OneDrive\Documents\dnd\00 - Campaigns\Northwatch Wardens - (HomeBrew)\web\node_modules\pdfjs-dist\legacy\build\pdf.js
2026-06-10 14:34:46: - C:\Users\joshu\OneDrive\Documents\dnd\00 - Campaigns\Northwatch Wardens - (HomeBrew)\web\lib\pdf-indexer.js
2026-06-10 14:34:46: - C:\Users\joshu\OneDrive\Documents\dnd\00 - Campaigns\Northwatch Wardens - (HomeBrew)\web\server.js".
2026-06-10 14:34:46: Warning: Cannot polyfill `Path2D`, rendering may be broken: "Error: Cannot find module 'canvas'
2026-06-10 14:34:46: Require stack:
2026-06-10 14:34:46: - C:\Users\joshu\OneDrive\Documents\dnd\00 - Campaigns\Northwatch Wardens - (HomeBrew)\web\node_modules\pdfjs-dist\legacy\build\pdf.js
2026-06-10 14:34:46: - C:\Users\joshu\OneDrive\Documents\dnd\00 - Campaigns\Northwatch Wardens - (HomeBrew)\web\lib\pdf-indexer.js
2026-06-10 14:34:46: - C:\Users\joshu\OneDrive\Documents\dnd\00 - Campaigns\Northwatch Wardens - (HomeBrew)\web\server.js".
2026-06-10 14:34:49: Warning: Cannot polyfill `DOMMatrix`, rendering may be broken: "Error: Cannot find module 'canvas'
2026-06-10 14:34:49: Require stack:
2026-06-10 14:34:49: - C:\Users\joshu\OneDrive\Documents\dnd\00 - Campaigns\Northwatch Wardens - (HomeBrew)\web\node_modules\pdfjs-dist\legacy\build\pdf.js
2026-06-10 14:34:49: - C:\Users\joshu\OneDrive\Documents\dnd\00 - Campaigns\Northwatch Wardens - (HomeBrew)\web\lib\pdf-indexer.js
2026-06-10 14:34:49: - C:\Users\joshu\OneDrive\Documents\dnd\00 - Campaigns\Northwatch Wardens - (HomeBrew)\web\server.js".
2026-06-10 14:34:49: Warning: Cannot polyfill `Path2D`, rendering may be broken: "Error: Cannot find module 'canvas'
2026-06-10 14:34:49: Require stack:
2026-06-10 14:34:49: - C:\Users\joshu\OneDrive\Documents\dnd\00 - Campaigns\Northwatch Wardens - (HomeBrew)\web\node_modules\pdfjs-dist\legacy\build\pdf.js
2026-06-10 14:34:49: - C:\Users\joshu\OneDrive\Documents\dnd\00 - Campaigns\Northwatch Wardens - (HomeBrew)\web\lib\pdf-indexer.js
2026-06-10 14:34:49: - C:\Users\joshu\OneDrive\Documents\dnd\00 - Campaigns\Northwatch Wardens - (HomeBrew)\web\server.js".
2026-06-10 14:34:52: Warning: Cannot polyfill `DOMMatrix`, rendering may be broken: "Error: Cannot find module 'canvas'
2026-06-10 14:34:52: Require stack:
2026-06-10 14:34:52: - C:\Users\joshu\OneDrive\Documents\dnd\00 - Campaigns\Northwatch Wardens - (HomeBrew)\web\node_modules\pdfjs-dist\legacy\build\pdf.js
2026-06-10 14:34:52: - C:\Users\joshu\OneDrive\Documents\dnd\00 - Campaigns\Northwatch Wardens - (HomeBrew)\web\lib\pdf-indexer.js
2026-06-10 14:34:52: - C:\Users\joshu\OneDrive\Documents\dnd\00 - Campaigns\Northwatch Wardens - (HomeBrew)\web\server.js".
2026-06-10 14:34:52: Warning: Cannot polyfill `Path2D`, rendering may be broken: "Error: Cannot find module 'canvas'
2026-06-10 14:34:52: Require stack:
2026-06-10 14:34:52: - C:\Users\joshu\OneDrive\Documents\dnd\00 - Campaigns\Northwatch Wardens - (HomeBrew)\web\node_modules\pdfjs-dist\legacy\build\pdf.js
2026-06-10 14:34:52: - C:\Users\joshu\OneDrive\Documents\dnd\00 - Campaigns\Northwatch Wardens - (HomeBrew)\web\lib\pdf-indexer.js
2026-06-10 14:34:52: - C:\Users\joshu\OneDrive\Documents\dnd\00 - Campaigns\Northwatch Wardens - (HomeBrew)\web\server.js".
2026-06-10 14:34:55: Warning: Cannot polyfill `DOMMatrix`, rendering may be broken: "Error: Cannot find module 'canvas'
2026-06-10 14:34:55: Require stack:
2026-06-10 14:34:55: - C:\Users\joshu\OneDrive\Documents\dnd\00 - Campaigns\Northwatch Wardens - (HomeBrew)\web\node_modules\pdfjs-dist\legacy\build\pdf.js
2026-06-10 14:34:55: - C:\Users\joshu\OneDrive\Documents\dnd\00 - Campaigns\Northwatch Wardens - (HomeBrew)\web\lib\pdf-indexer.js
2026-06-10 14:34:55: - C:\Users\joshu\OneDrive\Documents\dnd\00 - Campaigns\Northwatch Wardens - (HomeBrew)\web\server.js".
2026-06-10 14:34:55: Warning: Cannot polyfill `Path2D`, rendering may be broken: "Error: Cannot find module 'canvas'
2026-06-10 14:34:55: Require stack:
2026-06-10 14:34:55: - C:\Users\joshu\OneDrive\Documents\dnd\00 - Campaigns\Northwatch Wardens - (HomeBrew)\web\node_modules\pdfjs-dist\legacy\build\pdf.js
2026-06-10 14:34:55: - C:\Users\joshu\OneDrive\Documents\dnd\00 - Campaigns\Northwatch Wardens - (HomeBrew)\web\lib\pdf-indexer.js
2026-06-10 14:34:55: - C:\Users\joshu\OneDrive\Documents\dnd\00 - Campaigns\Northwatch Wardens - (HomeBrew)\web\server.js".
2026-06-10 14:34:58: Warning: Cannot polyfill `DOMMatrix`, rendering may be broken: "Error: Cannot find module 'canvas'
2026-06-10 14:34:58: Require stack:
2026-06-10 14:34:58: - C:\Users\joshu\OneDrive\Documents\dnd\00 - Campaigns\Northwatch Wardens - (HomeBrew)\web\node_modules\pdfjs-dist\legacy\build\pdf.js
2026-06-10 14:34:58: - C:\Users\joshu\OneDrive\Documents\dnd\00 - Campaigns\Northwatch Wardens - (HomeBrew)\web\lib\pdf-indexer.js
2026-06-10 14:34:58: - C:\Users\joshu\OneDrive\Documents\dnd\00 - Campaigns\Northwatch Wardens - (HomeBrew)\web\server.js".
2026-06-10 14:34:58: Warning: Cannot polyfill `Path2D`, rendering may be broken: "Error: Cannot find module 'canvas'
2026-06-10 14:34:58: Require stack:
2026-06-10 14:34:58: - C:\Users\joshu\OneDrive\Documents\dnd\00 - Campaigns\Northwatch Wardens - (HomeBrew)\web\node_modules\pdfjs-dist\legacy\build\pdf.js
2026-06-10 14:34:58: - C:\Users\joshu\OneDrive\Documents\dnd\00 - Campaigns\Northwatch Wardens - (HomeBrew)\web\lib\pdf-indexer.js
2026-06-10 14:34:58: - C:\Users\joshu\OneDrive\Documents\dnd\00 - Campaigns\Northwatch Wardens - (HomeBrew)\web\server.js".
2026-06-10 14:35:01: Warning: Cannot polyfill `DOMMatrix`, rendering may be broken: "Error: Cannot find module 'canvas'
2026-06-10 14:35:01: Require stack:
2026-06-10 14:35:01: - C:\Users\joshu\OneDrive\Documents\dnd\00 - Campaigns\Northwatch Wardens - (HomeBrew)\web\node_modules\pdfjs-dist\legacy\build\pdf.js
2026-06-10 14:35:01: - C:\Users\joshu\OneDrive\Documents\dnd\00 - Campaigns\Northwatch Wardens - (HomeBrew)\web\lib\pdf-indexer.js
2026-06-10 14:35:01: - C:\Users\joshu\OneDrive\Documents\dnd\00 - Campaigns\Northwatch Wardens - (HomeBrew)\web\server.js".
2026-06-10 14:35:01: Warning: Cannot polyfill `Path2D`, rendering may be broken: "Error: Cannot find module 'canvas'
2026-06-10 14:35:01: Require stack:
2026-06-10 14:35:01: - C:\Users\joshu\OneDrive\Documents\dnd\00 - Campaigns\Northwatch Wardens - (HomeBrew)\web\node_modules\pdfjs-dist\legacy\build\pdf.js
2026-06-10 14:35:01: - C:\Users\joshu\OneDrive\Documents\dnd\00 - Campaigns\Northwatch Wardens - (HomeBrew)\web\lib\pdf-indexer.js
2026-06-10 14:35:01: - C:\Users\joshu\OneDrive\Documents\dnd\00 - Campaigns\Northwatch Wardens - (HomeBrew)\web\server.js".
2026-06-10 14:35:05: Warning: Cannot polyfill `DOMMatrix`, rendering may be broken: "Error: Cannot find module 'canvas'
2026-06-10 14:35:05: Require stack:
2026-06-10 14:35:05: - C:\Users\joshu\OneDrive\Documents\dnd\00 - Campaigns\Northwatch Wardens - (HomeBrew)\web\node_modules\pdfjs-dist\legacy\build\pdf.js
2026-06-10 14:35:05: - C:\Users\joshu\OneDrive\Documents\dnd\00 - Campaigns\Northwatch Wardens - (HomeBrew)\web\lib\pdf-indexer.js
2026-06-10 14:35:05: - C:\Users\joshu\OneDrive\Documents\dnd\00 - Campaigns\Northwatch Wardens - (HomeBrew)\web\server.js".
2026-06-10 14:35:05: Warning: Cannot polyfill `Path2D`, rendering may be broken: "Error: Cannot find module 'canvas'
2026-06-10 14:35:05: Require stack:
2026-06-10 14:35:05: - C:\Users\joshu\OneDrive\Documents\dnd\00 - Campaigns\Northwatch Wardens - (HomeBrew)\web\node_modules\pdfjs-dist\legacy\build\pdf.js
2026-06-10 14:35:05: - C:\Users\joshu\OneDrive\Documents\dnd\00 - Campaigns\Northwatch Wardens - (HomeBrew)\web\lib\pdf-indexer.js
2026-06-10 14:35:05: - C:\Users\joshu\OneDrive\Documents\dnd\00 - Campaigns\Northwatch Wardens - (HomeBrew)\web\server.js".
2026-06-10 14:35:08: Warning: Cannot polyfill `DOMMatrix`, rendering may be broken: "Error: Cannot find module 'canvas'
2026-06-10 14:35:08: Require stack:
2026-06-10 14:35:08: - C:\Users\joshu\OneDrive\Documents\dnd\00 - Campaigns\Northwatch Wardens - (HomeBrew)\web\node_modules\pdfjs-dist\legacy\build\pdf.js
2026-06-10 14:35:08: - C:\Users\joshu\OneDrive\Documents\dnd\00 - Campaigns\Northwatch Wardens - (HomeBrew)\web\lib\pdf-indexer.js
2026-06-10 14:35:08: - C:\Users\joshu\OneDrive\Documents\dnd\00 - Campaigns\Northwatch Wardens - (HomeBrew)\web\server.js".
2026-06-10 14:35:08: Warning: Cannot polyfill `Path2D`, rendering may be broken: "Error: Cannot find module 'canvas'
2026-06-10 14:35:08: Require stack:
2026-06-10 14:35:08: - C:\Users\joshu\OneDrive\Documents\dnd\00 - Campaigns\Northwatch Wardens - (HomeBrew)\web\node_modules\pdfjs-dist\legacy\build\pdf.js
2026-06-10 14:35:08: - C:\Users\joshu\OneDrive\Documents\dnd\00 - Campaigns\Northwatch Wardens - (HomeBrew)\web\lib\pdf-indexer.js
2026-06-10 14:35:08: - C:\Users\joshu\OneDrive\Documents\dnd\00 - Campaigns\Northwatch Wardens - (HomeBrew)\web\server.js".
2026-06-10 14:35:10: Warning: Cannot polyfill `DOMMatrix`, rendering may be broken: "Error: Cannot find module 'canvas'
2026-06-10 14:35:10: Require stack:
2026-06-10 14:35:10: - C:\Users\joshu\OneDrive\Documents\dnd\00 - Campaigns\Northwatch Wardens - (HomeBrew)\web\node_modules\pdfjs-dist\legacy\build\pdf.js
2026-06-10 14:35:10: - C:\Users\joshu\OneDrive\Documents\dnd\00 - Campaigns\Northwatch Wardens - (HomeBrew)\web\lib\pdf-indexer.js
2026-06-10 14:35:10: - C:\Users\joshu\OneDrive\Documents\dnd\00 - Campaigns\Northwatch Wardens - (HomeBrew)\web\server.js".
2026-06-10 14:35:10: Warning: Cannot polyfill `Path2D`, rendering may be broken: "Error: Cannot find module 'canvas'
2026-06-10 14:35:10: Require stack:
2026-06-10 14:35:10: - C:\Users\joshu\OneDrive\Documents\dnd\00 - Campaigns\Northwatch Wardens - (HomeBrew)\web\node_modules\pdfjs-dist\legacy\build\pdf.js
2026-06-10 14:35:10: - C:\Users\joshu\OneDrive\Documents\dnd\00 - Campaigns\Northwatch Wardens - (HomeBrew)\web\lib\pdf-indexer.js
2026-06-10 14:35:10: - C:\Users\joshu\OneDrive\Documents\dnd\00 - Campaigns\Northwatch Wardens - (HomeBrew)\web\server.js".
2026-06-10 14:35:13: Warning: Cannot polyfill `DOMMatrix`, rendering may be broken: "Error: Cannot find module 'canvas'
2026-06-10 14:35:13: Require stack:
2026-06-10 14:35:13: - C:\Users\joshu\OneDrive\Documents\dnd\00 - Campaigns\Northwatch Wardens - (HomeBrew)\web\node_modules\pdfjs-dist\legacy\build\pdf.js
2026-06-10 14:35:13: - C:\Users\joshu\OneDrive\Documents\dnd\00 - Campaigns\Northwatch Wardens - (HomeBrew)\web\lib\pdf-indexer.js
2026-06-10 14:35:13: - C:\Users\joshu\OneDrive\Documents\dnd\00 - Campaigns\Northwatch Wardens - (HomeBrew)\web\server.js".
2026-06-10 14:35:13: Warning: Cannot polyfill `Path2D`, rendering may be broken: "Error: Cannot find module 'canvas'
2026-06-10 14:35:13: Require stack:
2026-06-10 14:35:13: - C:\Users\joshu\OneDrive\Documents\dnd\00 - Campaigns\Northwatch Wardens - (HomeBrew)\web\node_modules\pdfjs-dist\legacy\build\pdf.js
2026-06-10 14:35:13: - C:\Users\joshu\OneDrive\Documents\dnd\00 - Campaigns\Northwatch Wardens - (HomeBrew)\web\lib\pdf-indexer.js
2026-06-10 14:35:13: - C:\Users\joshu\OneDrive\Documents\dnd\00 - Campaigns\Northwatch Wardens - (HomeBrew)\web\server.js".
2026-06-10 14:35:16: Warning: Cannot polyfill `DOMMatrix`, rendering may be broken: "Error: Cannot find module 'canvas'
2026-06-10 14:35:16: Require stack:
2026-06-10 14:35:16: - C:\Users\joshu\OneDrive\Documents\dnd\00 - Campaigns\Northwatch Wardens - (HomeBrew)\web\node_modules\pdfjs-dist\legacy\build\pdf.js
2026-06-10 14:35:16: - C:\Users\joshu\OneDrive\Documents\dnd\00 - Campaigns\Northwatch Wardens - (HomeBrew)\web\lib\pdf-indexer.js
2026-06-10 14:35:16: - C:\Users\joshu\OneDrive\Documents\dnd\00 - Campaigns\Northwatch Wardens - (HomeBrew)\web\server.js".
2026-06-10 14:35:16: Warning: Cannot polyfill `Path2D`, rendering may be broken: "Error: Cannot find module 'canvas'
2026-06-10 14:35:16: Require stack:
2026-06-10 14:35:16: - C:\Users\joshu\OneDrive\Documents\dnd\00 - Campaigns\Northwatch Wardens - (HomeBrew)\web\node_modules\pdfjs-dist\legacy\build\pdf.js
2026-06-10 14:35:16: - C:\Users\joshu\OneDrive\Documents\dnd\00 - Campaigns\Northwatch Wardens - (HomeBrew)\web\lib\pdf-indexer.js
2026-06-10 14:35:16: - C:\Users\joshu\OneDrive\Documents\dnd\00 - Campaigns\Northwatch Wardens - (HomeBrew)\web\server.js".
2026-06-10 14:35:19: Warning: Cannot polyfill `DOMMatrix`, rendering may be broken: "Error: Cannot find module 'canvas'
2026-06-10 14:35:19: Require stack:
2026-06-10 14:35:19: - C:\Users\joshu\OneDrive\Documents\dnd\00 - Campaigns\Northwatch Wardens - (HomeBrew)\web\node_modules\pdfjs-dist\legacy\build\pdf.js
2026-06-10 14:35:19: - C:\Users\joshu\OneDrive\Documents\dnd\00 - Campaigns\Northwatch Wardens - (HomeBrew)\web\lib\pdf-indexer.js
2026-06-10 14:35:19: - C:\Users\joshu\OneDrive\Documents\dnd\00 - Campaigns\Northwatch Wardens - (HomeBrew)\web\server.js".
2026-06-10 14:35:19: Warning: Cannot polyfill `Path2D`, rendering may be broken: "Error: Cannot find module 'canvas'
2026-06-10 14:35:19: Require stack:
2026-06-10 14:35:19: - C:\Users\joshu\OneDrive\Documents\dnd\00 - Campaigns\Northwatch Wardens - (HomeBrew)\web\node_modules\pdfjs-dist\legacy\build\pdf.js
2026-06-10 14:35:19: - C:\Users\joshu\OneDrive\Documents\dnd\00 - Campaigns\Northwatch Wardens - (HomeBrew)\web\lib\pdf-indexer.js
2026-06-10 14:35:19: - C:\Users\joshu\OneDrive\Documents\dnd\00 - Campaigns\Northwatch Wardens - (HomeBrew)\web\server.js".
2026-06-10 14:35:21: Warning: Cannot polyfill `DOMMatrix`, rendering may be broken: "Error: Cannot find module 'canvas'
2026-06-10 14:35:21: Require stack:
2026-06-10 14:35:21: - C:\Users\joshu\OneDrive\Documents\dnd\00 - Campaigns\Northwatch Wardens - (HomeBrew)\web\node_modules\pdfjs-dist\legacy\build\pdf.js
2026-06-10 14:35:21: - C:\Users\joshu\OneDrive\Documents\dnd\00 - Campaigns\Northwatch Wardens - (HomeBrew)\web\lib\pdf-indexer.js
2026-06-10 14:35:21: - C:\Users\joshu\OneDrive\Documents\dnd\00 - Campaigns\Northwatch Wardens - (HomeBrew)\web\server.js".
2026-06-10 14:35:21: Warning: Cannot polyfill `Path2D`, rendering may be broken: "Error: Cannot find module 'canvas'
2026-06-10 14:35:21: Require stack:
2026-06-10 14:35:21: - C:\Users\joshu\OneDrive\Documents\dnd\00 - Campaigns\Northwatch Wardens - (HomeBrew)\web\node_modules\pdfjs-dist\legacy\build\pdf.js
2026-06-10 14:35:21: - C:\Users\joshu\OneDrive\Documents\dnd\00 - Campaigns\Northwatch Wardens - (HomeBrew)\web\lib\pdf-indexer.js
2026-06-10 14:35:21: - C:\Users\joshu\OneDrive\Documents\dnd\00 - Campaigns\Northwatch Wardens - (HomeBrew)\web\server.js".
2026-06-10 14:35:24: Warning: Cannot polyfill `DOMMatrix`, rendering may be broken: "Error: Cannot find module 'canvas'
2026-06-10 14:35:24: Require stack:
2026-06-10 14:35:24: - C:\Users\joshu\OneDrive\Documents\dnd\00 - Campaigns\Northwatch Wardens - (HomeBrew)\web\node_modules\pdfjs-dist\legacy\build\pdf.js
2026-06-10 14:35:24: - C:\Users\joshu\OneDrive\Documents\dnd\00 - Campaigns\Northwatch Wardens - (HomeBrew)\web\lib\pdf-indexer.js
2026-06-10 14:35:24: - C:\Users\joshu\OneDrive\Documents\dnd\00 - Campaigns\Northwatch Wardens - (HomeBrew)\web\server.js".
2026-06-10 14:35:24: Warning: Cannot polyfill `Path2D`, rendering may be broken: "Error: Cannot find module 'canvas'
2026-06-10 14:35:24: Require stack:
2026-06-10 14:35:24: - C:\Users\joshu\OneDrive\Documents\dnd\00 - Campaigns\Northwatch Wardens - (HomeBrew)\web\node_modules\pdfjs-dist\legacy\build\pdf.js
2026-06-10 14:35:24: - C:\Users\joshu\OneDrive\Documents\dnd\00 - Campaigns\Northwatch Wardens - (HomeBrew)\web\lib\pdf-indexer.js
2026-06-10 14:35:24: - C:\Users\joshu\OneDrive\Documents\dnd\00 - Campaigns\Northwatch Wardens - (HomeBrew)\web\server.js".
2026-06-10 14:35:27: Warning: Cannot polyfill `DOMMatrix`, rendering may be broken: "Error: Cannot find module 'canvas'
2026-06-10 14:35:27: Require stack:
2026-06-10 14:35:27: - C:\Users\joshu\OneDrive\Documents\dnd\00 - Campaigns\Northwatch Wardens - (HomeBrew)\web\node_modules\pdfjs-dist\legacy\build\pdf.js
2026-06-10 14:35:27: - C:\Users\joshu\OneDrive\Documents\dnd\00 - Campaigns\Northwatch Wardens - (HomeBrew)\web\lib\pdf-indexer.js
2026-06-10 14:35:27: - C:\Users\joshu\OneDrive\Documents\dnd\00 - Campaigns\Northwatch Wardens - (HomeBrew)\web\server.js".
2026-06-10 14:35:27: Warning: Cannot polyfill `Path2D`, rendering may be broken: "Error: Cannot find module 'canvas'
2026-06-10 14:35:27: Require stack:
2026-06-10 14:35:27: - C:\Users\joshu\OneDrive\Documents\dnd\00 - Campaigns\Northwatch Wardens - (HomeBrew)\web\node_modules\pdfjs-dist\legacy\build\pdf.js
2026-06-10 14:35:27: - C:\Users\joshu\OneDrive\Documents\dnd\00 - Campaigns\Northwatch Wardens - (HomeBrew)\web\lib\pdf-indexer.js
2026-06-10 14:35:27: - C:\Users\joshu\OneDrive\Documents\dnd\00 - Campaigns\Northwatch Wardens - (HomeBrew)\web\server.js".
2026-06-10 14:35:30: Warning: Cannot polyfill `DOMMatrix`, rendering may be broken: "Error: Cannot find module 'canvas'
2026-06-10 14:35:30: Require stack:
2026-06-10 14:35:30: - C:\Users\joshu\OneDrive\Documents\dnd\00 - Campaigns\Northwatch Wardens - (HomeBrew)\web\node_modules\pdfjs-dist\legacy\build\pdf.js
2026-06-10 14:35:30: - C:\Users\joshu\OneDrive\Documents\dnd\00 - Campaigns\Northwatch Wardens - (HomeBrew)\web\lib\pdf-indexer.js
2026-06-10 14:35:30: - C:\Users\joshu\OneDrive\Documents\dnd\00 - Campaigns\Northwatch Wardens - (HomeBrew)\web\server.js".
2026-06-10 14:35:30: Warning: Cannot polyfill `Path2D`, rendering may be broken: "Error: Cannot find module 'canvas'
2026-06-10 14:35:30: Require stack:
2026-06-10 14:35:30: - C:\Users\joshu\OneDrive\Documents\dnd\00 - Campaigns\Northwatch Wardens - (HomeBrew)\web\node_modules\pdfjs-dist\legacy\build\pdf.js
2026-06-10 14:35:30: - C:\Users\joshu\OneDrive\Documents\dnd\00 - Campaigns\Northwatch Wardens - (HomeBrew)\web\lib\pdf-indexer.js
2026-06-10 14:35:30: - C:\Users\joshu\OneDrive\Documents\dnd\00 - Campaigns\Northwatch Wardens - (HomeBrew)\web\server.js".
2026-06-10 14:35:32: Warning: Cannot polyfill `DOMMatrix`, rendering may be broken: "Error: Cannot find module 'canvas'
2026-06-10 14:35:32: Require stack:
2026-06-10 14:35:32: - C:\Users\joshu\OneDrive\Documents\dnd\00 - Campaigns\Northwatch Wardens - (HomeBrew)\web\node_modules\pdfjs-dist\legacy\build\pdf.js
2026-06-10 14:35:32: - C:\Users\joshu\OneDrive\Documents\dnd\00 - Campaigns\Northwatch Wardens - (HomeBrew)\web\lib\pdf-indexer.js
2026-06-10 14:35:32: - C:\Users\joshu\OneDrive\Documents\dnd\00 - Campaigns\Northwatch Wardens - (HomeBrew)\web\server.js".
2026-06-10 14:35:32: Warning: Cannot polyfill `Path2D`, rendering may be broken: "Error: Cannot find module 'canvas'
2026-06-10 14:35:32: Require stack:
2026-06-10 14:35:32: - C:\Users\joshu\OneDrive\Documents\dnd\00 - Campaigns\Northwatch Wardens - (HomeBrew)\web\node_modules\pdfjs-dist\legacy\build\pdf.js
2026-06-10 14:35:32: - C:\Users\joshu\OneDrive\Documents\dnd\00 - Campaigns\Northwatch Wardens - (HomeBrew)\web\lib\pdf-indexer.js
2026-06-10 14:35:32: - C:\Users\joshu\OneDrive\Documents\dnd\00 - Campaigns\Northwatch Wardens - (HomeBrew)\web\server.js".
2026-06-10 14:35:35: Warning: Cannot polyfill `DOMMatrix`, rendering may be broken: "Error: Cannot find module 'canvas'
2026-06-10 14:35:35: Require stack:
2026-06-10 14:35:35: - C:\Users\joshu\OneDrive\Documents\dnd\00 - Campaigns\Northwatch Wardens - (HomeBrew)\web\node_modules\pdfjs-dist\legacy\build\pdf.js
2026-06-10 14:35:35: - C:\Users\joshu\OneDrive\Documents\dnd\00 - Campaigns\Northwatch Wardens - (HomeBrew)\web\lib\pdf-indexer.js
2026-06-10 14:35:35: - C:\Users\joshu\OneDrive\Documents\dnd\00 - Campaigns\Northwatch Wardens - (HomeBrew)\web\server.js".
2026-06-10 14:35:35: Warning: Cannot polyfill `Path2D`, rendering may be broken: "Error: Cannot find module 'canvas'
2026-06-10 14:35:35: Require stack:
2026-06-10 14:35:35: - C:\Users\joshu\OneDrive\Documents\dnd\00 - Campaigns\Northwatch Wardens - (HomeBrew)\web\node_modules\pdfjs-dist\legacy\build\pdf.js
2026-06-10 14:35:35: - C:\Users\joshu\OneDrive\Documents\dnd\00 - Campaigns\Northwatch Wardens - (HomeBrew)\web\lib\pdf-indexer.js
2026-06-10 14:35:35: - C:\Users\joshu\OneDrive\Documents\dnd\00 - Campaigns\Northwatch Wardens - (HomeBrew)\web\server.js".
2026-06-10 14:35:38: Warning: Cannot polyfill `DOMMatrix`, rendering may be broken: "Error: Cannot find module 'canvas'
2026-06-10 14:35:38: Require stack:
2026-06-10 14:35:38: - C:\Users\joshu\OneDrive\Documents\dnd\00 - Campaigns\Northwatch Wardens - (HomeBrew)\web\node_modules\pdfjs-dist\legacy\build\pdf.js
2026-06-10 14:35:38: - C:\Users\joshu\OneDrive\Documents\dnd\00 - Campaigns\Northwatch Wardens - (HomeBrew)\web\lib\pdf-indexer.js
2026-06-10 14:35:38: - C:\Users\joshu\OneDrive\Documents\dnd\00 - Campaigns\Northwatch Wardens - (HomeBrew)\web\server.js".
2026-06-10 14:35:38: Warning: Cannot polyfill `Path2D`, rendering may be broken: "Error: Cannot find module 'canvas'
2026-06-10 14:35:38: Require stack:
2026-06-10 14:35:38: - C:\Users\joshu\OneDrive\Documents\dnd\00 - Campaigns\Northwatch Wardens - (HomeBrew)\web\node_modules\pdfjs-dist\legacy\build\pdf.js
2026-06-10 14:35:38: - C:\Users\joshu\OneDrive\Documents\dnd\00 - Campaigns\Northwatch Wardens - (HomeBrew)\web\lib\pdf-indexer.js
2026-06-10 14:35:38: - C:\Users\joshu\OneDrive\Documents\dnd\00 - Campaigns\Northwatch Wardens - (HomeBrew)\web\server.js".
2026-06-10 14:35:41: Warning: Cannot polyfill `DOMMatrix`, rendering may be broken: "Error: Cannot find module 'canvas'
2026-06-10 14:35:41: Require stack:
2026-06-10 14:35:41: - C:\Users\joshu\OneDrive\Documents\dnd\00 - Campaigns\Northwatch Wardens - (HomeBrew)\web\node_modules\pdfjs-dist\legacy\build\pdf.js
2026-06-10 14:35:41: - C:\Users\joshu\OneDrive\Documents\dnd\00 - Campaigns\Northwatch Wardens - (HomeBrew)\web\lib\pdf-indexer.js
2026-06-10 14:35:41: - C:\Users\joshu\OneDrive\Documents\dnd\00 - Campaigns\Northwatch Wardens - (HomeBrew)\web\server.js".
2026-06-10 14:35:41: Warning: Cannot polyfill `Path2D`, rendering may be broken: "Error: Cannot find module 'canvas'
2026-06-10 14:35:41: Require stack:
2026-06-10 14:35:41: - C:\Users\joshu\OneDrive\Documents\dnd\00 - Campaigns\Northwatch Wardens - (HomeBrew)\web\node_modules\pdfjs-dist\legacy\build\pdf.js
2026-06-10 14:35:41: - C:\Users\joshu\OneDrive\Documents\dnd\00 - Campaigns\Northwatch Wardens - (HomeBrew)\web\lib\pdf-indexer.js
2026-06-10 14:35:41: - C:\Users\joshu\OneDrive\Documents\dnd\00 - Campaigns\Northwatch Wardens - (HomeBrew)\web\server.js".
2026-06-10 14:35:44: Warning: Cannot polyfill `DOMMatrix`, rendering may be broken: "Error: Cannot find module 'canvas'
2026-06-10 14:35:44: Require stack:
2026-06-10 14:35:44: - C:\Users\joshu\OneDrive\Documents\dnd\00 - Campaigns\Northwatch Wardens - (HomeBrew)\web\node_modules\pdfjs-dist\legacy\build\pdf.js
2026-06-10 14:35:44: - C:\Users\joshu\OneDrive\Documents\dnd\00 - Campaigns\Northwatch Wardens - (HomeBrew)\web\lib\pdf-indexer.js
2026-06-10 14:35:44: - C:\Users\joshu\OneDrive\Documents\dnd\00 - Campaigns\Northwatch Wardens - (HomeBrew)\web\server.js".
2026-06-10 14:35:44: Warning: Cannot polyfill `Path2D`, rendering may be broken: "Error: Cannot find module 'canvas'
2026-06-10 14:35:44: Require stack:
2026-06-10 14:35:44: - C:\Users\joshu\OneDrive\Documents\dnd\00 - Campaigns\Northwatch Wardens - (HomeBrew)\web\node_modules\pdfjs-dist\legacy\build\pdf.js
2026-06-10 14:35:44: - C:\Users\joshu\OneDrive\Documents\dnd\00 - Campaigns\Northwatch Wardens - (HomeBrew)\web\lib\pdf-indexer.js
2026-06-10 14:35:44: - C:\Users\joshu\OneDrive\Documents\dnd\00 - Campaigns\Northwatch Wardens - (HomeBrew)\web\server.js".
2026-06-10 14:35:48: Warning: Cannot polyfill `DOMMatrix`, rendering may be broken: "Error: Cannot find module 'canvas'
2026-06-10 14:35:48: Require stack:
2026-06-10 14:35:48: - C:\Users\joshu\OneDrive\Documents\dnd\00 - Campaigns\Northwatch Wardens - (HomeBrew)\web\node_modules\pdfjs-dist\legacy\build\pdf.js
2026-06-10 14:35:48: - C:\Users\joshu\OneDrive\Documents\dnd\00 - Campaigns\Northwatch Wardens - (HomeBrew)\web\lib\pdf-indexer.js
2026-06-10 14:35:48: - C:\Users\joshu\OneDrive\Documents\dnd\00 - Campaigns\Northwatch Wardens - (HomeBrew)\web\server.js".
2026-06-10 14:35:48: Warning: Cannot polyfill `Path2D`, rendering may be broken: "Error: Cannot find module 'canvas'
2026-06-10 14:35:48: Require stack:
2026-06-10 14:35:48: - C:\Users\joshu\OneDrive\Documents\dnd\00 - Campaigns\Northwatch Wardens - (HomeBrew)\web\node_modules\pdfjs-dist\legacy\build\pdf.js
2026-06-10 14:35:48: - C:\Users\joshu\OneDrive\Documents\dnd\00 - Campaigns\Northwatch Wardens - (HomeBrew)\web\lib\pdf-indexer.js
2026-06-10 14:35:48: - C:\Users\joshu\OneDrive\Documents\dnd\00 - Campaigns\Northwatch Wardens - (HomeBrew)\web\server.js".
2026-06-10 14:35:53: Warning: Cannot polyfill `DOMMatrix`, rendering may be broken: "Error: Cannot find module 'canvas'
2026-06-10 14:35:53: Require stack:
2026-06-10 14:35:53: - C:\Users\joshu\OneDrive\Documents\dnd\00 - Campaigns\Northwatch Wardens - (HomeBrew)\web\node_modules\pdfjs-dist\legacy\build\pdf.js
2026-06-10 14:35:53: - C:\Users\joshu\OneDrive\Documents\dnd\00 - Campaigns\Northwatch Wardens - (HomeBrew)\web\lib\pdf-indexer.js
2026-06-10 14:35:53: - C:\Users\joshu\OneDrive\Documents\dnd\00 - Campaigns\Northwatch Wardens - (HomeBrew)\web\server.js".
2026-06-10 14:35:53: Warning: Cannot polyfill `Path2D`, rendering may be broken: "Error: Cannot find module 'canvas'
2026-06-10 14:35:53: Require stack:
2026-06-10 14:35:53: - C:\Users\joshu\OneDrive\Documents\dnd\00 - Campaigns\Northwatch Wardens - (HomeBrew)\web\node_modules\pdfjs-dist\legacy\build\pdf.js
2026-06-10 14:35:53: - C:\Users\joshu\OneDrive\Documents\dnd\00 - Campaigns\Northwatch Wardens - (HomeBrew)\web\lib\pdf-indexer.js
2026-06-10 14:35:53: - C:\Users\joshu\OneDrive\Documents\dnd\00 - Campaigns\Northwatch Wardens - (HomeBrew)\web\server.js".
2026-06-10 14:35:56: Warning: Cannot polyfill `DOMMatrix`, rendering may be broken: "Error: Cannot find module 'canvas'
2026-06-10 14:35:56: Require stack:
2026-06-10 14:35:56: - C:\Users\joshu\OneDrive\Documents\dnd\00 - Campaigns\Northwatch Wardens - (HomeBrew)\web\node_modules\pdfjs-dist\legacy\build\pdf.js
2026-06-10 14:35:56: - C:\Users\joshu\OneDrive\Documents\dnd\00 - Campaigns\Northwatch Wardens - (HomeBrew)\web\lib\pdf-indexer.js
2026-06-10 14:35:56: - C:\Users\joshu\OneDrive\Documents\dnd\00 - Campaigns\Northwatch Wardens - (HomeBrew)\web\server.js".
2026-06-10 14:35:56: Warning: Cannot polyfill `Path2D`, rendering may be broken: "Error: Cannot find module 'canvas'
2026-06-10 14:35:56: Require stack:
2026-06-10 14:35:56: - C:\Users\joshu\OneDrive\Documents\dnd\00 - Campaigns\Northwatch Wardens - (HomeBrew)\web\node_modules\pdfjs-dist\legacy\build\pdf.js
2026-06-10 14:35:56: - C:\Users\joshu\OneDrive\Documents\dnd\00 - Campaigns\Northwatch Wardens - (HomeBrew)\web\lib\pdf-indexer.js
2026-06-10 14:35:56: - C:\Users\joshu\OneDrive\Documents\dnd\00 - Campaigns\Northwatch Wardens - (HomeBrew)\web\server.js".
2026-06-10 14:36:01: Warning: Cannot polyfill `DOMMatrix`, rendering may be broken: "Error: Cannot find module 'canvas'
2026-06-10 14:36:01: Require stack:
2026-06-10 14:36:01: - C:\Users\joshu\OneDrive\Documents\dnd\00 - Campaigns\Northwatch Wardens - (HomeBrew)\web\node_modules\pdfjs-dist\legacy\build\pdf.js
2026-06-10 14:36:01: - C:\Users\joshu\OneDrive\Documents\dnd\00 - Campaigns\Northwatch Wardens - (HomeBrew)\web\lib\pdf-indexer.js
2026-06-10 14:36:01: - C:\Users\joshu\OneDrive\Documents\dnd\00 - Campaigns\Northwatch Wardens - (HomeBrew)\web\server.js".
2026-06-10 14:36:01: Warning: Cannot polyfill `Path2D`, rendering may be broken: "Error: Cannot find module 'canvas'
2026-06-10 14:36:01: Require stack:
2026-06-10 14:36:01: - C:\Users\joshu\OneDrive\Documents\dnd\00 - Campaigns\Northwatch Wardens - (HomeBrew)\web\node_modules\pdfjs-dist\legacy\build\pdf.js
2026-06-10 14:36:01: - C:\Users\joshu\OneDrive\Documents\dnd\00 - Campaigns\Northwatch Wardens - (HomeBrew)\web\lib\pdf-indexer.js
2026-06-10 14:36:01: - C:\Users\joshu\OneDrive\Documents\dnd\00 - Campaigns\Northwatch Wardens - (HomeBrew)\web\server.js".
2026-06-10 14:36:05: Warning: Cannot polyfill `DOMMatrix`, rendering may be broken: "Error: Cannot find module 'canvas'
2026-06-10 14:36:05: Require stack:
2026-06-10 14:36:05: - C:\Users\joshu\OneDrive\Documents\dnd\00 - Campaigns\Northwatch Wardens - (HomeBrew)\web\node_modules\pdfjs-dist\legacy\build\pdf.js
2026-06-10 14:36:05: - C:\Users\joshu\OneDrive\Documents\dnd\00 - Campaigns\Northwatch Wardens - (HomeBrew)\web\lib\pdf-indexer.js
2026-06-10 14:36:05: - C:\Users\joshu\OneDrive\Documents\dnd\00 - Campaigns\Northwatch Wardens - (HomeBrew)\web\server.js".
2026-06-10 14:36:05: Warning: Cannot polyfill `Path2D`, rendering may be broken: "Error: Cannot find module 'canvas'
2026-06-10 14:36:05: Require stack:
2026-06-10 14:36:05: - C:\Users\joshu\OneDrive\Documents\dnd\00 - Campaigns\Northwatch Wardens - (HomeBrew)\web\node_modules\pdfjs-dist\legacy\build\pdf.js
2026-06-10 14:36:05: - C:\Users\joshu\OneDrive\Documents\dnd\00 - Campaigns\Northwatch Wardens - (HomeBrew)\web\lib\pdf-indexer.js
2026-06-10 14:36:05: - C:\Users\joshu\OneDrive\Documents\dnd\00 - Campaigns\Northwatch Wardens - (HomeBrew)\web\server.js".
2026-06-10 14:36:09: Warning: Cannot polyfill `DOMMatrix`, rendering may be broken: "Error: Cannot find module 'canvas'
2026-06-10 14:36:09: Require stack:
2026-06-10 14:36:09: - C:\Users\joshu\OneDrive\Documents\dnd\00 - Campaigns\Northwatch Wardens - (HomeBrew)\web\node_modules\pdfjs-dist\legacy\build\pdf.js
2026-06-10 14:36:09: - C:\Users\joshu\OneDrive\Documents\dnd\00 - Campaigns\Northwatch Wardens - (HomeBrew)\web\lib\pdf-indexer.js
2026-06-10 14:36:09: - C:\Users\joshu\OneDrive\Documents\dnd\00 - Campaigns\Northwatch Wardens - (HomeBrew)\web\server.js".
2026-06-10 14:36:09: Warning: Cannot polyfill `Path2D`, rendering may be broken: "Error: Cannot find module 'canvas'
2026-06-10 14:36:09: Require stack:
2026-06-10 14:36:09: - C:\Users\joshu\OneDrive\Documents\dnd\00 - Campaigns\Northwatch Wardens - (HomeBrew)\web\node_modules\pdfjs-dist\legacy\build\pdf.js
2026-06-10 14:36:09: - C:\Users\joshu\OneDrive\Documents\dnd\00 - Campaigns\Northwatch Wardens - (HomeBrew)\web\lib\pdf-indexer.js
2026-06-10 14:36:09: - C:\Users\joshu\OneDrive\Documents\dnd\00 - Campaigns\Northwatch Wardens - (HomeBrew)\web\server.js".
2026-06-10 14:36:12: Warning: Cannot polyfill `DOMMatrix`, rendering may be broken: "Error: Cannot find module 'canvas'
2026-06-10 14:36:12: Require stack:
2026-06-10 14:36:12: - C:\Users\joshu\OneDrive\Documents\dnd\00 - Campaigns\Northwatch Wardens - (HomeBrew)\web\node_modules\pdfjs-dist\legacy\build\pdf.js
2026-06-10 14:36:12: - C:\Users\joshu\OneDrive\Documents\dnd\00 - Campaigns\Northwatch Wardens - (HomeBrew)\web\lib\pdf-indexer.js
2026-06-10 14:36:12: - C:\Users\joshu\OneDrive\Documents\dnd\00 - Campaigns\Northwatch Wardens - (HomeBrew)\web\server.js".
2026-06-10 14:36:12: Warning: Cannot polyfill `Path2D`, rendering may be broken: "Error: Cannot find module 'canvas'
2026-06-10 14:36:12: Require stack:
2026-06-10 14:36:12: - C:\Users\joshu\OneDrive\Documents\dnd\00 - Campaigns\Northwatch Wardens - (HomeBrew)\web\node_modules\pdfjs-dist\legacy\build\pdf.js
2026-06-10 14:36:12: - C:\Users\joshu\OneDrive\Documents\dnd\00 - Campaigns\Northwatch Wardens - (HomeBrew)\web\lib\pdf-indexer.js
2026-06-10 14:36:12: - C:\Users\joshu\OneDrive\Documents\dnd\00 - Campaigns\Northwatch Wardens - (HomeBrew)\web\server.js".
2026-06-10 14:36:16: Warning: Cannot polyfill `DOMMatrix`, rendering may be broken: "Error: Cannot find module 'canvas'
2026-06-10 14:36:16: Require stack:
2026-06-10 14:36:16: - C:\Users\joshu\OneDrive\Documents\dnd\00 - Campaigns\Northwatch Wardens - (HomeBrew)\web\node_modules\pdfjs-dist\legacy\build\pdf.js
2026-06-10 14:36:16: - C:\Users\joshu\OneDrive\Documents\dnd\00 - Campaigns\Northwatch Wardens - (HomeBrew)\web\lib\pdf-indexer.js
2026-06-10 14:36:16: - C:\Users\joshu\OneDrive\Documents\dnd\00 - Campaigns\Northwatch Wardens - (HomeBrew)\web\server.js".
2026-06-10 14:36:16: Warning: Cannot polyfill `Path2D`, rendering may be broken: "Error: Cannot find module 'canvas'
2026-06-10 14:36:16: Require stack:
2026-06-10 14:36:16: - C:\Users\joshu\OneDrive\Documents\dnd\00 - Campaigns\Northwatch Wardens - (HomeBrew)\web\node_modules\pdfjs-dist\legacy\build\pdf.js
2026-06-10 14:36:16: - C:\Users\joshu\OneDrive\Documents\dnd\00 - Campaigns\Northwatch Wardens - (HomeBrew)\web\lib\pdf-indexer.js
2026-06-10 14:36:16: - C:\Users\joshu\OneDrive\Documents\dnd\00 - Campaigns\Northwatch Wardens - (HomeBrew)\web\server.js".
2026-06-10 14:36:19: Warning: Cannot polyfill `DOMMatrix`, rendering may be broken: "Error: Cannot find module 'canvas'
2026-06-10 14:36:19: Require stack:
2026-06-10 14:36:19: - C:\Users\joshu\OneDrive\Documents\dnd\00 - Campaigns\Northwatch Wardens - (HomeBrew)\web\node_modules\pdfjs-dist\legacy\build\pdf.js
2026-06-10 14:36:19: - C:\Users\joshu\OneDrive\Documents\dnd\00 - Campaigns\Northwatch Wardens - (HomeBrew)\web\lib\pdf-indexer.js
2026-06-10 14:36:19: - C:\Users\joshu\OneDrive\Documents\dnd\00 - Campaigns\Northwatch Wardens - (HomeBrew)\web\server.js".
2026-06-10 14:36:19: Warning: Cannot polyfill `Path2D`, rendering may be broken: "Error: Cannot find module 'canvas'
2026-06-10 14:36:19: Require stack:
2026-06-10 14:36:19: - C:\Users\joshu\OneDrive\Documents\dnd\00 - Campaigns\Northwatch Wardens - (HomeBrew)\web\node_modules\pdfjs-dist\legacy\build\pdf.js
2026-06-10 14:36:19: - C:\Users\joshu\OneDrive\Documents\dnd\00 - Campaigns\Northwatch Wardens - (HomeBrew)\web\lib\pdf-indexer.js
2026-06-10 14:36:19: - C:\Users\joshu\OneDrive\Documents\dnd\00 - Campaigns\Northwatch Wardens - (HomeBrew)\web\server.js".
2026-06-10 14:36:22: Warning: Cannot polyfill `DOMMatrix`, rendering may be broken: "Error: Cannot find module 'canvas'
2026-06-10 14:36:22: Require stack:
2026-06-10 14:36:22: - C:\Users\joshu\OneDrive\Documents\dnd\00 - Campaigns\Northwatch Wardens - (HomeBrew)\web\node_modules\pdfjs-dist\legacy\build\pdf.js
2026-06-10 14:36:22: - C:\Users\joshu\OneDrive\Documents\dnd\00 - Campaigns\Northwatch Wardens - (HomeBrew)\web\lib\pdf-indexer.js
2026-06-10 14:36:22: - C:\Users\joshu\OneDrive\Documents\dnd\00 - Campaigns\Northwatch Wardens - (HomeBrew)\web\server.js".
2026-06-10 14:36:22: Warning: Cannot polyfill `Path2D`, rendering may be broken: "Error: Cannot find module 'canvas'
2026-06-10 14:36:22: Require stack:
2026-06-10 14:36:22: - C:\Users\joshu\OneDrive\Documents\dnd\00 - Campaigns\Northwatch Wardens - (HomeBrew)\web\node_modules\pdfjs-dist\legacy\build\pdf.js
2026-06-10 14:36:22: - C:\Users\joshu\OneDrive\Documents\dnd\00 - Campaigns\Northwatch Wardens - (HomeBrew)\web\lib\pdf-indexer.js
2026-06-10 14:36:22: - C:\Users\joshu\OneDrive\Documents\dnd\00 - Campaigns\Northwatch Wardens - (HomeBrew)\web\server.js".
2026-06-10 14:36:25: Warning: Cannot polyfill `DOMMatrix`, rendering may be broken: "Error: Cannot find module 'canvas'
2026-06-10 14:36:25: Require stack:
2026-06-10 14:36:25: - C:\Users\joshu\OneDrive\Documents\dnd\00 - Campaigns\Northwatch Wardens - (HomeBrew)\web\node_modules\pdfjs-dist\legacy\build\pdf.js
2026-06-10 14:36:25: - C:\Users\joshu\OneDrive\Documents\dnd\00 - Campaigns\Northwatch Wardens - (HomeBrew)\web\lib\pdf-indexer.js
2026-06-10 14:36:25: - C:\Users\joshu\OneDrive\Documents\dnd\00 - Campaigns\Northwatch Wardens - (HomeBrew)\web\server.js".
2026-06-10 14:36:25: Warning: Cannot polyfill `Path2D`, rendering may be broken: "Error: Cannot find module 'canvas'
2026-06-10 14:36:25: Require stack:
2026-06-10 14:36:25: - C:\Users\joshu\OneDrive\Documents\dnd\00 - Campaigns\Northwatch Wardens - (HomeBrew)\web\node_modules\pdfjs-dist\legacy\build\pdf.js
2026-06-10 14:36:25: - C:\Users\joshu\OneDrive\Documents\dnd\00 - Campaigns\Northwatch Wardens - (HomeBrew)\web\lib\pdf-indexer.js
2026-06-10 14:36:25: - C:\Users\joshu\OneDrive\Documents\dnd\00 - Campaigns\Northwatch Wardens - (HomeBrew)\web\server.js".
2026-06-10 14:36:29: Warning: Cannot polyfill `DOMMatrix`, rendering may be broken: "Error: Cannot find module 'canvas'
2026-06-10 14:36:29: Require stack:
2026-06-10 14:36:29: - C:\Users\joshu\OneDrive\Documents\dnd\00 - Campaigns\Northwatch Wardens - (HomeBrew)\web\node_modules\pdfjs-dist\legacy\build\pdf.js
2026-06-10 14:36:29: - C:\Users\joshu\OneDrive\Documents\dnd\00 - Campaigns\Northwatch Wardens - (HomeBrew)\web\lib\pdf-indexer.js
2026-06-10 14:36:29: - C:\Users\joshu\OneDrive\Documents\dnd\00 - Campaigns\Northwatch Wardens - (HomeBrew)\web\server.js".
2026-06-10 14:36:29: Warning: Cannot polyfill `Path2D`, rendering may be broken: "Error: Cannot find module 'canvas'
2026-06-10 14:36:29: Require stack:
2026-06-10 14:36:29: - C:\Users\joshu\OneDrive\Documents\dnd\00 - Campaigns\Northwatch Wardens - (HomeBrew)\web\node_modules\pdfjs-dist\legacy\build\pdf.js
2026-06-10 14:36:29: - C:\Users\joshu\OneDrive\Documents\dnd\00 - Campaigns\Northwatch Wardens - (HomeBrew)\web\lib\pdf-indexer.js
2026-06-10 14:36:29: - C:\Users\joshu\OneDrive\Documents\dnd\00 - Campaigns\Northwatch Wardens - (HomeBrew)\web\server.js".
2026-06-10 14:36:32: Warning: Cannot polyfill `DOMMatrix`, rendering may be broken: "Error: Cannot find module 'canvas'
2026-06-10 14:36:32: Require stack:
2026-06-10 14:36:32: - C:\Users\joshu\OneDrive\Documents\dnd\00 - Campaigns\Northwatch Wardens - (HomeBrew)\web\node_modules\pdfjs-dist\legacy\build\pdf.js
2026-06-10 14:36:32: - C:\Users\joshu\OneDrive\Documents\dnd\00 - Campaigns\Northwatch Wardens - (HomeBrew)\web\lib\pdf-indexer.js
2026-06-10 14:36:32: - C:\Users\joshu\OneDrive\Documents\dnd\00 - Campaigns\Northwatch Wardens - (HomeBrew)\web\server.js".
2026-06-10 14:36:32: Warning: Cannot polyfill `Path2D`, rendering may be broken: "Error: Cannot find module 'canvas'
2026-06-10 14:36:32: Require stack:
2026-06-10 14:36:32: - C:\Users\joshu\OneDrive\Documents\dnd\00 - Campaigns\Northwatch Wardens - (HomeBrew)\web\node_modules\pdfjs-dist\legacy\build\pdf.js
2026-06-10 14:36:32: - C:\Users\joshu\OneDrive\Documents\dnd\00 - Campaigns\Northwatch Wardens - (HomeBrew)\web\lib\pdf-indexer.js
2026-06-10 14:36:32: - C:\Users\joshu\OneDrive\Documents\dnd\00 - Campaigns\Northwatch Wardens - (HomeBrew)\web\server.js".
2026-06-10 14:36:34: Warning: Cannot polyfill `DOMMatrix`, rendering may be broken: "Error: Cannot find module 'canvas'
2026-06-10 14:36:34: Require stack:
2026-06-10 14:36:34: - C:\Users\joshu\OneDrive\Documents\dnd\00 - Campaigns\Northwatch Wardens - (HomeBrew)\web\node_modules\pdfjs-dist\legacy\build\pdf.js
2026-06-10 14:36:34: - C:\Users\joshu\OneDrive\Documents\dnd\00 - Campaigns\Northwatch Wardens - (HomeBrew)\web\lib\pdf-indexer.js
2026-06-10 14:36:34: - C:\Users\joshu\OneDrive\Documents\dnd\00 - Campaigns\Northwatch Wardens - (HomeBrew)\web\server.js".
2026-06-10 14:36:34: Warning: Cannot polyfill `Path2D`, rendering may be broken: "Error: Cannot find module 'canvas'
2026-06-10 14:36:34: Require stack:
2026-06-10 14:36:34: - C:\Users\joshu\OneDrive\Documents\dnd\00 - Campaigns\Northwatch Wardens - (HomeBrew)\web\node_modules\pdfjs-dist\legacy\build\pdf.js
2026-06-10 14:36:34: - C:\Users\joshu\OneDrive\Documents\dnd\00 - Campaigns\Northwatch Wardens - (HomeBrew)\web\lib\pdf-indexer.js
2026-06-10 14:36:34: - C:\Users\joshu\OneDrive\Documents\dnd\00 - Campaigns\Northwatch Wardens - (HomeBrew)\web\server.js".
2026-06-10 14:36:37: Warning: Cannot polyfill `DOMMatrix`, rendering may be broken: "Error: Cannot find module 'canvas'
2026-06-10 14:36:37: Require stack:
2026-06-10 14:36:37: - C:\Users\joshu\OneDrive\Documents\dnd\00 - Campaigns\Northwatch Wardens - (HomeBrew)\web\node_modules\pdfjs-dist\legacy\build\pdf.js
2026-06-10 14:36:37: - C:\Users\joshu\OneDrive\Documents\dnd\00 - Campaigns\Northwatch Wardens - (HomeBrew)\web\lib\pdf-indexer.js
2026-06-10 14:36:37: - C:\Users\joshu\OneDrive\Documents\dnd\00 - Campaigns\Northwatch Wardens - (HomeBrew)\web\server.js".
2026-06-10 14:36:37: Warning: Cannot polyfill `Path2D`, rendering may be broken: "Error: Cannot find module 'canvas'
2026-06-10 14:36:37: Require stack:
2026-06-10 14:36:37: - C:\Users\joshu\OneDrive\Documents\dnd\00 - Campaigns\Northwatch Wardens - (HomeBrew)\web\node_modules\pdfjs-dist\legacy\build\pdf.js
2026-06-10 14:36:37: - C:\Users\joshu\OneDrive\Documents\dnd\00 - Campaigns\Northwatch Wardens - (HomeBrew)\web\lib\pdf-indexer.js
2026-06-10 14:36:37: - C:\Users\joshu\OneDrive\Documents\dnd\00 - Campaigns\Northwatch Wardens - (HomeBrew)\web\server.js".
2026-06-10 14:36:40: Warning: Cannot polyfill `DOMMatrix`, rendering may be broken: "Error: Cannot find module 'canvas'
2026-06-10 14:36:40: Require stack:
2026-06-10 14:36:40: - C:\Users\joshu\OneDrive\Documents\dnd\00 - Campaigns\Northwatch Wardens - (HomeBrew)\web\node_modules\pdfjs-dist\legacy\build\pdf.js
2026-06-10 14:36:40: - C:\Users\joshu\OneDrive\Documents\dnd\00 - Campaigns\Northwatch Wardens - (HomeBrew)\web\lib\pdf-indexer.js
2026-06-10 14:36:40: - C:\Users\joshu\OneDrive\Documents\dnd\00 - Campaigns\Northwatch Wardens - (HomeBrew)\web\server.js".
2026-06-10 14:36:40: Warning: Cannot polyfill `Path2D`, rendering may be broken: "Error: Cannot find module 'canvas'
2026-06-10 14:36:40: Require stack:
2026-06-10 14:36:40: - C:\Users\joshu\OneDrive\Documents\dnd\00 - Campaigns\Northwatch Wardens - (HomeBrew)\web\node_modules\pdfjs-dist\legacy\build\pdf.js
2026-06-10 14:36:40: - C:\Users\joshu\OneDrive\Documents\dnd\00 - Campaigns\Northwatch Wardens - (HomeBrew)\web\lib\pdf-indexer.js
2026-06-10 14:36:40: - C:\Users\joshu\OneDrive\Documents\dnd\00 - Campaigns\Northwatch Wardens - (HomeBrew)\web\server.js".
2026-06-10 14:36:43: Warning: Cannot polyfill `DOMMatrix`, rendering may be broken: "Error: Cannot find module 'canvas'
2026-06-10 14:36:43: Require stack:
2026-06-10 14:36:43: - C:\Users\joshu\OneDrive\Documents\dnd\00 - Campaigns\Northwatch Wardens - (HomeBrew)\web\node_modules\pdfjs-dist\legacy\build\pdf.js
2026-06-10 14:36:43: - C:\Users\joshu\OneDrive\Documents\dnd\00 - Campaigns\Northwatch Wardens - (HomeBrew)\web\lib\pdf-indexer.js
2026-06-10 14:36:43: - C:\Users\joshu\OneDrive\Documents\dnd\00 - Campaigns\Northwatch Wardens - (HomeBrew)\web\server.js".
2026-06-10 14:36:43: Warning: Cannot polyfill `Path2D`, rendering may be broken: "Error: Cannot find module 'canvas'
2026-06-10 14:36:43: Require stack:
2026-06-10 14:36:43: - C:\Users\joshu\OneDrive\Documents\dnd\00 - Campaigns\Northwatch Wardens - (HomeBrew)\web\node_modules\pdfjs-dist\legacy\build\pdf.js
2026-06-10 14:36:43: - C:\Users\joshu\OneDrive\Documents\dnd\00 - Campaigns\Northwatch Wardens - (HomeBrew)\web\lib\pdf-indexer.js
2026-06-10 14:36:43: - C:\Users\joshu\OneDrive\Documents\dnd\00 - Campaigns\Northwatch Wardens - (HomeBrew)\web\server.js".
2026-06-10 14:36:46: Warning: Cannot polyfill `DOMMatrix`, rendering may be broken: "Error: Cannot find module 'canvas'
2026-06-10 14:36:46: Require stack:
2026-06-10 14:36:46: - C:\Users\joshu\OneDrive\Documents\dnd\00 - Campaigns\Northwatch Wardens - (HomeBrew)\web\node_modules\pdfjs-dist\legacy\build\pdf.js
2026-06-10 14:36:46: - C:\Users\joshu\OneDrive\Documents\dnd\00 - Campaigns\Northwatch Wardens - (HomeBrew)\web\lib\pdf-indexer.js
2026-06-10 14:36:46: - C:\Users\joshu\OneDrive\Documents\dnd\00 - Campaigns\Northwatch Wardens - (HomeBrew)\web\server.js".
2026-06-10 14:36:46: Warning: Cannot polyfill `Path2D`, rendering may be broken: "Error: Cannot find module 'canvas'
2026-06-10 14:36:46: Require stack:
2026-06-10 14:36:46: - C:\Users\joshu\OneDrive\Documents\dnd\00 - Campaigns\Northwatch Wardens - (HomeBrew)\web\node_modules\pdfjs-dist\legacy\build\pdf.js
2026-06-10 14:36:46: - C:\Users\joshu\OneDrive\Documents\dnd\00 - Campaigns\Northwatch Wardens - (HomeBrew)\web\lib\pdf-indexer.js
2026-06-10 14:36:46: - C:\Users\joshu\OneDrive\Documents\dnd\00 - Campaigns\Northwatch Wardens - (HomeBrew)\web\server.js".
2026-06-10 14:36:49: Warning: Cannot polyfill `DOMMatrix`, rendering may be broken: "Error: Cannot find module 'canvas'
2026-06-10 14:36:49: Require stack:
2026-06-10 14:36:49: - C:\Users\joshu\OneDrive\Documents\dnd\00 - Campaigns\Northwatch Wardens - (HomeBrew)\web\node_modules\pdfjs-dist\legacy\build\pdf.js
2026-06-10 14:36:49: - C:\Users\joshu\OneDrive\Documents\dnd\00 - Campaigns\Northwatch Wardens - (HomeBrew)\web\lib\pdf-indexer.js
2026-06-10 14:36:49: - C:\Users\joshu\OneDrive\Documents\dnd\00 - Campaigns\Northwatch Wardens - (HomeBrew)\web\server.js".
2026-06-10 14:36:49: Warning: Cannot polyfill `Path2D`, rendering may be broken: "Error: Cannot find module 'canvas'
2026-06-10 14:36:49: Require stack:
2026-06-10 14:36:49: - C:\Users\joshu\OneDrive\Documents\dnd\00 - Campaigns\Northwatch Wardens - (HomeBrew)\web\node_modules\pdfjs-dist\legacy\build\pdf.js
2026-06-10 14:36:49: - C:\Users\joshu\OneDrive\Documents\dnd\00 - Campaigns\Northwatch Wardens - (HomeBrew)\web\lib\pdf-indexer.js
2026-06-10 14:36:49: - C:\Users\joshu\OneDrive\Documents\dnd\00 - Campaigns\Northwatch Wardens - (HomeBrew)\web\server.js".
2026-06-10 14:36:52: Warning: Cannot polyfill `DOMMatrix`, rendering may be broken: "Error: Cannot find module 'canvas'
2026-06-10 14:36:52: Require stack:
2026-06-10 14:36:52: - C:\Users\joshu\OneDrive\Documents\dnd\00 - Campaigns\Northwatch Wardens - (HomeBrew)\web\node_modules\pdfjs-dist\legacy\build\pdf.js
2026-06-10 14:36:52: - C:\Users\joshu\OneDrive\Documents\dnd\00 - Campaigns\Northwatch Wardens - (HomeBrew)\web\lib\pdf-indexer.js
2026-06-10 14:36:52: - C:\Users\joshu\OneDrive\Documents\dnd\00 - Campaigns\Northwatch Wardens - (HomeBrew)\web\server.js".
2026-06-10 14:36:52: Warning: Cannot polyfill `Path2D`, rendering may be broken: "Error: Cannot find module 'canvas'
2026-06-10 14:36:52: Require stack:
2026-06-10 14:36:52: - C:\Users\joshu\OneDrive\Documents\dnd\00 - Campaigns\Northwatch Wardens - (HomeBrew)\web\node_modules\pdfjs-dist\legacy\build\pdf.js
2026-06-10 14:36:52: - C:\Users\joshu\OneDrive\Documents\dnd\00 - Campaigns\Northwatch Wardens - (HomeBrew)\web\lib\pdf-indexer.js
2026-06-10 14:36:52: - C:\Users\joshu\OneDrive\Documents\dnd\00 - Campaigns\Northwatch Wardens - (HomeBrew)\web\server.js".
2026-06-10 14:36:56: Warning: Cannot polyfill `DOMMatrix`, rendering may be broken: "Error: Cannot find module 'canvas'
2026-06-10 14:36:56: Require stack:
2026-06-10 14:36:56: - C:\Users\joshu\OneDrive\Documents\dnd\00 - Campaigns\Northwatch Wardens - (HomeBrew)\web\node_modules\pdfjs-dist\legacy\build\pdf.js
2026-06-10 14:36:56: - C:\Users\joshu\OneDrive\Documents\dnd\00 - Campaigns\Northwatch Wardens - (HomeBrew)\web\lib\pdf-indexer.js
2026-06-10 14:36:56: - C:\Users\joshu\OneDrive\Documents\dnd\00 - Campaigns\Northwatch Wardens - (HomeBrew)\web\server.js".
2026-06-10 14:36:56: Warning: Cannot polyfill `Path2D`, rendering may be broken: "Error: Cannot find module 'canvas'
2026-06-10 14:36:56: Require stack:
2026-06-10 14:36:56: - C:\Users\joshu\OneDrive\Documents\dnd\00 - Campaigns\Northwatch Wardens - (HomeBrew)\web\node_modules\pdfjs-dist\legacy\build\pdf.js
2026-06-10 14:36:56: - C:\Users\joshu\OneDrive\Documents\dnd\00 - Campaigns\Northwatch Wardens - (HomeBrew)\web\lib\pdf-indexer.js
2026-06-10 14:36:56: - C:\Users\joshu\OneDrive\Documents\dnd\00 - Campaigns\Northwatch Wardens - (HomeBrew)\web\server.js".
2026-06-10 14:36:59: Warning: Cannot polyfill `DOMMatrix`, rendering may be broken: "Error: Cannot find module 'canvas'
2026-06-10 14:36:59: Require stack:
2026-06-10 14:36:59: - C:\Users\joshu\OneDrive\Documents\dnd\00 - Campaigns\Northwatch Wardens - (HomeBrew)\web\node_modules\pdfjs-dist\legacy\build\pdf.js
2026-06-10 14:36:59: - C:\Users\joshu\OneDrive\Documents\dnd\00 - Campaigns\Northwatch Wardens - (HomeBrew)\web\lib\pdf-indexer.js
2026-06-10 14:36:59: - C:\Users\joshu\OneDrive\Documents\dnd\00 - Campaigns\Northwatch Wardens - (HomeBrew)\web\server.js".
2026-06-10 14:36:59: Warning: Cannot polyfill `Path2D`, rendering may be broken: "Error: Cannot find module 'canvas'
2026-06-10 14:36:59: Require stack:
2026-06-10 14:36:59: - C:\Users\joshu\OneDrive\Documents\dnd\00 - Campaigns\Northwatch Wardens - (HomeBrew)\web\node_modules\pdfjs-dist\legacy\build\pdf.js
2026-06-10 14:36:59: - C:\Users\joshu\OneDrive\Documents\dnd\00 - Campaigns\Northwatch Wardens - (HomeBrew)\web\lib\pdf-indexer.js
2026-06-10 14:36:59: - C:\Users\joshu\OneDrive\Documents\dnd\00 - Campaigns\Northwatch Wardens - (HomeBrew)\web\server.js".
2026-06-10 14:37:03: Warning: Cannot polyfill `DOMMatrix`, rendering may be broken: "Error: Cannot find module 'canvas'
2026-06-10 14:37:03: Require stack:
2026-06-10 14:37:03: - C:\Users\joshu\OneDrive\Documents\dnd\00 - Campaigns\Northwatch Wardens - (HomeBrew)\web\node_modules\pdfjs-dist\legacy\build\pdf.js
2026-06-10 14:37:03: - C:\Users\joshu\OneDrive\Documents\dnd\00 - Campaigns\Northwatch Wardens - (HomeBrew)\web\lib\pdf-indexer.js
2026-06-10 14:37:03: - C:\Users\joshu\OneDrive\Documents\dnd\00 - Campaigns\Northwatch Wardens - (HomeBrew)\web\server.js".
2026-06-10 14:37:03: Warning: Cannot polyfill `Path2D`, rendering may be broken: "Error: Cannot find module 'canvas'
2026-06-10 14:37:03: Require stack:
2026-06-10 14:37:03: - C:\Users\joshu\OneDrive\Documents\dnd\00 - Campaigns\Northwatch Wardens - (HomeBrew)\web\node_modules\pdfjs-dist\legacy\build\pdf.js
2026-06-10 14:37:03: - C:\Users\joshu\OneDrive\Documents\dnd\00 - Campaigns\Northwatch Wardens - (HomeBrew)\web\lib\pdf-indexer.js
2026-06-10 14:37:03: - C:\Users\joshu\OneDrive\Documents\dnd\00 - Campaigns\Northwatch Wardens - (HomeBrew)\web\server.js".
2026-06-10 14:37:06: Warning: Cannot polyfill `DOMMatrix`, rendering may be broken: "Error: Cannot find module 'canvas'
2026-06-10 14:37:06: Require stack:
2026-06-10 14:37:06: - C:\Users\joshu\OneDrive\Documents\dnd\00 - Campaigns\Northwatch Wardens - (HomeBrew)\web\node_modules\pdfjs-dist\legacy\build\pdf.js
2026-06-10 14:37:06: - C:\Users\joshu\OneDrive\Documents\dnd\00 - Campaigns\Northwatch Wardens - (HomeBrew)\web\lib\pdf-indexer.js
2026-06-10 14:37:06: - C:\Users\joshu\OneDrive\Documents\dnd\00 - Campaigns\Northwatch Wardens - (HomeBrew)\web\server.js".
2026-06-10 14:37:06: Warning: Cannot polyfill `Path2D`, rendering may be broken: "Error: Cannot find module 'canvas'
2026-06-10 14:37:06: Require stack:
2026-06-10 14:37:06: - C:\Users\joshu\OneDrive\Documents\dnd\00 - Campaigns\Northwatch Wardens - (HomeBrew)\web\node_modules\pdfjs-dist\legacy\build\pdf.js
2026-06-10 14:37:06: - C:\Users\joshu\OneDrive\Documents\dnd\00 - Campaigns\Northwatch Wardens - (HomeBrew)\web\lib\pdf-indexer.js
2026-06-10 14:37:06: - C:\Users\joshu\OneDrive\Documents\dnd\00 - Campaigns\Northwatch Wardens - (HomeBrew)\web\server.js".
2026-06-10 14:37:10: Warning: Cannot polyfill `DOMMatrix`, rendering may be broken: "Error: Cannot find module 'canvas'
2026-06-10 14:37:10: Require stack:
2026-06-10 14:37:10: - C:\Users\joshu\OneDrive\Documents\dnd\00 - Campaigns\Northwatch Wardens - (HomeBrew)\web\node_modules\pdfjs-dist\legacy\build\pdf.js
2026-06-10 14:37:10: - C:\Users\joshu\OneDrive\Documents\dnd\00 - Campaigns\Northwatch Wardens - (HomeBrew)\web\lib\pdf-indexer.js
2026-06-10 14:37:10: - C:\Users\joshu\OneDrive\Documents\dnd\00 - Campaigns\Northwatch Wardens - (HomeBrew)\web\server.js".
2026-06-10 14:37:10: Warning: Cannot polyfill `Path2D`, rendering may be broken: "Error: Cannot find module 'canvas'
2026-06-10 14:37:10: Require stack:
2026-06-10 14:37:10: - C:\Users\joshu\OneDrive\Documents\dnd\00 - Campaigns\Northwatch Wardens - (HomeBrew)\web\node_modules\pdfjs-dist\legacy\build\pdf.js
2026-06-10 14:37:10: - C:\Users\joshu\OneDrive\Documents\dnd\00 - Campaigns\Northwatch Wardens - (HomeBrew)\web\lib\pdf-indexer.js
2026-06-10 14:37:10: - C:\Users\joshu\OneDrive\Documents\dnd\00 - Campaigns\Northwatch Wardens - (HomeBrew)\web\server.js".
2026-06-10 14:37:15: Warning: Cannot polyfill `DOMMatrix`, rendering may be broken: "Error: Cannot find module 'canvas'
2026-06-10 14:37:15: Require stack:
2026-06-10 14:37:15: - C:\Users\joshu\OneDrive\Documents\dnd\00 - Campaigns\Northwatch Wardens - (HomeBrew)\web\node_modules\pdfjs-dist\legacy\build\pdf.js
2026-06-10 14:37:15: - C:\Users\joshu\OneDrive\Documents\dnd\00 - Campaigns\Northwatch Wardens - (HomeBrew)\web\lib\pdf-indexer.js
2026-06-10 14:37:15: - C:\Users\joshu\OneDrive\Documents\dnd\00 - Campaigns\Northwatch Wardens - (HomeBrew)\web\server.js".
2026-06-10 14:37:15: Warning: Cannot polyfill `Path2D`, rendering may be broken: "Error: Cannot find module 'canvas'
2026-06-10 14:37:15: Require stack:
2026-06-10 14:37:15: - C:\Users\joshu\OneDrive\Documents\dnd\00 - Campaigns\Northwatch Wardens - (HomeBrew)\web\node_modules\pdfjs-dist\legacy\build\pdf.js
2026-06-10 14:37:15: - C:\Users\joshu\OneDrive\Documents\dnd\00 - Campaigns\Northwatch Wardens - (HomeBrew)\web\lib\pdf-indexer.js
2026-06-10 14:37:15: - C:\Users\joshu\OneDrive\Documents\dnd\00 - Campaigns\Northwatch Wardens - (HomeBrew)\web\server.js".
2026-06-10 14:37:19: Warning: Cannot polyfill `DOMMatrix`, rendering may be broken: "Error: Cannot find module 'canvas'
2026-06-10 14:37:19: Require stack:
2026-06-10 14:37:19: - C:\Users\joshu\OneDrive\Documents\dnd\00 - Campaigns\Northwatch Wardens - (HomeBrew)\web\node_modules\pdfjs-dist\legacy\build\pdf.js
2026-06-10 14:37:19: - C:\Users\joshu\OneDrive\Documents\dnd\00 - Campaigns\Northwatch Wardens - (HomeBrew)\web\lib\pdf-indexer.js
2026-06-10 14:37:19: - C:\Users\joshu\OneDrive\Documents\dnd\00 - Campaigns\Northwatch Wardens - (HomeBrew)\web\server.js".
2026-06-10 14:37:19: Warning: Cannot polyfill `Path2D`, rendering may be broken: "Error: Cannot find module 'canvas'
2026-06-10 14:37:19: Require stack:
2026-06-10 14:37:19: - C:\Users\joshu\OneDrive\Documents\dnd\00 - Campaigns\Northwatch Wardens - (HomeBrew)\web\node_modules\pdfjs-dist\legacy\build\pdf.js
2026-06-10 14:37:19: - C:\Users\joshu\OneDrive\Documents\dnd\00 - Campaigns\Northwatch Wardens - (HomeBrew)\web\lib\pdf-indexer.js
2026-06-10 14:37:19: - C:\Users\joshu\OneDrive\Documents\dnd\00 - Campaigns\Northwatch Wardens - (HomeBrew)\web\server.js".
2026-06-10 14:37:22: Warning: Cannot polyfill `DOMMatrix`, rendering may be broken: "Error: Cannot find module 'canvas'
2026-06-10 14:37:22: Require stack:
2026-06-10 14:37:22: - C:\Users\joshu\OneDrive\Documents\dnd\00 - Campaigns\Northwatch Wardens - (HomeBrew)\web\node_modules\pdfjs-dist\legacy\build\pdf.js
2026-06-10 14:37:22: - C:\Users\joshu\OneDrive\Documents\dnd\00 - Campaigns\Northwatch Wardens - (HomeBrew)\web\lib\pdf-indexer.js
2026-06-10 14:37:22: - C:\Users\joshu\OneDrive\Documents\dnd\00 - Campaigns\Northwatch Wardens - (HomeBrew)\web\server.js".
2026-06-10 14:37:22: Warning: Cannot polyfill `Path2D`, rendering may be broken: "Error: Cannot find module 'canvas'
2026-06-10 14:37:22: Require stack:
2026-06-10 14:37:22: - C:\Users\joshu\OneDrive\Documents\dnd\00 - Campaigns\Northwatch Wardens - (HomeBrew)\web\node_modules\pdfjs-dist\legacy\build\pdf.js
2026-06-10 14:37:22: - C:\Users\joshu\OneDrive\Documents\dnd\00 - Campaigns\Northwatch Wardens - (HomeBrew)\web\lib\pdf-indexer.js
2026-06-10 14:37:22: - C:\Users\joshu\OneDrive\Documents\dnd\00 - Campaigns\Northwatch Wardens - (HomeBrew)\web\server.js".
2026-06-10 14:37:26: Warning: Cannot polyfill `DOMMatrix`, rendering may be broken: "Error: Cannot find module 'canvas'
2026-06-10 14:37:26: Require stack:
2026-06-10 14:37:26: - C:\Users\joshu\OneDrive\Documents\dnd\00 - Campaigns\Northwatch Wardens - (HomeBrew)\web\node_modules\pdfjs-dist\legacy\build\pdf.js
2026-06-10 14:37:26: - C:\Users\joshu\OneDrive\Documents\dnd\00 - Campaigns\Northwatch Wardens - (HomeBrew)\web\lib\pdf-indexer.js
2026-06-10 14:37:26: - C:\Users\joshu\OneDrive\Documents\dnd\00 - Campaigns\Northwatch Wardens - (HomeBrew)\web\server.js".
2026-06-10 14:37:26: Warning: Cannot polyfill `Path2D`, rendering may be broken: "Error: Cannot find module 'canvas'
2026-06-10 14:37:26: Require stack:
2026-06-10 14:37:26: - C:\Users\joshu\OneDrive\Documents\dnd\00 - Campaigns\Northwatch Wardens - (HomeBrew)\web\node_modules\pdfjs-dist\legacy\build\pdf.js
2026-06-10 14:37:26: - C:\Users\joshu\OneDrive\Documents\dnd\00 - Campaigns\Northwatch Wardens - (HomeBrew)\web\lib\pdf-indexer.js
2026-06-10 14:37:26: - C:\Users\joshu\OneDrive\Documents\dnd\00 - Campaigns\Northwatch Wardens - (HomeBrew)\web\server.js".
2026-06-10 14:37:30: Warning: Cannot polyfill `DOMMatrix`, rendering may be broken: "Error: Cannot find module 'canvas'
2026-06-10 14:37:30: Require stack:
2026-06-10 14:37:30: - C:\Users\joshu\OneDrive\Documents\dnd\00 - Campaigns\Northwatch Wardens - (HomeBrew)\web\node_modules\pdfjs-dist\legacy\build\pdf.js
2026-06-10 14:37:30: - C:\Users\joshu\OneDrive\Documents\dnd\00 - Campaigns\Northwatch Wardens - (HomeBrew)\web\lib\pdf-indexer.js
2026-06-10 14:37:30: - C:\Users\joshu\OneDrive\Documents\dnd\00 - Campaigns\Northwatch Wardens - (HomeBrew)\web\server.js".
2026-06-10 14:37:30: Warning: Cannot polyfill `Path2D`, rendering may be broken: "Error: Cannot find module 'canvas'
2026-06-10 14:37:30: Require stack:
2026-06-10 14:37:30: - C:\Users\joshu\OneDrive\Documents\dnd\00 - Campaigns\Northwatch Wardens - (HomeBrew)\web\node_modules\pdfjs-dist\legacy\build\pdf.js
2026-06-10 14:37:30: - C:\Users\joshu\OneDrive\Documents\dnd\00 - Campaigns\Northwatch Wardens - (HomeBrew)\web\lib\pdf-indexer.js
2026-06-10 14:37:30: - C:\Users\joshu\OneDrive\Documents\dnd\00 - Campaigns\Northwatch Wardens - (HomeBrew)\web\server.js".
2026-06-10 14:37:34: Warning: Cannot polyfill `DOMMatrix`, rendering may be broken: "Error: Cannot find module 'canvas'
2026-06-10 14:37:34: Require stack:
2026-06-10 14:37:34: - C:\Users\joshu\OneDrive\Documents\dnd\00 - Campaigns\Northwatch Wardens - (HomeBrew)\web\node_modules\pdfjs-dist\legacy\build\pdf.js
2026-06-10 14:37:34: - C:\Users\joshu\OneDrive\Documents\dnd\00 - Campaigns\Northwatch Wardens - (HomeBrew)\web\lib\pdf-indexer.js
2026-06-10 14:37:34: - C:\Users\joshu\OneDrive\Documents\dnd\00 - Campaigns\Northwatch Wardens - (HomeBrew)\web\server.js".
2026-06-10 14:37:34: Warning: Cannot polyfill `Path2D`, rendering may be broken: "Error: Cannot find module 'canvas'
2026-06-10 14:37:34: Require stack:
2026-06-10 14:37:34: - C:\Users\joshu\OneDrive\Documents\dnd\00 - Campaigns\Northwatch Wardens - (HomeBrew)\web\node_modules\pdfjs-dist\legacy\build\pdf.js
2026-06-10 14:37:34: - C:\Users\joshu\OneDrive\Documents\dnd\00 - Campaigns\Northwatch Wardens - (HomeBrew)\web\lib\pdf-indexer.js
2026-06-10 14:37:34: - C:\Users\joshu\OneDrive\Documents\dnd\00 - Campaigns\Northwatch Wardens - (HomeBrew)\web\server.js".
2026-06-10 14:37:39: Warning: Cannot polyfill `DOMMatrix`, rendering may be broken: "Error: Cannot find module 'canvas'
2026-06-10 14:37:39: Require stack:
2026-06-10 14:37:39: - C:\Users\joshu\OneDrive\Documents\dnd\00 - Campaigns\Northwatch Wardens - (HomeBrew)\web\node_modules\pdfjs-dist\legacy\build\pdf.js
2026-06-10 14:37:39: - C:\Users\joshu\OneDrive\Documents\dnd\00 - Campaigns\Northwatch Wardens - (HomeBrew)\web\lib\pdf-indexer.js
2026-06-10 14:37:39: - C:\Users\joshu\OneDrive\Documents\dnd\00 - Campaigns\Northwatch Wardens - (HomeBrew)\web\server.js".
2026-06-10 14:37:39: Warning: Cannot polyfill `Path2D`, rendering may be broken: "Error: Cannot find module 'canvas'
2026-06-10 14:37:39: Require stack:
2026-06-10 14:37:39: - C:\Users\joshu\OneDrive\Documents\dnd\00 - Campaigns\Northwatch Wardens - (HomeBrew)\web\node_modules\pdfjs-dist\legacy\build\pdf.js
2026-06-10 14:37:39: - C:\Users\joshu\OneDrive\Documents\dnd\00 - Campaigns\Northwatch Wardens - (HomeBrew)\web\lib\pdf-indexer.js
2026-06-10 14:37:39: - C:\Users\joshu\OneDrive\Documents\dnd\00 - Campaigns\Northwatch Wardens - (HomeBrew)\web\server.js".
2026-06-10 14:37:44: Warning: Cannot polyfill `DOMMatrix`, rendering may be broken: "Error: Cannot find module 'canvas'
2026-06-10 14:37:44: Require stack:
2026-06-10 14:37:44: - C:\Users\joshu\OneDrive\Documents\dnd\00 - Campaigns\Northwatch Wardens - (HomeBrew)\web\node_modules\pdfjs-dist\legacy\build\pdf.js
2026-06-10 14:37:44: - C:\Users\joshu\OneDrive\Documents\dnd\00 - Campaigns\Northwatch Wardens - (HomeBrew)\web\lib\pdf-indexer.js
2026-06-10 14:37:44: - C:\Users\joshu\OneDrive\Documents\dnd\00 - Campaigns\Northwatch Wardens - (HomeBrew)\web\server.js".
2026-06-10 14:37:44: Warning: Cannot polyfill `Path2D`, rendering may be broken: "Error: Cannot find module 'canvas'
2026-06-10 14:37:44: Require stack:
2026-06-10 14:37:44: - C:\Users\joshu\OneDrive\Documents\dnd\00 - Campaigns\Northwatch Wardens - (HomeBrew)\web\node_modules\pdfjs-dist\legacy\build\pdf.js
2026-06-10 14:37:44: - C:\Users\joshu\OneDrive\Documents\dnd\00 - Campaigns\Northwatch Wardens - (HomeBrew)\web\lib\pdf-indexer.js
2026-06-10 14:37:44: - C:\Users\joshu\OneDrive\Documents\dnd\00 - Campaigns\Northwatch Wardens - (HomeBrew)\web\server.js".
2026-06-10 14:37:49: Warning: Cannot polyfill `DOMMatrix`, rendering may be broken: "Error: Cannot find module 'canvas'
2026-06-10 14:37:49: Require stack:
2026-06-10 14:37:49: - C:\Users\joshu\OneDrive\Documents\dnd\00 - Campaigns\Northwatch Wardens - (HomeBrew)\web\node_modules\pdfjs-dist\legacy\build\pdf.js
2026-06-10 14:37:49: - C:\Users\joshu\OneDrive\Documents\dnd\00 - Campaigns\Northwatch Wardens - (HomeBrew)\web\lib\pdf-indexer.js
2026-06-10 14:37:49: - C:\Users\joshu\OneDrive\Documents\dnd\00 - Campaigns\Northwatch Wardens - (HomeBrew)\web\server.js".
2026-06-10 14:37:49: Warning: Cannot polyfill `Path2D`, rendering may be broken: "Error: Cannot find module 'canvas'
2026-06-10 14:37:49: Require stack:
2026-06-10 14:37:49: - C:\Users\joshu\OneDrive\Documents\dnd\00 - Campaigns\Northwatch Wardens - (HomeBrew)\web\node_modules\pdfjs-dist\legacy\build\pdf.js
2026-06-10 14:37:49: - C:\Users\joshu\OneDrive\Documents\dnd\00 - Campaigns\Northwatch Wardens - (HomeBrew)\web\lib\pdf-indexer.js
2026-06-10 14:37:49: - C:\Users\joshu\OneDrive\Documents\dnd\00 - Campaigns\Northwatch Wardens - (HomeBrew)\web\server.js".
2026-06-10 14:37:55: Warning: Cannot polyfill `DOMMatrix`, rendering may be broken: "Error: Cannot find module 'canvas'
2026-06-10 14:37:55: Require stack:
2026-06-10 14:37:55: - C:\Users\joshu\OneDrive\Documents\dnd\00 - Campaigns\Northwatch Wardens - (HomeBrew)\web\node_modules\pdfjs-dist\legacy\build\pdf.js
2026-06-10 14:37:55: - C:\Users\joshu\OneDrive\Documents\dnd\00 - Campaigns\Northwatch Wardens - (HomeBrew)\web\lib\pdf-indexer.js
2026-06-10 14:37:55: - C:\Users\joshu\OneDrive\Documents\dnd\00 - Campaigns\Northwatch Wardens - (HomeBrew)\web\server.js".
2026-06-10 14:37:55: Warning: Cannot polyfill `Path2D`, rendering may be broken: "Error: Cannot find module 'canvas'
2026-06-10 14:37:55: Require stack:
2026-06-10 14:37:55: - C:\Users\joshu\OneDrive\Documents\dnd\00 - Campaigns\Northwatch Wardens - (HomeBrew)\web\node_modules\pdfjs-dist\legacy\build\pdf.js
2026-06-10 14:37:55: - C:\Users\joshu\OneDrive\Documents\dnd\00 - Campaigns\Northwatch Wardens - (HomeBrew)\web\lib\pdf-indexer.js
2026-06-10 14:37:55: - C:\Users\joshu\OneDrive\Documents\dnd\00 - Campaigns\Northwatch Wardens - (HomeBrew)\web\server.js".
2026-06-10 14:37:59: Warning: Cannot polyfill `DOMMatrix`, rendering may be broken: "Error: Cannot find module 'canvas'
2026-06-10 14:37:59: Require stack:
2026-06-10 14:37:59: - C:\Users\joshu\OneDrive\Documents\dnd\00 - Campaigns\Northwatch Wardens - (HomeBrew)\web\node_modules\pdfjs-dist\legacy\build\pdf.js
2026-06-10 14:37:59: - C:\Users\joshu\OneDrive\Documents\dnd\00 - Campaigns\Northwatch Wardens - (HomeBrew)\web\lib\pdf-indexer.js
2026-06-10 14:37:59: - C:\Users\joshu\OneDrive\Documents\dnd\00 - Campaigns\Northwatch Wardens - (HomeBrew)\web\server.js".
2026-06-10 14:37:59: Warning: Cannot polyfill `Path2D`, rendering may be broken: "Error: Cannot find module 'canvas'
2026-06-10 14:37:59: Require stack:
2026-06-10 14:37:59: - C:\Users\joshu\OneDrive\Documents\dnd\00 - Campaigns\Northwatch Wardens - (HomeBrew)\web\node_modules\pdfjs-dist\legacy\build\pdf.js
2026-06-10 14:37:59: - C:\Users\joshu\OneDrive\Documents\dnd\00 - Campaigns\Northwatch Wardens - (HomeBrew)\web\lib\pdf-indexer.js
2026-06-10 14:37:59: - C:\Users\joshu\OneDrive\Documents\dnd\00 - Campaigns\Northwatch Wardens - (HomeBrew)\web\server.js".
2026-06-10 14:38:03: Warning: Cannot polyfill `DOMMatrix`, rendering may be broken: "Error: Cannot find module 'canvas'
2026-06-10 14:38:03: Require stack:
2026-06-10 14:38:03: - C:\Users\joshu\OneDrive\Documents\dnd\00 - Campaigns\Northwatch Wardens - (HomeBrew)\web\node_modules\pdfjs-dist\legacy\build\pdf.js
2026-06-10 14:38:03: - C:\Users\joshu\OneDrive\Documents\dnd\00 - Campaigns\Northwatch Wardens - (HomeBrew)\web\lib\pdf-indexer.js
2026-06-10 14:38:03: - C:\Users\joshu\OneDrive\Documents\dnd\00 - Campaigns\Northwatch Wardens - (HomeBrew)\web\server.js".
2026-06-10 14:38:03: Warning: Cannot polyfill `Path2D`, rendering may be broken: "Error: Cannot find module 'canvas'
2026-06-10 14:38:03: Require stack:
2026-06-10 14:38:03: - C:\Users\joshu\OneDrive\Documents\dnd\00 - Campaigns\Northwatch Wardens - (HomeBrew)\web\node_modules\pdfjs-dist\legacy\build\pdf.js
2026-06-10 14:38:03: - C:\Users\joshu\OneDrive\Documents\dnd\00 - Campaigns\Northwatch Wardens - (HomeBrew)\web\lib\pdf-indexer.js
2026-06-10 14:38:03: - C:\Users\joshu\OneDrive\Documents\dnd\00 - Campaigns\Northwatch Wardens - (HomeBrew)\web\server.js".
2026-06-10 14:38:09: Warning: Cannot polyfill `DOMMatrix`, rendering may be broken: "Error: Cannot find module 'canvas'
2026-06-10 14:38:09: Require stack:
2026-06-10 14:38:09: - C:\Users\joshu\OneDrive\Documents\dnd\00 - Campaigns\Northwatch Wardens - (HomeBrew)\web\node_modules\pdfjs-dist\legacy\build\pdf.js
2026-06-10 14:38:09: - C:\Users\joshu\OneDrive\Documents\dnd\00 - Campaigns\Northwatch Wardens - (HomeBrew)\web\lib\pdf-indexer.js
2026-06-10 14:38:09: - C:\Users\joshu\OneDrive\Documents\dnd\00 - Campaigns\Northwatch Wardens - (HomeBrew)\web\server.js".
2026-06-10 14:38:09: Warning: Cannot polyfill `Path2D`, rendering may be broken: "Error: Cannot find module 'canvas'
2026-06-10 14:38:09: Require stack:
2026-06-10 14:38:09: - C:\Users\joshu\OneDrive\Documents\dnd\00 - Campaigns\Northwatch Wardens - (HomeBrew)\web\node_modules\pdfjs-dist\legacy\build\pdf.js
2026-06-10 14:38:09: - C:\Users\joshu\OneDrive\Documents\dnd\00 - Campaigns\Northwatch Wardens - (HomeBrew)\web\lib\pdf-indexer.js
2026-06-10 14:38:09: - C:\Users\joshu\OneDrive\Documents\dnd\00 - Campaigns\Northwatch Wardens - (HomeBrew)\web\server.js".
2026-06-10 14:38:14: Warning: Cannot polyfill `DOMMatrix`, rendering may be broken: "Error: Cannot find module 'canvas'
2026-06-10 14:38:14: Require stack:
2026-06-10 14:38:14: - C:\Users\joshu\OneDrive\Documents\dnd\00 - Campaigns\Northwatch Wardens - (HomeBrew)\web\node_modules\pdfjs-dist\legacy\build\pdf.js
2026-06-10 14:38:14: - C:\Users\joshu\OneDrive\Documents\dnd\00 - Campaigns\Northwatch Wardens - (HomeBrew)\web\lib\pdf-indexer.js
2026-06-10 14:38:14: - C:\Users\joshu\OneDrive\Documents\dnd\00 - Campaigns\Northwatch Wardens - (HomeBrew)\web\server.js".
2026-06-10 14:38:14: Warning: Cannot polyfill `Path2D`, rendering may be broken: "Error: Cannot find module 'canvas'
2026-06-10 14:38:14: Require stack:
2026-06-10 14:38:14: - C:\Users\joshu\OneDrive\Documents\dnd\00 - Campaigns\Northwatch Wardens - (HomeBrew)\web\node_modules\pdfjs-dist\legacy\build\pdf.js
2026-06-10 14:38:14: - C:\Users\joshu\OneDrive\Documents\dnd\00 - Campaigns\Northwatch Wardens - (HomeBrew)\web\lib\pdf-indexer.js
2026-06-10 14:38:14: - C:\Users\joshu\OneDrive\Documents\dnd\00 - Campaigns\Northwatch Wardens - (HomeBrew)\web\server.js".
2026-06-10 14:38:18: Warning: Cannot polyfill `DOMMatrix`, rendering may be broken: "Error: Cannot find module 'canvas'
2026-06-10 14:38:18: Require stack:
2026-06-10 14:38:18: - C:\Users\joshu\OneDrive\Documents\dnd\00 - Campaigns\Northwatch Wardens - (HomeBrew)\web\node_modules\pdfjs-dist\legacy\build\pdf.js
2026-06-10 14:38:18: - C:\Users\joshu\OneDrive\Documents\dnd\00 - Campaigns\Northwatch Wardens - (HomeBrew)\web\lib\pdf-indexer.js
2026-06-10 14:38:18: - C:\Users\joshu\OneDrive\Documents\dnd\00 - Campaigns\Northwatch Wardens - (HomeBrew)\web\server.js".
2026-06-10 14:38:18: Warning: Cannot polyfill `Path2D`, rendering may be broken: "Error: Cannot find module 'canvas'
2026-06-10 14:38:18: Require stack:
2026-06-10 14:38:18: - C:\Users\joshu\OneDrive\Documents\dnd\00 - Campaigns\Northwatch Wardens - (HomeBrew)\web\node_modules\pdfjs-dist\legacy\build\pdf.js
2026-06-10 14:38:18: - C:\Users\joshu\OneDrive\Documents\dnd\00 - Campaigns\Northwatch Wardens - (HomeBrew)\web\lib\pdf-indexer.js
2026-06-10 14:38:18: - C:\Users\joshu\OneDrive\Documents\dnd\00 - Campaigns\Northwatch Wardens - (HomeBrew)\web\server.js".
2026-06-10 14:38:21: Warning: Cannot polyfill `DOMMatrix`, rendering may be broken: "Error: Cannot find module 'canvas'
2026-06-10 14:38:21: Require stack:
2026-06-10 14:38:21: - C:\Users\joshu\OneDrive\Documents\dnd\00 - Campaigns\Northwatch Wardens - (HomeBrew)\web\node_modules\pdfjs-dist\legacy\build\pdf.js
2026-06-10 14:38:21: - C:\Users\joshu\OneDrive\Documents\dnd\00 - Campaigns\Northwatch Wardens - (HomeBrew)\web\lib\pdf-indexer.js
2026-06-10 14:38:21: - C:\Users\joshu\OneDrive\Documents\dnd\00 - Campaigns\Northwatch Wardens - (HomeBrew)\web\server.js".
2026-06-10 14:38:21: Warning: Cannot polyfill `Path2D`, rendering may be broken: "Error: Cannot find module 'canvas'
2026-06-10 14:38:21: Require stack:
2026-06-10 14:38:21: - C:\Users\joshu\OneDrive\Documents\dnd\00 - Campaigns\Northwatch Wardens - (HomeBrew)\web\node_modules\pdfjs-dist\legacy\build\pdf.js
2026-06-10 14:38:21: - C:\Users\joshu\OneDrive\Documents\dnd\00 - Campaigns\Northwatch Wardens - (HomeBrew)\web\lib\pdf-indexer.js
2026-06-10 14:38:21: - C:\Users\joshu\OneDrive\Documents\dnd\00 - Campaigns\Northwatch Wardens - (HomeBrew)\web\server.js".
2026-06-10 14:38:24: Warning: Cannot polyfill `DOMMatrix`, rendering may be broken: "Error: Cannot find module 'canvas'
2026-06-10 14:38:24: Require stack:
2026-06-10 14:38:24: - C:\Users\joshu\OneDrive\Documents\dnd\00 - Campaigns\Northwatch Wardens - (HomeBrew)\web\node_modules\pdfjs-dist\legacy\build\pdf.js
2026-06-10 14:38:24: - C:\Users\joshu\OneDrive\Documents\dnd\00 - Campaigns\Northwatch Wardens - (HomeBrew)\web\lib\pdf-indexer.js
2026-06-10 14:38:24: - C:\Users\joshu\OneDrive\Documents\dnd\00 - Campaigns\Northwatch Wardens - (HomeBrew)\web\server.js".
2026-06-10 14:38:24: Warning: Cannot polyfill `Path2D`, rendering may be broken: "Error: Cannot find module 'canvas'
2026-06-10 14:38:24: Require stack:
2026-06-10 14:38:24: - C:\Users\joshu\OneDrive\Documents\dnd\00 - Campaigns\Northwatch Wardens - (HomeBrew)\web\node_modules\pdfjs-dist\legacy\build\pdf.js
2026-06-10 14:38:24: - C:\Users\joshu\OneDrive\Documents\dnd\00 - Campaigns\Northwatch Wardens - (HomeBrew)\web\lib\pdf-indexer.js
2026-06-10 14:38:24: - C:\Users\joshu\OneDrive\Documents\dnd\00 - Campaigns\Northwatch Wardens - (HomeBrew)\web\server.js".
2026-06-10 14:38:28: Warning: Cannot polyfill `DOMMatrix`, rendering may be broken: "Error: Cannot find module 'canvas'
2026-06-10 14:38:28: Require stack:
2026-06-10 14:38:28: - C:\Users\joshu\OneDrive\Documents\dnd\00 - Campaigns\Northwatch Wardens - (HomeBrew)\web\node_modules\pdfjs-dist\legacy\build\pdf.js
2026-06-10 14:38:28: - C:\Users\joshu\OneDrive\Documents\dnd\00 - Campaigns\Northwatch Wardens - (HomeBrew)\web\lib\pdf-indexer.js
2026-06-10 14:38:28: - C:\Users\joshu\OneDrive\Documents\dnd\00 - Campaigns\Northwatch Wardens - (HomeBrew)\web\server.js".
2026-06-10 14:38:28: Warning: Cannot polyfill `Path2D`, rendering may be broken: "Error: Cannot find module 'canvas'
2026-06-10 14:38:28: Require stack:
2026-06-10 14:38:28: - C:\Users\joshu\OneDrive\Documents\dnd\00 - Campaigns\Northwatch Wardens - (HomeBrew)\web\node_modules\pdfjs-dist\legacy\build\pdf.js
2026-06-10 14:38:28: - C:\Users\joshu\OneDrive\Documents\dnd\00 - Campaigns\Northwatch Wardens - (HomeBrew)\web\lib\pdf-indexer.js
2026-06-10 14:38:28: - C:\Users\joshu\OneDrive\Documents\dnd\00 - Campaigns\Northwatch Wardens - (HomeBrew)\web\server.js".
2026-06-10 14:38:31: Warning: Cannot polyfill `DOMMatrix`, rendering may be broken: "Error: Cannot find module 'canvas'
2026-06-10 14:38:31: Require stack:
2026-06-10 14:38:31: - C:\Users\joshu\OneDrive\Documents\dnd\00 - Campaigns\Northwatch Wardens - (HomeBrew)\web\node_modules\pdfjs-dist\legacy\build\pdf.js
2026-06-10 14:38:31: - C:\Users\joshu\OneDrive\Documents\dnd\00 - Campaigns\Northwatch Wardens - (HomeBrew)\web\lib\pdf-indexer.js
2026-06-10 14:38:31: - C:\Users\joshu\OneDrive\Documents\dnd\00 - Campaigns\Northwatch Wardens - (HomeBrew)\web\server.js".
2026-06-10 14:38:31: Warning: Cannot polyfill `Path2D`, rendering may be broken: "Error: Cannot find module 'canvas'
2026-06-10 14:38:31: Require stack:
2026-06-10 14:38:31: - C:\Users\joshu\OneDrive\Documents\dnd\00 - Campaigns\Northwatch Wardens - (HomeBrew)\web\node_modules\pdfjs-dist\legacy\build\pdf.js
2026-06-10 14:38:31: - C:\Users\joshu\OneDrive\Documents\dnd\00 - Campaigns\Northwatch Wardens - (HomeBrew)\web\lib\pdf-indexer.js
2026-06-10 14:38:31: - C:\Users\joshu\OneDrive\Documents\dnd\00 - Campaigns\Northwatch Wardens - (HomeBrew)\web\server.js".
2026-06-10 14:38:35: Warning: Cannot polyfill `DOMMatrix`, rendering may be broken: "Error: Cannot find module 'canvas'
2026-06-10 14:38:35: Require stack:
2026-06-10 14:38:35: - C:\Users\joshu\OneDrive\Documents\dnd\00 - Campaigns\Northwatch Wardens - (HomeBrew)\web\node_modules\pdfjs-dist\legacy\build\pdf.js
2026-06-10 14:38:35: - C:\Users\joshu\OneDrive\Documents\dnd\00 - Campaigns\Northwatch Wardens - (HomeBrew)\web\lib\pdf-indexer.js
2026-06-10 14:38:35: - C:\Users\joshu\OneDrive\Documents\dnd\00 - Campaigns\Northwatch Wardens - (HomeBrew)\web\server.js".
2026-06-10 14:38:35: Warning: Cannot polyfill `Path2D`, rendering may be broken: "Error: Cannot find module 'canvas'
2026-06-10 14:38:35: Require stack:
2026-06-10 14:38:35: - C:\Users\joshu\OneDrive\Documents\dnd\00 - Campaigns\Northwatch Wardens - (HomeBrew)\web\node_modules\pdfjs-dist\legacy\build\pdf.js
2026-06-10 14:38:35: - C:\Users\joshu\OneDrive\Documents\dnd\00 - Campaigns\Northwatch Wardens - (HomeBrew)\web\lib\pdf-indexer.js
2026-06-10 14:38:35: - C:\Users\joshu\OneDrive\Documents\dnd\00 - Campaigns\Northwatch Wardens - (HomeBrew)\web\server.js".
2026-06-10 14:38:39: Warning: Cannot polyfill `DOMMatrix`, rendering may be broken: "Error: Cannot find module 'canvas'
2026-06-10 14:38:39: Require stack:
2026-06-10 14:38:39: - C:\Users\joshu\OneDrive\Documents\dnd\00 - Campaigns\Northwatch Wardens - (HomeBrew)\web\node_modules\pdfjs-dist\legacy\build\pdf.js
2026-06-10 14:38:39: - C:\Users\joshu\OneDrive\Documents\dnd\00 - Campaigns\Northwatch Wardens - (HomeBrew)\web\lib\pdf-indexer.js
2026-06-10 14:38:39: - C:\Users\joshu\OneDrive\Documents\dnd\00 - Campaigns\Northwatch Wardens - (HomeBrew)\web\server.js".
2026-06-10 14:38:39: Warning: Cannot polyfill `Path2D`, rendering may be broken: "Error: Cannot find module 'canvas'
2026-06-10 14:38:39: Require stack:
2026-06-10 14:38:39: - C:\Users\joshu\OneDrive\Documents\dnd\00 - Campaigns\Northwatch Wardens - (HomeBrew)\web\node_modules\pdfjs-dist\legacy\build\pdf.js
2026-06-10 14:38:39: - C:\Users\joshu\OneDrive\Documents\dnd\00 - Campaigns\Northwatch Wardens - (HomeBrew)\web\lib\pdf-indexer.js
2026-06-10 14:38:39: - C:\Users\joshu\OneDrive\Documents\dnd\00 - Campaigns\Northwatch Wardens - (HomeBrew)\web\server.js".
2026-06-10 14:38:43: Warning: Cannot polyfill `DOMMatrix`, rendering may be broken: "Error: Cannot find module 'canvas'
2026-06-10 14:38:43: Require stack:
2026-06-10 14:38:43: - C:\Users\joshu\OneDrive\Documents\dnd\00 - Campaigns\Northwatch Wardens - (HomeBrew)\web\node_modules\pdfjs-dist\legacy\build\pdf.js
2026-06-10 14:38:43: - C:\Users\joshu\OneDrive\Documents\dnd\00 - Campaigns\Northwatch Wardens - (HomeBrew)\web\lib\pdf-indexer.js
2026-06-10 14:38:43: - C:\Users\joshu\OneDrive\Documents\dnd\00 - Campaigns\Northwatch Wardens - (HomeBrew)\web\server.js".
2026-06-10 14:38:43: Warning: Cannot polyfill `Path2D`, rendering may be broken: "Error: Cannot find module 'canvas'
2026-06-10 14:38:43: Require stack:
2026-06-10 14:38:43: - C:\Users\joshu\OneDrive\Documents\dnd\00 - Campaigns\Northwatch Wardens - (HomeBrew)\web\node_modules\pdfjs-dist\legacy\build\pdf.js
2026-06-10 14:38:43: - C:\Users\joshu\OneDrive\Documents\dnd\00 - Campaigns\Northwatch Wardens - (HomeBrew)\web\lib\pdf-indexer.js
2026-06-10 14:38:43: - C:\Users\joshu\OneDrive\Documents\dnd\00 - Campaigns\Northwatch Wardens - (HomeBrew)\web\server.js".
2026-06-10 14:38:47: Warning: Cannot polyfill `DOMMatrix`, rendering may be broken: "Error: Cannot find module 'canvas'
2026-06-10 14:38:47: Require stack:
2026-06-10 14:38:47: - C:\Users\joshu\OneDrive\Documents\dnd\00 - Campaigns\Northwatch Wardens - (HomeBrew)\web\node_modules\pdfjs-dist\legacy\build\pdf.js
2026-06-10 14:38:47: - C:\Users\joshu\OneDrive\Documents\dnd\00 - Campaigns\Northwatch Wardens - (HomeBrew)\web\lib\pdf-indexer.js
2026-06-10 14:38:47: - C:\Users\joshu\OneDrive\Documents\dnd\00 - Campaigns\Northwatch Wardens - (HomeBrew)\web\server.js".
2026-06-10 14:38:47: Warning: Cannot polyfill `Path2D`, rendering may be broken: "Error: Cannot find module 'canvas'
2026-06-10 14:38:47: Require stack:
2026-06-10 14:38:47: - C:\Users\joshu\OneDrive\Documents\dnd\00 - Campaigns\Northwatch Wardens - (HomeBrew)\web\node_modules\pdfjs-dist\legacy\build\pdf.js
2026-06-10 14:38:47: - C:\Users\joshu\OneDrive\Documents\dnd\00 - Campaigns\Northwatch Wardens - (HomeBrew)\web\lib\pdf-indexer.js
2026-06-10 14:38:47: - C:\Users\joshu\OneDrive\Documents\dnd\00 - Campaigns\Northwatch Wardens - (HomeBrew)\web\server.js".
2026-06-10 14:38:51: Warning: Cannot polyfill `DOMMatrix`, rendering may be broken: "Error: Cannot find module 'canvas'
2026-06-10 14:38:51: Require stack:
2026-06-10 14:38:51: - C:\Users\joshu\OneDrive\Documents\dnd\00 - Campaigns\Northwatch Wardens - (HomeBrew)\web\node_modules\pdfjs-dist\legacy\build\pdf.js
2026-06-10 14:38:51: - C:\Users\joshu\OneDrive\Documents\dnd\00 - Campaigns\Northwatch Wardens - (HomeBrew)\web\lib\pdf-indexer.js
2026-06-10 14:38:51: - C:\Users\joshu\OneDrive\Documents\dnd\00 - Campaigns\Northwatch Wardens - (HomeBrew)\web\server.js".
2026-06-10 14:38:51: Warning: Cannot polyfill `Path2D`, rendering may be broken: "Error: Cannot find module 'canvas'
2026-06-10 14:38:51: Require stack:
2026-06-10 14:38:51: - C:\Users\joshu\OneDrive\Documents\dnd\00 - Campaigns\Northwatch Wardens - (HomeBrew)\web\node_modules\pdfjs-dist\legacy\build\pdf.js
2026-06-10 14:38:51: - C:\Users\joshu\OneDrive\Documents\dnd\00 - Campaigns\Northwatch Wardens - (HomeBrew)\web\lib\pdf-indexer.js
2026-06-10 14:38:51: - C:\Users\joshu\OneDrive\Documents\dnd\00 - Campaigns\Northwatch Wardens - (HomeBrew)\web\server.js".
2026-06-10 14:39:58: Warning: Cannot polyfill `DOMMatrix`, rendering may be broken: "Error: Cannot find module 'canvas'
2026-06-10 14:39:58: Require stack:
2026-06-10 14:39:58: - C:\Users\joshu\OneDrive\Documents\dnd\00 - Campaigns\Northwatch Wardens - (HomeBrew)\web\node_modules\pdfjs-dist\legacy\build\pdf.js
2026-06-10 14:39:58: - C:\Users\joshu\OneDrive\Documents\dnd\00 - Campaigns\Northwatch Wardens - (HomeBrew)\web\lib\pdf-indexer.js
2026-06-10 14:39:58: - C:\Users\joshu\OneDrive\Documents\dnd\00 - Campaigns\Northwatch Wardens - (HomeBrew)\web\server.js".
2026-06-10 14:39:58: Warning: Cannot polyfill `Path2D`, rendering may be broken: "Error: Cannot find module 'canvas'
2026-06-10 14:39:58: Require stack:
2026-06-10 14:39:58: - C:\Users\joshu\OneDrive\Documents\dnd\00 - Campaigns\Northwatch Wardens - (HomeBrew)\web\node_modules\pdfjs-dist\legacy\build\pdf.js
2026-06-10 14:39:58: - C:\Users\joshu\OneDrive\Documents\dnd\00 - Campaigns\Northwatch Wardens - (HomeBrew)\web\lib\pdf-indexer.js
2026-06-10 14:39:58: - C:\Users\joshu\OneDrive\Documents\dnd\00 - Campaigns\Northwatch Wardens - (HomeBrew)\web\server.js".
2026-06-10 14:40:03: Warning: Cannot polyfill `DOMMatrix`, rendering may be broken: "Error: Cannot find module 'canvas'
2026-06-10 14:40:03: Require stack:
2026-06-10 14:40:03: - C:\Users\joshu\OneDrive\Documents\dnd\00 - Campaigns\Northwatch Wardens - (HomeBrew)\web\node_modules\pdfjs-dist\legacy\build\pdf.js
2026-06-10 14:40:03: - C:\Users\joshu\OneDrive\Documents\dnd\00 - Campaigns\Northwatch Wardens - (HomeBrew)\web\lib\pdf-indexer.js
2026-06-10 14:40:03: - C:\Users\joshu\OneDrive\Documents\dnd\00 - Campaigns\Northwatch Wardens - (HomeBrew)\web\server.js".
2026-06-10 14:40:03: Warning: Cannot polyfill `Path2D`, rendering may be broken: "Error: Cannot find module 'canvas'
2026-06-10 14:40:03: Require stack:
2026-06-10 14:40:03: - C:\Users\joshu\OneDrive\Documents\dnd\00 - Campaigns\Northwatch Wardens - (HomeBrew)\web\node_modules\pdfjs-dist\legacy\build\pdf.js
2026-06-10 14:40:03: - C:\Users\joshu\OneDrive\Documents\dnd\00 - Campaigns\Northwatch Wardens - (HomeBrew)\web\lib\pdf-indexer.js
2026-06-10 14:40:03: - C:\Users\joshu\OneDrive\Documents\dnd\00 - Campaigns\Northwatch Wardens - (HomeBrew)\web\server.js".
2026-06-10 14:40:07: Warning: Cannot polyfill `DOMMatrix`, rendering may be broken: "Error: Cannot find module 'canvas'
2026-06-10 14:40:07: Require stack:
2026-06-10 14:40:07: - C:\Users\joshu\OneDrive\Documents\dnd\00 - Campaigns\Northwatch Wardens - (HomeBrew)\web\node_modules\pdfjs-dist\legacy\build\pdf.js
2026-06-10 14:40:07: - C:\Users\joshu\OneDrive\Documents\dnd\00 - Campaigns\Northwatch Wardens - (HomeBrew)\web\lib\pdf-indexer.js
2026-06-10 14:40:07: - C:\Users\joshu\OneDrive\Documents\dnd\00 - Campaigns\Northwatch Wardens - (HomeBrew)\web\server.js".
2026-06-10 14:40:07: Warning: Cannot polyfill `Path2D`, rendering may be broken: "Error: Cannot find module 'canvas'
2026-06-10 14:40:07: Require stack:
2026-06-10 14:40:07: - C:\Users\joshu\OneDrive\Documents\dnd\00 - Campaigns\Northwatch Wardens - (HomeBrew)\web\node_modules\pdfjs-dist\legacy\build\pdf.js
2026-06-10 14:40:07: - C:\Users\joshu\OneDrive\Documents\dnd\00 - Campaigns\Northwatch Wardens - (HomeBrew)\web\lib\pdf-indexer.js
2026-06-10 14:40:07: - C:\Users\joshu\OneDrive\Documents\dnd\00 - Campaigns\Northwatch Wardens - (HomeBrew)\web\server.js".
2026-06-10 14:40:14: Warning: Cannot polyfill `DOMMatrix`, rendering may be broken: "Error: Cannot find module 'canvas'
2026-06-10 14:40:14: Require stack:
2026-06-10 14:40:14: - C:\Users\joshu\OneDrive\Documents\dnd\00 - Campaigns\Northwatch Wardens - (HomeBrew)\web\node_modules\pdfjs-dist\legacy\build\pdf.js
2026-06-10 14:40:14: - C:\Users\joshu\OneDrive\Documents\dnd\00 - Campaigns\Northwatch Wardens - (HomeBrew)\web\lib\pdf-indexer.js
2026-06-10 14:40:14: - C:\Users\joshu\OneDrive\Documents\dnd\00 - Campaigns\Northwatch Wardens - (HomeBrew)\web\server.js".
2026-06-10 14:40:14: Warning: Cannot polyfill `Path2D`, rendering may be broken: "Error: Cannot find module 'canvas'
2026-06-10 14:40:14: Require stack:
2026-06-10 14:40:14: - C:\Users\joshu\OneDrive\Documents\dnd\00 - Campaigns\Northwatch Wardens - (HomeBrew)\web\node_modules\pdfjs-dist\legacy\build\pdf.js
2026-06-10 14:40:14: - C:\Users\joshu\OneDrive\Documents\dnd\00 - Campaigns\Northwatch Wardens - (HomeBrew)\web\lib\pdf-indexer.js
2026-06-10 14:40:14: - C:\Users\joshu\OneDrive\Documents\dnd\00 - Campaigns\Northwatch Wardens - (HomeBrew)\web\server.js".
2026-06-10 14:40:18: Warning: Cannot polyfill `DOMMatrix`, rendering may be broken: "Error: Cannot find module 'canvas'
2026-06-10 14:40:18: Require stack:
2026-06-10 14:40:18: - C:\Users\joshu\OneDrive\Documents\dnd\00 - Campaigns\Northwatch Wardens - (HomeBrew)\web\node_modules\pdfjs-dist\legacy\build\pdf.js
2026-06-10 14:40:18: - C:\Users\joshu\OneDrive\Documents\dnd\00 - Campaigns\Northwatch Wardens - (HomeBrew)\web\lib\pdf-indexer.js
2026-06-10 14:40:18: - C:\Users\joshu\OneDrive\Documents\dnd\00 - Campaigns\Northwatch Wardens - (HomeBrew)\web\server.js".
2026-06-10 14:40:18: Warning: Cannot polyfill `Path2D`, rendering may be broken: "Error: Cannot find module 'canvas'
2026-06-10 14:40:18: Require stack:
2026-06-10 14:40:18: - C:\Users\joshu\OneDrive\Documents\dnd\00 - Campaigns\Northwatch Wardens - (HomeBrew)\web\node_modules\pdfjs-dist\legacy\build\pdf.js
2026-06-10 14:40:18: - C:\Users\joshu\OneDrive\Documents\dnd\00 - Campaigns\Northwatch Wardens - (HomeBrew)\web\lib\pdf-indexer.js
2026-06-10 14:40:18: - C:\Users\joshu\OneDrive\Documents\dnd\00 - Campaigns\Northwatch Wardens - (HomeBrew)\web\server.js".
2026-06-10 14:40:26: Warning: Cannot polyfill `DOMMatrix`, rendering may be broken: "Error: Cannot find module 'canvas'
2026-06-10 14:40:26: Require stack:
2026-06-10 14:40:26: - C:\Users\joshu\OneDrive\Documents\dnd\00 - Campaigns\Northwatch Wardens - (HomeBrew)\web\node_modules\pdfjs-dist\legacy\build\pdf.js
2026-06-10 14:40:26: - C:\Users\joshu\OneDrive\Documents\dnd\00 - Campaigns\Northwatch Wardens - (HomeBrew)\web\lib\pdf-indexer.js
2026-06-10 14:40:26: - C:\Users\joshu\OneDrive\Documents\dnd\00 - Campaigns\Northwatch Wardens - (HomeBrew)\web\server.js".
2026-06-10 14:40:26: Warning: Cannot polyfill `Path2D`, rendering may be broken: "Error: Cannot find module 'canvas'
2026-06-10 14:40:26: Require stack:
2026-06-10 14:40:26: - C:\Users\joshu\OneDrive\Documents\dnd\00 - Campaigns\Northwatch Wardens - (HomeBrew)\web\node_modules\pdfjs-dist\legacy\build\pdf.js
2026-06-10 14:40:26: - C:\Users\joshu\OneDrive\Documents\dnd\00 - Campaigns\Northwatch Wardens - (HomeBrew)\web\lib\pdf-indexer.js
2026-06-10 14:40:26: - C:\Users\joshu\OneDrive\Documents\dnd\00 - Campaigns\Northwatch Wardens - (HomeBrew)\web\server.js".
2026-06-10 14:40:32: Warning: Cannot polyfill `DOMMatrix`, rendering may be broken: "Error: Cannot find module 'canvas'
2026-06-10 14:40:32: Require stack:
2026-06-10 14:40:32: - C:\Users\joshu\OneDrive\Documents\dnd\00 - Campaigns\Northwatch Wardens - (HomeBrew)\web\node_modules\pdfjs-dist\legacy\build\pdf.js
2026-06-10 14:40:32: - C:\Users\joshu\OneDrive\Documents\dnd\00 - Campaigns\Northwatch Wardens - (HomeBrew)\web\lib\pdf-indexer.js
2026-06-10 14:40:32: - C:\Users\joshu\OneDrive\Documents\dnd\00 - Campaigns\Northwatch Wardens - (HomeBrew)\web\server.js".
2026-06-10 14:40:32: Warning: Cannot polyfill `Path2D`, rendering may be broken: "Error: Cannot find module 'canvas'
2026-06-10 14:40:32: Require stack:
2026-06-10 14:40:32: - C:\Users\joshu\OneDrive\Documents\dnd\00 - Campaigns\Northwatch Wardens - (HomeBrew)\web\node_modules\pdfjs-dist\legacy\build\pdf.js
2026-06-10 14:40:32: - C:\Users\joshu\OneDrive\Documents\dnd\00 - Campaigns\Northwatch Wardens - (HomeBrew)\web\lib\pdf-indexer.js
2026-06-10 14:40:32: - C:\Users\joshu\OneDrive\Documents\dnd\00 - Campaigns\Northwatch Wardens - (HomeBrew)\web\server.js".
2026-06-10 14:40:36: Warning: Cannot polyfill `DOMMatrix`, rendering may be broken: "Error: Cannot find module 'canvas'
2026-06-10 14:40:36: Require stack:
2026-06-10 14:40:36: - C:\Users\joshu\OneDrive\Documents\dnd\00 - Campaigns\Northwatch Wardens - (HomeBrew)\web\node_modules\pdfjs-dist\legacy\build\pdf.js
2026-06-10 14:40:36: - C:\Users\joshu\OneDrive\Documents\dnd\00 - Campaigns\Northwatch Wardens - (HomeBrew)\web\lib\pdf-indexer.js
2026-06-10 14:40:36: - C:\Users\joshu\OneDrive\Documents\dnd\00 - Campaigns\Northwatch Wardens - (HomeBrew)\web\server.js".
2026-06-10 14:40:36: Warning: Cannot polyfill `Path2D`, rendering may be broken: "Error: Cannot find module 'canvas'
2026-06-10 14:40:36: Require stack:
2026-06-10 14:40:36: - C:\Users\joshu\OneDrive\Documents\dnd\00 - Campaigns\Northwatch Wardens - (HomeBrew)\web\node_modules\pdfjs-dist\legacy\build\pdf.js
2026-06-10 14:40:36: - C:\Users\joshu\OneDrive\Documents\dnd\00 - Campaigns\Northwatch Wardens - (HomeBrew)\web\lib\pdf-indexer.js
2026-06-10 14:40:36: - C:\Users\joshu\OneDrive\Documents\dnd\00 - Campaigns\Northwatch Wardens - (HomeBrew)\web\server.js".
2026-06-10 14:40:41: Warning: Cannot polyfill `DOMMatrix`, rendering may be broken: "Error: Cannot find module 'canvas'
2026-06-10 14:40:41: Require stack:
2026-06-10 14:40:41: - C:\Users\joshu\OneDrive\Documents\dnd\00 - Campaigns\Northwatch Wardens - (HomeBrew)\web\node_modules\pdfjs-dist\legacy\build\pdf.js
2026-06-10 14:40:41: - C:\Users\joshu\OneDrive\Documents\dnd\00 - Campaigns\Northwatch Wardens - (HomeBrew)\web\lib\pdf-indexer.js
2026-06-10 14:40:41: - C:\Users\joshu\OneDrive\Documents\dnd\00 - Campaigns\Northwatch Wardens - (HomeBrew)\web\server.js".
2026-06-10 14:40:41: Warning: Cannot polyfill `Path2D`, rendering may be broken: "Error: Cannot find module 'canvas'
2026-06-10 14:40:41: Require stack:
2026-06-10 14:40:41: - C:\Users\joshu\OneDrive\Documents\dnd\00 - Campaigns\Northwatch Wardens - (HomeBrew)\web\node_modules\pdfjs-dist\legacy\build\pdf.js
2026-06-10 14:40:41: - C:\Users\joshu\OneDrive\Documents\dnd\00 - Campaigns\Northwatch Wardens - (HomeBrew)\web\lib\pdf-indexer.js
2026-06-10 14:40:41: - C:\Users\joshu\OneDrive\Documents\dnd\00 - Campaigns\Northwatch Wardens - (HomeBrew)\web\server.js".
2026-06-10 14:40:46: Warning: Cannot polyfill `DOMMatrix`, rendering may be broken: "Error: Cannot find module 'canvas'
2026-06-10 14:40:46: Require stack:
2026-06-10 14:40:46: - C:\Users\joshu\OneDrive\Documents\dnd\00 - Campaigns\Northwatch Wardens - (HomeBrew)\web\node_modules\pdfjs-dist\legacy\build\pdf.js
2026-06-10 14:40:46: - C:\Users\joshu\OneDrive\Documents\dnd\00 - Campaigns\Northwatch Wardens - (HomeBrew)\web\lib\pdf-indexer.js
2026-06-10 14:40:46: - C:\Users\joshu\OneDrive\Documents\dnd\00 - Campaigns\Northwatch Wardens - (HomeBrew)\web\server.js".
2026-06-10 14:40:46: Warning: Cannot polyfill `Path2D`, rendering may be broken: "Error: Cannot find module 'canvas'
2026-06-10 14:40:46: Require stack:
2026-06-10 14:40:46: - C:\Users\joshu\OneDrive\Documents\dnd\00 - Campaigns\Northwatch Wardens - (HomeBrew)\web\node_modules\pdfjs-dist\legacy\build\pdf.js
2026-06-10 14:40:46: - C:\Users\joshu\OneDrive\Documents\dnd\00 - Campaigns\Northwatch Wardens - (HomeBrew)\web\lib\pdf-indexer.js
2026-06-10 14:40:46: - C:\Users\joshu\OneDrive\Documents\dnd\00 - Campaigns\Northwatch Wardens - (HomeBrew)\web\server.js".
2026-06-10 14:40:51: Warning: Cannot polyfill `DOMMatrix`, rendering may be broken: "Error: Cannot find module 'canvas'
2026-06-10 14:40:51: Require stack:
2026-06-10 14:40:51: - C:\Users\joshu\OneDrive\Documents\dnd\00 - Campaigns\Northwatch Wardens - (HomeBrew)\web\node_modules\pdfjs-dist\legacy\build\pdf.js
2026-06-10 14:40:51: - C:\Users\joshu\OneDrive\Documents\dnd\00 - Campaigns\Northwatch Wardens - (HomeBrew)\web\lib\pdf-indexer.js
2026-06-10 14:40:51: - C:\Users\joshu\OneDrive\Documents\dnd\00 - Campaigns\Northwatch Wardens - (HomeBrew)\web\server.js".
2026-06-10 14:40:51: Warning: Cannot polyfill `Path2D`, rendering may be broken: "Error: Cannot find module 'canvas'
2026-06-10 14:40:51: Require stack:
2026-06-10 14:40:51: - C:\Users\joshu\OneDrive\Documents\dnd\00 - Campaigns\Northwatch Wardens - (HomeBrew)\web\node_modules\pdfjs-dist\legacy\build\pdf.js
2026-06-10 14:40:51: - C:\Users\joshu\OneDrive\Documents\dnd\00 - Campaigns\Northwatch Wardens - (HomeBrew)\web\lib\pdf-indexer.js
2026-06-10 14:40:51: - C:\Users\joshu\OneDrive\Documents\dnd\00 - Campaigns\Northwatch Wardens - (HomeBrew)\web\server.js".
2026-06-10 14:40:56: Warning: Cannot polyfill `DOMMatrix`, rendering may be broken: "Error: Cannot find module 'canvas'
2026-06-10 14:40:56: Require stack:
2026-06-10 14:40:56: - C:\Users\joshu\OneDrive\Documents\dnd\00 - Campaigns\Northwatch Wardens - (HomeBrew)\web\node_modules\pdfjs-dist\legacy\build\pdf.js
2026-06-10 14:40:56: - C:\Users\joshu\OneDrive\Documents\dnd\00 - Campaigns\Northwatch Wardens - (HomeBrew)\web\lib\pdf-indexer.js
2026-06-10 14:40:56: - C:\Users\joshu\OneDrive\Documents\dnd\00 - Campaigns\Northwatch Wardens - (HomeBrew)\web\server.js".
2026-06-10 14:40:56: Warning: Cannot polyfill `Path2D`, rendering may be broken: "Error: Cannot find module 'canvas'
2026-06-10 14:40:56: Require stack:
2026-06-10 14:40:56: - C:\Users\joshu\OneDrive\Documents\dnd\00 - Campaigns\Northwatch Wardens - (HomeBrew)\web\node_modules\pdfjs-dist\legacy\build\pdf.js
2026-06-10 14:40:56: - C:\Users\joshu\OneDrive\Documents\dnd\00 - Campaigns\Northwatch Wardens - (HomeBrew)\web\lib\pdf-indexer.js
2026-06-10 14:40:56: - C:\Users\joshu\OneDrive\Documents\dnd\00 - Campaigns\Northwatch Wardens - (HomeBrew)\web\server.js".
2026-06-10 14:41:00: Warning: Cannot polyfill `DOMMatrix`, rendering may be broken: "Error: Cannot find module 'canvas'
2026-06-10 14:41:00: Require stack:
2026-06-10 14:41:00: - C:\Users\joshu\OneDrive\Documents\dnd\00 - Campaigns\Northwatch Wardens - (HomeBrew)\web\node_modules\pdfjs-dist\legacy\build\pdf.js
2026-06-10 14:41:00: - C:\Users\joshu\OneDrive\Documents\dnd\00 - Campaigns\Northwatch Wardens - (HomeBrew)\web\lib\pdf-indexer.js
2026-06-10 14:41:00: - C:\Users\joshu\OneDrive\Documents\dnd\00 - Campaigns\Northwatch Wardens - (HomeBrew)\web\server.js".
2026-06-10 14:41:00: Warning: Cannot polyfill `Path2D`, rendering may be broken: "Error: Cannot find module 'canvas'
2026-06-10 14:41:00: Require stack:
2026-06-10 14:41:00: - C:\Users\joshu\OneDrive\Documents\dnd\00 - Campaigns\Northwatch Wardens - (HomeBrew)\web\node_modules\pdfjs-dist\legacy\build\pdf.js
2026-06-10 14:41:00: - C:\Users\joshu\OneDrive\Documents\dnd\00 - Campaigns\Northwatch Wardens - (HomeBrew)\web\lib\pdf-indexer.js
2026-06-10 14:41:00: - C:\Users\joshu\OneDrive\Documents\dnd\00 - Campaigns\Northwatch Wardens - (HomeBrew)\web\server.js".
2026-06-10 14:41:05: Warning: Cannot polyfill `DOMMatrix`, rendering may be broken: "Error: Cannot find module 'canvas'
2026-06-10 14:41:05: Require stack:
2026-06-10 14:41:05: - C:\Users\joshu\OneDrive\Documents\dnd\00 - Campaigns\Northwatch Wardens - (HomeBrew)\web\node_modules\pdfjs-dist\legacy\build\pdf.js
2026-06-10 14:41:05: - C:\Users\joshu\OneDrive\Documents\dnd\00 - Campaigns\Northwatch Wardens - (HomeBrew)\web\lib\pdf-indexer.js
2026-06-10 14:41:05: - C:\Users\joshu\OneDrive\Documents\dnd\00 - Campaigns\Northwatch Wardens - (HomeBrew)\web\server.js".
2026-06-10 14:41:05: Warning: Cannot polyfill `Path2D`, rendering may be broken: "Error: Cannot find module 'canvas'
2026-06-10 14:41:05: Require stack:
2026-06-10 14:41:05: - C:\Users\joshu\OneDrive\Documents\dnd\00 - Campaigns\Northwatch Wardens - (HomeBrew)\web\node_modules\pdfjs-dist\legacy\build\pdf.js
2026-06-10 14:41:05: - C:\Users\joshu\OneDrive\Documents\dnd\00 - Campaigns\Northwatch Wardens - (HomeBrew)\web\lib\pdf-indexer.js
2026-06-10 14:41:05: - C:\Users\joshu\OneDrive\Documents\dnd\00 - Campaigns\Northwatch Wardens - (HomeBrew)\web\server.js".
2026-06-10 14:41:10: Warning: Cannot polyfill `DOMMatrix`, rendering may be broken: "Error: Cannot find module 'canvas'
2026-06-10 14:41:10: Require stack:
2026-06-10 14:41:10: - C:\Users\joshu\OneDrive\Documents\dnd\00 - Campaigns\Northwatch Wardens - (HomeBrew)\web\node_modules\pdfjs-dist\legacy\build\pdf.js
2026-06-10 14:41:10: - C:\Users\joshu\OneDrive\Documents\dnd\00 - Campaigns\Northwatch Wardens - (HomeBrew)\web\lib\pdf-indexer.js
2026-06-10 14:41:10: - C:\Users\joshu\OneDrive\Documents\dnd\00 - Campaigns\Northwatch Wardens - (HomeBrew)\web\server.js".
2026-06-10 14:41:10: Warning: Cannot polyfill `Path2D`, rendering may be broken: "Error: Cannot find module 'canvas'
2026-06-10 14:41:10: Require stack:
2026-06-10 14:41:10: - C:\Users\joshu\OneDrive\Documents\dnd\00 - Campaigns\Northwatch Wardens - (HomeBrew)\web\node_modules\pdfjs-dist\legacy\build\pdf.js
2026-06-10 14:41:10: - C:\Users\joshu\OneDrive\Documents\dnd\00 - Campaigns\Northwatch Wardens - (HomeBrew)\web\lib\pdf-indexer.js
2026-06-10 14:41:10: - C:\Users\joshu\OneDrive\Documents\dnd\00 - Campaigns\Northwatch Wardens - (HomeBrew)\web\server.js".
2026-06-10 14:41:15: Warning: Cannot polyfill `DOMMatrix`, rendering may be broken: "Error: Cannot find module 'canvas'
2026-06-10 14:41:15: Require stack:
2026-06-10 14:41:15: - C:\Users\joshu\OneDrive\Documents\dnd\00 - Campaigns\Northwatch Wardens - (HomeBrew)\web\node_modules\pdfjs-dist\legacy\build\pdf.js
2026-06-10 14:41:15: - C:\Users\joshu\OneDrive\Documents\dnd\00 - Campaigns\Northwatch Wardens - (HomeBrew)\web\lib\pdf-indexer.js
2026-06-10 14:41:15: - C:\Users\joshu\OneDrive\Documents\dnd\00 - Campaigns\Northwatch Wardens - (HomeBrew)\web\server.js".
2026-06-10 14:41:15: Warning: Cannot polyfill `Path2D`, rendering may be broken: "Error: Cannot find module 'canvas'
2026-06-10 14:41:15: Require stack:
2026-06-10 14:41:15: - C:\Users\joshu\OneDrive\Documents\dnd\00 - Campaigns\Northwatch Wardens - (HomeBrew)\web\node_modules\pdfjs-dist\legacy\build\pdf.js
2026-06-10 14:41:15: - C:\Users\joshu\OneDrive\Documents\dnd\00 - Campaigns\Northwatch Wardens - (HomeBrew)\web\lib\pdf-indexer.js
2026-06-10 14:41:15: - C:\Users\joshu\OneDrive\Documents\dnd\00 - Campaigns\Northwatch Wardens - (HomeBrew)\web\server.js".
2026-06-10 14:41:21: Warning: Cannot polyfill `DOMMatrix`, rendering may be broken: "Error: Cannot find module 'canvas'
2026-06-10 14:41:21: Require stack:
2026-06-10 14:41:21: - C:\Users\joshu\OneDrive\Documents\dnd\00 - Campaigns\Northwatch Wardens - (HomeBrew)\web\node_modules\pdfjs-dist\legacy\build\pdf.js
2026-06-10 14:41:21: - C:\Users\joshu\OneDrive\Documents\dnd\00 - Campaigns\Northwatch Wardens - (HomeBrew)\web\lib\pdf-indexer.js
2026-06-10 14:41:21: - C:\Users\joshu\OneDrive\Documents\dnd\00 - Campaigns\Northwatch Wardens - (HomeBrew)\web\server.js".
2026-06-10 14:41:21: Warning: Cannot polyfill `Path2D`, rendering may be broken: "Error: Cannot find module 'canvas'
2026-06-10 14:41:21: Require stack:
2026-06-10 14:41:21: - C:\Users\joshu\OneDrive\Documents\dnd\00 - Campaigns\Northwatch Wardens - (HomeBrew)\web\node_modules\pdfjs-dist\legacy\build\pdf.js
2026-06-10 14:41:21: - C:\Users\joshu\OneDrive\Documents\dnd\00 - Campaigns\Northwatch Wardens - (HomeBrew)\web\lib\pdf-indexer.js
2026-06-10 14:41:21: - C:\Users\joshu\OneDrive\Documents\dnd\00 - Campaigns\Northwatch Wardens - (HomeBrew)\web\server.js".
2026-06-10 14:41:24: Warning: Cannot polyfill `DOMMatrix`, rendering may be broken: "Error: Cannot find module 'canvas'
2026-06-10 14:41:24: Require stack:
2026-06-10 14:41:24: - C:\Users\joshu\OneDrive\Documents\dnd\00 - Campaigns\Northwatch Wardens - (HomeBrew)\web\node_modules\pdfjs-dist\legacy\build\pdf.js
2026-06-10 14:41:24: - C:\Users\joshu\OneDrive\Documents\dnd\00 - Campaigns\Northwatch Wardens - (HomeBrew)\web\lib\pdf-indexer.js
2026-06-10 14:41:24: - C:\Users\joshu\OneDrive\Documents\dnd\00 - Campaigns\Northwatch Wardens - (HomeBrew)\web\server.js".
2026-06-10 14:41:24: Warning: Cannot polyfill `Path2D`, rendering may be broken: "Error: Cannot find module 'canvas'
2026-06-10 14:41:24: Require stack:
2026-06-10 14:41:24: - C:\Users\joshu\OneDrive\Documents\dnd\00 - Campaigns\Northwatch Wardens - (HomeBrew)\web\node_modules\pdfjs-dist\legacy\build\pdf.js
2026-06-10 14:41:24: - C:\Users\joshu\OneDrive\Documents\dnd\00 - Campaigns\Northwatch Wardens - (HomeBrew)\web\lib\pdf-indexer.js
2026-06-10 14:41:24: - C:\Users\joshu\OneDrive\Documents\dnd\00 - Campaigns\Northwatch Wardens - (HomeBrew)\web\server.js".
2026-06-10 14:41:28: Warning: Cannot polyfill `DOMMatrix`, rendering may be broken: "Error: Cannot find module 'canvas'
2026-06-10 14:41:28: Require stack:
2026-06-10 14:41:28: - C:\Users\joshu\OneDrive\Documents\dnd\00 - Campaigns\Northwatch Wardens - (HomeBrew)\web\node_modules\pdfjs-dist\legacy\build\pdf.js
2026-06-10 14:41:28: - C:\Users\joshu\OneDrive\Documents\dnd\00 - Campaigns\Northwatch Wardens - (HomeBrew)\web\lib\pdf-indexer.js
2026-06-10 14:41:28: - C:\Users\joshu\OneDrive\Documents\dnd\00 - Campaigns\Northwatch Wardens - (HomeBrew)\web\server.js".
2026-06-10 14:41:28: Warning: Cannot polyfill `Path2D`, rendering may be broken: "Error: Cannot find module 'canvas'
2026-06-10 14:41:28: Require stack:
2026-06-10 14:41:28: - C:\Users\joshu\OneDrive\Documents\dnd\00 - Campaigns\Northwatch Wardens - (HomeBrew)\web\node_modules\pdfjs-dist\legacy\build\pdf.js
2026-06-10 14:41:28: - C:\Users\joshu\OneDrive\Documents\dnd\00 - Campaigns\Northwatch Wardens - (HomeBrew)\web\lib\pdf-indexer.js
2026-06-10 14:41:28: - C:\Users\joshu\OneDrive\Documents\dnd\00 - Campaigns\Northwatch Wardens - (HomeBrew)\web\server.js".
2026-06-10 14:41:32: Warning: Cannot polyfill `DOMMatrix`, rendering may be broken: "Error: Cannot find module 'canvas'
2026-06-10 14:41:32: Require stack:
2026-06-10 14:41:32: - C:\Users\joshu\OneDrive\Documents\dnd\00 - Campaigns\Northwatch Wardens - (HomeBrew)\web\node_modules\pdfjs-dist\legacy\build\pdf.js
2026-06-10 14:41:32: - C:\Users\joshu\OneDrive\Documents\dnd\00 - Campaigns\Northwatch Wardens - (HomeBrew)\web\lib\pdf-indexer.js
2026-06-10 14:41:32: - C:\Users\joshu\OneDrive\Documents\dnd\00 - Campaigns\Northwatch Wardens - (HomeBrew)\web\server.js".
2026-06-10 14:41:32: Warning: Cannot polyfill `Path2D`, rendering may be broken: "Error: Cannot find module 'canvas'
2026-06-10 14:41:32: Require stack:
2026-06-10 14:41:32: - C:\Users\joshu\OneDrive\Documents\dnd\00 - Campaigns\Northwatch Wardens - (HomeBrew)\web\node_modules\pdfjs-dist\legacy\build\pdf.js
2026-06-10 14:41:32: - C:\Users\joshu\OneDrive\Documents\dnd\00 - Campaigns\Northwatch Wardens - (HomeBrew)\web\lib\pdf-indexer.js
2026-06-10 14:41:32: - C:\Users\joshu\OneDrive\Documents\dnd\00 - Campaigns\Northwatch Wardens - (HomeBrew)\web\server.js".
2026-06-10 14:41:36: Warning: Cannot polyfill `DOMMatrix`, rendering may be broken: "Error: Cannot find module 'canvas'
2026-06-10 14:41:36: Require stack:
2026-06-10 14:41:36: - C:\Users\joshu\OneDrive\Documents\dnd\00 - Campaigns\Northwatch Wardens - (HomeBrew)\web\node_modules\pdfjs-dist\legacy\build\pdf.js
2026-06-10 14:41:36: - C:\Users\joshu\OneDrive\Documents\dnd\00 - Campaigns\Northwatch Wardens - (HomeBrew)\web\lib\pdf-indexer.js
2026-06-10 14:41:36: - C:\Users\joshu\OneDrive\Documents\dnd\00 - Campaigns\Northwatch Wardens - (HomeBrew)\web\server.js".
2026-06-10 14:41:36: Warning: Cannot polyfill `Path2D`, rendering may be broken: "Error: Cannot find module 'canvas'
2026-06-10 14:41:36: Require stack:
2026-06-10 14:41:36: - C:\Users\joshu\OneDrive\Documents\dnd\00 - Campaigns\Northwatch Wardens - (HomeBrew)\web\node_modules\pdfjs-dist\legacy\build\pdf.js
2026-06-10 14:41:36: - C:\Users\joshu\OneDrive\Documents\dnd\00 - Campaigns\Northwatch Wardens - (HomeBrew)\web\lib\pdf-indexer.js
2026-06-10 14:41:36: - C:\Users\joshu\OneDrive\Documents\dnd\00 - Campaigns\Northwatch Wardens - (HomeBrew)\web\server.js".
2026-06-10 14:41:40: Warning: Cannot polyfill `DOMMatrix`, rendering may be broken: "Error: Cannot find module 'canvas'
2026-06-10 14:41:40: Require stack:
2026-06-10 14:41:40: - C:\Users\joshu\OneDrive\Documents\dnd\00 - Campaigns\Northwatch Wardens - (HomeBrew)\web\node_modules\pdfjs-dist\legacy\build\pdf.js
2026-06-10 14:41:40: - C:\Users\joshu\OneDrive\Documents\dnd\00 - Campaigns\Northwatch Wardens - (HomeBrew)\web\lib\pdf-indexer.js
2026-06-10 14:41:40: - C:\Users\joshu\OneDrive\Documents\dnd\00 - Campaigns\Northwatch Wardens - (HomeBrew)\web\server.js".
2026-06-10 14:41:40: Warning: Cannot polyfill `Path2D`, rendering may be broken: "Error: Cannot find module 'canvas'
2026-06-10 14:41:40: Require stack:
2026-06-10 14:41:40: - C:\Users\joshu\OneDrive\Documents\dnd\00 - Campaigns\Northwatch Wardens - (HomeBrew)\web\node_modules\pdfjs-dist\legacy\build\pdf.js
2026-06-10 14:41:40: - C:\Users\joshu\OneDrive\Documents\dnd\00 - Campaigns\Northwatch Wardens - (HomeBrew)\web\lib\pdf-indexer.js
2026-06-10 14:41:40: - C:\Users\joshu\OneDrive\Documents\dnd\00 - Campaigns\Northwatch Wardens - (HomeBrew)\web\server.js".
2026-06-10 14:41:45: Warning: Cannot polyfill `DOMMatrix`, rendering may be broken: "Error: Cannot find module 'canvas'
2026-06-10 14:41:45: Require stack:
2026-06-10 14:41:45: - C:\Users\joshu\OneDrive\Documents\dnd\00 - Campaigns\Northwatch Wardens - (HomeBrew)\web\node_modules\pdfjs-dist\legacy\build\pdf.js
2026-06-10 14:41:45: - C:\Users\joshu\OneDrive\Documents\dnd\00 - Campaigns\Northwatch Wardens - (HomeBrew)\web\lib\pdf-indexer.js
2026-06-10 14:41:45: - C:\Users\joshu\OneDrive\Documents\dnd\00 - Campaigns\Northwatch Wardens - (HomeBrew)\web\server.js".
2026-06-10 14:41:45: Warning: Cannot polyfill `Path2D`, rendering may be broken: "Error: Cannot find module 'canvas'
2026-06-10 14:41:45: Require stack:
2026-06-10 14:41:45: - C:\Users\joshu\OneDrive\Documents\dnd\00 - Campaigns\Northwatch Wardens - (HomeBrew)\web\node_modules\pdfjs-dist\legacy\build\pdf.js
2026-06-10 14:41:45: - C:\Users\joshu\OneDrive\Documents\dnd\00 - Campaigns\Northwatch Wardens - (HomeBrew)\web\lib\pdf-indexer.js
2026-06-10 14:41:45: - C:\Users\joshu\OneDrive\Documents\dnd\00 - Campaigns\Northwatch Wardens - (HomeBrew)\web\server.js".
2026-06-10 14:41:48: Warning: Cannot polyfill `DOMMatrix`, rendering may be broken: "Error: Cannot find module 'canvas'
2026-06-10 14:41:48: Require stack:
2026-06-10 14:41:48: - C:\Users\joshu\OneDrive\Documents\dnd\00 - Campaigns\Northwatch Wardens - (HomeBrew)\web\node_modules\pdfjs-dist\legacy\build\pdf.js
2026-06-10 14:41:48: - C:\Users\joshu\OneDrive\Documents\dnd\00 - Campaigns\Northwatch Wardens - (HomeBrew)\web\lib\pdf-indexer.js
2026-06-10 14:41:48: - C:\Users\joshu\OneDrive\Documents\dnd\00 - Campaigns\Northwatch Wardens - (HomeBrew)\web\server.js".
2026-06-10 14:41:48: Warning: Cannot polyfill `Path2D`, rendering may be broken: "Error: Cannot find module 'canvas'
2026-06-10 14:41:48: Require stack:
2026-06-10 14:41:48: - C:\Users\joshu\OneDrive\Documents\dnd\00 - Campaigns\Northwatch Wardens - (HomeBrew)\web\node_modules\pdfjs-dist\legacy\build\pdf.js
2026-06-10 14:41:48: - C:\Users\joshu\OneDrive\Documents\dnd\00 - Campaigns\Northwatch Wardens - (HomeBrew)\web\lib\pdf-indexer.js
2026-06-10 14:41:48: - C:\Users\joshu\OneDrive\Documents\dnd\00 - Campaigns\Northwatch Wardens - (HomeBrew)\web\server.js".
2026-06-10 14:41:51: Warning: Cannot polyfill `DOMMatrix`, rendering may be broken: "Error: Cannot find module 'canvas'
2026-06-10 14:41:51: Require stack:
2026-06-10 14:41:51: - C:\Users\joshu\OneDrive\Documents\dnd\00 - Campaigns\Northwatch Wardens - (HomeBrew)\web\node_modules\pdfjs-dist\legacy\build\pdf.js
2026-06-10 14:41:51: - C:\Users\joshu\OneDrive\Documents\dnd\00 - Campaigns\Northwatch Wardens - (HomeBrew)\web\lib\pdf-indexer.js
2026-06-10 14:41:51: - C:\Users\joshu\OneDrive\Documents\dnd\00 - Campaigns\Northwatch Wardens - (HomeBrew)\web\server.js".
2026-06-10 14:41:51: Warning: Cannot polyfill `Path2D`, rendering may be broken: "Error: Cannot find module 'canvas'
2026-06-10 14:41:51: Require stack:
2026-06-10 14:41:51: - C:\Users\joshu\OneDrive\Documents\dnd\00 - Campaigns\Northwatch Wardens - (HomeBrew)\web\node_modules\pdfjs-dist\legacy\build\pdf.js
2026-06-10 14:41:51: - C:\Users\joshu\OneDrive\Documents\dnd\00 - Campaigns\Northwatch Wardens - (HomeBrew)\web\lib\pdf-indexer.js
2026-06-10 14:41:51: - C:\Users\joshu\OneDrive\Documents\dnd\00 - Campaigns\Northwatch Wardens - (HomeBrew)\web\server.js".
2026-06-10 14:41:55: Warning: Cannot polyfill `DOMMatrix`, rendering may be broken: "Error: Cannot find module 'canvas'
2026-06-10 14:41:55: Require stack:
2026-06-10 14:41:55: - C:\Users\joshu\OneDrive\Documents\dnd\00 - Campaigns\Northwatch Wardens - (HomeBrew)\web\node_modules\pdfjs-dist\legacy\build\pdf.js
2026-06-10 14:41:55: - C:\Users\joshu\OneDrive\Documents\dnd\00 - Campaigns\Northwatch Wardens - (HomeBrew)\web\lib\pdf-indexer.js
2026-06-10 14:41:55: - C:\Users\joshu\OneDrive\Documents\dnd\00 - Campaigns\Northwatch Wardens - (HomeBrew)\web\server.js".
2026-06-10 14:41:55: Warning: Cannot polyfill `Path2D`, rendering may be broken: "Error: Cannot find module 'canvas'
2026-06-10 14:41:55: Require stack:
2026-06-10 14:41:55: - C:\Users\joshu\OneDrive\Documents\dnd\00 - Campaigns\Northwatch Wardens - (HomeBrew)\web\node_modules\pdfjs-dist\legacy\build\pdf.js
2026-06-10 14:41:55: - C:\Users\joshu\OneDrive\Documents\dnd\00 - Campaigns\Northwatch Wardens - (HomeBrew)\web\lib\pdf-indexer.js
2026-06-10 14:41:55: - C:\Users\joshu\OneDrive\Documents\dnd\00 - Campaigns\Northwatch Wardens - (HomeBrew)\web\server.js".
2026-06-10 14:41:59: Warning: Cannot polyfill `DOMMatrix`, rendering may be broken: "Error: Cannot find module 'canvas'
2026-06-10 14:41:59: Require stack:
2026-06-10 14:41:59: - C:\Users\joshu\OneDrive\Documents\dnd\00 - Campaigns\Northwatch Wardens - (HomeBrew)\web\node_modules\pdfjs-dist\legacy\build\pdf.js
2026-06-10 14:41:59: - C:\Users\joshu\OneDrive\Documents\dnd\00 - Campaigns\Northwatch Wardens - (HomeBrew)\web\lib\pdf-indexer.js
2026-06-10 14:41:59: - C:\Users\joshu\OneDrive\Documents\dnd\00 - Campaigns\Northwatch Wardens - (HomeBrew)\web\server.js".
2026-06-10 14:41:59: Warning: Cannot polyfill `Path2D`, rendering may be broken: "Error: Cannot find module 'canvas'
2026-06-10 14:41:59: Require stack:
2026-06-10 14:41:59: - C:\Users\joshu\OneDrive\Documents\dnd\00 - Campaigns\Northwatch Wardens - (HomeBrew)\web\node_modules\pdfjs-dist\legacy\build\pdf.js
2026-06-10 14:41:59: - C:\Users\joshu\OneDrive\Documents\dnd\00 - Campaigns\Northwatch Wardens - (HomeBrew)\web\lib\pdf-indexer.js
2026-06-10 14:41:59: - C:\Users\joshu\OneDrive\Documents\dnd\00 - Campaigns\Northwatch Wardens - (HomeBrew)\web\server.js".
2026-06-10 14:42:03: Warning: Cannot polyfill `DOMMatrix`, rendering may be broken: "Error: Cannot find module 'canvas'
2026-06-10 14:42:03: Require stack:
2026-06-10 14:42:03: - C:\Users\joshu\OneDrive\Documents\dnd\00 - Campaigns\Northwatch Wardens - (HomeBrew)\web\node_modules\pdfjs-dist\legacy\build\pdf.js
2026-06-10 14:42:03: - C:\Users\joshu\OneDrive\Documents\dnd\00 - Campaigns\Northwatch Wardens - (HomeBrew)\web\lib\pdf-indexer.js
2026-06-10 14:42:03: - C:\Users\joshu\OneDrive\Documents\dnd\00 - Campaigns\Northwatch Wardens - (HomeBrew)\web\server.js".
2026-06-10 14:42:03: Warning: Cannot polyfill `Path2D`, rendering may be broken: "Error: Cannot find module 'canvas'
2026-06-10 14:42:03: Require stack:
2026-06-10 14:42:03: - C:\Users\joshu\OneDrive\Documents\dnd\00 - Campaigns\Northwatch Wardens - (HomeBrew)\web\node_modules\pdfjs-dist\legacy\build\pdf.js
2026-06-10 14:42:03: - C:\Users\joshu\OneDrive\Documents\dnd\00 - Campaigns\Northwatch Wardens - (HomeBrew)\web\lib\pdf-indexer.js
2026-06-10 14:42:03: - C:\Users\joshu\OneDrive\Documents\dnd\00 - Campaigns\Northwatch Wardens - (HomeBrew)\web\server.js".
2026-06-10 14:42:07: Warning: Cannot polyfill `DOMMatrix`, rendering may be broken: "Error: Cannot find module 'canvas'
2026-06-10 14:42:07: Require stack:
2026-06-10 14:42:07: - C:\Users\joshu\OneDrive\Documents\dnd\00 - Campaigns\Northwatch Wardens - (HomeBrew)\web\node_modules\pdfjs-dist\legacy\build\pdf.js
2026-06-10 14:42:07: - C:\Users\joshu\OneDrive\Documents\dnd\00 - Campaigns\Northwatch Wardens - (HomeBrew)\web\lib\pdf-indexer.js
2026-06-10 14:42:07: - C:\Users\joshu\OneDrive\Documents\dnd\00 - Campaigns\Northwatch Wardens - (HomeBrew)\web\server.js".
2026-06-10 14:42:07: Warning: Cannot polyfill `Path2D`, rendering may be broken: "Error: Cannot find module 'canvas'
2026-06-10 14:42:07: Require stack:
2026-06-10 14:42:07: - C:\Users\joshu\OneDrive\Documents\dnd\00 - Campaigns\Northwatch Wardens - (HomeBrew)\web\node_modules\pdfjs-dist\legacy\build\pdf.js
2026-06-10 14:42:07: - C:\Users\joshu\OneDrive\Documents\dnd\00 - Campaigns\Northwatch Wardens - (HomeBrew)\web\lib\pdf-indexer.js
2026-06-10 14:42:07: - C:\Users\joshu\OneDrive\Documents\dnd\00 - Campaigns\Northwatch Wardens - (HomeBrew)\web\server.js".
2026-06-10 14:42:12: Warning: Cannot polyfill `DOMMatrix`, rendering may be broken: "Error: Cannot find module 'canvas'
2026-06-10 14:42:12: Require stack:
2026-06-10 14:42:12: - C:\Users\joshu\OneDrive\Documents\dnd\00 - Campaigns\Northwatch Wardens - (HomeBrew)\web\node_modules\pdfjs-dist\legacy\build\pdf.js
2026-06-10 14:42:12: - C:\Users\joshu\OneDrive\Documents\dnd\00 - Campaigns\Northwatch Wardens - (HomeBrew)\web\lib\pdf-indexer.js
2026-06-10 14:42:12: - C:\Users\joshu\OneDrive\Documents\dnd\00 - Campaigns\Northwatch Wardens - (HomeBrew)\web\server.js".
2026-06-10 14:42:12: Warning: Cannot polyfill `Path2D`, rendering may be broken: "Error: Cannot find module 'canvas'
2026-06-10 14:42:12: Require stack:
2026-06-10 14:42:12: - C:\Users\joshu\OneDrive\Documents\dnd\00 - Campaigns\Northwatch Wardens - (HomeBrew)\web\node_modules\pdfjs-dist\legacy\build\pdf.js
2026-06-10 14:42:12: - C:\Users\joshu\OneDrive\Documents\dnd\00 - Campaigns\Northwatch Wardens - (HomeBrew)\web\lib\pdf-indexer.js
2026-06-10 14:42:12: - C:\Users\joshu\OneDrive\Documents\dnd\00 - Campaigns\Northwatch Wardens - (HomeBrew)\web\server.js".
2026-06-10 14:42:17: Warning: Cannot polyfill `DOMMatrix`, rendering may be broken: "Error: Cannot find module 'canvas'
2026-06-10 14:42:17: Require stack:
2026-06-10 14:42:17: - C:\Users\joshu\OneDrive\Documents\dnd\00 - Campaigns\Northwatch Wardens - (HomeBrew)\web\node_modules\pdfjs-dist\legacy\build\pdf.js
2026-06-10 14:42:17: - C:\Users\joshu\OneDrive\Documents\dnd\00 - Campaigns\Northwatch Wardens - (HomeBrew)\web\lib\pdf-indexer.js
2026-06-10 14:42:17: - C:\Users\joshu\OneDrive\Documents\dnd\00 - Campaigns\Northwatch Wardens - (HomeBrew)\web\server.js".
2026-06-10 14:42:17: Warning: Cannot polyfill `Path2D`, rendering may be broken: "Error: Cannot find module 'canvas'
2026-06-10 14:42:17: Require stack:
2026-06-10 14:42:17: - C:\Users\joshu\OneDrive\Documents\dnd\00 - Campaigns\Northwatch Wardens - (HomeBrew)\web\node_modules\pdfjs-dist\legacy\build\pdf.js
2026-06-10 14:42:17: - C:\Users\joshu\OneDrive\Documents\dnd\00 - Campaigns\Northwatch Wardens - (HomeBrew)\web\lib\pdf-indexer.js
2026-06-10 14:42:17: - C:\Users\joshu\OneDrive\Documents\dnd\00 - Campaigns\Northwatch Wardens - (HomeBrew)\web\server.js".
2026-06-10 14:42:22: Warning: Cannot polyfill `DOMMatrix`, rendering may be broken: "Error: Cannot find module 'canvas'
2026-06-10 14:42:22: Require stack:
2026-06-10 14:42:22: - C:\Users\joshu\OneDrive\Documents\dnd\00 - Campaigns\Northwatch Wardens - (HomeBrew)\web\node_modules\pdfjs-dist\legacy\build\pdf.js
2026-06-10 14:42:22: - C:\Users\joshu\OneDrive\Documents\dnd\00 - Campaigns\Northwatch Wardens - (HomeBrew)\web\lib\pdf-indexer.js
2026-06-10 14:42:22: - C:\Users\joshu\OneDrive\Documents\dnd\00 - Campaigns\Northwatch Wardens - (HomeBrew)\web\server.js".
2026-06-10 14:42:22: Warning: Cannot polyfill `Path2D`, rendering may be broken: "Error: Cannot find module 'canvas'
2026-06-10 14:42:22: Require stack:
2026-06-10 14:42:22: - C:\Users\joshu\OneDrive\Documents\dnd\00 - Campaigns\Northwatch Wardens - (HomeBrew)\web\node_modules\pdfjs-dist\legacy\build\pdf.js
2026-06-10 14:42:22: - C:\Users\joshu\OneDrive\Documents\dnd\00 - Campaigns\Northwatch Wardens - (HomeBrew)\web\lib\pdf-indexer.js
2026-06-10 14:42:22: - C:\Users\joshu\OneDrive\Documents\dnd\00 - Campaigns\Northwatch Wardens - (HomeBrew)\web\server.js".
2026-06-10 14:42:26: Warning: Cannot polyfill `DOMMatrix`, rendering may be broken: "Error: Cannot find module 'canvas'
2026-06-10 14:42:26: Require stack:
2026-06-10 14:42:26: - C:\Users\joshu\OneDrive\Documents\dnd\00 - Campaigns\Northwatch Wardens - (HomeBrew)\web\node_modules\pdfjs-dist\legacy\build\pdf.js
2026-06-10 14:42:26: - C:\Users\joshu\OneDrive\Documents\dnd\00 - Campaigns\Northwatch Wardens - (HomeBrew)\web\lib\pdf-indexer.js
2026-06-10 14:42:26: - C:\Users\joshu\OneDrive\Documents\dnd\00 - Campaigns\Northwatch Wardens - (HomeBrew)\web\server.js".
2026-06-10 14:42:26: Warning: Cannot polyfill `Path2D`, rendering may be broken: "Error: Cannot find module 'canvas'
2026-06-10 14:42:26: Require stack:
2026-06-10 14:42:26: - C:\Users\joshu\OneDrive\Documents\dnd\00 - Campaigns\Northwatch Wardens - (HomeBrew)\web\node_modules\pdfjs-dist\legacy\build\pdf.js
2026-06-10 14:42:26: - C:\Users\joshu\OneDrive\Documents\dnd\00 - Campaigns\Northwatch Wardens - (HomeBrew)\web\lib\pdf-indexer.js
2026-06-10 14:42:26: - C:\Users\joshu\OneDrive\Documents\dnd\00 - Campaigns\Northwatch Wardens - (HomeBrew)\web\server.js".
2026-06-10 14:42:30: Warning: Cannot polyfill `DOMMatrix`, rendering may be broken: "Error: Cannot find module 'canvas'
2026-06-10 14:42:30: Require stack:
2026-06-10 14:42:30: - C:\Users\joshu\OneDrive\Documents\dnd\00 - Campaigns\Northwatch Wardens - (HomeBrew)\web\node_modules\pdfjs-dist\legacy\build\pdf.js
2026-06-10 14:42:30: - C:\Users\joshu\OneDrive\Documents\dnd\00 - Campaigns\Northwatch Wardens - (HomeBrew)\web\lib\pdf-indexer.js
2026-06-10 14:42:30: - C:\Users\joshu\OneDrive\Documents\dnd\00 - Campaigns\Northwatch Wardens - (HomeBrew)\web\server.js".
2026-06-10 14:42:30: Warning: Cannot polyfill `Path2D`, rendering may be broken: "Error: Cannot find module 'canvas'
2026-06-10 14:42:30: Require stack:
2026-06-10 14:42:30: - C:\Users\joshu\OneDrive\Documents\dnd\00 - Campaigns\Northwatch Wardens - (HomeBrew)\web\node_modules\pdfjs-dist\legacy\build\pdf.js
2026-06-10 14:42:30: - C:\Users\joshu\OneDrive\Documents\dnd\00 - Campaigns\Northwatch Wardens - (HomeBrew)\web\lib\pdf-indexer.js
2026-06-10 14:42:30: - C:\Users\joshu\OneDrive\Documents\dnd\00 - Campaigns\Northwatch Wardens - (HomeBrew)\web\server.js".
2026-06-10 14:42:35: Warning: Cannot polyfill `DOMMatrix`, rendering may be broken: "Error: Cannot find module 'canvas'
2026-06-10 14:42:35: Require stack:
2026-06-10 14:42:35: - C:\Users\joshu\OneDrive\Documents\dnd\00 - Campaigns\Northwatch Wardens - (HomeBrew)\web\node_modules\pdfjs-dist\legacy\build\pdf.js
2026-06-10 14:42:35: - C:\Users\joshu\OneDrive\Documents\dnd\00 - Campaigns\Northwatch Wardens - (HomeBrew)\web\lib\pdf-indexer.js
2026-06-10 14:42:35: - C:\Users\joshu\OneDrive\Documents\dnd\00 - Campaigns\Northwatch Wardens - (HomeBrew)\web\server.js".
2026-06-10 14:42:35: Warning: Cannot polyfill `Path2D`, rendering may be broken: "Error: Cannot find module 'canvas'
2026-06-10 14:42:35: Require stack:
2026-06-10 14:42:35: - C:\Users\joshu\OneDrive\Documents\dnd\00 - Campaigns\Northwatch Wardens - (HomeBrew)\web\node_modules\pdfjs-dist\legacy\build\pdf.js
2026-06-10 14:42:35: - C:\Users\joshu\OneDrive\Documents\dnd\00 - Campaigns\Northwatch Wardens - (HomeBrew)\web\lib\pdf-indexer.js
2026-06-10 14:42:35: - C:\Users\joshu\OneDrive\Documents\dnd\00 - Campaigns\Northwatch Wardens - (HomeBrew)\web\server.js".
2026-06-10 14:42:39: Warning: Cannot polyfill `DOMMatrix`, rendering may be broken: "Error: Cannot find module 'canvas'
2026-06-10 14:42:39: Require stack:
2026-06-10 14:42:39: - C:\Users\joshu\OneDrive\Documents\dnd\00 - Campaigns\Northwatch Wardens - (HomeBrew)\web\node_modules\pdfjs-dist\legacy\build\pdf.js
2026-06-10 14:42:39: - C:\Users\joshu\OneDrive\Documents\dnd\00 - Campaigns\Northwatch Wardens - (HomeBrew)\web\lib\pdf-indexer.js
2026-06-10 14:42:39: - C:\Users\joshu\OneDrive\Documents\dnd\00 - Campaigns\Northwatch Wardens - (HomeBrew)\web\server.js".
2026-06-10 14:42:39: Warning: Cannot polyfill `Path2D`, rendering may be broken: "Error: Cannot find module 'canvas'
2026-06-10 14:42:39: Require stack:
2026-06-10 14:42:39: - C:\Users\joshu\OneDrive\Documents\dnd\00 - Campaigns\Northwatch Wardens - (HomeBrew)\web\node_modules\pdfjs-dist\legacy\build\pdf.js
2026-06-10 14:42:39: - C:\Users\joshu\OneDrive\Documents\dnd\00 - Campaigns\Northwatch Wardens - (HomeBrew)\web\lib\pdf-indexer.js
2026-06-10 14:42:39: - C:\Users\joshu\OneDrive\Documents\dnd\00 - Campaigns\Northwatch Wardens - (HomeBrew)\web\server.js".
2026-06-10 14:42:42: Warning: Cannot polyfill `DOMMatrix`, rendering may be broken: "Error: Cannot find module 'canvas'
2026-06-10 14:42:42: Require stack:
2026-06-10 14:42:42: - C:\Users\joshu\OneDrive\Documents\dnd\00 - Campaigns\Northwatch Wardens - (HomeBrew)\web\node_modules\pdfjs-dist\legacy\build\pdf.js
2026-06-10 14:42:42: - C:\Users\joshu\OneDrive\Documents\dnd\00 - Campaigns\Northwatch Wardens - (HomeBrew)\web\lib\pdf-indexer.js
2026-06-10 14:42:42: - C:\Users\joshu\OneDrive\Documents\dnd\00 - Campaigns\Northwatch Wardens - (HomeBrew)\web\server.js".
2026-06-10 14:42:42: Warning: Cannot polyfill `Path2D`, rendering may be broken: "Error: Cannot find module 'canvas'
2026-06-10 14:42:42: Require stack:
2026-06-10 14:42:42: - C:\Users\joshu\OneDrive\Documents\dnd\00 - Campaigns\Northwatch Wardens - (HomeBrew)\web\node_modules\pdfjs-dist\legacy\build\pdf.js
2026-06-10 14:42:42: - C:\Users\joshu\OneDrive\Documents\dnd\00 - Campaigns\Northwatch Wardens - (HomeBrew)\web\lib\pdf-indexer.js
2026-06-10 14:42:42: - C:\Users\joshu\OneDrive\Documents\dnd\00 - Campaigns\Northwatch Wardens - (HomeBrew)\web\server.js".
2026-06-10 14:42:48: Warning: Cannot polyfill `DOMMatrix`, rendering may be broken: "Error: Cannot find module 'canvas'
2026-06-10 14:42:48: Require stack:
2026-06-10 14:42:48: - C:\Users\joshu\OneDrive\Documents\dnd\00 - Campaigns\Northwatch Wardens - (HomeBrew)\web\node_modules\pdfjs-dist\legacy\build\pdf.js
2026-06-10 14:42:48: - C:\Users\joshu\OneDrive\Documents\dnd\00 - Campaigns\Northwatch Wardens - (HomeBrew)\web\lib\pdf-indexer.js
2026-06-10 14:42:48: - C:\Users\joshu\OneDrive\Documents\dnd\00 - Campaigns\Northwatch Wardens - (HomeBrew)\web\server.js".
2026-06-10 14:42:48: Warning: Cannot polyfill `Path2D`, rendering may be broken: "Error: Cannot find module 'canvas'
2026-06-10 14:42:48: Require stack:
2026-06-10 14:42:48: - C:\Users\joshu\OneDrive\Documents\dnd\00 - Campaigns\Northwatch Wardens - (HomeBrew)\web\node_modules\pdfjs-dist\legacy\build\pdf.js
2026-06-10 14:42:48: - C:\Users\joshu\OneDrive\Documents\dnd\00 - Campaigns\Northwatch Wardens - (HomeBrew)\web\lib\pdf-indexer.js
2026-06-10 14:42:48: - C:\Users\joshu\OneDrive\Documents\dnd\00 - Campaigns\Northwatch Wardens - (HomeBrew)\web\server.js".
2026-06-10 14:42:51: Warning: Cannot polyfill `DOMMatrix`, rendering may be broken: "Error: Cannot find module 'canvas'
2026-06-10 14:42:51: Require stack:
2026-06-10 14:42:51: - C:\Users\joshu\OneDrive\Documents\dnd\00 - Campaigns\Northwatch Wardens - (HomeBrew)\web\node_modules\pdfjs-dist\legacy\build\pdf.js
2026-06-10 14:42:51: - C:\Users\joshu\OneDrive\Documents\dnd\00 - Campaigns\Northwatch Wardens - (HomeBrew)\web\lib\pdf-indexer.js
2026-06-10 14:42:51: - C:\Users\joshu\OneDrive\Documents\dnd\00 - Campaigns\Northwatch Wardens - (HomeBrew)\web\server.js".
2026-06-10 14:42:51: Warning: Cannot polyfill `Path2D`, rendering may be broken: "Error: Cannot find module 'canvas'
2026-06-10 14:42:51: Require stack:
2026-06-10 14:42:51: - C:\Users\joshu\OneDrive\Documents\dnd\00 - Campaigns\Northwatch Wardens - (HomeBrew)\web\node_modules\pdfjs-dist\legacy\build\pdf.js
2026-06-10 14:42:51: - C:\Users\joshu\OneDrive\Documents\dnd\00 - Campaigns\Northwatch Wardens - (HomeBrew)\web\lib\pdf-indexer.js
2026-06-10 14:42:51: - C:\Users\joshu\OneDrive\Documents\dnd\00 - Campaigns\Northwatch Wardens - (HomeBrew)\web\server.js".
2026-06-10 14:42:55: Warning: Cannot polyfill `DOMMatrix`, rendering may be broken: "Error: Cannot find module 'canvas'
2026-06-10 14:42:55: Require stack:
2026-06-10 14:42:55: - C:\Users\joshu\OneDrive\Documents\dnd\00 - Campaigns\Northwatch Wardens - (HomeBrew)\web\node_modules\pdfjs-dist\legacy\build\pdf.js
2026-06-10 14:42:55: - C:\Users\joshu\OneDrive\Documents\dnd\00 - Campaigns\Northwatch Wardens - (HomeBrew)\web\lib\pdf-indexer.js
2026-06-10 14:42:55: - C:\Users\joshu\OneDrive\Documents\dnd\00 - Campaigns\Northwatch Wardens - (HomeBrew)\web\server.js".
2026-06-10 14:42:55: Warning: Cannot polyfill `Path2D`, rendering may be broken: "Error: Cannot find module 'canvas'
2026-06-10 14:42:55: Require stack:
2026-06-10 14:42:55: - C:\Users\joshu\OneDrive\Documents\dnd\00 - Campaigns\Northwatch Wardens - (HomeBrew)\web\node_modules\pdfjs-dist\legacy\build\pdf.js
2026-06-10 14:42:55: - C:\Users\joshu\OneDrive\Documents\dnd\00 - Campaigns\Northwatch Wardens - (HomeBrew)\web\lib\pdf-indexer.js
2026-06-10 14:42:55: - C:\Users\joshu\OneDrive\Documents\dnd\00 - Campaigns\Northwatch Wardens - (HomeBrew)\web\server.js".
2026-06-10 14:42:59: Warning: Cannot polyfill `DOMMatrix`, rendering may be broken: "Error: Cannot find module 'canvas'
2026-06-10 14:42:59: Require stack:
2026-06-10 14:42:59: - C:\Users\joshu\OneDrive\Documents\dnd\00 - Campaigns\Northwatch Wardens - (HomeBrew)\web\node_modules\pdfjs-dist\legacy\build\pdf.js
2026-06-10 14:42:59: - C:\Users\joshu\OneDrive\Documents\dnd\00 - Campaigns\Northwatch Wardens - (HomeBrew)\web\lib\pdf-indexer.js
2026-06-10 14:42:59: - C:\Users\joshu\OneDrive\Documents\dnd\00 - Campaigns\Northwatch Wardens - (HomeBrew)\web\server.js".
2026-06-10 14:42:59: Warning: Cannot polyfill `Path2D`, rendering may be broken: "Error: Cannot find module 'canvas'
2026-06-10 14:42:59: Require stack:
2026-06-10 14:42:59: - C:\Users\joshu\OneDrive\Documents\dnd\00 - Campaigns\Northwatch Wardens - (HomeBrew)\web\node_modules\pdfjs-dist\legacy\build\pdf.js
2026-06-10 14:42:59: - C:\Users\joshu\OneDrive\Documents\dnd\00 - Campaigns\Northwatch Wardens - (HomeBrew)\web\lib\pdf-indexer.js
2026-06-10 14:42:59: - C:\Users\joshu\OneDrive\Documents\dnd\00 - Campaigns\Northwatch Wardens - (HomeBrew)\web\server.js".
2026-06-10 14:43:59: Warning: Cannot polyfill `DOMMatrix`, rendering may be broken: "Error: Cannot find module 'canvas'
2026-06-10 14:43:59: Require stack:
2026-06-10 14:43:59: - C:\Users\joshu\OneDrive\Documents\dnd\00 - Campaigns\Northwatch Wardens - (HomeBrew)\web\node_modules\pdfjs-dist\legacy\build\pdf.js
2026-06-10 14:43:59: - C:\Users\joshu\OneDrive\Documents\dnd\00 - Campaigns\Northwatch Wardens - (HomeBrew)\web\lib\pdf-indexer.js
2026-06-10 14:43:59: - C:\Users\joshu\OneDrive\Documents\dnd\00 - Campaigns\Northwatch Wardens - (HomeBrew)\web\server.js".
2026-06-10 14:43:59: Warning: Cannot polyfill `Path2D`, rendering may be broken: "Error: Cannot find module 'canvas'
2026-06-10 14:43:59: Require stack:
2026-06-10 14:43:59: - C:\Users\joshu\OneDrive\Documents\dnd\00 - Campaigns\Northwatch Wardens - (HomeBrew)\web\node_modules\pdfjs-dist\legacy\build\pdf.js
2026-06-10 14:43:59: - C:\Users\joshu\OneDrive\Documents\dnd\00 - Campaigns\Northwatch Wardens - (HomeBrew)\web\lib\pdf-indexer.js
2026-06-10 14:43:59: - C:\Users\joshu\OneDrive\Documents\dnd\00 - Campaigns\Northwatch Wardens - (HomeBrew)\web\server.js".
2026-06-10 14:43:59: 
2026-06-10 14:43:59: DM Panel → http://0.0.0.0:5050
2026-06-10 14:43:59: Root: C:\Users\joshu\OneDrive\Documents\dnd\00 - Campaigns\Northwatch Wardens - (HomeBrew)
2026-06-10 14:43:59: 
2026-06-10 14:57:38: Warning: Cannot polyfill `DOMMatrix`, rendering may be broken: "Error: Cannot find module 'canvas'
2026-06-10 14:57:38: Require stack:
2026-06-10 14:57:38: - C:\Users\joshu\OneDrive\Documents\dnd\00 - Campaigns\Northwatch Wardens - (HomeBrew)\web\node_modules\pdfjs-dist\legacy\build\pdf.js
2026-06-10 14:57:38: - C:\Users\joshu\OneDrive\Documents\dnd\00 - Campaigns\Northwatch Wardens - (HomeBrew)\web\lib\pdf-indexer.js
2026-06-10 14:57:38: - C:\Users\joshu\OneDrive\Documents\dnd\00 - Campaigns\Northwatch Wardens - (HomeBrew)\web\server.js".
2026-06-10 14:57:38: Warning: Cannot polyfill `Path2D`, rendering may be broken: "Error: Cannot find module 'canvas'
2026-06-10 14:57:38: Require stack:
2026-06-10 14:57:38: - C:\Users\joshu\OneDrive\Documents\dnd\00 - Campaigns\Northwatch Wardens - (HomeBrew)\web\node_modules\pdfjs-dist\legacy\build\pdf.js
2026-06-10 14:57:38: - C:\Users\joshu\OneDrive\Documents\dnd\00 - Campaigns\Northwatch Wardens - (HomeBrew)\web\lib\pdf-indexer.js
2026-06-10 14:57:38: - C:\Users\joshu\OneDrive\Documents\dnd\00 - Campaigns\Northwatch Wardens - (HomeBrew)\web\server.js".
2026-06-10 14:57:38: 
2026-06-10 14:57:38: DM Panel → http://0.0.0.0:5050
2026-06-10 14:57:38: Root: C:\Users\joshu\OneDrive\Documents\dnd\00 - Campaigns\Northwatch Wardens - (HomeBrew)
2026-06-10 14:57:38: 
2026-06-10 15:06:31: Warning: Cannot polyfill `DOMMatrix`, rendering may be broken: "Error: Cannot find module 'canvas'
2026-06-10 15:06:31: Require stack:
2026-06-10 15:06:31: - C:\Users\joshu\OneDrive\Documents\dnd\00 - Campaigns\Northwatch Wardens - (HomeBrew)\web\node_modules\pdfjs-dist\legacy\build\pdf.js
2026-06-10 15:06:31: - C:\Users\joshu\OneDrive\Documents\dnd\00 - Campaigns\Northwatch Wardens - (HomeBrew)\web\lib\pdf-indexer.js
2026-06-10 15:06:31: - C:\Users\joshu\OneDrive\Documents\dnd\00 - Campaigns\Northwatch Wardens - (HomeBrew)\web\server.js".
2026-06-10 15:06:31: Warning: Cannot polyfill `Path2D`, rendering may be broken: "Error: Cannot find module 'canvas'
2026-06-10 15:06:31: Require stack:
2026-06-10 15:06:31: - C:\Users\joshu\OneDrive\Documents\dnd\00 - Campaigns\Northwatch Wardens - (HomeBrew)\web\node_modules\pdfjs-dist\legacy\build\pdf.js
2026-06-10 15:06:31: - C:\Users\joshu\OneDrive\Documents\dnd\00 - Campaigns\Northwatch Wardens - (HomeBrew)\web\lib\pdf-indexer.js
2026-06-10 15:06:31: - C:\Users\joshu\OneDrive\Documents\dnd\00 - Campaigns\Northwatch Wardens - (HomeBrew)\web\server.js".
2026-06-10 15:06:31: 
2026-06-10 15:06:31: DM Panel → http://0.0.0.0:5050
2026-06-10 15:06:31: Root: C:\Users\joshu\OneDrive\Documents\dnd\00 - Campaigns\Northwatch Wardens - (HomeBrew)
2026-06-10 15:06:31: 
2026-06-11 08:50:26: Warning: Cannot polyfill `DOMMatrix`, rendering may be broken: "Error: Cannot find module 'canvas'
2026-06-11 08:50:26: Require stack:
2026-06-11 08:50:26: - C:\Users\joshu\OneDrive\Documents\dnd\00 - Campaigns\Northwatch Wardens - (HomeBrew)\web\node_modules\pdfjs-dist\legacy\build\pdf.js
2026-06-11 08:50:26: - C:\Users\joshu\OneDrive\Documents\dnd\00 - Campaigns\Northwatch Wardens - (HomeBrew)\web\lib\pdf-indexer.js
2026-06-11 08:50:26: - C:\Users\joshu\OneDrive\Documents\dnd\00 - Campaigns\Northwatch Wardens - (HomeBrew)\web\server.js".
2026-06-11 08:50:26: Warning: Cannot polyfill `Path2D`, rendering may be broken: "Error: Cannot find module 'canvas'
2026-06-11 08:50:26: Require stack:
2026-06-11 08:50:26: - C:\Users\joshu\OneDrive\Documents\dnd\00 - Campaigns\Northwatch Wardens - (HomeBrew)\web\node_modules\pdfjs-dist\legacy\build\pdf.js
2026-06-11 08:50:26: - C:\Users\joshu\OneDrive\Documents\dnd\00 - Campaigns\Northwatch Wardens - (HomeBrew)\web\lib\pdf-indexer.js
2026-06-11 08:50:26: - C:\Users\joshu\OneDrive\Documents\dnd\00 - Campaigns\Northwatch Wardens - (HomeBrew)\web\server.js".
2026-06-11 08:50:27: 
2026-06-11 08:50:27: DM Panel → http://0.0.0.0:5050
2026-06-11 08:50:27: Root: C:\Users\joshu\OneDrive\Documents\dnd\00 - Campaigns\Northwatch Wardens - (HomeBrew)
2026-06-11 08:50:27: 
2026-06-13 13:05:16: Warning: Cannot polyfill `DOMMatrix`, rendering may be broken: "Error: Cannot find module 'canvas'
2026-06-13 13:05:16: Require stack:
2026-06-13 13:05:16: - C:\Users\joshu\OneDrive\Documents\dnd\00 - Campaigns\Northwatch Wardens - (HomeBrew)\web\node_modules\pdfjs-dist\legacy\build\pdf.js
2026-06-13 13:05:16: - C:\Users\joshu\OneDrive\Documents\dnd\00 - Campaigns\Northwatch Wardens - (HomeBrew)\web\lib\pdf-indexer.js
2026-06-13 13:05:16: - C:\Users\joshu\OneDrive\Documents\dnd\00 - Campaigns\Northwatch Wardens - (HomeBrew)\web\server.js".
2026-06-13 13:05:16: Warning: Cannot polyfill `Path2D`, rendering may be broken: "Error: Cannot find module 'canvas'
2026-06-13 13:05:16: Require stack:
2026-06-13 13:05:16: - C:\Users\joshu\OneDrive\Documents\dnd\00 - Campaigns\Northwatch Wardens - (HomeBrew)\web\node_modules\pdfjs-dist\legacy\build\pdf.js
2026-06-13 13:05:16: - C:\Users\joshu\OneDrive\Documents\dnd\00 - Campaigns\Northwatch Wardens - (HomeBrew)\web\lib\pdf-indexer.js
2026-06-13 13:05:16: - C:\Users\joshu\OneDrive\Documents\dnd\00 - Campaigns\Northwatch Wardens - (HomeBrew)\web\server.js".
2026-06-13 13:05:16: 
2026-06-13 13:05:16: DM Panel → http://0.0.0.0:5050
2026-06-13 13:05:16: Root: C:\Users\joshu\OneDrive\Documents\dnd\00 - Campaigns\Northwatch Wardens - (HomeBrew)
2026-06-13 13:05:16: 
